"Year,Month,Date,Hour,Minute,Second,Depth(m)"
25,9,19,8,36,0,-0.015593629
25,9,19,8,37,0,-0.012593629
25,9,19,8,38,0,-0.001593629
25,9,19,8,39,0,-0.018593629
25,9,19,8,40,0,0.036406371
25,9,19,8,41,0,-0.006593629
25,9,19,8,42,0,-0.037593629
25,9,19,8,43,0,-0.023593629
25,9,19,8,44,0,0.002406371
25,9,19,8,45,0,0.036406371
25,9,19,8,46,0,0.002406371
25,9,19,8,47,0,-0.000593629
25,9,19,8,48,0,-0.011593629
25,9,19,8,49,0,-0.008593629
25,9,19,8,50,0,-0.003593629
25,9,19,8,51,0,0.021406371
25,9,19,8,52,0,-0.012593629
25,9,19,8,53,0,0.014406371
25,9,19,8,54,0,0.007406371
25,9,19,8,55,0,0.031406371
25,9,19,8,56,0,0.001406371
25,9,19,8,57,0,0.052406371
25,9,19,8,58,0,0.047406371
25,9,19,8,59,0,0.033406371
25,9,19,9,0,0,0.036406371
25,9,19,9,1,0,0.020406371
25,9,19,9,2,0,0.035406371
25,9,19,9,3,0,0.035406371
25,9,19,9,4,0,0.035406371
25,9,19,9,5,0,0.026406371
25,9,19,9,6,0,0.053406371
25,9,19,9,7,0,0.064406371
25,9,19,9,8,0,0.023406371
25,9,19,9,9,0,0.038406371
25,9,19,9,10,0,0.058406371
25,9,19,9,11,0,0.047406371
25,9,19,9,12,0,0.046406371
25,9,19,9,13,0,0.030406371
25,9,19,9,14,0,0.065406371
25,9,19,9,15,0,0.058406371
25,9,19,9,16,0,0.038406371
25,9,19,9,17,0,0.079406371
25,9,19,9,18,0,0.073406371
25,9,19,9,19,0,0.047406371
25,9,19,9,20,0,0.046406371
25,9,19,9,21,0,0.040406371
25,9,19,9,22,0,0.054406371
25,9,19,9,23,0,0.056406371
25,9,19,9,24,0,0.054406371
25,9,19,9,25,0,0.053406371
25,9,19,9,26,0,0.072406371
25,9,19,9,27,0,0.045406371
25,9,19,9,28,0,0.077406371
25,9,19,9,29,0,0.068406371
25,9,19,9,30,0,0.080406371
25,9,19,9,31,0,0.063406371
25,9,19,9,32,0,0.116406371
25,9,19,9,33,0,0.061406371
25,9,19,9,34,0,0.075406371
25,9,19,9,35,0,0.049406371
25,9,19,9,36,0,0.079406371
25,9,19,9,37,0,0.046406371
25,9,19,9,38,0,0.089406371
25,9,19,9,39,0,0.093406371
25,9,19,9,40,0,0.076406371
25,9,19,9,41,0,0.075406371
25,9,19,9,42,0,0.062406371
25,9,19,9,43,0,0.072406371
25,9,19,9,44,0,0.066406371
25,9,19,9,45,0,0.086406371
25,9,19,9,46,0,0.084406371
25,9,19,9,47,0,0.081406371
25,9,19,9,48,0,0.056406371
25,9,19,9,49,0,0.073406371
25,9,19,9,50,0,0.090406371
25,9,19,9,51,0,0.077406371
25,9,19,9,52,0,0.067406371
25,9,19,9,53,0,0.091406371
25,9,19,9,54,0,0.100406371
25,9,19,9,55,0,0.060406371
25,9,19,9,56,0,0.101406371
25,9,19,9,57,0,0.089406371
25,9,19,9,58,0,0.105406371
25,9,19,9,59,0,0.108406371
25,9,19,10,0,0,0.098406371
25,9,19,10,1,0,0.105406371
25,9,19,10,2,0,0.105406371
25,9,19,10,3,0,0.105406371
25,9,19,10,4,0,0.103406371
25,9,19,10,5,0,0.066406371
25,9,19,10,6,0,0.100406371
25,9,19,10,7,0,0.078406371
25,9,19,10,8,0,0.103406371
25,9,19,10,9,0,0.100406371
25,9,19,10,10,0,0.124406371
25,9,19,10,11,0,0.114406371
25,9,19,10,12,0,0.119406371
25,9,19,10,13,0,0.084406371
25,9,19,10,14,0,0.135406371
25,9,19,10,15,0,0.085406371
25,9,19,10,16,0,0.102406371
25,9,19,10,17,0,0.111406371
25,9,19,10,18,0,0.150406371
25,9,19,10,19,0,0.103406371
25,9,19,10,20,0,0.111406371
25,9,19,10,21,0,0.111406371
25,9,19,10,22,0,0.100406371
25,9,19,10,23,0,0.125406371
25,9,19,10,24,0,0.125406371
25,9,19,10,25,0,0.127406371
25,9,19,10,26,0,0.097406371
25,9,19,10,27,0,0.126406371
25,9,19,10,28,0,0.128406371
25,9,19,10,29,0,0.095406371
25,9,19,10,30,0,0.135406371
25,9,19,10,31,0,0.121406371
25,9,19,10,32,0,0.130406371
25,9,19,10,33,0,0.158406371
25,9,19,10,34,0,0.121406371
25,9,19,10,35,0,0.109406371
25,9,19,10,36,0,0.150406371
25,9,19,10,37,0,0.155406371
25,9,19,10,38,0,0.150406371
25,9,19,10,39,0,0.135406371
25,9,19,10,40,0,0.121406371
25,9,19,10,41,0,0.088406371
25,9,19,10,42,0,0.135406371
25,9,19,10,43,0,0.121406371
25,9,19,10,44,0,0.132406371
25,9,19,10,45,0,0.122406371
25,9,19,10,46,0,0.146406371
25,9,19,10,47,0,0.134406371
25,9,19,10,48,0,0.134406371
25,9,19,10,49,0,0.124406371
25,9,19,10,50,0,0.146406371
25,9,19,10,51,0,0.136406371
25,9,19,10,52,0,0.136406371
25,9,19,10,53,0,0.119406371
25,9,19,10,54,0,0.142406371
25,9,19,10,55,0,0.129406371
25,9,19,10,56,0,0.101406371
25,9,19,10,57,0,0.109406371
25,9,19,10,58,0,0.127406371
25,9,19,10,59,0,0.137406371
25,9,19,11,0,0,0.109406371
25,9,19,11,1,0,0.112406371
25,9,19,11,2,0,0.137406371
25,9,19,11,3,0,0.145406371
25,9,19,11,4,0,0.119406371
25,9,19,11,5,0,0.143406371
25,9,19,11,6,0,0.154406371
25,9,19,11,7,0,0.124406371
25,9,19,11,8,0,0.117406371
25,9,19,11,9,0,0.138406371
25,9,19,11,10,0,0.109406371
25,9,19,11,11,0,0.119406371
25,9,19,11,12,0,0.144406371
25,9,19,11,13,0,0.114406371
25,9,19,11,14,0,0.132406371
25,9,19,11,15,0,0.098406371
25,9,19,11,16,0,0.081406371
25,9,19,11,17,0,0.128406371
25,9,19,11,18,0,0.118406371
25,9,19,11,19,0,0.133406371
25,9,19,11,20,0,0.123406371
25,9,19,11,21,0,0.129406371
25,9,19,11,22,0,0.128406371
25,9,19,11,23,0,0.130406371
25,9,19,11,24,0,0.212406371
25,9,19,11,25,0,0.209406371
25,9,19,11,26,0,0.189406371
25,9,19,11,27,0,0.148406371
25,9,19,11,28,0,0.186406371
25,9,19,11,29,0,0.211406371
25,9,19,11,30,0,0.166406371
25,9,19,11,31,0,0.194406371
25,9,19,11,32,0,0.194406371
25,9,19,11,33,0,0.194406371
25,9,19,11,34,0,0.224406371
25,9,19,11,35,0,0.201406371
25,9,19,11,36,0,0.186406371
25,9,19,11,37,0,0.193406371
25,9,19,11,38,0,0.221406371
25,9,19,11,39,0,0.171406371
25,9,19,11,40,0,0.211406371
25,9,19,11,41,0,0.222406371
25,9,19,11,42,0,0.191406371
25,9,19,11,43,0,0.191406371
25,9,19,11,44,0,0.167406371
25,9,19,11,45,0,0.195406371
25,9,19,11,46,0,0.156406371
25,9,19,11,47,0,0.199406371
25,9,19,11,48,0,0.199406371
25,9,19,11,49,0,0.187406371
25,9,19,11,50,0,0.178406371
25,9,19,11,51,0,0.170406371
25,9,19,11,52,0,0.167406371
25,9,19,11,53,0,0.212406371
25,9,19,11,54,0,0.229406371
25,9,19,11,55,0,0.192406371
25,9,19,11,56,0,0.152406371
25,9,19,11,57,0,0.174406371
25,9,19,11,58,0,0.155406371
25,9,19,11,59,0,0.208406371
25,9,19,12,0,0,0.166406371
25,9,19,12,1,0,0.169406371
25,9,19,12,2,0,0.187406371
25,9,19,12,3,0,0.184406371
25,9,19,12,4,0,0.174406371
25,9,19,12,5,0,0.184406371
25,9,19,12,6,0,0.179406371
25,9,19,12,7,0,0.199406371
25,9,19,12,8,0,0.181406371
25,9,19,12,9,0,0.195406371
25,9,19,12,10,0,0.173406371
25,9,19,12,11,0,0.179406371
25,9,19,12,12,0,0.201406371
25,9,19,12,13,0,0.161406371
25,9,19,12,14,0,0.170406371
25,9,19,12,15,0,0.200406371
25,9,19,12,16,0,0.167406371
25,9,19,12,17,0,0.197406371
25,9,19,12,18,0,0.177406371
25,9,19,12,19,0,0.233406371
25,9,19,12,20,0,0.177406371
25,9,19,12,21,0,0.156406371
25,9,19,12,22,0,0.168406371
25,9,19,12,23,0,0.173406371
25,9,19,12,24,0,0.153406371
25,9,19,12,25,0,0.211406371
25,9,19,12,26,0,0.190406371
25,9,19,12,27,0,0.156406371
25,9,19,12,28,0,0.156406371
25,9,19,12,29,0,0.180406371
25,9,19,12,30,0,0.155406371
25,9,19,12,31,0,0.179406371
25,9,19,12,32,0,0.192406371
25,9,19,12,33,0,0.169406371
25,9,19,12,34,0,0.173406371
25,9,19,12,35,0,0.161406371
25,9,19,12,36,0,0.163406371
25,9,19,12,37,0,0.172406371
25,9,19,12,38,0,0.203406371
25,9,19,12,39,0,0.202406371
25,9,19,12,40,0,0.182406371
25,9,19,12,41,0,0.185406371
25,9,19,12,42,0,0.169406371
25,9,19,12,43,0,0.194406371
25,9,19,12,44,0,0.121406371
25,9,19,12,45,0,0.149406371
25,9,19,12,46,0,0.139406371
25,9,19,12,47,0,0.139406371
25,9,19,12,48,0,0.180406371
25,9,19,12,49,0,0.180406371
25,9,19,12,50,0,0.185406371
25,9,19,12,51,0,0.185406371
25,9,19,12,52,0,0.189406371
25,9,19,12,53,0,0.180406371
25,9,19,12,54,0,0.193406371
25,9,19,12,55,0,0.165406371
25,9,19,12,56,0,0.146406371
25,9,19,12,57,0,0.164406371
25,9,19,12,58,0,0.194406371
25,9,19,12,59,0,0.169406371
25,9,19,13,0,0,0.174406371
25,9,19,13,1,0,0.167406371
25,9,19,13,2,0,0.171406371
25,9,19,13,3,0,0.153406371
25,9,19,13,4,0,0.173406371
25,9,19,13,5,0,0.194406371
25,9,19,13,6,0,0.218406371
25,9,19,13,7,0,0.187406371
25,9,19,13,8,0,0.192406371
25,9,19,13,9,0,0.175406371
25,9,19,13,10,0,0.146406371
25,9,19,13,11,0,0.198406371
25,9,19,13,12,0,0.192406371
25,9,19,13,13,0,0.158406371
25,9,19,13,14,0,0.199406371
25,9,19,13,15,0,0.153406371
25,9,19,13,16,0,0.129406371
25,9,19,13,17,0,0.194406371
25,9,19,13,18,0,0.149406371
25,9,19,13,19,0,0.196406371
25,9,19,13,20,0,0.176406371
25,9,19,13,21,0,0.162406371
25,9,19,13,22,0,0.168406371
25,9,19,13,23,0,0.147406371
25,9,19,13,24,0,0.127406371
25,9,19,13,25,0,0.179406371
25,9,19,13,26,0,0.168406371
25,9,19,13,27,0,0.169406371
25,9,19,13,28,0,0.157406371
25,9,19,13,29,0,0.169406371
25,9,19,13,30,0,0.161406371
25,9,19,13,31,0,0.176406371
25,9,19,13,32,0,0.137406371
25,9,19,13,33,0,0.177406371
25,9,19,13,34,0,0.145406371
25,9,19,13,35,0,0.147406371
25,9,19,13,36,0,0.148406371
25,9,19,13,37,0,0.161406371
25,9,19,13,38,0,0.143406371
25,9,19,13,39,0,0.148406371
25,9,19,13,40,0,0.169406371
25,9,19,13,41,0,0.167406371
25,9,19,13,42,0,0.148406371
25,9,19,13,43,0,0.140406371
25,9,19,13,44,0,0.169406371
25,9,19,13,45,0,0.167406371
25,9,19,13,46,0,0.152406371
25,9,19,13,47,0,0.121406371
25,9,19,13,48,0,0.166406371
25,9,19,13,49,0,0.166406371
25,9,19,13,50,0,0.127406371
25,9,19,13,51,0,0.138406371
25,9,19,13,52,0,0.167406371
25,9,19,13,53,0,0.153406371
25,9,19,13,54,0,0.177406371
25,9,19,13,55,0,0.176406371
25,9,19,13,56,0,0.167406371
25,9,19,13,57,0,0.180406371
25,9,19,13,58,0,0.148406371
25,9,19,13,59,0,0.160406371
25,9,19,14,0,0,0.165406371
25,9,19,14,1,0,0.134406371
25,9,19,14,2,0,0.198406371
25,9,19,14,3,0,0.125406371
25,9,19,14,4,0,0.125406371
25,9,19,14,5,0,0.143406371
25,9,19,14,6,0,0.141406371
25,9,19,14,7,0,0.156406371
25,9,19,14,8,0,0.156406371
25,9,19,14,9,0,0.172406371
25,9,19,14,10,0,0.185406371
25,9,19,14,11,0,0.170406371
25,9,19,14,12,0,0.108406371
25,9,19,14,13,0,0.173406371
25,9,19,14,14,0,0.182406371
25,9,19,14,15,0,0.125406371
25,9,19,14,16,0,0.177406371
25,9,19,14,17,0,0.160406371
25,9,19,14,18,0,0.162406371
25,9,19,14,19,0,0.134406371
25,9,19,14,20,0,0.177406371
25,9,19,14,21,0,0.181406371
25,9,19,14,22,0,0.155406371
25,9,19,14,23,0,0.153406371
25,9,19,14,24,0,0.162406371
25,9,19,14,25,0,0.161406371
25,9,19,14,26,0,0.156406371
25,9,19,14,27,0,0.195406371
25,9,19,14,28,0,0.123406371
25,9,19,14,29,0,0.161406371
25,9,19,14,30,0,0.167406371
25,9,19,14,31,0,0.153406371
25,9,19,14,32,0,0.166406371
25,9,19,14,33,0,0.162406371
25,9,19,14,34,0,0.143406371
25,9,19,14,35,0,0.148406371
25,9,19,14,36,0,0.145406371
25,9,19,14,37,0,0.145406371
25,9,19,14,38,0,0.142406371
25,9,19,14,39,0,0.112406371
25,9,19,14,40,0,0.101406371
25,9,19,14,41,0,0.179406371
25,9,19,14,42,0,0.179406371
25,9,19,14,43,0,0.179406371
25,9,19,14,44,0,0.183406371
25,9,19,14,45,0,0.179406371
25,9,19,14,46,0,0.133406371
25,9,19,14,47,0,0.163406371
25,9,19,14,48,0,0.183406371
25,9,19,14,49,0,0.142406371
25,9,19,14,50,0,0.100406371
25,9,19,14,51,0,0.145406371
25,9,19,14,52,0,0.094406371
25,9,19,14,53,0,0.169406371
25,9,19,14,54,0,0.169406371
25,9,19,14,55,0,0.172406371
25,9,19,14,56,0,0.171406371
25,9,19,14,57,0,0.168406371
25,9,19,14,58,0,0.148406371
25,9,19,14,59,0,0.167406371
25,9,19,15,0,0,0.180406371
25,9,19,15,1,0,0.180406371
25,9,19,15,2,0,0.198406371
25,9,19,15,3,0,0.204406371
25,9,19,15,4,0,0.187406371
25,9,19,15,5,0,0.145406371
25,9,19,15,6,0,0.180406371
25,9,19,15,7,0,0.143406371
25,9,19,15,8,0,0.182406371
25,9,19,15,9,0,0.162406371
25,9,19,15,10,0,0.199406371
25,9,19,15,11,0,0.198406371
25,9,19,15,12,0,0.134406371
25,9,19,15,13,0,0.161406371
25,9,19,15,14,0,0.174406371
25,9,19,15,15,0,0.187406371
25,9,19,15,16,0,0.173406371
25,9,19,15,17,0,0.150406371
25,9,19,15,18,0,0.135406371
25,9,19,15,19,0,0.223406371
25,9,19,15,20,0,0.178406371
25,9,19,15,21,0,0.177406371
25,9,19,15,22,0,0.180406371
25,9,19,15,23,0,0.180406371
25,9,19,15,24,0,0.192406371
25,9,19,15,25,0,0.211406371
25,9,19,15,26,0,0.168406371
25,9,19,15,27,0,0.197406371
25,9,19,15,28,0,0.197406371
25,9,19,15,29,0,0.207406371
25,9,19,15,30,0,0.215406371
25,9,19,15,31,0,0.223406371
25,9,19,15,32,0,0.207406371
25,9,19,15,33,0,0.160406371
25,9,19,15,34,0,0.201406371
25,9,19,15,35,0,0.211406371
25,9,19,15,36,0,0.109406371
25,9,19,15,37,0,0.210406371
25,9,19,15,38,0,0.178406371
25,9,19,15,39,0,0.185406371
25,9,19,15,40,0,0.160406371
25,9,19,15,41,0,0.159406371
25,9,19,15,42,0,0.181406371
25,9,19,15,43,0,0.181406371
25,9,19,15,44,0,0.251406371
25,9,19,15,45,0,0.157406371
25,9,19,15,46,0,0.212406371
25,9,19,15,47,0,0.218406371
25,9,19,15,48,0,0.212406371
25,9,19,15,49,0,0.237406371
25,9,19,15,50,0,0.218406371
25,9,19,15,51,0,0.229406371
25,9,19,15,52,0,0.257406371
25,9,19,15,53,0,0.223406371
25,9,19,15,54,0,0.223406371
25,9,19,15,55,0,0.154406371
25,9,19,15,56,0,0.189406371
25,9,19,15,57,0,0.256406371
25,9,19,15,58,0,0.216406371
25,9,19,15,59,0,0.216406371
25,9,19,16,0,0,0.256406371
25,9,19,16,1,0,0.212406371
25,9,19,16,2,0,0.223406371
25,9,19,16,3,0,0.199406371
25,9,19,16,4,0,0.200406371
25,9,19,16,5,0,0.223406371
25,9,19,16,6,0,0.136406371
25,9,19,16,7,0,0.221406371
25,9,19,16,8,0,0.194406371
25,9,19,16,9,0,0.361406371
25,9,19,16,10,0,0.305406371
25,9,19,16,11,0,0.275406371
25,9,19,16,12,0,0.275406371
25,9,19,16,13,0,0.298406371
25,9,19,16,14,0,0.220406371
25,9,19,16,15,0,0.253406371
25,9,19,16,16,0,0.203406371
25,9,19,16,17,0,0.305406371
25,9,19,16,18,0,0.253406371
25,9,19,16,19,0,0.195406371
25,9,19,16,20,0,0.208406371
25,9,19,16,21,0,0.246406371
25,9,19,16,22,0,0.224406371
25,9,19,16,23,0,0.237406371
25,9,19,16,24,0,0.224406371
25,9,19,16,25,0,0.187406371
25,9,19,16,26,0,0.176406371
25,9,19,16,27,0,0.244406371
25,9,19,16,28,0,0.216406371
25,9,19,16,29,0,0.218406371
25,9,19,16,30,0,0.252406371
25,9,19,16,31,0,0.265406371
25,9,19,16,32,0,0.207406371
25,9,19,16,33,0,0.265406371
25,9,19,16,34,0,0.340406371
25,9,19,16,35,0,0.271406371
25,9,19,16,36,0,0.231406371
25,9,19,16,37,0,0.267406371
25,9,19,16,38,0,0.235406371
25,9,19,16,39,0,0.257406371
25,9,19,16,40,0,0.241406371
25,9,19,16,41,0,0.207406371
25,9,19,16,42,0,0.288406371
25,9,19,16,43,0,0.257406371
25,9,19,16,44,0,0.243406371
25,9,19,16,45,0,0.300406371
25,9,19,16,46,0,0.257406371
25,9,19,16,47,0,0.266406371
25,9,19,16,48,0,0.245406371
25,9,19,16,49,0,0.232406371
25,9,19,16,50,0,0.240406371
25,9,19,16,51,0,0.293406371
25,9,19,16,52,0,0.266406371
25,9,19,16,53,0,0.295406371
25,9,19,16,54,0,0.293406371
25,9,19,16,55,0,0.226406371
25,9,19,16,56,0,0.223406371
25,9,19,16,57,0,0.295406371
25,9,19,16,58,0,0.330406371
25,9,19,16,59,0,0.228406371
25,9,19,17,0,0,0.287406371
25,9,19,17,1,0,0.287406371
25,9,19,17,2,0,0.212406371
25,9,19,17,3,0,0.236406371
25,9,19,17,4,0,0.287406371
25,9,19,17,5,0,0.303406371
25,9,19,17,6,0,0.310406371
25,9,19,17,7,0,0.219406371
25,9,19,17,8,0,0.241406371
25,9,19,17,9,0,0.252406371
25,9,19,17,10,0,0.310406371
25,9,19,17,11,0,0.197406371
25,9,19,17,12,0,0.264406371
25,9,19,17,13,0,0.264406371
25,9,19,17,14,0,0.299406371
25,9,19,17,15,0,0.223406371
25,9,19,17,16,0,0.286406371
25,9,19,17,17,0,0.251406371
25,9,19,17,18,0,0.284406371
25,9,19,17,19,0,0.240406371
25,9,19,17,20,0,0.243406371
25,9,19,17,21,0,0.295406371
25,9,19,17,22,0,0.207406371
25,9,19,17,23,0,0.295406371
25,9,19,17,24,0,0.383406371
25,9,19,17,25,0,0.295406371
25,9,19,17,26,0,0.295406371
25,9,19,17,27,0,0.357406371
25,9,19,17,28,0,0.309406371
25,9,19,17,29,0,0.235406371
25,9,19,17,30,0,0.337406371
25,9,19,17,31,0,0.229406371
25,9,19,17,32,0,0.300406371
25,9,19,17,33,0,0.283406371
25,9,19,17,34,0,0.332406371
25,9,19,17,35,0,0.259406371
25,9,19,17,36,0,0.373406371
25,9,19,17,37,0,0.309406371
25,9,19,17,38,0,0.301406371
25,9,19,17,39,0,0.314406371
25,9,19,17,40,0,0.323406371
25,9,19,17,41,0,0.299406371
25,9,19,17,42,0,0.271406371
25,9,19,17,43,0,0.350406371
25,9,19,17,44,0,0.349406371
25,9,19,17,45,0,0.344406371
25,9,19,17,46,0,0.337406371
25,9,19,17,47,0,0.309406371
25,9,19,17,48,0,0.354406371
25,9,19,17,49,0,0.265406371
25,9,19,17,50,0,0.285406371
25,9,19,17,51,0,0.289406371
25,9,19,17,52,0,0.351406371
25,9,19,17,53,0,0.305406371
25,9,19,17,54,0,0.352406371
25,9,19,17,55,0,0.252406371
25,9,19,17,56,0,0.342406371
25,9,19,17,57,0,0.288406371
25,9,19,17,58,0,0.367406371
25,9,19,17,59,0,0.339406371
25,9,19,18,0,0,0.319406371
25,9,19,18,1,0,0.348406371
25,9,19,18,2,0,0.458406371
25,9,19,18,3,0,0.348406371
25,9,19,18,4,0,0.360406371
25,9,19,18,5,0,0.301406371
25,9,19,18,6,0,0.366406371
25,9,19,18,7,0,0.298406371
25,9,19,18,8,0,0.338406371
25,9,19,18,9,0,0.278406371
25,9,19,18,10,0,0.353406371
25,9,19,18,11,0,0.375406371
25,9,19,18,12,0,0.275406371
25,9,19,18,13,0,0.372406371
25,9,19,18,14,0,0.369406371
25,9,19,18,15,0,0.298406371
25,9,19,18,16,0,0.369406371
25,9,19,18,17,0,0.337406371
25,9,19,18,18,0,0.369406371
25,9,19,18,19,0,0.367406371
25,9,19,18,20,0,0.373406371
25,9,19,18,21,0,0.335406371
25,9,19,18,22,0,0.377406371
25,9,19,18,23,0,0.356406371
25,9,19,18,24,0,0.358406371
25,9,19,18,25,0,0.328406371
25,9,19,18,26,0,0.339406371
25,9,19,18,27,0,0.428406371
25,9,19,18,28,0,0.367406371
25,9,19,18,29,0,0.334406371
25,9,19,18,30,0,0.345406371
25,9,19,18,31,0,0.345406371
25,9,19,18,32,0,0.351406371
25,9,19,18,33,0,0.315406371
25,9,19,18,34,0,0.386406371
25,9,19,18,35,0,0.320406371
25,9,19,18,36,0,0.364406371
25,9,19,18,37,0,0.395406371
25,9,19,18,38,0,0.335406371
25,9,19,18,39,0,0.362406371
25,9,19,18,40,0,0.449406371
25,9,19,18,41,0,0.374406371
25,9,19,18,42,0,0.381406371
25,9,19,18,43,0,0.374406371
25,9,19,18,44,0,0.368406371
25,9,19,18,45,0,0.334406371
25,9,19,18,46,0,0.405406371
25,9,19,18,47,0,0.357406371
25,9,19,18,48,0,0.412406371
25,9,19,18,49,0,0.378406371
25,9,19,18,50,0,0.376406371
25,9,19,18,51,0,0.348406371
25,9,19,18,52,0,0.391406371
25,9,19,18,53,0,0.304406371
25,9,19,18,54,0,0.378406371
25,9,19,18,55,0,0.288406371
25,9,19,18,56,0,0.454406371
25,9,19,18,57,0,0.377406371
25,9,19,18,58,0,0.377406371
25,9,19,18,59,0,0.378406371
25,9,19,19,0,0,0.364406371
25,9,19,19,1,0,0.311406371
25,9,19,19,2,0,0.406406371
25,9,19,19,3,0,0.291406371
25,9,19,19,4,0,0.399406371
25,9,19,19,5,0,0.317406371
25,9,19,19,6,0,0.398406371
25,9,19,19,7,0,0.362406371
25,9,19,19,8,0,0.318406371
25,9,19,19,9,0,0.392406371
25,9,19,19,10,0,0.369406371
25,9,19,19,11,0,0.370406371
25,9,19,19,12,0,0.397406371
25,9,19,19,13,0,0.397406371
25,9,19,19,14,0,0.312406371
25,9,19,19,15,0,0.356406371
25,9,19,19,16,0,0.372406371
25,9,19,19,17,0,0.293406371
25,9,19,19,18,0,0.322406371
25,9,19,19,19,0,0.348406371
25,9,19,19,20,0,0.345406371
25,9,19,19,21,0,0.348406371
25,9,19,19,22,0,0.324406371
25,9,19,19,23,0,0.392406371
25,9,19,19,24,0,0.449406371
25,9,19,19,25,0,0.355406371
25,9,19,19,26,0,0.392406371
25,9,19,19,27,0,0.375406371
25,9,19,19,28,0,0.394406371
25,9,19,19,29,0,0.333406371
25,9,19,19,30,0,0.389406371
25,9,19,19,31,0,0.369406371
25,9,19,19,32,0,0.384406371
25,9,19,19,33,0,0.400406371
25,9,19,19,34,0,0.389406371
25,9,19,19,35,0,0.345406371
25,9,19,19,36,0,0.452406371
25,9,19,19,37,0,0.406406371
25,9,19,19,38,0,0.362406371
25,9,19,19,39,0,0.376406371
25,9,19,19,40,0,0.312406371
25,9,19,19,41,0,0.385406371
25,9,19,19,42,0,0.356406371
25,9,19,19,43,0,0.370406371
25,9,19,19,44,0,0.358406371
25,9,19,19,45,0,0.325406371
25,9,19,19,46,0,0.375406371
25,9,19,19,47,0,0.355406371
25,9,19,19,48,0,0.381406371
25,9,19,19,49,0,0.297406371
25,9,19,19,50,0,0.343406371
25,9,19,19,51,0,0.347406371
25,9,19,19,52,0,0.366406371
25,9,19,19,53,0,0.355406371
25,9,19,19,54,0,0.362406371
25,9,19,19,55,0,0.398406371
25,9,19,19,56,0,0.358406371
25,9,19,19,57,0,0.355406371
25,9,19,19,58,0,0.349406371
25,9,19,19,59,0,0.348406371
25,9,19,20,0,0,0.312406371
25,9,19,20,1,0,0.301406371
25,9,19,20,2,0,0.306406371
25,9,19,20,3,0,0.335406371
25,9,19,20,4,0,0.350406371
25,9,19,20,5,0,0.377406371
25,9,19,20,6,0,0.374406371
25,9,19,20,7,0,0.343406371
25,9,19,20,8,0,0.349406371
25,9,19,20,9,0,0.359406371
25,9,19,20,10,0,0.365406371
25,9,19,20,11,0,0.351406371
25,9,19,20,12,0,0.290406371
25,9,19,20,13,0,0.380406371
25,9,19,20,14,0,0.368406371
25,9,19,20,15,0,0.338406371
25,9,19,20,16,0,0.333406371
25,9,19,20,17,0,0.356406371
25,9,19,20,18,0,0.370406371
25,9,19,20,19,0,0.399406371
25,9,19,20,20,0,0.356406371
25,9,19,20,21,0,0.338406371
25,9,19,20,22,0,0.294406371
25,9,19,20,23,0,0.348406371
25,9,19,20,24,0,0.366406371
25,9,19,20,25,0,0.338406371
25,9,19,20,26,0,0.323406371
25,9,19,20,27,0,0.318406371
25,9,19,20,28,0,0.337406371
25,9,19,20,29,0,0.323406371
25,9,19,20,30,0,0.367406371
25,9,19,20,31,0,0.337406371
25,9,19,20,32,0,0.337406371
25,9,19,20,33,0,0.312406371
25,9,19,20,34,0,0.325406371
25,9,19,20,35,0,0.408406371
25,9,19,20,36,0,0.334406371
25,9,19,20,37,0,0.314406371
25,9,19,20,38,0,0.337406371
25,9,19,20,39,0,0.394406371
25,9,19,20,40,0,0.318406371
25,9,19,20,41,0,0.366406371
25,9,19,20,42,0,0.324406371
25,9,19,20,43,0,0.358406371
25,9,19,20,44,0,0.371406371
25,9,19,20,45,0,0.328406371
25,9,19,20,46,0,0.343406371
25,9,19,20,47,0,0.378406371
25,9,19,20,48,0,0.329406371
25,9,19,20,49,0,0.354406371
25,9,19,20,50,0,0.355406371
25,9,19,20,51,0,0.406406371
25,9,19,20,52,0,0.358406371
25,9,19,20,53,0,0.363406371
25,9,19,20,54,0,0.411406371
25,9,19,20,55,0,0.380406371
25,9,19,20,56,0,0.339406371
25,9,19,20,57,0,0.347406371
25,9,19,20,58,0,0.374406371
25,9,19,20,59,0,0.326406371
25,9,19,21,0,0,0.332406371
25,9,19,21,1,0,0.324406371
25,9,19,21,2,0,0.354406371
25,9,19,21,3,0,0.338406371
25,9,19,21,4,0,0.332406371
25,9,19,21,5,0,0.329406371
25,9,19,21,6,0,0.324406371
25,9,19,21,7,0,0.351406371
25,9,19,21,8,0,0.342406371
25,9,19,21,9,0,0.328406371
25,9,19,21,10,0,0.349406371
25,9,19,21,11,0,0.349406371
25,9,19,21,12,0,0.349406371
25,9,19,21,13,0,0.379406371
25,9,19,21,14,0,0.307406371
25,9,19,21,15,0,0.333406371
25,9,19,21,16,0,0.384406371
25,9,19,21,17,0,0.316406371
25,9,19,21,18,0,0.319406371
25,9,19,21,19,0,0.333406371
25,9,19,21,20,0,0.342406371
25,9,19,21,21,0,0.317406371
25,9,19,21,22,0,0.280406371
25,9,19,21,23,0,0.358406371
25,9,19,21,24,0,0.363406371
25,9,19,21,25,0,0.307406371
25,9,19,21,26,0,0.348406371
25,9,19,21,27,0,0.279406371
25,9,19,21,28,0,0.358406371
25,9,19,21,29,0,0.329406371
25,9,19,21,30,0,0.352406371
25,9,19,21,31,0,0.293406371
25,9,19,21,32,0,0.318406371
25,9,19,21,33,0,0.340406371
25,9,19,21,34,0,0.352406371
25,9,19,21,35,0,0.340406371
25,9,19,21,36,0,0.381406371
25,9,19,21,37,0,0.316406371
25,9,19,21,38,0,0.350406371
25,9,19,21,39,0,0.317406371
25,9,19,21,40,0,0.293406371
25,9,19,21,41,0,0.303406371
25,9,19,21,42,0,0.317406371
25,9,19,21,43,0,0.317406371
25,9,19,21,44,0,0.310406371
25,9,19,21,45,0,0.310406371
25,9,19,21,46,0,0.310406371
25,9,19,21,47,0,0.346406371
25,9,19,21,48,0,0.289406371
25,9,19,21,49,0,0.305406371
25,9,19,21,50,0,0.302406371
25,9,19,21,51,0,0.274406371
25,9,19,21,52,0,0.305406371
25,9,19,21,53,0,0.332406371
25,9,19,21,54,0,0.307406371
25,9,19,21,55,0,0.304406371
25,9,19,21,56,0,0.335406371
25,9,19,21,57,0,0.324406371
25,9,19,21,58,0,0.260406371
25,9,19,21,59,0,0.286406371
25,9,19,22,0,0,0.253406371
25,9,19,22,1,0,0.320406371
25,9,19,22,2,0,0.298406371
25,9,19,22,3,0,0.290406371
25,9,19,22,4,0,0.293406371
25,9,19,22,5,0,0.289406371
25,9,19,22,6,0,0.352406371
25,9,19,22,7,0,0.311406371
25,9,19,22,8,0,0.291406371
25,9,19,22,9,0,0.273406371
25,9,19,22,10,0,0.277406371
25,9,19,22,11,0,0.301406371
25,9,19,22,12,0,0.291406371
25,9,19,22,13,0,0.307406371
25,9,19,22,14,0,0.232406371
25,9,19,22,15,0,0.321406371
25,9,19,22,16,0,0.249406371
25,9,19,22,17,0,0.298406371
25,9,19,22,18,0,0.245406371
25,9,19,22,19,0,0.283406371
25,9,19,22,20,0,0.292406371
25,9,19,22,21,0,0.254406371
25,9,19,22,22,0,0.283406371
25,9,19,22,23,0,0.238406371
25,9,19,22,24,0,0.319406371
25,9,19,22,25,0,0.278406371
25,9,19,22,26,0,0.317406371
25,9,19,22,27,0,0.263406371
25,9,19,22,28,0,0.251406371
25,9,19,22,29,0,0.223406371
25,9,19,22,30,0,0.246406371
25,9,19,22,31,0,0.244406371
25,9,19,22,32,0,0.251406371
25,9,19,22,33,0,0.274406371
25,9,19,22,34,0,0.279406371
25,9,19,22,35,0,0.297406371
25,9,19,22,36,0,0.229406371
25,9,19,22,37,0,0.259406371
25,9,19,22,38,0,0.213406371
25,9,19,22,39,0,0.220406371
25,9,19,22,40,0,0.233406371
25,9,19,22,41,0,0.259406371
25,9,19,22,42,0,0.227406371
25,9,19,22,43,0,0.227406371
25,9,19,22,44,0,0.299406371
25,9,19,22,45,0,0.244406371
25,9,19,22,46,0,0.214406371
25,9,19,22,47,0,0.264406371
25,9,19,22,48,0,0.288406371
25,9,19,22,49,0,0.267406371
25,9,19,22,50,0,0.240406371
25,9,19,22,51,0,0.252406371
25,9,19,22,52,0,0.218406371
25,9,19,22,53,0,0.241406371
25,9,19,22,54,0,0.262406371
25,9,19,22,55,0,0.195406371
25,9,19,22,56,0,0.205406371
25,9,19,22,57,0,0.218406371
25,9,19,22,58,0,0.186406371
25,9,19,22,59,0,0.192406371
25,9,19,23,0,0,0.187406371
25,9,19,23,1,0,0.208406371
25,9,19,23,2,0,0.213406371
25,9,19,23,3,0,0.240406371
25,9,19,23,4,0,0.168406371
25,9,19,23,5,0,0.193406371
25,9,19,23,6,0,0.212406371
25,9,19,23,7,0,0.201406371
25,9,19,23,8,0,0.162406371
25,9,19,23,9,0,0.194406371
25,9,19,23,10,0,0.201406371
25,9,19,23,11,0,0.201406371
25,9,19,23,12,0,0.214406371
25,9,19,23,13,0,0.214406371
25,9,19,23,14,0,0.190406371
25,9,19,23,15,0,0.214406371
25,9,19,23,16,0,0.190406371
25,9,19,23,17,0,0.216406371
25,9,19,23,18,0,0.096406371
25,9,19,23,19,0,0.186406371
25,9,19,23,20,0,0.181406371
25,9,19,23,21,0,0.196406371
25,9,19,23,22,0,0.166406371
25,9,19,23,23,0,0.223406371
25,9,19,23,24,0,0.218406371
25,9,19,23,25,0,0.184406371
25,9,19,23,26,0,0.117406371
25,9,19,23,27,0,0.210406371
25,9,19,23,28,0,0.159406371
25,9,19,23,29,0,0.139406371
25,9,19,23,30,0,0.210406371
25,9,19,23,31,0,0.215406371
25,9,19,23,32,0,0.139406371
25,9,19,23,33,0,0.186406371
25,9,19,23,34,0,0.166406371
25,9,19,23,35,0,0.136406371
25,9,19,23,36,0,0.171406371
25,9,19,23,37,0,0.170406371
25,9,19,23,38,0,0.179406371
25,9,19,23,39,0,0.144406371
25,9,19,23,40,0,0.149406371
25,9,19,23,41,0,0.184406371
25,9,19,23,42,0,0.149406371
25,9,19,23,43,0,0.103406371
25,9,19,23,44,0,0.181406371
25,9,19,23,45,0,0.120406371
25,9,19,23,46,0,0.127406371
25,9,19,23,47,0,0.145406371
25,9,19,23,48,0,0.130406371
25,9,19,23,49,0,0.130406371
25,9,19,23,50,0,0.193406371
25,9,19,23,51,0,0.123406371
25,9,19,23,52,0,0.094406371
25,9,19,23,53,0,0.122406371
25,9,19,23,54,0,0.154406371
25,9,19,23,55,0,0.123406371
25,9,19,23,56,0,0.140406371
25,9,19,23,57,0,0.136406371
25,9,19,23,58,0,0.086406371
25,9,19,23,59,0,0.126406371
25,9,20,0,0,0,0.094406371
25,9,20,0,1,0,0.150406371
25,9,20,0,2,0,0.159406371
25,9,20,0,3,0,0.108406371
25,9,20,0,4,0,0.135406371
25,9,20,0,5,0,0.153406371
25,9,20,0,6,0,0.128406371
25,9,20,0,7,0,0.119406371
25,9,20,0,8,0,0.137406371
25,9,20,0,9,0,0.113406371
25,9,20,0,10,0,0.111406371
25,9,20,0,11,0,0.102406371
25,9,20,0,12,0,0.129406371
25,9,20,0,13,0,0.149406371
25,9,20,0,14,0,0.112406371
25,9,20,0,15,0,0.128406371
25,9,20,0,16,0,0.118406371
25,9,20,0,17,0,0.118406371
25,9,20,0,18,0,0.113406371
25,9,20,0,19,0,0.113406371
25,9,20,0,20,0,0.109406371
25,9,20,0,21,0,0.066406371
25,9,20,0,22,0,0.087406371
25,9,20,0,23,0,0.118406371
25,9,20,0,24,0,0.127406371
25,9,20,0,25,0,0.109406371
25,9,20,0,26,0,0.080406371
25,9,20,0,27,0,0.092406371
25,9,20,0,28,0,0.047406371
25,9,20,0,29,0,0.073406371
25,9,20,0,30,0,0.092406371
25,9,20,0,31,0,0.090406371
25,9,20,0,32,0,0.087406371
25,9,20,0,33,0,0.067406371
25,9,20,0,34,0,0.083406371
25,9,20,0,35,0,0.090406371
25,9,20,0,36,0,0.087406371
25,9,20,0,37,0,0.085406371
25,9,20,0,38,0,0.082406371
25,9,20,0,39,0,0.087406371
25,9,20,0,40,0,0.080406371
25,9,20,0,41,0,0.007406371
25,9,20,0,42,0,0.075406371
25,9,20,0,43,0,0.105406371
25,9,20,0,44,0,0.014406371
25,9,20,0,45,0,0.108406371
25,9,20,0,46,0,0.049406371
25,9,20,0,47,0,0.067406371
25,9,20,0,48,0,0.059406371
25,9,20,0,49,0,0.085406371
25,9,20,0,50,0,0.059406371
25,9,20,0,51,0,0.085406371
25,9,20,0,52,0,0.049406371
25,9,20,0,53,0,0.058406371
25,9,20,0,54,0,0.069406371
25,9,20,0,55,0,-0.007593629
25,9,20,0,56,0,0.028406371
25,9,20,0,57,0,0.020406371
25,9,20,0,58,0,0.027406371
25,9,20,0,59,0,0.028406371
25,9,20,1,0,0,0.033406371
25,9,20,1,1,0,0.030406371
25,9,20,1,2,0,0.044406371
25,9,20,1,3,0,0.040406371
25,9,20,1,4,0,0.051406371
25,9,20,1,5,0,0.003406371
25,9,20,1,6,0,0.063406371
25,9,20,1,7,0,-0.020593629
25,9,20,1,8,0,0.032406371
25,9,20,1,9,0,0.032406371
25,9,20,1,10,0,0.022406371
25,9,20,1,11,0,-0.010593629
25,9,20,1,12,0,0.033406371
25,9,20,1,13,0,0.010406371
25,9,20,1,14,0,-0.025593629
25,9,20,1,15,0,0.027406371
25,9,20,1,16,0,0.064406371
25,9,20,1,17,0,-0.044593629
25,9,20,1,18,0,0.007406371
25,9,20,1,19,0,0.036406371
25,9,20,1,20,0,-0.012593629
25,9,20,1,21,0,-0.018593629
25,9,20,1,22,0,-0.002593629
25,9,20,1,23,0,0.005406371
25,9,20,1,24,0,0.010406371
25,9,20,1,25,0,-0.024593629
25,9,20,1,26,0,-0.002593629
25,9,20,1,27,0,0.005406371
25,9,20,1,28,0,0.014406371
25,9,20,1,29,0,-0.043593629
25,9,20,1,30,0,-0.009593629
25,9,20,1,31,0,-0.024593629
25,9,20,1,32,0,-0.002593629
25,9,20,1,33,0,-0.000593629
25,9,20,1,34,0,0.022406371
25,9,20,1,35,0,0.000406371
25,9,20,1,36,0,-0.016593629
25,9,20,1,37,0,-0.040593629
25,9,20,1,38,0,-0.024593629
25,9,20,1,39,0,-0.027593629
25,9,20,1,40,0,-0.008593629
25,9,20,1,41,0,-0.044593629
25,9,20,1,42,0,-0.046593629
25,9,20,1,43,0,-0.008593629
25,9,20,1,44,0,-0.032593629
25,9,20,1,45,0,-0.049593629
25,9,20,1,46,0,-0.035593629
25,9,20,1,47,0,-0.011593629
25,9,20,1,48,0,-0.010593629
25,9,20,1,49,0,-0.055593629
25,9,20,1,50,0,-0.056593629
25,9,20,1,51,0,-0.037593629
25,9,20,1,52,0,-0.063593629
25,9,20,1,53,0,-0.067593629
25,9,20,1,54,0,-0.048593629
25,9,20,1,55,0,-0.021593629
25,9,20,1,56,0,-0.042593629
25,9,20,1,57,0,-0.038593629
25,9,20,1,58,0,-0.029593629
25,9,20,1,59,0,-0.067593629
25,9,20,2,0,0,-0.031593629
25,9,20,2,1,0,-0.075593629
25,9,20,2,2,0,-0.047593629
25,9,20,2,3,0,-0.031593629
25,9,20,2,4,0,-0.025593629
25,9,20,2,5,0,-0.047593629
25,9,20,2,6,0,-0.083593629
25,9,20,2,7,0,-0.074593629
25,9,20,2,8,0,-0.057593629
25,9,20,2,9,0,-0.044593629
25,9,20,2,10,0,-0.066593629
25,9,20,2,11,0,-0.088593629
25,9,20,2,12,0,-0.069593629
25,9,20,2,13,0,-0.056593629
25,9,20,2,14,0,-0.064593629
25,9,20,2,15,0,-0.094593629
25,9,20,2,16,0,-0.095593629
25,9,20,2,17,0,-0.060593629
25,9,20,2,18,0,-0.094593629
25,9,20,2,19,0,-0.114593629
25,9,20,2,20,0,-0.103593629
25,9,20,2,21,0,-0.053593629
25,9,20,2,22,0,-0.058593629
25,9,20,2,23,0,-0.118593629
25,9,20,2,24,0,-0.147593629
25,9,20,2,25,0,-0.099593629
25,9,20,2,26,0,-0.078593629
25,9,20,2,27,0,-0.069593629
25,9,20,2,28,0,-0.072593629
25,9,20,2,29,0,-0.103593629
25,9,20,2,30,0,-0.104593629
25,9,20,2,31,0,-0.080593629
25,9,20,2,32,0,-0.075593629
25,9,20,2,33,0,-0.109593629
25,9,20,2,34,0,-0.123593629
25,9,20,2,35,0,-0.138593629
25,9,20,2,36,0,-0.109593629
25,9,20,2,37,0,-0.103593629
25,9,20,2,38,0,-0.109593629
25,9,20,2,39,0,-0.112593629
25,9,20,2,40,0,-0.078593629
25,9,20,2,41,0,-0.090593629
25,9,20,2,42,0,-0.116593629
25,9,20,2,43,0,-0.120593629
25,9,20,2,44,0,-0.121593629
25,9,20,2,45,0,-0.098593629
25,9,20,2,46,0,-0.105593629
25,9,20,2,47,0,-0.119593629
25,9,20,2,48,0,-0.134593629
25,9,20,2,49,0,-0.113593629
25,9,20,2,50,0,-0.098593629
25,9,20,2,51,0,-0.134593629
25,9,20,2,52,0,-0.136593629
25,9,20,2,53,0,-0.136593629
25,9,20,2,54,0,-0.137593629
25,9,20,2,55,0,-0.130593629
25,9,20,2,56,0,-0.124593629
25,9,20,2,57,0,-0.127593629
25,9,20,2,58,0,-0.148593629
25,9,20,2,59,0,-0.116593629
25,9,20,3,0,0,-0.148593629
25,9,20,3,1,0,-0.123593629
25,9,20,3,2,0,-0.129593629
25,9,20,3,3,0,-0.131593629
25,9,20,3,4,0,-0.156593629
25,9,20,3,5,0,-0.131593629
25,9,20,3,6,0,-0.147593629
25,9,20,3,7,0,-0.116593629
25,9,20,3,8,0,-0.144593629
25,9,20,3,9,0,-0.170593629
25,9,20,3,10,0,-0.122593629
25,9,20,3,11,0,-0.150593629
25,9,20,3,12,0,-0.189593629
25,9,20,3,13,0,-0.141593629
25,9,20,3,14,0,-0.188593629
25,9,20,3,15,0,-0.166593629
25,9,20,3,16,0,-0.139593629
25,9,20,3,17,0,-0.148593629
25,9,20,3,18,0,-0.173593629
25,9,20,3,19,0,-0.188593629
25,9,20,3,20,0,-0.194593629
25,9,20,3,21,0,-0.159593629
25,9,20,3,22,0,-0.151593629
25,9,20,3,23,0,-0.150593629
25,9,20,3,24,0,-0.180593629
25,9,20,3,25,0,-0.160593629
25,9,20,3,26,0,-0.152593629
25,9,20,3,27,0,-0.190593629
25,9,20,3,28,0,-0.171593629
25,9,20,3,29,0,-0.169593629
25,9,20,3,30,0,-0.187593629
25,9,20,3,31,0,-0.187593629
25,9,20,3,32,0,-0.171593629
25,9,20,3,33,0,-0.120593629
25,9,20,3,34,0,-0.169593629
25,9,20,3,35,0,-0.143593629
25,9,20,3,36,0,-0.159593629
25,9,20,3,37,0,-0.162593629
25,9,20,3,38,0,-0.159593629
25,9,20,3,39,0,-0.163593629
25,9,20,3,40,0,-0.146593629
25,9,20,3,41,0,-0.141593629
25,9,20,3,42,0,-0.140593629
25,9,20,3,43,0,-0.135593629
25,9,20,3,44,0,-0.155593629
25,9,20,3,45,0,-0.145593629
25,9,20,3,46,0,-0.182593629
25,9,20,3,47,0,-0.209593629
25,9,20,3,48,0,-0.152593629
25,9,20,3,49,0,-0.182593629
25,9,20,3,50,0,-0.180593629
25,9,20,3,51,0,-0.160593629
25,9,20,3,52,0,-0.180593629
25,9,20,3,53,0,-0.197593629
25,9,20,3,54,0,-0.197593629
25,9,20,3,55,0,-0.160593629
25,9,20,3,56,0,-0.147593629
25,9,20,3,57,0,-0.177593629
25,9,20,3,58,0,-0.147593629
25,9,20,3,59,0,-0.147593629
25,9,20,4,0,0,-0.140593629
25,9,20,4,1,0,-0.180593629
25,9,20,4,2,0,-0.175593629
25,9,20,4,3,0,-0.150593629
25,9,20,4,4,0,-0.147593629
25,9,20,4,5,0,-0.155593629
25,9,20,4,6,0,-0.192593629
25,9,20,4,7,0,-0.160593629
25,9,20,4,8,0,-0.162593629
25,9,20,4,9,0,-0.199593629
25,9,20,4,10,0,-0.100593629
25,9,20,4,11,0,-0.180593629
25,9,20,4,12,0,-0.169593629
25,9,20,4,13,0,-0.170593629
25,9,20,4,14,0,-0.169593629
25,9,20,4,15,0,-0.172593629
25,9,20,4,16,0,-0.180593629
25,9,20,4,17,0,-0.170593629
25,9,20,4,18,0,-0.150593629
25,9,20,4,19,0,-0.175593629
25,9,20,4,20,0,-0.156593629
25,9,20,4,21,0,-0.185593629
25,9,20,4,22,0,-0.185593629
25,9,20,4,23,0,-0.185593629
25,9,20,4,24,0,-0.158593629
25,9,20,4,25,0,-0.191593629
25,9,20,4,26,0,-0.211593629
25,9,20,4,27,0,-0.184593629
25,9,20,4,28,0,-0.175593629
25,9,20,4,29,0,-0.190593629
25,9,20,4,30,0,-0.175593629
25,9,20,4,31,0,-0.160593629
25,9,20,4,32,0,-0.175593629
25,9,20,4,33,0,-0.198593629
25,9,20,4,34,0,-0.147593629
25,9,20,4,35,0,-0.188593629
25,9,20,4,36,0,-0.173593629
25,9,20,4,37,0,-0.175593629
25,9,20,4,38,0,-0.151593629
25,9,20,4,39,0,-0.171593629
25,9,20,4,40,0,-0.198593629
25,9,20,4,41,0,-0.185593629
25,9,20,4,42,0,-0.177593629
25,9,20,4,43,0,-0.173593629
25,9,20,4,44,0,-0.182593629
25,9,20,4,45,0,-0.131593629
25,9,20,4,46,0,-0.200593629
25,9,20,4,47,0,-0.187593629
25,9,20,4,48,0,-0.156593629
25,9,20,4,49,0,-0.182593629
25,9,20,4,50,0,-0.142593629
25,9,20,4,51,0,-0.157593629
25,9,20,4,52,0,-0.116593629
25,9,20,4,53,0,-0.142593629
25,9,20,4,54,0,-0.154593629
25,9,20,4,55,0,-0.063593629
25,9,20,4,56,0,-0.150593629
25,9,20,4,57,0,-0.162593629
25,9,20,4,58,0,-0.180593629
25,9,20,4,59,0,-0.174593629
25,9,20,5,0,0,-0.168593629
25,9,20,5,1,0,-0.166593629
25,9,20,5,2,0,-0.166593629
25,9,20,5,3,0,-0.147593629
25,9,20,5,4,0,-0.160593629
25,9,20,5,5,0,-0.179593629
25,9,20,5,6,0,-0.142593629
25,9,20,5,7,0,-0.154593629
25,9,20,5,8,0,-0.179593629
25,9,20,5,9,0,-0.142593629
25,9,20,5,10,0,-0.183593629
25,9,20,5,11,0,-0.147593629
25,9,20,5,12,0,-0.170593629
25,9,20,5,13,0,-0.142593629
25,9,20,5,14,0,-0.145593629
25,9,20,5,15,0,-0.115593629
25,9,20,5,16,0,-0.129593629
25,9,20,5,17,0,-0.145593629
25,9,20,5,18,0,-0.188593629
25,9,20,5,19,0,-0.164593629
25,9,20,5,20,0,-0.155593629
25,9,20,5,21,0,-0.143593629
25,9,20,5,22,0,-0.193593629
25,9,20,5,23,0,-0.140593629
25,9,20,5,24,0,-0.138593629
25,9,20,5,25,0,-0.138593629
25,9,20,5,26,0,-0.114593629
25,9,20,5,27,0,-0.140593629
25,9,20,5,28,0,-0.138593629
25,9,20,5,29,0,-0.174593629
25,9,20,5,30,0,-0.119593629
25,9,20,5,31,0,-0.179593629
25,9,20,5,32,0,-0.145593629
25,9,20,5,33,0,-0.145593629
25,9,20,5,34,0,-0.127593629
25,9,20,5,35,0,-0.141593629
25,9,20,5,36,0,-0.157593629
25,9,20,5,37,0,-0.162593629
25,9,20,5,38,0,-0.131593629
25,9,20,5,39,0,-0.180593629
25,9,20,5,40,0,-0.147593629
25,9,20,5,41,0,-0.173593629
25,9,20,5,42,0,-0.160593629
25,9,20,5,43,0,-0.147593629
25,9,20,5,44,0,-0.170593629
25,9,20,5,45,0,-0.137593629
25,9,20,5,46,0,-0.106593629
25,9,20,5,47,0,-0.146593629
25,9,20,5,48,0,-0.183593629
25,9,20,5,49,0,-0.170593629
25,9,20,5,50,0,-0.163593629
25,9,20,5,51,0,-0.118593629
25,9,20,5,52,0,-0.110593629
25,9,20,5,53,0,-0.124593629
25,9,20,5,54,0,-0.139593629
25,9,20,5,55,0,-0.140593629
25,9,20,5,56,0,-0.122593629
25,9,20,5,57,0,-0.135593629
25,9,20,5,58,0,-0.158593629
25,9,20,5,59,0,-0.151593629
25,9,20,6,0,0,-0.150593629
25,9,20,6,1,0,-0.122593629
25,9,20,6,2,0,-0.137593629
25,9,20,6,3,0,-0.130593629
25,9,20,6,4,0,-0.116593629
25,9,20,6,5,0,-0.137593629
25,9,20,6,6,0,-0.099593629
25,9,20,6,7,0,-0.084593629
25,9,20,6,8,0,-0.104593629
25,9,20,6,9,0,-0.104593629
25,9,20,6,10,0,-0.124593629
25,9,20,6,11,0,-0.097593629
25,9,20,6,12,0,-0.119593629
25,9,20,6,13,0,-0.129593629
25,9,20,6,14,0,-0.096593629
25,9,20,6,15,0,-0.107593629
25,9,20,6,16,0,-0.086593629
25,9,20,6,17,0,-0.085593629
25,9,20,6,18,0,-0.111593629
25,9,20,6,19,0,-0.100593629
25,9,20,6,20,0,-0.091593629
25,9,20,6,21,0,-0.128593629
25,9,20,6,22,0,-0.100593629
25,9,20,6,23,0,-0.082593629
25,9,20,6,24,0,-0.100593629
25,9,20,6,25,0,-0.113593629
25,9,20,6,26,0,-0.108593629
25,9,20,6,27,0,-0.105593629
25,9,20,6,28,0,-0.075593629
25,9,20,6,29,0,-0.105593629
25,9,20,6,30,0,-0.098593629
25,9,20,6,31,0,-0.101593629
25,9,20,6,32,0,-0.078593629
25,9,20,6,33,0,-0.095593629
25,9,20,6,34,0,-0.086593629
25,9,20,6,35,0,-0.069593629
25,9,20,6,36,0,-0.067593629
25,9,20,6,37,0,-0.096593629
25,9,20,6,38,0,-0.072593629
25,9,20,6,39,0,-0.064593629
25,9,20,6,40,0,-0.063593629
25,9,20,6,41,0,-0.082593629
25,9,20,6,42,0,-0.067593629
25,9,20,6,43,0,-0.067593629
25,9,20,6,44,0,-0.068593629
25,9,20,6,45,0,-0.064593629
25,9,20,6,46,0,-0.106593629
25,9,20,6,47,0,-0.049593629
25,9,20,6,48,0,-0.060593629
25,9,20,6,49,0,-0.069593629
25,9,20,6,50,0,-0.050593629
25,9,20,6,51,0,-0.043593629
25,9,20,6,52,0,-0.035593629
25,9,20,6,53,0,-0.027593629
25,9,20,6,54,0,-0.019593629
25,9,20,6,55,0,-0.055593629
25,9,20,6,56,0,-0.049593629
25,9,20,6,57,0,-0.027593629
25,9,20,6,58,0,-0.033593629
25,9,20,6,59,0,-0.029593629
25,9,20,7,0,0,-0.019593629
25,9,20,7,1,0,-0.031593629
25,9,20,7,2,0,-0.036593629
25,9,20,7,3,0,-0.023593629
25,9,20,7,4,0,-0.038593629
25,9,20,7,5,0,-0.023593629
25,9,20,7,6,0,-0.020593629
25,9,20,7,7,0,-0.020593629
25,9,20,7,8,0,0.012406371
25,9,20,7,9,0,-0.005593629
25,9,20,7,10,0,-0.005593629
25,9,20,7,11,0,-0.021593629
25,9,20,7,12,0,-0.000593629
25,9,20,7,13,0,-0.027593629
25,9,20,7,14,0,-0.028593629
25,9,20,7,15,0,-0.024593629
25,9,20,7,16,0,-0.017593629
25,9,20,7,17,0,-0.017593629
25,9,20,7,18,0,-0.002593629
25,9,20,7,19,0,-0.020593629
25,9,20,7,20,0,-0.005593629
25,9,20,7,21,0,-0.002593629
25,9,20,7,22,0,0.018406371
25,9,20,7,23,0,-0.002593629
25,9,20,7,24,0,0.006406371
25,9,20,7,25,0,-0.007593629
25,9,20,7,26,0,0.002406371
25,9,20,7,27,0,0.006406371
25,9,20,7,28,0,0.017406371
25,9,20,7,29,0,0.020406371
25,9,20,7,30,0,0.028406371
25,9,20,7,31,0,-0.001593629
25,9,20,7,32,0,0.045406371
25,9,20,7,33,0,-0.010593629
25,9,20,7,34,0,0.013406371
25,9,20,7,35,0,0.027406371
25,9,20,7,36,0,0.023406371
25,9,20,7,37,0,0.014406371
25,9,20,7,38,0,0.023406371
25,9,20,7,39,0,-0.005593629
25,9,20,7,40,0,0.010406371
25,9,20,7,41,0,0.029406371
25,9,20,7,42,0,0.012406371
25,9,20,7,43,0,0.006406371
25,9,20,7,44,0,0.016406371
25,9,20,7,45,0,0.046406371
25,9,20,7,46,0,0.031406371
25,9,20,7,47,0,0.046406371
25,9,20,7,48,0,0.057406371
25,9,20,7,49,0,0.066406371
25,9,20,7,50,0,0.066406371
25,9,20,7,51,0,0.036406371
25,9,20,7,52,0,0.053406371
25,9,20,7,53,0,0.063406371
25,9,20,7,54,0,0.038406371
25,9,20,7,55,0,0.033406371
25,9,20,7,56,0,0.048406371
25,9,20,7,57,0,0.012406371
25,9,20,7,58,0,0.055406371
25,9,20,7,59,0,0.044406371
25,9,20,8,0,0,0.047406371
25,9,20,8,1,0,0.043406371
25,9,20,8,2,0,0.058406371
25,9,20,8,3,0,0.045406371
25,9,20,8,4,0,0.043406371
25,9,20,8,5,0,0.037406371
25,9,20,8,6,0,0.033406371
25,9,20,8,7,0,0.040406371
25,9,20,8,8,0,0.052406371
25,9,20,8,9,0,0.051406371
25,9,20,8,10,0,0.059406371
25,9,20,8,11,0,0.049406371
25,9,20,8,12,0,0.048406371
25,9,20,8,13,0,0.077406371
25,9,20,8,14,0,0.045406371
25,9,20,8,15,0,0.096406371
25,9,20,8,16,0,0.065406371
25,9,20,8,17,0,0.062406371
25,9,20,8,18,0,0.060406371
25,9,20,8,19,0,0.097406371
25,9,20,8,20,0,0.078406371
25,9,20,8,21,0,0.078406371
25,9,20,8,22,0,0.083406371
25,9,20,8,23,0,0.068406371
25,9,20,8,24,0,0.090406371
25,9,20,8,25,0,0.063406371
25,9,20,8,26,0,0.096406371
25,9,20,8,27,0,0.083406371
25,9,20,8,28,0,0.104406371
25,9,20,8,29,0,0.091406371
25,9,20,8,30,0,0.103406371
25,9,20,8,31,0,0.101406371
25,9,20,8,32,0,0.103406371
25,9,20,8,33,0,0.083406371
25,9,20,8,34,0,0.105406371
25,9,20,8,35,0,0.103406371
25,9,20,8,36,0,0.126406371
25,9,20,8,37,0,0.069406371
25,9,20,8,38,0,0.112406371
25,9,20,8,39,0,0.110406371
25,9,20,8,40,0,0.117406371
25,9,20,8,41,0,0.111406371
25,9,20,8,42,0,0.094406371
25,9,20,8,43,0,0.106406371
25,9,20,8,44,0,0.114406371
25,9,20,8,45,0,0.128406371
25,9,20,8,46,0,0.150406371
25,9,20,8,47,0,0.109406371
25,9,20,8,48,0,0.125406371
25,9,20,8,49,0,0.125406371
25,9,20,8,50,0,0.100406371
25,9,20,8,51,0,0.109406371
25,9,20,8,52,0,0.104406371
25,9,20,8,53,0,0.087406371
25,9,20,8,54,0,0.135406371
25,9,20,8,55,0,0.098406371
25,9,20,8,56,0,0.125406371
25,9,20,8,57,0,0.107406371
25,9,20,8,58,0,0.123406371
25,9,20,8,59,0,0.125406371
25,9,20,9,0,0,0.143406371
25,9,20,9,1,0,0.088406371
25,9,20,9,2,0,0.128406371
25,9,20,9,3,0,0.125406371
25,9,20,9,4,0,0.119406371
25,9,20,9,5,0,0.131406371
25,9,20,9,6,0,0.131406371
25,9,20,9,7,0,0.131406371
25,9,20,9,8,0,0.130406371
25,9,20,9,9,0,0.158406371
25,9,20,9,10,0,0.148406371
25,9,20,9,11,0,0.139406371
25,9,20,9,12,0,0.138406371
25,9,20,9,13,0,0.138406371
25,9,20,9,14,0,0.134406371
25,9,20,9,15,0,0.102406371
25,9,20,9,16,0,0.126406371
25,9,20,9,17,0,0.133406371
25,9,20,9,18,0,0.134406371
25,9,20,9,19,0,0.156406371
25,9,20,9,20,0,0.162406371
25,9,20,9,21,0,0.142406371
25,9,20,9,22,0,0.123406371
25,9,20,9,23,0,0.165406371
25,9,20,9,24,0,0.137406371
25,9,20,9,25,0,0.163406371
25,9,20,9,26,0,0.135406371
25,9,20,9,27,0,0.155406371
25,9,20,9,28,0,0.124406371
25,9,20,9,29,0,0.160406371
25,9,20,9,30,0,0.156406371
25,9,20,9,31,0,0.155406371
25,9,20,9,32,0,0.139406371
25,9,20,9,33,0,0.147406371
25,9,20,9,34,0,0.156406371
25,9,20,9,35,0,0.113406371
25,9,20,9,36,0,0.171406371
25,9,20,9,37,0,0.141406371
25,9,20,9,38,0,0.155406371
25,9,20,9,39,0,0.129406371
25,9,20,9,40,0,0.184406371
25,9,20,9,41,0,0.155406371
25,9,20,9,42,0,0.151406371
25,9,20,9,43,0,0.155406371
25,9,20,9,44,0,0.146406371
25,9,20,9,45,0,0.155406371
25,9,20,9,46,0,0.152406371
25,9,20,9,47,0,0.170406371
25,9,20,9,48,0,0.141406371
25,9,20,9,49,0,0.180406371
25,9,20,9,50,0,0.166406371
25,9,20,9,51,0,0.109406371
25,9,20,9,52,0,0.170406371
25,9,20,9,53,0,0.195406371
25,9,20,9,54,0,0.178406371
25,9,20,9,55,0,0.196406371
25,9,20,9,56,0,0.178406371
25,9,20,9,57,0,0.192406371
25,9,20,9,58,0,0.169406371
25,9,20,9,59,0,0.178406371
25,9,20,10,0,0,0.158406371
25,9,20,10,1,0,0.197406371
25,9,20,10,2,0,0.126406371
25,9,20,10,3,0,0.163406371
25,9,20,10,4,0,0.149406371
25,9,20,10,5,0,0.174406371
25,9,20,10,6,0,0.219406371
25,9,20,10,7,0,0.168406371
25,9,20,10,8,0,0.181406371
25,9,20,10,9,0,0.181406371
25,9,20,10,10,0,0.202406371
25,9,20,10,11,0,0.177406371
25,9,20,10,12,0,0.148406371
25,9,20,10,13,0,0.177406371
25,9,20,10,14,0,0.167406371
25,9,20,10,15,0,0.138406371
25,9,20,10,16,0,0.165406371
25,9,20,10,17,0,0.174406371
25,9,20,10,18,0,0.167406371
25,9,20,10,19,0,0.165406371
25,9,20,10,20,0,0.162406371
25,9,20,10,21,0,0.158406371
25,9,20,10,22,0,0.162406371
25,9,20,10,23,0,0.142406371
25,9,20,10,24,0,0.173406371
25,9,20,10,25,0,0.132406371
25,9,20,10,26,0,0.159406371
25,9,20,10,27,0,0.182406371
25,9,20,10,28,0,0.154406371
25,9,20,10,29,0,0.194406371
25,9,20,10,30,0,0.149406371
25,9,20,10,31,0,0.201406371
25,9,20,10,32,0,0.158406371
25,9,20,10,33,0,0.168406371
25,9,20,10,34,0,0.162406371
25,9,20,10,35,0,0.159406371
25,9,20,10,36,0,0.172406371
25,9,20,10,37,0,0.155406371
25,9,20,10,38,0,0.154406371
25,9,20,10,39,0,0.149406371
25,9,20,10,40,0,0.124406371
25,9,20,10,41,0,0.178406371
25,9,20,10,42,0,0.175406371
25,9,20,10,43,0,0.232406371
25,9,20,10,44,0,0.169406371
25,9,20,10,45,0,0.180406371
25,9,20,10,46,0,0.184406371
25,9,20,10,47,0,0.175406371
25,9,20,10,48,0,0.171406371
25,9,20,10,49,0,0.167406371
25,9,20,10,50,0,0.170406371
25,9,20,10,51,0,0.189406371
25,9,20,10,52,0,0.189406371
25,9,20,10,53,0,0.168406371
25,9,20,10,54,0,0.177406371
25,9,20,10,55,0,0.189406371
25,9,20,10,56,0,0.195406371
25,9,20,10,57,0,0.146406371
25,9,20,10,58,0,0.181406371
25,9,20,10,59,0,0.169406371
25,9,20,11,0,0,0.195406371
25,9,20,11,1,0,0.172406371
25,9,20,11,2,0,0.181406371
25,9,20,11,3,0,0.197406371
25,9,20,11,4,0,0.264406371
25,9,20,11,5,0,0.203406371
25,9,20,11,6,0,0.168406371
25,9,20,11,7,0,0.165406371
25,9,20,11,8,0,0.179406371
25,9,20,11,9,0,0.186406371
25,9,20,11,10,0,0.149406371
25,9,20,11,11,0,0.185406371
25,9,20,11,12,0,0.171406371
25,9,20,11,13,0,0.149406371
25,9,20,11,14,0,0.176406371
25,9,20,11,15,0,0.201406371
25,9,20,11,16,0,0.181406371
25,9,20,11,17,0,0.207406371
25,9,20,11,18,0,0.160406371
25,9,20,11,19,0,0.168406371
25,9,20,11,20,0,0.193406371
25,9,20,11,21,0,0.171406371
25,9,20,11,22,0,0.184406371
25,9,20,11,23,0,0.178406371
25,9,20,11,24,0,0.199406371
25,9,20,11,25,0,0.172406371
25,9,20,11,26,0,0.157406371
25,9,20,11,27,0,0.190406371
25,9,20,11,28,0,0.154406371
25,9,20,11,29,0,0.168406371
25,9,20,11,30,0,0.215406371
25,9,20,11,31,0,0.216406371
25,9,20,11,32,0,0.190406371
25,9,20,11,33,0,0.199406371
25,9,20,11,34,0,0.200406371
25,9,20,11,35,0,0.199406371
25,9,20,11,36,0,0.177406371
25,9,20,11,37,0,0.200406371
25,9,20,11,38,0,0.187406371
25,9,20,11,39,0,0.174406371
25,9,20,11,40,0,0.130406371
25,9,20,11,41,0,0.217406371
25,9,20,11,42,0,0.201406371
25,9,20,11,43,0,0.183406371
25,9,20,11,44,0,0.147406371
25,9,20,11,45,0,0.211406371
25,9,20,11,46,0,0.183406371
25,9,20,11,47,0,0.182406371
25,9,20,11,48,0,0.186406371
25,9,20,11,49,0,0.186406371
25,9,20,11,50,0,0.241406371
25,9,20,11,51,0,0.158406371
25,9,20,11,52,0,0.118406371
25,9,20,11,53,0,0.204406371
25,9,20,11,54,0,0.167406371
25,9,20,11,55,0,0.173406371
25,9,20,11,56,0,0.235406371
25,9,20,11,57,0,0.195406371
25,9,20,11,58,0,0.138406371
25,9,20,11,59,0,0.239406371
25,9,20,12,0,0,0.129406371
25,9,20,12,1,0,0.158406371
25,9,20,12,2,0,0.199406371
25,9,20,12,3,0,0.156406371
25,9,20,12,4,0,0.146406371
25,9,20,12,5,0,0.096406371
25,9,20,12,6,0,0.136406371
25,9,20,12,7,0,0.189406371
25,9,20,12,8,0,0.150406371
25,9,20,12,9,0,0.174406371
25,9,20,12,10,0,0.162406371
25,9,20,12,11,0,0.159406371
25,9,20,12,12,0,0.184406371
25,9,20,12,13,0,0.169406371
25,9,20,12,14,0,0.167406371
25,9,20,12,15,0,0.071406371
25,9,20,12,16,0,0.128406371
25,9,20,12,17,0,0.149406371
25,9,20,12,18,0,0.190406371
25,9,20,12,19,0,0.130406371
25,9,20,12,20,0,0.144406371
25,9,20,12,21,0,0.102406371
25,9,20,12,22,0,0.211406371
25,9,20,12,23,0,0.146406371
25,9,20,12,24,0,0.115406371
25,9,20,12,25,0,0.211406371
25,9,20,12,26,0,0.211406371
25,9,20,12,27,0,0.146406371
25,9,20,12,28,0,0.141406371
25,9,20,12,29,0,0.114406371
25,9,20,12,30,0,0.119406371
25,9,20,12,31,0,0.141406371
25,9,20,12,32,0,0.120406371
25,9,20,12,33,0,0.125406371
25,9,20,12,34,0,0.103406371
25,9,20,12,35,0,0.125406371
25,9,20,12,36,0,0.142406371
25,9,20,12,37,0,0.110406371
25,9,20,12,38,0,0.093406371
25,9,20,12,39,0,0.136406371
25,9,20,12,40,0,0.159406371
25,9,20,12,41,0,0.100406371
25,9,20,12,42,0,0.032406371
25,9,20,12,43,0,0.042406371
25,9,20,12,44,0,0.030406371
25,9,20,12,45,0,0.119406371
25,9,20,12,46,0,0.033406371
25,9,20,12,47,0,0.033406371
25,9,20,12,48,0,0.033406371
25,9,20,12,49,0,0.095406371
25,9,20,12,50,0,0.050406371
25,9,20,12,51,0,0.104406371
25,9,20,12,52,0,0.070406371
25,9,20,12,53,0,0.069406371
25,9,20,12,54,0,0.124406371
25,9,20,12,55,0,0.070406371
25,9,20,12,56,0,0.085406371
25,9,20,12,57,0,0.091406371
25,9,20,12,58,0,0.118406371
25,9,20,12,59,0,0.102406371
25,9,20,13,0,0,0.036406371
25,9,20,13,1,0,0.027406371
25,9,20,13,2,0,0.027406371
25,9,20,13,3,0,0.142406371
25,9,20,13,4,0,0.088406371
25,9,20,13,5,0,0.098406371
25,9,20,13,6,0,0.087406371
25,9,20,13,7,0,0.116406371
25,9,20,13,8,0,0.032406371
25,9,20,13,9,0,0.070406371
25,9,20,13,10,0,0.071406371
25,9,20,13,11,0,0.046406371
25,9,20,13,12,0,0.038406371
25,9,20,13,13,0,0.147406371
25,9,20,13,14,0,0.071406371
25,9,20,13,15,0,0.104406371
25,9,20,13,16,0,-0.002593629
25,9,20,13,17,0,0.038406371
25,9,20,13,18,0,0.090406371
25,9,20,13,19,0,0.055406371
25,9,20,13,20,0,0.009406371
25,9,20,13,21,0,0.020406371
25,9,20,13,22,0,0.052406371
25,9,20,13,23,0,0.086406371
25,9,20,13,24,0,0.027406371
25,9,20,13,25,0,0.037406371
25,9,20,13,26,0,0.039406371
25,9,20,13,27,0,0.036406371
25,9,20,13,28,0,0.039406371
25,9,20,13,29,0,0.047406371
25,9,20,13,30,0,0.049406371
25,9,20,13,31,0,0.009406371
25,9,20,13,32,0,0.043406371
25,9,20,13,33,0,-0.013593629
25,9,20,13,34,0,-0.004593629
25,9,20,13,35,0,0.070406371
25,9,20,13,36,0,0.042406371
25,9,20,13,37,0,0.040406371
25,9,20,13,38,0,0.055406371
25,9,20,13,39,0,-0.044593629
25,9,20,13,40,0,-0.004593629
25,9,20,13,41,0,-0.006593629
25,9,20,13,42,0,-0.052593629
25,9,20,13,43,0,0.092406371
25,9,20,13,44,0,-0.006593629
25,9,20,13,45,0,0.050406371
25,9,20,13,46,0,-0.058593629
25,9,20,13,47,0,-0.008593629
25,9,20,13,48,0,-0.026593629
25,9,20,13,49,0,0.066406371
25,9,20,13,50,0,0.041406371
25,9,20,13,51,0,-0.019593629
25,9,20,13,52,0,-0.026593629
25,9,20,13,53,0,0.062406371
25,9,20,13,54,0,0.149406371
25,9,20,13,55,0,0.140406371
25,9,20,13,56,0,0.060406371
25,9,20,13,57,0,0.061406371
25,9,20,13,58,0,0.010406371
25,9,20,13,59,0,0.039406371
25,9,20,14,0,0,0.065406371
25,9,20,14,1,0,0.039406371
25,9,20,14,2,0,0.021406371
25,9,20,14,3,0,0.053406371
25,9,20,14,4,0,0.037406371
25,9,20,14,5,0,0.065406371
25,9,20,14,6,0,0.002406371
25,9,20,14,7,0,0.002406371
25,9,20,14,8,0,0.084406371
25,9,20,14,9,0,0.012406371
25,9,20,14,10,0,0.014406371
25,9,20,14,11,0,0.014406371
25,9,20,14,12,0,0.014406371
25,9,20,14,13,0,0.052406371
25,9,20,14,14,0,0.002406371
25,9,20,14,15,0,-0.045593629
25,9,20,14,16,0,-0.065593629
25,9,20,14,17,0,0.047406371
25,9,20,14,18,0,-0.035593629
25,9,20,14,19,0,0.002406371
25,9,20,14,20,0,0.008406371
25,9,20,14,21,0,0.007406371
25,9,20,14,22,0,-0.011593629
25,9,20,14,23,0,0.064406371
25,9,20,14,24,0,0.052406371
25,9,20,14,25,0,-0.025593629
25,9,20,14,26,0,-0.022593629
25,9,20,14,27,0,0.028406371
25,9,20,14,28,0,0.003406371
25,9,20,14,29,0,0.015406371
25,9,20,14,30,0,-0.073593629
25,9,20,14,31,0,0.073406371
25,9,20,14,32,0,-0.032593629
25,9,20,14,33,0,-0.058593629
25,9,20,14,34,0,0.003406371
25,9,20,14,35,0,-0.046593629
25,9,20,14,36,0,-0.010593629
25,9,20,14,37,0,-0.034593629
25,9,20,14,38,0,0.011406371
25,9,20,14,39,0,-0.056593629
25,9,20,14,40,0,0.055406371
25,9,20,14,41,0,0.075406371
25,9,20,14,42,0,0.054406371
25,9,20,14,43,0,0.003406371
25,9,20,14,44,0,-0.002593629
25,9,20,14,45,0,-0.023593629
25,9,20,14,46,0,-0.007593629
25,9,20,14,47,0,0.041406371
25,9,20,14,48,0,-0.007593629
25,9,20,14,49,0,0.024406371
25,9,20,14,50,0,-0.028593629
25,9,20,14,51,0,-0.066593629
25,9,20,14,52,0,-0.013593629
25,9,20,14,53,0,0.001406371
25,9,20,14,54,0,-0.023593629
25,9,20,14,55,0,0.018406371
25,9,20,14,56,0,-0.020593629
25,9,20,14,57,0,-0.047593629
25,9,20,14,58,0,0.019406371
25,9,20,14,59,0,-0.060593629
25,9,20,15,0,0,-0.023593629
25,9,20,15,1,0,-0.075593629
25,9,20,15,2,0,-0.024593629
25,9,20,15,3,0,-0.041593629
25,9,20,15,4,0,-0.005593629
25,9,20,15,5,0,-0.040593629
25,9,20,15,6,0,0.008406371
25,9,20,15,7,0,-0.077593629
25,9,20,15,8,0,0.049406371
25,9,20,15,9,0,-0.052593629
25,9,20,15,10,0,0.008406371
25,9,20,15,11,0,-0.053593629
25,9,20,15,12,0,0.008406371
25,9,20,15,13,0,0.009406371
25,9,20,15,14,0,-0.015593629
25,9,20,15,15,0,-0.001593629
25,9,20,15,16,0,0.002406371
25,9,20,15,17,0,-0.038593629
25,9,20,15,18,0,-0.007593629
25,9,20,15,19,0,-0.025593629
25,9,20,15,20,0,0.009406371
25,9,20,15,21,0,0.005406371
25,9,20,15,22,0,-0.004593629
25,9,20,15,23,0,-0.022593629
25,9,20,15,24,0,0.008406371
25,9,20,15,25,0,-0.041593629
25,9,20,15,26,0,0.015406371
25,9,20,15,27,0,-0.057593629
25,9,20,15,28,0,0.027406371
25,9,20,15,29,0,-0.029593629
25,9,20,15,30,0,-0.005593629
25,9,20,15,31,0,-0.039593629
25,9,20,15,32,0,0.001406371
25,9,20,15,33,0,0.005406371
25,9,20,15,34,0,-0.044593629
25,9,20,15,35,0,0.017406371
25,9,20,15,36,0,-0.003593629
25,9,20,15,37,0,-0.042593629
25,9,20,15,38,0,-0.026593629
25,9,20,15,39,0,0.016406371
25,9,20,15,40,0,-0.010593629
25,9,20,15,41,0,-0.001593629
25,9,20,15,42,0,-0.024593629
25,9,20,15,43,0,-0.003593629
25,9,20,15,44,0,-0.000593629
25,9,20,15,45,0,-0.071593629
25,9,20,15,46,0,-0.013593629
25,9,20,15,47,0,-0.064593629
25,9,20,15,48,0,-0.056593629
25,9,20,15,49,0,0.013406371
25,9,20,15,50,0,-0.007593629
25,9,20,15,51,0,-0.008593629
25,9,20,15,52,0,0.021406371
25,9,20,15,53,0,0.057406371
25,9,20,15,54,0,0.009406371
25,9,20,15,55,0,0.025406371
25,9,20,15,56,0,-0.024593629
25,9,20,15,57,0,-0.048593629
25,9,20,15,58,0,-0.000593629
25,9,20,15,59,0,-0.001593629
25,9,20,16,0,0,0.033406371
25,9,20,16,1,0,-0.000593629
25,9,20,16,2,0,-0.081593629
25,9,20,16,3,0,-0.019593629
25,9,20,16,4,0,-0.053593629
25,9,20,16,5,0,-0.008593629
25,9,20,16,6,0,-0.001593629
25,9,20,16,7,0,0.033406371
25,9,20,16,8,0,-0.038593629
25,9,20,16,9,0,0.011406371
25,9,20,16,10,0,0.018406371
25,9,20,16,11,0,0.029406371
25,9,20,16,12,0,0.044406371
25,9,20,16,13,0,0.047406371
25,9,20,16,14,0,-0.050593629
25,9,20,16,15,0,-0.006593629
25,9,20,16,16,0,-0.055593629
25,9,20,16,17,0,0.045406371
25,9,20,16,18,0,-0.046593629
25,9,20,16,19,0,-0.106593629
25,9,20,16,20,0,-0.005593629
25,9,20,16,21,0,-0.000593629
25,9,20,16,22,0,-0.022593629
25,9,20,16,23,0,0.030406371
25,9,20,16,24,0,-0.028593629
25,9,20,16,25,0,0.010406371
25,9,20,16,26,0,-0.054593629
25,9,20,16,27,0,0.030406371
25,9,20,16,28,0,-0.029593629
25,9,20,16,29,0,-0.046593629
25,9,20,16,30,0,0.011406371
25,9,20,16,31,0,-0.017593629
25,9,20,16,32,0,0.016406371
25,9,20,16,33,0,0.021406371
25,9,20,16,34,0,0.038406371
25,9,20,16,35,0,-0.001593629
25,9,20,16,36,0,0.021406371
25,9,20,16,37,0,0.024406371
25,9,20,16,38,0,-0.058593629
25,9,20,16,39,0,-0.010593629
25,9,20,16,40,0,0.031406371
25,9,20,16,41,0,-0.052593629
25,9,20,16,42,0,0.008406371
25,9,20,16,43,0,0.012406371
25,9,20,16,44,0,0.000406371
25,9,20,16,45,0,0.072406371
25,9,20,16,46,0,-0.041593629
25,9,20,16,47,0,0.055406371
25,9,20,16,48,0,0.022406371
25,9,20,16,49,0,0.042406371
25,9,20,16,50,0,0.041406371
25,9,20,16,51,0,0.072406371
25,9,20,16,52,0,0.071406371
25,9,20,16,53,0,0.018406371
25,9,20,16,54,0,-0.018593629
25,9,20,16,55,0,0.057406371
25,9,20,16,56,0,0.021406371
25,9,20,16,57,0,0.039406371
25,9,20,16,58,0,0.057406371
25,9,20,16,59,0,0.077406371
25,9,20,17,0,0,-0.014593629
25,9,20,17,1,0,0.047406371
25,9,20,17,2,0,0.070406371
25,9,20,17,3,0,0.003406371
25,9,20,17,4,0,0.034406371
25,9,20,17,5,0,0.062406371
25,9,20,17,6,0,0.010406371
25,9,20,17,7,0,0.029406371
25,9,20,17,8,0,0.043406371
25,9,20,17,9,0,0.007406371
25,9,20,17,10,0,0.035406371
25,9,20,17,11,0,0.039406371
25,9,20,17,12,0,0.073406371
25,9,20,17,13,0,0.009406371
25,9,20,17,14,0,0.033406371
25,9,20,17,15,0,0.042406371
25,9,20,17,16,0,0.066406371
25,9,20,17,17,0,0.100406371
25,9,20,17,18,0,0.027406371
25,9,20,17,19,0,0.067406371
25,9,20,17,20,0,0.058406371
25,9,20,17,21,0,0.060406371
25,9,20,17,22,0,0.081406371
25,9,20,17,23,0,0.101406371
25,9,20,17,24,0,0.120406371
25,9,20,17,25,0,0.100406371
25,9,20,17,26,0,0.054406371
25,9,20,17,27,0,0.072406371
25,9,20,17,28,0,0.107406371
25,9,20,17,29,0,0.124406371
25,9,20,17,30,0,0.062406371
25,9,20,17,31,0,0.116406371
25,9,20,17,32,0,0.020406371
25,9,20,17,33,0,0.107406371
25,9,20,17,34,0,0.020406371
25,9,20,17,35,0,0.070406371
25,9,20,17,36,0,0.098406371
25,9,20,17,37,0,0.038406371
25,9,20,17,38,0,0.070406371
25,9,20,17,39,0,0.102406371
25,9,20,17,40,0,0.063406371
25,9,20,17,41,0,0.061406371
25,9,20,17,42,0,0.092406371
25,9,20,17,43,0,0.117406371
25,9,20,17,44,0,0.126406371
25,9,20,17,45,0,0.082406371
25,9,20,17,46,0,0.117406371
25,9,20,17,47,0,0.145406371
25,9,20,17,48,0,0.046406371
25,9,20,17,49,0,0.137406371
25,9,20,17,50,0,0.095406371
25,9,20,17,51,0,0.194406371
25,9,20,17,52,0,0.150406371
25,9,20,17,53,0,0.099406371
25,9,20,17,54,0,0.118406371
25,9,20,17,55,0,0.117406371
25,9,20,17,56,0,0.097406371
25,9,20,17,57,0,0.137406371
25,9,20,17,58,0,0.143406371
25,9,20,17,59,0,0.182406371
25,9,20,18,0,0,0.124406371
25,9,20,18,1,0,0.109406371
25,9,20,18,2,0,0.122406371
25,9,20,18,3,0,0.155406371
25,9,20,18,4,0,0.189406371
25,9,20,18,5,0,0.141406371
25,9,20,18,6,0,0.155406371
25,9,20,18,7,0,0.176406371
25,9,20,18,8,0,0.199406371
25,9,20,18,9,0,0.113406371
25,9,20,18,10,0,0.128406371
25,9,20,18,11,0,0.121406371
25,9,20,18,12,0,0.145406371
25,9,20,18,13,0,0.242406371
25,9,20,18,14,0,0.148406371
25,9,20,18,15,0,0.179406371
25,9,20,18,16,0,0.149406371
25,9,20,18,17,0,0.232406371
25,9,20,18,18,0,0.163406371
25,9,20,18,19,0,0.117406371
25,9,20,18,20,0,0.170406371
25,9,20,18,21,0,0.202406371
25,9,20,18,22,0,0.265406371
25,9,20,18,23,0,0.173406371
25,9,20,18,24,0,0.168406371
25,9,20,18,25,0,0.141406371
25,9,20,18,26,0,0.166406371
25,9,20,18,27,0,0.153406371
25,9,20,18,28,0,0.146406371
25,9,20,18,29,0,0.112406371
25,9,20,18,30,0,0.214406371
25,9,20,18,31,0,0.190406371
25,9,20,18,32,0,0.149406371
25,9,20,18,33,0,0.129406371
25,9,20,18,34,0,0.184406371
25,9,20,18,35,0,0.241406371
25,9,20,18,36,0,0.156406371
25,9,20,18,37,0,0.232406371
25,9,20,18,38,0,0.183406371
25,9,20,18,39,0,0.186406371
25,9,20,18,40,0,0.146406371
25,9,20,18,41,0,0.155406371
25,9,20,18,42,0,0.143406371
25,9,20,18,43,0,0.145406371
25,9,20,18,44,0,0.124406371
25,9,20,18,45,0,0.179406371
25,9,20,18,46,0,0.229406371
25,9,20,18,47,0,0.188406371
25,9,20,18,48,0,0.188406371
25,9,20,18,49,0,0.204406371
25,9,20,18,50,0,0.194406371
25,9,20,18,51,0,0.164406371
25,9,20,18,52,0,0.162406371
25,9,20,18,53,0,0.226406371
25,9,20,18,54,0,0.165406371
25,9,20,18,55,0,0.166406371
25,9,20,18,56,0,0.264406371
25,9,20,18,57,0,0.150406371
25,9,20,18,58,0,0.219406371
25,9,20,18,59,0,0.166406371
25,9,20,19,0,0,0.206406371
25,9,20,19,1,0,0.204406371
25,9,20,19,2,0,0.202406371
25,9,20,19,3,0,0.281406371
25,9,20,19,4,0,0.242406371
25,9,20,19,5,0,0.199406371
25,9,20,19,6,0,0.166406371
25,9,20,19,7,0,0.168406371
25,9,20,19,8,0,0.173406371
25,9,20,19,9,0,0.195406371
25,9,20,19,10,0,0.207406371
25,9,20,19,11,0,0.230406371
25,9,20,19,12,0,0.195406371
25,9,20,19,13,0,0.159406371
25,9,20,19,14,0,0.168406371
25,9,20,19,15,0,0.160406371
25,9,20,19,16,0,0.196406371
25,9,20,19,17,0,0.196406371
25,9,20,19,18,0,0.233406371
25,9,20,19,19,0,0.233406371
25,9,20,19,20,0,0.214406371
25,9,20,19,21,0,0.153406371
25,9,20,19,22,0,0.238406371
25,9,20,19,23,0,0.232406371
25,9,20,19,24,0,0.240406371
25,9,20,19,25,0,0.221406371
25,9,20,19,26,0,0.232406371
25,9,20,19,27,0,0.206406371
25,9,20,19,28,0,0.251406371
25,9,20,19,29,0,0.182406371
25,9,20,19,30,0,0.199406371
25,9,20,19,31,0,0.237406371
25,9,20,19,32,0,0.231406371
25,9,20,19,33,0,0.174406371
25,9,20,19,34,0,0.196406371
25,9,20,19,35,0,0.213406371
25,9,20,19,36,0,0.151406371
25,9,20,19,37,0,0.233406371
25,9,20,19,38,0,0.191406371
25,9,20,19,39,0,0.224406371
25,9,20,19,40,0,0.231406371
25,9,20,19,41,0,0.172406371
25,9,20,19,42,0,0.202406371
25,9,20,19,43,0,0.271406371
25,9,20,19,44,0,0.193406371
25,9,20,19,45,0,0.172406371
25,9,20,19,46,0,0.215406371
25,9,20,19,47,0,0.195406371
25,9,20,19,48,0,0.226406371
25,9,20,19,49,0,0.189406371
25,9,20,19,50,0,0.195406371
25,9,20,19,51,0,0.137406371
25,9,20,19,52,0,0.217406371
25,9,20,19,53,0,0.242406371
25,9,20,19,54,0,0.183406371
25,9,20,19,55,0,0.228406371
25,9,20,19,56,0,0.236406371
25,9,20,19,57,0,0.235406371
25,9,20,19,58,0,0.228406371
25,9,20,19,59,0,0.189406371
25,9,20,20,0,0,0.210406371
25,9,20,20,1,0,0.186406371
25,9,20,20,2,0,0.215406371
25,9,20,20,3,0,0.259406371
25,9,20,20,4,0,0.265406371
25,9,20,20,5,0,0.198406371
25,9,20,20,6,0,0.287406371
25,9,20,20,7,0,0.216406371
25,9,20,20,8,0,0.199406371
25,9,20,20,9,0,0.191406371
25,9,20,20,10,0,0.233406371
25,9,20,20,11,0,0.202406371
25,9,20,20,12,0,0.242406371
25,9,20,20,13,0,0.267406371
25,9,20,20,14,0,0.236406371
25,9,20,20,15,0,0.215406371
25,9,20,20,16,0,0.217406371
25,9,20,20,17,0,0.246406371
25,9,20,20,18,0,0.242406371
25,9,20,20,19,0,0.228406371
25,9,20,20,20,0,0.223406371
25,9,20,20,21,0,0.184406371
25,9,20,20,22,0,0.242406371
25,9,20,20,23,0,0.227406371
25,9,20,20,24,0,0.242406371
25,9,20,20,25,0,0.231406371
25,9,20,20,26,0,0.231406371
25,9,20,20,27,0,0.231406371
25,9,20,20,28,0,0.183406371
25,9,20,20,29,0,0.213406371
25,9,20,20,30,0,0.195406371
25,9,20,20,31,0,0.235406371
25,9,20,20,32,0,0.236406371
25,9,20,20,33,0,0.180406371
25,9,20,20,34,0,0.175406371
25,9,20,20,35,0,0.194406371
25,9,20,20,36,0,0.180406371
25,9,20,20,37,0,0.224406371
25,9,20,20,38,0,0.194406371
25,9,20,20,39,0,0.174406371
25,9,20,20,40,0,0.187406371
25,9,20,20,41,0,0.210406371
25,9,20,20,42,0,0.181406371
25,9,20,20,43,0,0.204406371
25,9,20,20,44,0,0.231406371
25,9,20,20,45,0,0.176406371
25,9,20,20,46,0,0.177406371
25,9,20,20,47,0,0.196406371
25,9,20,20,48,0,0.164406371
25,9,20,20,49,0,0.203406371
25,9,20,20,50,0,0.169406371
25,9,20,20,51,0,0.169406371
25,9,20,20,52,0,0.200406371
25,9,20,20,53,0,0.169406371
25,9,20,20,54,0,0.214406371
25,9,20,20,55,0,0.162406371
25,9,20,20,56,0,0.195406371
25,9,20,20,57,0,0.145406371
25,9,20,20,58,0,0.210406371
25,9,20,20,59,0,0.168406371
25,9,20,21,0,0,0.173406371
25,9,20,21,1,0,0.213406371
25,9,20,21,2,0,0.145406371
25,9,20,21,3,0,0.217406371
25,9,20,21,4,0,0.187406371
25,9,20,21,5,0,0.195406371
25,9,20,21,6,0,0.177406371
25,9,20,21,7,0,0.174406371
25,9,20,21,8,0,0.177406371
25,9,20,21,9,0,0.168406371
25,9,20,21,10,0,0.177406371
25,9,20,21,11,0,0.174406371
25,9,20,21,12,0,0.187406371
25,9,20,21,13,0,0.157406371
25,9,20,21,14,0,0.153406371
25,9,20,21,15,0,0.124406371
25,9,20,21,16,0,0.203406371
25,9,20,21,17,0,0.147406371
25,9,20,21,18,0,0.150406371
25,9,20,21,19,0,0.150406371
25,9,20,21,20,0,0.188406371
25,9,20,21,21,0,0.183406371
25,9,20,21,22,0,0.223406371
25,9,20,21,23,0,0.156406371
25,9,20,21,24,0,0.152406371
25,9,20,21,25,0,0.187406371
25,9,20,21,26,0,0.243406371
25,9,20,21,27,0,0.229406371
25,9,20,21,28,0,0.209406371
25,9,20,21,29,0,0.198406371
25,9,20,21,30,0,0.198406371
25,9,20,21,31,0,0.193406371
25,9,20,21,32,0,0.141406371
25,9,20,21,33,0,0.192406371
25,9,20,21,34,0,0.108406371
25,9,20,21,35,0,0.182406371
25,9,20,21,36,0,0.161406371
25,9,20,21,37,0,0.134406371
25,9,20,21,38,0,0.196406371
25,9,20,21,39,0,0.182406371
25,9,20,21,40,0,0.139406371
25,9,20,21,41,0,0.170406371
25,9,20,21,42,0,0.214406371
25,9,20,21,43,0,0.170406371
25,9,20,21,44,0,0.156406371
25,9,20,21,45,0,0.123406371
25,9,20,21,46,0,0.185406371
25,9,20,21,47,0,0.114406371
25,9,20,21,48,0,0.126406371
25,9,20,21,49,0,0.129406371
25,9,20,21,50,0,0.149406371
25,9,20,21,51,0,0.150406371
25,9,20,21,52,0,0.183406371
25,9,20,21,53,0,0.174406371
25,9,20,21,54,0,0.174406371
25,9,20,21,55,0,0.176406371
25,9,20,21,56,0,0.176406371
25,9,20,21,57,0,0.102406371
25,9,20,21,58,0,0.172406371
25,9,20,21,59,0,0.176406371
25,9,20,22,0,0,0.147406371
25,9,20,22,1,0,0.128406371
25,9,20,22,2,0,0.130406371
25,9,20,22,3,0,0.159406371
25,9,20,22,4,0,0.142406371
25,9,20,22,5,0,0.142406371
25,9,20,22,6,0,0.142406371
25,9,20,22,7,0,0.137406371
25,9,20,22,8,0,0.142406371
25,9,20,22,9,0,0.098406371
25,9,20,22,10,0,0.135406371
25,9,20,22,11,0,0.132406371
25,9,20,22,12,0,0.148406371
25,9,20,22,13,0,0.106406371
25,9,20,22,14,0,0.108406371
25,9,20,22,15,0,0.083406371
25,9,20,22,16,0,0.137406371
25,9,20,22,17,0,0.118406371
25,9,20,22,18,0,0.117406371
25,9,20,22,19,0,0.118406371
25,9,20,22,20,0,0.118406371
25,9,20,22,21,0,0.125406371
25,9,20,22,22,0,0.107406371
25,9,20,22,23,0,0.108406371
25,9,20,22,24,0,0.087406371
25,9,20,22,25,0,0.094406371
25,9,20,22,26,0,0.116406371
25,9,20,22,27,0,0.108406371
25,9,20,22,28,0,0.094406371
25,9,20,22,29,0,0.126406371
25,9,20,22,30,0,0.065406371
25,9,20,22,31,0,0.053406371
25,9,20,22,32,0,0.068406371
25,9,20,22,33,0,0.098406371
25,9,20,22,34,0,0.058406371
25,9,20,22,35,0,0.082406371
25,9,20,22,36,0,0.064406371
25,9,20,22,37,0,0.041406371
25,9,20,22,38,0,0.071406371
25,9,20,22,39,0,0.065406371
25,9,20,22,40,0,0.063406371
25,9,20,22,41,0,0.061406371
25,9,20,22,42,0,0.065406371
25,9,20,22,43,0,0.090406371
25,9,20,22,44,0,0.055406371
25,9,20,22,45,0,0.055406371
25,9,20,22,46,0,0.060406371
25,9,20,22,47,0,0.096406371
25,9,20,22,48,0,0.033406371
25,9,20,22,49,0,0.071406371
25,9,20,22,50,0,0.041406371
25,9,20,22,51,0,0.082406371
25,9,20,22,52,0,0.079406371
25,9,20,22,53,0,0.017406371
25,9,20,22,54,0,0.074406371
25,9,20,22,55,0,0.074406371
25,9,20,22,56,0,0.064406371
25,9,20,22,57,0,0.050406371
25,9,20,22,58,0,0.075406371
25,9,20,22,59,0,0.014406371
25,9,20,23,0,0,0.083406371
25,9,20,23,1,0,0.031406371
25,9,20,23,2,0,0.064406371
25,9,20,23,3,0,0.058406371
25,9,20,23,4,0,-0.000593629
25,9,20,23,5,0,0.019406371
25,9,20,23,6,0,0.040406371
25,9,20,23,7,0,0.037406371
25,9,20,23,8,0,0.014406371
25,9,20,23,9,0,0.057406371
25,9,20,23,10,0,0.024406371
25,9,20,23,11,0,0.028406371
25,9,20,23,12,0,0.027406371
25,9,20,23,13,0,0.050406371
25,9,20,23,14,0,0.031406371
25,9,20,23,15,0,-0.005593629
25,9,20,23,16,0,0.034406371
25,9,20,23,17,0,0.011406371
25,9,20,23,18,0,0.061406371
25,9,20,23,19,0,0.007406371
25,9,20,23,20,0,0.034406371
25,9,20,23,21,0,0.027406371
25,9,20,23,22,0,0.017406371
25,9,20,23,23,0,0.044406371
25,9,20,23,24,0,0.038406371
25,9,20,23,25,0,0.021406371
25,9,20,23,26,0,-0.004593629
25,9,20,23,27,0,0.019406371
25,9,20,23,28,0,0.015406371
25,9,20,23,29,0,0.043406371
25,9,20,23,30,0,-0.022593629
25,9,20,23,31,0,-0.008593629
25,9,20,23,32,0,0.027406371
25,9,20,23,33,0,0.020406371
25,9,20,23,34,0,0.035406371
25,9,20,23,35,0,-0.008593629
25,9,20,23,36,0,0.017406371
25,9,20,23,37,0,0.030406371
25,9,20,23,38,0,0.021406371
25,9,20,23,39,0,0.021406371
25,9,20,23,40,0,0.021406371
25,9,20,23,41,0,0.021406371
25,9,20,23,42,0,-0.028593629
25,9,20,23,43,0,0.001406371
25,9,20,23,44,0,-0.052593629
25,9,20,23,45,0,-0.001593629
25,9,20,23,46,0,-0.015593629
25,9,20,23,47,0,0.013406371
25,9,20,23,48,0,-0.006593629
25,9,20,23,49,0,0.012406371
25,9,20,23,50,0,0.038406371
25,9,20,23,51,0,-0.050593629
25,9,20,23,52,0,-0.010593629
25,9,20,23,53,0,-0.021593629
25,9,20,23,54,0,-0.017593629
25,9,20,23,55,0,-0.031593629
25,9,20,23,56,0,0.012406371
25,9,20,23,57,0,-0.021593629
25,9,20,23,58,0,-0.013593629
25,9,20,23,59,0,-0.010593629
25,9,21,0,0,0,-0.010593629
25,9,21,0,1,0,0.036406371
25,9,21,0,2,0,-0.031593629
25,9,21,0,3,0,-0.034593629
25,9,21,0,4,0,-0.008593629
25,9,21,0,5,0,0.051406371
25,9,21,0,6,0,-0.039593629
25,9,21,0,7,0,0.002406371
25,9,21,0,8,0,-0.046593629
25,9,21,0,9,0,-0.012593629
25,9,21,0,10,0,-0.058593629
25,9,21,0,11,0,-0.027593629
25,9,21,0,12,0,-0.007593629
25,9,21,0,13,0,-0.063593629
25,9,21,0,14,0,-0.044593629
25,9,21,0,15,0,-0.006593629
25,9,21,0,16,0,-0.040593629
25,9,21,0,17,0,-0.026593629
25,9,21,0,18,0,-0.046593629
25,9,21,0,19,0,-0.023593629
25,9,21,0,20,0,-0.042593629
25,9,21,0,21,0,-0.047593629
25,9,21,0,22,0,-0.045593629
25,9,21,0,23,0,-0.023593629
25,9,21,0,24,0,-0.024593629
25,9,21,0,25,0,-0.029593629
25,9,21,0,26,0,-0.060593629
25,9,21,0,27,0,-0.028593629
25,9,21,0,28,0,-0.018593629
25,9,21,0,29,0,0.021406371
25,9,21,0,30,0,-0.028593629
25,9,21,0,31,0,-0.029593629
25,9,21,0,32,0,-0.055593629
25,9,21,0,33,0,-0.064593629
25,9,21,0,34,0,-0.023593629
25,9,21,0,35,0,-0.023593629
25,9,21,0,36,0,-0.040593629
25,9,21,0,37,0,-0.101593629
25,9,21,0,38,0,-0.066593629
25,9,21,0,39,0,-0.037593629
25,9,21,0,40,0,0.054406371
25,9,21,0,41,0,-0.098593629
25,9,21,0,42,0,-0.027593629
25,9,21,0,43,0,-0.024593629
25,9,21,0,44,0,-0.016593629
25,9,21,0,45,0,-0.045593629
25,9,21,0,46,0,-0.043593629
25,9,21,0,47,0,-0.062593629
25,9,21,0,48,0,-0.080593629
25,9,21,0,49,0,-0.068593629
25,9,21,0,50,0,-0.047593629
25,9,21,0,51,0,-0.020593629
25,9,21,0,52,0,-0.061593629
25,9,21,0,53,0,-0.068593629
25,9,21,0,54,0,-0.074593629
25,9,21,0,55,0,-0.085593629
25,9,21,0,56,0,-0.079593629
25,9,21,0,57,0,-0.068593629
25,9,21,0,58,0,-0.074593629
25,9,21,0,59,0,-0.065593629
25,9,21,1,0,0,-0.106593629
25,9,21,1,1,0,-0.092593629
25,9,21,1,2,0,-0.044593629
25,9,21,1,3,0,-0.111593629
25,9,21,1,4,0,-0.065593629
25,9,21,1,5,0,-0.059593629
25,9,21,1,6,0,-0.065593629
25,9,21,1,7,0,-0.111593629
25,9,21,1,8,0,-0.071593629
25,9,21,1,9,0,-0.102593629
25,9,21,1,10,0,-0.072593629
25,9,21,1,11,0,-0.094593629
25,9,21,1,12,0,-0.110593629
25,9,21,1,13,0,-0.084593629
25,9,21,1,14,0,-0.095593629
25,9,21,1,15,0,-0.080593629
25,9,21,1,16,0,-0.060593629
25,9,21,1,17,0,-0.076593629
25,9,21,1,18,0,-0.104593629
25,9,21,1,19,0,-0.077593629
25,9,21,1,20,0,-0.096593629
25,9,21,1,21,0,-0.078593629
25,9,21,1,22,0,-0.092593629
25,9,21,1,23,0,-0.101593629
25,9,21,1,24,0,-0.093593629
25,9,21,1,25,0,-0.063593629
25,9,21,1,26,0,-0.094593629
25,9,21,1,27,0,-0.075593629
25,9,21,1,28,0,-0.075593629
25,9,21,1,29,0,-0.075593629
25,9,21,1,30,0,-0.103593629
25,9,21,1,31,0,-0.100593629
25,9,21,1,32,0,-0.085593629
25,9,21,1,33,0,-0.080593629
25,9,21,1,34,0,-0.106593629
25,9,21,1,35,0,-0.120593629
25,9,21,1,36,0,-0.155593629
25,9,21,1,37,0,-0.099593629
25,9,21,1,38,0,-0.104593629
25,9,21,1,39,0,-0.102593629
25,9,21,1,40,0,-0.126593629
25,9,21,1,41,0,-0.134593629
25,9,21,1,42,0,-0.100593629
25,9,21,1,43,0,-0.091593629
25,9,21,1,44,0,-0.117593629
25,9,21,1,45,0,-0.102593629
25,9,21,1,46,0,-0.125593629
25,9,21,1,47,0,-0.102593629
25,9,21,1,48,0,-0.122593629
25,9,21,1,49,0,-0.110593629
25,9,21,1,50,0,-0.110593629
25,9,21,1,51,0,-0.140593629
25,9,21,1,52,0,-0.106593629
25,9,21,1,53,0,-0.114593629
25,9,21,1,54,0,-0.115593629
25,9,21,1,55,0,-0.149593629
25,9,21,1,56,0,-0.154593629
25,9,21,1,57,0,-0.100593629
25,9,21,1,58,0,-0.137593629
25,9,21,1,59,0,-0.142593629
25,9,21,2,0,0,-0.137593629
25,9,21,2,1,0,-0.192593629
25,9,21,2,2,0,-0.138593629
25,9,21,2,3,0,-0.125593629
25,9,21,2,4,0,-0.113593629
25,9,21,2,5,0,-0.170593629
25,9,21,2,6,0,-0.151593629
25,9,21,2,7,0,-0.142593629
25,9,21,2,8,0,-0.145593629
25,9,21,2,9,0,-0.121593629
25,9,21,2,10,0,-0.140593629
25,9,21,2,11,0,-0.103593629
25,9,21,2,12,0,-0.142593629
25,9,21,2,13,0,-0.181593629
25,9,21,2,14,0,-0.139593629
25,9,21,2,15,0,-0.130593629
25,9,21,2,16,0,-0.165593629
25,9,21,2,17,0,-0.164593629
25,9,21,2,18,0,-0.140593629
25,9,21,2,19,0,-0.131593629
25,9,21,2,20,0,-0.161593629
25,9,21,2,21,0,-0.164593629
25,9,21,2,22,0,-0.153593629
25,9,21,2,23,0,-0.147593629
25,9,21,2,24,0,-0.146593629
25,9,21,2,25,0,-0.136593629
25,9,21,2,26,0,-0.149593629
25,9,21,2,27,0,-0.148593629
25,9,21,2,28,0,-0.138593629
25,9,21,2,29,0,-0.139593629
25,9,21,2,30,0,-0.139593629
25,9,21,2,31,0,-0.129593629
25,9,21,2,32,0,-0.141593629
25,9,21,2,33,0,-0.158593629
25,9,21,2,34,0,-0.137593629
25,9,21,2,35,0,-0.136593629
25,9,21,2,36,0,-0.067593629
25,9,21,2,37,0,-0.180593629
25,9,21,2,38,0,-0.139593629
25,9,21,2,39,0,-0.156593629
25,9,21,2,40,0,-0.160593629
25,9,21,2,41,0,-0.181593629
25,9,21,2,42,0,-0.144593629
25,9,21,2,43,0,-0.169593629
25,9,21,2,44,0,-0.140593629
25,9,21,2,45,0,-0.137593629
25,9,21,2,46,0,-0.178593629
25,9,21,2,47,0,-0.149593629
25,9,21,2,48,0,-0.149593629
25,9,21,2,49,0,-0.155593629
25,9,21,2,50,0,-0.139593629
25,9,21,2,51,0,-0.170593629
25,9,21,2,52,0,-0.174593629
25,9,21,2,53,0,-0.138593629
25,9,21,2,54,0,-0.187593629
25,9,21,2,55,0,-0.187593629
25,9,21,2,56,0,-0.146593629
25,9,21,2,57,0,-0.157593629
25,9,21,2,58,0,-0.134593629
25,9,21,2,59,0,-0.177593629
25,9,21,3,0,0,-0.177593629
25,9,21,3,1,0,-0.161593629
25,9,21,3,2,0,-0.175593629
25,9,21,3,3,0,-0.180593629
25,9,21,3,4,0,-0.169593629
25,9,21,3,5,0,-0.171593629
25,9,21,3,6,0,-0.161593629
25,9,21,3,7,0,-0.171593629
25,9,21,3,8,0,-0.164593629
25,9,21,3,9,0,-0.165593629
25,9,21,3,10,0,-0.188593629
25,9,21,3,11,0,-0.175593629
25,9,21,3,12,0,-0.190593629
25,9,21,3,13,0,-0.193593629
25,9,21,3,14,0,-0.168593629
25,9,21,3,15,0,-0.190593629
25,9,21,3,16,0,-0.174593629
25,9,21,3,17,0,-0.186593629
25,9,21,3,18,0,-0.209593629
25,9,21,3,19,0,-0.190593629
25,9,21,3,20,0,-0.206593629
25,9,21,3,21,0,-0.177593629
25,9,21,3,22,0,-0.181593629
25,9,21,3,23,0,-0.174593629
25,9,21,3,24,0,-0.178593629
25,9,21,3,25,0,-0.174593629
25,9,21,3,26,0,-0.170593629
25,9,21,3,27,0,-0.187593629
25,9,21,3,28,0,-0.170593629
25,9,21,3,29,0,-0.170593629
25,9,21,3,30,0,-0.141593629
25,9,21,3,31,0,-0.192593629
25,9,21,3,32,0,-0.207593629
25,9,21,3,33,0,-0.204593629
25,9,21,3,34,0,-0.201593629
25,9,21,3,35,0,-0.201593629
25,9,21,3,36,0,-0.201593629
25,9,21,3,37,0,-0.216593629
25,9,21,3,38,0,-0.201593629
25,9,21,3,39,0,-0.160593629
25,9,21,3,40,0,-0.171593629
25,9,21,3,41,0,-0.183593629
25,9,21,3,42,0,-0.184593629
25,9,21,3,43,0,-0.183593629
25,9,21,3,44,0,-0.189593629
25,9,21,3,45,0,-0.194593629
25,9,21,3,46,0,-0.184593629
25,9,21,3,47,0,-0.178593629
25,9,21,3,48,0,-0.188593629
25,9,21,3,49,0,-0.218593629
25,9,21,3,50,0,-0.189593629
25,9,21,3,51,0,-0.195593629
25,9,21,3,52,0,-0.209593629
25,9,21,3,53,0,-0.229593629
25,9,21,3,54,0,-0.220593629
25,9,21,3,55,0,-0.218593629
25,9,21,3,56,0,-0.199593629
25,9,21,3,57,0,-0.241593629
25,9,21,3,58,0,-0.190593629
25,9,21,3,59,0,-0.225593629
25,9,21,4,0,0,-0.202593629
25,9,21,4,1,0,-0.224593629
25,9,21,4,2,0,-0.206593629
25,9,21,4,3,0,-0.223593629
25,9,21,4,4,0,-0.216593629
25,9,21,4,5,0,-0.195593629
25,9,21,4,6,0,-0.195593629
25,9,21,4,7,0,-0.201593629
25,9,21,4,8,0,-0.208593629
25,9,21,4,9,0,-0.213593629
25,9,21,4,10,0,-0.215593629
25,9,21,4,11,0,-0.240593629
25,9,21,4,12,0,-0.201593629
25,9,21,4,13,0,-0.229593629
25,9,21,4,14,0,-0.213593629
25,9,21,4,15,0,-0.247593629
25,9,21,4,16,0,-0.247593629
25,9,21,4,17,0,-0.204593629
25,9,21,4,18,0,-0.133593629
25,9,21,4,19,0,-0.197593629
25,9,21,4,20,0,-0.203593629
25,9,21,4,21,0,-0.208593629
25,9,21,4,22,0,-0.192593629
25,9,21,4,23,0,-0.221593629
25,9,21,4,24,0,-0.197593629
25,9,21,4,25,0,-0.218593629
25,9,21,4,26,0,-0.219593629
25,9,21,4,27,0,-0.221593629
25,9,21,4,28,0,-0.195593629
25,9,21,4,29,0,-0.215593629
25,9,21,4,30,0,-0.220593629
25,9,21,4,31,0,-0.218593629
25,9,21,4,32,0,-0.208593629
25,9,21,4,33,0,-0.222593629
25,9,21,4,34,0,-0.169593629
25,9,21,4,35,0,-0.200593629
25,9,21,4,36,0,-0.185593629
25,9,21,4,37,0,-0.160593629
25,9,21,4,38,0,-0.203593629
25,9,21,4,39,0,-0.212593629
25,9,21,4,40,0,-0.212593629
25,9,21,4,41,0,-0.182593629
25,9,21,4,42,0,-0.219593629
25,9,21,4,43,0,-0.206593629
25,9,21,4,44,0,-0.179593629
25,9,21,4,45,0,-0.189593629
25,9,21,4,46,0,-0.214593629
25,9,21,4,47,0,-0.193593629
25,9,21,4,48,0,-0.190593629
25,9,21,4,49,0,-0.205593629
25,9,21,4,50,0,-0.163593629
25,9,21,4,51,0,-0.182593629
25,9,21,4,52,0,-0.175593629
25,9,21,4,53,0,-0.212593629
25,9,21,4,54,0,-0.210593629
25,9,21,4,55,0,-0.187593629
25,9,21,4,56,0,-0.199593629
25,9,21,4,57,0,-0.189593629
25,9,21,4,58,0,-0.184593629
25,9,21,4,59,0,-0.204593629
25,9,21,5,0,0,-0.182593629
25,9,21,5,1,0,-0.180593629
25,9,21,5,2,0,-0.201593629
25,9,21,5,3,0,-0.204593629
25,9,21,5,4,0,-0.191593629
25,9,21,5,5,0,-0.229593629
25,9,21,5,6,0,-0.194593629
25,9,21,5,7,0,-0.140593629
25,9,21,5,8,0,-0.183593629
25,9,21,5,9,0,-0.177593629
25,9,21,5,10,0,-0.197593629
25,9,21,5,11,0,-0.218593629
25,9,21,5,12,0,-0.191593629
25,9,21,5,13,0,-0.184593629
25,9,21,5,14,0,-0.170593629
25,9,21,5,15,0,-0.185593629
25,9,21,5,16,0,-0.187593629
25,9,21,5,17,0,-0.191593629
25,9,21,5,18,0,-0.176593629
25,9,21,5,19,0,-0.155593629
25,9,21,5,20,0,-0.173593629
25,9,21,5,21,0,-0.173593629
25,9,21,5,22,0,-0.163593629
25,9,21,5,23,0,-0.163593629
25,9,21,5,24,0,-0.186593629
25,9,21,5,25,0,-0.180593629
25,9,21,5,26,0,-0.192593629
25,9,21,5,27,0,-0.152593629
25,9,21,5,28,0,-0.183593629
25,9,21,5,29,0,-0.185593629
25,9,21,5,30,0,-0.086593629
25,9,21,5,31,0,-0.180593629
25,9,21,5,32,0,-0.180593629
25,9,21,5,33,0,-0.173593629
25,9,21,5,34,0,-0.177593629
25,9,21,5,35,0,-0.178593629
25,9,21,5,36,0,-0.166593629
25,9,21,5,37,0,-0.157593629
25,9,21,5,38,0,-0.154593629
25,9,21,5,39,0,-0.157593629
25,9,21,5,40,0,-0.157593629
25,9,21,5,41,0,-0.185593629
25,9,21,5,42,0,-0.167593629
25,9,21,5,43,0,-0.174593629
25,9,21,5,44,0,-0.128593629
25,9,21,5,45,0,-0.158593629
25,9,21,5,46,0,-0.167593629
25,9,21,5,47,0,-0.167593629
25,9,21,5,48,0,-0.179593629
25,9,21,5,49,0,-0.174593629
25,9,21,5,50,0,-0.137593629
25,9,21,5,51,0,-0.146593629
25,9,21,5,52,0,-0.139593629
25,9,21,5,53,0,-0.137593629
25,9,21,5,54,0,-0.163593629
25,9,21,5,55,0,-0.132593629
25,9,21,5,56,0,-0.162593629
25,9,21,5,57,0,-0.140593629
25,9,21,5,58,0,-0.127593629
25,9,21,5,59,0,-0.157593629
25,9,21,6,0,0,-0.156593629
25,9,21,6,1,0,-0.143593629
25,9,21,6,2,0,-0.136593629
25,9,21,6,3,0,-0.132593629
25,9,21,6,4,0,-0.136593629
25,9,21,6,5,0,-0.111593629
25,9,21,6,6,0,-0.161593629
25,9,21,6,7,0,-0.065593629
25,9,21,6,8,0,-0.144593629
25,9,21,6,9,0,-0.122593629
25,9,21,6,10,0,-0.110593629
25,9,21,6,11,0,-0.110593629
25,9,21,6,12,0,-0.109593629
25,9,21,6,13,0,-0.140593629
25,9,21,6,14,0,-0.108593629
25,9,21,6,15,0,-0.128593629
25,9,21,6,16,0,-0.139593629
25,9,21,6,17,0,-0.129593629
25,9,21,6,18,0,-0.106593629
25,9,21,6,19,0,-0.132593629
25,9,21,6,20,0,-0.108593629
25,9,21,6,21,0,-0.108593629
25,9,21,6,22,0,-0.084593629
25,9,21,6,23,0,-0.100593629
25,9,21,6,24,0,-0.120593629
25,9,21,6,25,0,-0.129593629
25,9,21,6,26,0,-0.104593629
25,9,21,6,27,0,-0.129593629
25,9,21,6,28,0,-0.086593629
25,9,21,6,29,0,-0.088593629
25,9,21,6,30,0,-0.088593629
25,9,21,6,31,0,-0.103593629
25,9,21,6,32,0,-0.097593629
25,9,21,6,33,0,-0.108593629
25,9,21,6,34,0,-0.083593629
25,9,21,6,35,0,-0.086593629
25,9,21,6,36,0,-0.084593629
25,9,21,6,37,0,-0.121593629
25,9,21,6,38,0,-0.087593629
25,9,21,6,39,0,-0.101593629
25,9,21,6,40,0,-0.093593629
25,9,21,6,41,0,-0.091593629
25,9,21,6,42,0,-0.117593629
25,9,21,6,43,0,-0.075593629
25,9,21,6,44,0,-0.117593629
25,9,21,6,45,0,-0.093593629
25,9,21,6,46,0,-0.075593629
25,9,21,6,47,0,-0.086593629
25,9,21,6,48,0,-0.078593629
25,9,21,6,49,0,-0.127593629
25,9,21,6,50,0,-0.095593629
25,9,21,6,51,0,-0.094593629
25,9,21,6,52,0,-0.089593629
25,9,21,6,53,0,-0.069593629
25,9,21,6,54,0,-0.091593629
25,9,21,6,55,0,-0.104593629
25,9,21,6,56,0,-0.104593629
25,9,21,6,57,0,-0.089593629
25,9,21,6,58,0,-0.065593629
25,9,21,6,59,0,-0.070593629
25,9,21,7,0,0,-0.071593629
25,9,21,7,1,0,-0.079593629
25,9,21,7,2,0,-0.082593629
25,9,21,7,3,0,-0.041593629
25,9,21,7,4,0,-0.075593629
25,9,21,7,5,0,-0.061593629
25,9,21,7,6,0,-0.052593629
25,9,21,7,7,0,-0.045593629
25,9,21,7,8,0,-0.061593629
25,9,21,7,9,0,-0.050593629
25,9,21,7,10,0,-0.078593629
25,9,21,7,11,0,-0.056593629
25,9,21,7,12,0,-0.058593629
25,9,21,7,13,0,-0.057593629
25,9,21,7,14,0,-0.035593629
25,9,21,7,15,0,-0.054593629
25,9,21,7,16,0,-0.058593629
25,9,21,7,17,0,-0.040593629
25,9,21,7,18,0,-0.047593629
25,9,21,7,19,0,-0.036593629
25,9,21,7,20,0,-0.070593629
25,9,21,7,21,0,-0.059593629
25,9,21,7,22,0,-0.023593629
25,9,21,7,23,0,-0.059593629
25,9,21,7,24,0,-0.057593629
25,9,21,7,25,0,-0.036593629
25,9,21,7,26,0,-0.041593629
25,9,21,7,27,0,-0.036593629
25,9,21,7,28,0,-0.028593629
25,9,21,7,29,0,-0.017593629
25,9,21,7,30,0,-0.011593629
25,9,21,7,31,0,-0.022593629
25,9,21,7,32,0,-0.028593629
25,9,21,7,33,0,0.005406371
25,9,21,7,34,0,-0.057593629
25,9,21,7,35,0,-0.025593629
25,9,21,7,36,0,-0.006593629
25,9,21,7,37,0,-0.026593629
25,9,21,7,38,0,-0.015593629
25,9,21,7,39,0,-0.013593629
25,9,21,7,40,0,-0.030593629
25,9,21,7,41,0,-0.011593629
25,9,21,7,42,0,-0.002593629
25,9,21,7,43,0,-0.014593629
25,9,21,7,44,0,-0.009593629
25,9,21,7,45,0,-0.042593629
25,9,21,7,46,0,-0.009593629
25,9,21,7,47,0,-0.005593629
25,9,21,7,48,0,-0.002593629
25,9,21,7,49,0,0.004406371
25,9,21,7,50,0,0.003406371
25,9,21,7,51,0,0.000406371
25,9,21,7,52,0,-0.001593629
25,9,21,7,53,0,0.010406371
25,9,21,7,54,0,0.013406371
25,9,21,7,55,0,-0.005593629
25,9,21,7,56,0,0.004406371
25,9,21,7,57,0,0.022406371
25,9,21,7,58,0,-0.000593629
25,9,21,7,59,0,0.008406371
25,9,21,8,0,0,0.003406371
25,9,21,8,1,0,0.023406371
25,9,21,8,2,0,0.027406371
25,9,21,8,3,0,0.026406371
25,9,21,8,4,0,0.017406371
25,9,21,8,5,0,0.023406371
25,9,21,8,6,0,0.025406371
25,9,21,8,7,0,0.025406371
25,9,21,8,8,0,0.024406371
25,9,21,8,9,0,0.010406371
25,9,21,8,10,0,0.041406371
25,9,21,8,11,0,0.044406371
25,9,21,8,12,0,0.023406371
25,9,21,8,13,0,0.024406371
25,9,21,8,14,0,0.024406371
25,9,21,8,15,0,0.028406371
25,9,21,8,16,0,0.036406371
25,9,21,8,17,0,0.007406371
25,9,21,8,18,0,0.013406371
25,9,21,8,19,0,0.043406371
25,9,21,8,20,0,0.021406371
25,9,21,8,21,0,0.038406371
25,9,21,8,22,0,0.038406371
25,9,21,8,23,0,0.058406371
25,9,21,8,24,0,0.029406371
25,9,21,8,25,0,0.030406371
25,9,21,8,26,0,0.053406371
25,9,21,8,27,0,0.045406371
25,9,21,8,28,0,0.026406371
25,9,21,8,29,0,0.040406371
25,9,21,8,30,0,0.057406371
25,9,21,8,31,0,0.077406371
25,9,21,8,32,0,0.049406371
25,9,21,8,33,0,0.058406371
25,9,21,8,34,0,0.044406371
25,9,21,8,35,0,0.060406371
25,9,21,8,36,0,0.043406371
25,9,21,8,37,0,0.074406371
25,9,21,8,38,0,0.099406371
25,9,21,8,39,0,0.066406371
25,9,21,8,40,0,0.062406371
25,9,21,8,41,0,0.050406371
25,9,21,8,42,0,0.079406371
25,9,21,8,43,0,0.069406371
25,9,21,8,44,0,0.059406371
25,9,21,8,45,0,0.049406371
25,9,21,8,46,0,0.058406371
25,9,21,8,47,0,0.082406371
25,9,21,8,48,0,0.065406371
25,9,21,8,49,0,0.057406371
25,9,21,8,50,0,0.066406371
25,9,21,8,51,0,0.060406371
25,9,21,8,52,0,0.065406371
25,9,21,8,53,0,0.071406371
25,9,21,8,54,0,0.040406371
25,9,21,8,55,0,0.059406371
25,9,21,8,56,0,0.059406371
25,9,21,8,57,0,0.054406371
25,9,21,8,58,0,0.067406371
25,9,21,8,59,0,0.079406371
25,9,21,9,0,0,0.061406371
25,9,21,9,1,0,0.075406371
25,9,21,9,2,0,0.072406371
25,9,21,9,3,0,0.080406371
25,9,21,9,4,0,0.078406371
25,9,21,9,5,0,0.040406371
25,9,21,9,6,0,0.069406371
25,9,21,9,7,0,0.084406371
25,9,21,9,8,0,0.070406371
25,9,21,9,9,0,0.042406371
25,9,21,9,10,0,0.082406371
25,9,21,9,11,0,0.086406371
25,9,21,9,12,0,0.092406371
25,9,21,9,13,0,0.070406371
25,9,21,9,14,0,0.080406371
25,9,21,9,15,0,0.081406371
25,9,21,9,16,0,0.071406371
25,9,21,9,17,0,0.080406371
25,9,21,9,18,0,0.085406371
25,9,21,9,19,0,0.055406371
25,9,21,9,20,0,0.087406371
25,9,21,9,21,0,0.087406371
25,9,21,9,22,0,0.069406371
25,9,21,9,23,0,0.086406371
25,9,21,9,24,0,0.068406371
25,9,21,9,25,0,0.068406371
25,9,21,9,26,0,0.078406371
25,9,21,9,27,0,0.080406371
25,9,21,9,28,0,0.051406371
25,9,21,9,29,0,0.089406371
25,9,21,9,30,0,0.087406371
25,9,21,9,31,0,0.090406371
25,9,21,9,32,0,0.097406371
25,9,21,9,33,0,0.092406371
25,9,21,9,34,0,0.073406371
25,9,21,9,35,0,0.061406371
25,9,21,9,36,0,0.084406371
25,9,21,9,37,0,0.081406371
25,9,21,9,38,0,0.081406371
25,9,21,9,39,0,0.062406371
25,9,21,9,40,0,0.086406371
25,9,21,9,41,0,0.061406371
25,9,21,9,42,0,0.106406371
25,9,21,9,43,0,0.098406371
25,9,21,9,44,0,0.076406371
25,9,21,9,45,0,0.097406371
25,9,21,9,46,0,0.072406371
25,9,21,9,47,0,0.074406371
25,9,21,9,48,0,0.096406371
25,9,21,9,49,0,0.069406371
25,9,21,9,50,0,0.094406371
25,9,21,9,51,0,0.094406371
25,9,21,9,52,0,0.096406371
25,9,21,9,53,0,0.099406371
25,9,21,9,54,0,0.073406371
25,9,21,9,55,0,0.076406371
25,9,21,9,56,0,0.118406371
25,9,21,9,57,0,0.056406371
25,9,21,9,58,0,0.080406371
25,9,21,9,59,0,0.057406371
25,9,21,10,0,0,0.095406371
25,9,21,10,1,0,0.087406371
25,9,21,10,2,0,0.084406371
25,9,21,10,3,0,0.090406371
25,9,21,10,4,0,0.074406371
25,9,21,10,5,0,0.097406371
25,9,21,10,6,0,0.094406371
25,9,21,10,7,0,0.108406371
25,9,21,10,8,0,0.099406371
25,9,21,10,9,0,0.090406371
25,9,21,10,10,0,0.087406371
25,9,21,10,11,0,0.102406371
25,9,21,10,12,0,0.104406371
25,9,21,10,13,0,0.093406371
25,9,21,10,14,0,0.087406371
25,9,21,10,15,0,0.072406371
25,9,21,10,16,0,0.105406371
25,9,21,10,17,0,0.095406371
25,9,21,10,18,0,0.081406371
25,9,21,10,19,0,0.075406371
25,9,21,10,20,0,0.094406371
25,9,21,10,21,0,0.081406371
25,9,21,10,22,0,0.084406371
25,9,21,10,23,0,0.081406371
25,9,21,10,24,0,0.071406371
25,9,21,10,25,0,0.076406371
25,9,21,10,26,0,0.087406371
25,9,21,10,27,0,0.070406371
25,9,21,10,28,0,0.063406371
25,9,21,10,29,0,0.071406371
25,9,21,10,30,0,0.074406371
25,9,21,10,31,0,0.071406371
25,9,21,10,32,0,0.072406371
25,9,21,10,33,0,0.073406371
25,9,21,10,34,0,0.089406371
25,9,21,10,35,0,0.092406371
25,9,21,10,36,0,0.059406371
25,9,21,10,37,0,0.083406371
25,9,21,10,38,0,0.070406371
25,9,21,10,39,0,0.072406371
25,9,21,10,40,0,0.070406371
25,9,21,10,41,0,0.072406371
25,9,21,10,42,0,0.079406371
25,9,21,10,43,0,0.070406371
25,9,21,10,44,0,0.088406371
25,9,21,10,45,0,0.078406371
25,9,21,10,46,0,0.071406371
25,9,21,10,47,0,0.086406371
25,9,21,10,48,0,0.097406371
25,9,21,10,49,0,0.076406371
25,9,21,10,50,0,0.073406371
25,9,21,10,51,0,0.070406371
25,9,21,10,52,0,0.073406371
25,9,21,10,53,0,0.051406371
25,9,21,10,54,0,0.064406371
25,9,21,10,55,0,0.056406371
25,9,21,10,56,0,0.066406371
25,9,21,10,57,0,0.072406371
25,9,21,10,58,0,0.076406371
25,9,21,10,59,0,0.088406371
25,9,21,11,0,0,0.057406371
25,9,21,11,1,0,0.048406371
25,9,21,11,2,0,0.054406371
25,9,21,11,3,0,0.080406371
25,9,21,11,4,0,0.052406371
25,9,21,11,5,0,0.093406371
25,9,21,11,6,0,0.072406371
25,9,21,11,7,0,0.071406371
25,9,21,11,8,0,0.065406371
25,9,21,11,9,0,0.062406371
25,9,21,11,10,0,0.050406371
25,9,21,11,11,0,0.061406371
25,9,21,11,12,0,0.043406371
25,9,21,11,13,0,0.082406371
25,9,21,11,14,0,0.070406371
25,9,21,11,15,0,0.059406371
25,9,21,11,16,0,0.069406371
25,9,21,11,17,0,0.065406371
25,9,21,11,18,0,0.045406371
25,9,21,11,19,0,0.081406371
25,9,21,11,20,0,0.054406371
25,9,21,11,21,0,0.074406371
25,9,21,11,22,0,0.068406371
25,9,21,11,23,0,0.046406371
25,9,21,11,24,0,0.081406371
25,9,21,11,25,0,0.043406371
25,9,21,11,26,0,0.039406371
25,9,21,11,27,0,0.071406371
25,9,21,11,28,0,0.027406371
25,9,21,11,29,0,0.093406371
25,9,21,11,30,0,0.071406371
25,9,21,11,31,0,0.055406371
25,9,21,11,32,0,0.048406371
25,9,21,11,33,0,0.016406371
25,9,21,11,34,0,0.061406371
25,9,21,11,35,0,0.054406371
25,9,21,11,36,0,0.048406371
25,9,21,11,37,0,0.035406371
25,9,21,11,38,0,0.041406371
25,9,21,11,39,0,0.059406371
25,9,21,11,40,0,0.032406371
25,9,21,11,41,0,0.062406371
25,9,21,11,42,0,0.054406371
25,9,21,11,43,0,0.068406371
25,9,21,11,44,0,0.055406371
25,9,21,11,45,0,0.034406371
25,9,21,11,46,0,0.042406371
25,9,21,11,47,0,0.042406371
25,9,21,11,48,0,0.046406371
25,9,21,11,49,0,0.014406371
25,9,21,11,50,0,0.025406371
25,9,21,11,51,0,0.034406371
25,9,21,11,52,0,0.075406371
25,9,21,11,53,0,0.042406371
25,9,21,11,54,0,0.045406371
25,9,21,11,55,0,0.061406371
25,9,21,11,56,0,0.039406371
25,9,21,11,57,0,0.070406371
25,9,21,11,58,0,0.036406371
25,9,21,11,59,0,0.056406371
25,9,21,12,0,0,0.059406371
25,9,21,12,1,0,0.039406371
25,9,21,12,2,0,0.068406371
25,9,21,12,3,0,0.070406371
25,9,21,12,4,0,0.070406371
25,9,21,12,5,0,0.052406371
25,9,21,12,6,0,0.039406371
25,9,21,12,7,0,0.016406371
25,9,21,12,8,0,0.067406371
25,9,21,12,9,0,0.003406371
25,9,21,12,10,0,0.037406371
25,9,21,12,11,0,0.046406371
25,9,21,12,12,0,0.060406371
25,9,21,12,13,0,0.054406371
25,9,21,12,14,0,0.040406371
25,9,21,12,15,0,0.025406371
25,9,21,12,16,0,0.056406371
25,9,21,12,17,0,0.032406371
25,9,21,12,18,0,0.061406371
25,9,21,12,19,0,0.039406371
25,9,21,12,20,0,0.026406371
25,9,21,12,21,0,0.033406371
25,9,21,12,22,0,0.053406371
25,9,21,12,23,0,0.039406371
25,9,21,12,24,0,0.028406371
25,9,21,12,25,0,0.056406371
25,9,21,12,26,0,0.048406371
25,9,21,12,27,0,0.041406371
25,9,21,12,28,0,0.018406371
25,9,21,12,29,0,0.044406371
25,9,21,12,30,0,0.053406371
25,9,21,12,31,0,0.024406371
25,9,21,12,32,0,0.029406371
25,9,21,12,33,0,0.047406371
25,9,21,12,34,0,0.041406371
25,9,21,12,35,0,0.058406371
25,9,21,12,36,0,0.036406371
25,9,21,12,37,0,0.055406371
25,9,21,12,38,0,0.022406371
25,9,21,12,39,0,0.004406371
25,9,21,12,40,0,0.055406371
25,9,21,12,41,0,0.018406371
25,9,21,12,42,0,0.022406371
25,9,21,12,43,0,0.036406371
25,9,21,12,44,0,0.011406371
25,9,21,12,45,0,0.040406371
25,9,21,12,46,0,0.009406371
25,9,21,12,47,0,0.036406371
25,9,21,12,48,0,0.032406371
25,9,21,12,49,0,0.019406371
25,9,21,12,50,0,0.027406371
25,9,21,12,51,0,0.008406371
25,9,21,12,52,0,0.020406371
25,9,21,12,53,0,0.024406371
25,9,21,12,54,0,0.019406371
25,9,21,12,55,0,-0.008593629
25,9,21,12,56,0,0.018406371
25,9,21,12,57,0,0.007406371
25,9,21,12,58,0,0.005406371
25,9,21,12,59,0,0.016406371
25,9,21,13,0,0,0.039406371
25,9,21,13,1,0,-0.003593629
25,9,21,13,2,0,0.045406371
25,9,21,13,3,0,0.020406371
25,9,21,13,4,0,0.021406371
25,9,21,13,5,0,0.017406371
25,9,21,13,6,0,0.040406371
25,9,21,13,7,0,0.044406371
25,9,21,13,8,0,0.027406371
25,9,21,13,9,0,0.035406371
25,9,21,13,10,0,0.026406371
25,9,21,13,11,0,0.000406371
25,9,21,13,12,0,0.014406371
25,9,21,13,13,0,0.037406371
25,9,21,13,14,0,0.035406371
25,9,21,13,15,0,0.023406371
25,9,21,13,16,0,0.038406371
25,9,21,13,17,0,0.014406371
25,9,21,13,18,0,0.008406371
25,9,21,13,19,0,0.024406371
25,9,21,13,20,0,0.030406371
25,9,21,13,21,0,0.030406371
25,9,21,13,22,0,0.048406371
25,9,21,13,23,0,0.037406371
25,9,21,13,24,0,0.031406371
25,9,21,13,25,0,0.076406371
25,9,21,13,26,0,0.022406371
25,9,21,13,27,0,0.041406371
25,9,21,13,28,0,0.055406371
25,9,21,13,29,0,0.047406371
25,9,21,13,30,0,0.059406371
25,9,21,13,31,0,0.031406371
25,9,21,13,32,0,0.036406371
25,9,21,13,33,0,0.051406371
25,9,21,13,34,0,0.032406371
25,9,21,13,35,0,0.041406371
25,9,21,13,36,0,0.065406371
25,9,21,13,37,0,0.054406371
25,9,21,13,38,0,0.065406371
25,9,21,13,39,0,0.057406371
25,9,21,13,40,0,0.072406371
25,9,21,13,41,0,0.035406371
25,9,21,13,42,0,0.028406371
25,9,21,13,43,0,0.030406371
25,9,21,13,44,0,0.051406371
25,9,21,13,45,0,0.071406371
25,9,21,13,46,0,0.044406371
25,9,21,13,47,0,0.040406371
25,9,21,13,48,0,0.023406371
25,9,21,13,49,0,0.030406371
25,9,21,13,50,0,0.045406371
25,9,21,13,51,0,0.029406371
25,9,21,13,52,0,0.053406371
25,9,21,13,53,0,0.059406371
25,9,21,13,54,0,0.060406371
25,9,21,13,55,0,0.034406371
25,9,21,13,56,0,0.048406371
25,9,21,13,57,0,0.005406371
25,9,21,13,58,0,0.064406371
25,9,21,13,59,0,0.057406371
25,9,21,14,0,0,0.029406371
25,9,21,14,1,0,0.042406371
25,9,21,14,2,0,0.025406371
25,9,21,14,3,0,0.058406371
25,9,21,14,4,0,0.053406371
25,9,21,14,5,0,0.085406371
25,9,21,14,6,0,0.062406371
25,9,21,14,7,0,0.056406371
25,9,21,14,8,0,0.046406371
25,9,21,14,9,0,0.058406371
25,9,21,14,10,0,0.060406371
25,9,21,14,11,0,0.058406371
25,9,21,14,12,0,0.057406371
25,9,21,14,13,0,0.054406371
25,9,21,14,14,0,0.072406371
25,9,21,14,15,0,0.065406371
25,9,21,14,16,0,0.025406371
25,9,21,14,17,0,0.028406371
25,9,21,14,18,0,0.017406371
25,9,21,14,19,0,0.035406371
25,9,21,14,20,0,0.026406371
25,9,21,14,21,0,0.068406371
25,9,21,14,22,0,0.056406371
25,9,21,14,23,0,0.055406371
25,9,21,14,24,0,0.047406371
25,9,21,14,25,0,0.079406371
25,9,21,14,26,0,0.078406371
25,9,21,14,27,0,0.049406371
25,9,21,14,28,0,0.053406371
25,9,21,14,29,0,0.058406371
25,9,21,14,30,0,0.072406371
25,9,21,14,31,0,0.011406371
25,9,21,14,32,0,0.060406371
25,9,21,14,33,0,0.098406371
25,9,21,14,34,0,0.075406371
25,9,21,14,35,0,0.062406371
25,9,21,14,36,0,0.060406371
25,9,21,14,37,0,0.062406371
25,9,21,14,38,0,0.059406371
25,9,21,14,39,0,0.063406371
25,9,21,14,40,0,0.044406371
25,9,21,14,41,0,0.058406371
25,9,21,14,42,0,0.063406371
25,9,21,14,43,0,0.063406371
25,9,21,14,44,0,0.075406371
25,9,21,14,45,0,0.060406371
25,9,21,14,46,0,0.096406371
25,9,21,14,47,0,0.035406371
25,9,21,14,48,0,0.050406371
25,9,21,14,49,0,0.054406371
25,9,21,14,50,0,0.061406371
25,9,21,14,51,0,0.044406371
25,9,21,14,52,0,0.065406371
25,9,21,14,53,0,0.070406371
25,9,21,14,54,0,0.074406371
25,9,21,14,55,0,0.049406371
25,9,21,14,56,0,0.060406371
25,9,21,14,57,0,0.050406371
25,9,21,14,58,0,0.052406371
25,9,21,14,59,0,0.061406371
25,9,21,15,0,0,0.042406371
25,9,21,15,1,0,0.061406371
25,9,21,15,2,0,0.032406371
25,9,21,15,3,0,0.081406371
25,9,21,15,4,0,0.063406371
25,9,21,15,5,0,0.061406371
25,9,21,15,6,0,0.070406371
25,9,21,15,7,0,0.066406371
25,9,21,15,8,0,0.063406371
25,9,21,15,9,0,0.055406371
25,9,21,15,10,0,0.063406371
25,9,21,15,11,0,0.083406371
25,9,21,15,12,0,0.049406371
25,9,21,15,13,0,0.056406371
25,9,21,15,14,0,0.055406371
25,9,21,15,15,0,0.074406371
25,9,21,15,16,0,0.052406371
25,9,21,15,17,0,0.070406371
25,9,21,15,18,0,0.071406371
25,9,21,15,19,0,0.048406371
25,9,21,15,20,0,0.063406371
25,9,21,15,21,0,0.087406371
25,9,21,15,22,0,0.065406371
25,9,21,15,23,0,0.036406371
25,9,21,15,24,0,0.041406371
25,9,21,15,25,0,0.028406371
25,9,21,15,26,0,0.051406371
25,9,21,15,27,0,0.061406371
25,9,21,15,28,0,0.052406371
25,9,21,15,29,0,0.049406371
25,9,21,15,30,0,0.089406371
25,9,21,15,31,0,0.058406371
25,9,21,15,32,0,0.042406371
25,9,21,15,33,0,0.044406371
25,9,21,15,34,0,0.061406371
25,9,21,15,35,0,0.066406371
25,9,21,15,36,0,0.062406371
25,9,21,15,37,0,0.063406371
25,9,21,15,38,0,0.078406371
25,9,21,15,39,0,0.060406371
25,9,21,15,40,0,0.029406371
25,9,21,15,41,0,0.060406371
25,9,21,15,42,0,0.063406371
25,9,21,15,43,0,0.061406371
25,9,21,15,44,0,0.068406371
25,9,21,15,45,0,0.058406371
25,9,21,15,46,0,0.048406371
25,9,21,15,47,0,0.042406371
25,9,21,15,48,0,0.066406371
25,9,21,15,49,0,0.076406371
25,9,21,15,50,0,0.055406371
25,9,21,15,51,0,0.044406371
25,9,21,15,52,0,0.038406371
25,9,21,15,53,0,0.094406371
25,9,21,15,54,0,0.069406371
25,9,21,15,55,0,0.083406371
25,9,21,15,56,0,0.071406371
25,9,21,15,57,0,0.075406371
25,9,21,15,58,0,0.073406371
25,9,21,15,59,0,0.056406371
25,9,21,16,0,0,0.073406371
25,9,21,16,1,0,0.055406371
25,9,21,16,2,0,0.065406371
25,9,21,16,3,0,0.063406371
25,9,21,16,4,0,0.068406371
25,9,21,16,5,0,0.068406371
25,9,21,16,6,0,0.068406371
25,9,21,16,7,0,0.082406371
25,9,21,16,8,0,0.086406371
25,9,21,16,9,0,0.069406371
25,9,21,16,10,0,0.095406371
25,9,21,16,11,0,0.078406371
25,9,21,16,12,0,0.070406371
25,9,21,16,13,0,0.070406371
25,9,21,16,14,0,0.037406371
25,9,21,16,15,0,0.068406371
25,9,21,16,16,0,0.070406371
25,9,21,16,17,0,0.070406371
25,9,21,16,18,0,0.036406371
25,9,21,16,19,0,0.049406371
25,9,21,16,20,0,0.065406371
25,9,21,16,21,0,0.062406371
25,9,21,16,22,0,0.065406371
25,9,21,16,23,0,0.061406371
25,9,21,16,24,0,0.076406371
25,9,21,16,25,0,0.081406371
25,9,21,16,26,0,0.062406371
25,9,21,16,27,0,0.062406371
25,9,21,16,28,0,0.053406371
25,9,21,16,29,0,0.028406371
25,9,21,16,30,0,0.062406371
25,9,21,16,31,0,0.033406371
25,9,21,16,32,0,0.055406371
25,9,21,16,33,0,0.037406371
25,9,21,16,34,0,0.021406371
25,9,21,16,35,0,0.049406371
25,9,21,16,36,0,0.040406371
25,9,21,16,37,0,0.033406371
25,9,21,16,38,0,0.033406371
25,9,21,16,39,0,0.044406371
25,9,21,16,40,0,0.063406371
25,9,21,16,41,0,0.062406371
25,9,21,16,42,0,0.045406371
25,9,21,16,43,0,0.029406371
25,9,21,16,44,0,0.038406371
25,9,21,16,45,0,0.052406371
25,9,21,16,46,0,0.052406371
25,9,21,16,47,0,0.058406371
25,9,21,16,48,0,0.040406371
25,9,21,16,49,0,0.044406371
25,9,21,16,50,0,0.049406371
25,9,21,16,51,0,0.048406371
25,9,21,16,52,0,0.025406371
25,9,21,16,53,0,0.059406371
25,9,21,16,54,0,0.046406371
25,9,21,16,55,0,0.051406371
25,9,21,16,56,0,-0.000593629
25,9,21,16,57,0,0.074406371
25,9,21,16,58,0,0.066406371
25,9,21,16,59,0,0.064406371
25,9,21,17,0,0,0.063406371
25,9,21,17,1,0,0.043406371
25,9,21,17,2,0,0.032406371
25,9,21,17,3,0,0.062406371
25,9,21,17,4,0,0.035406371
25,9,21,17,5,0,0.061406371
25,9,21,17,6,0,0.059406371
25,9,21,17,7,0,0.057406371
25,9,21,17,8,0,0.043406371
25,9,21,17,9,0,0.057406371
25,9,21,17,10,0,0.037406371
25,9,21,17,11,0,0.041406371
25,9,21,17,12,0,0.040406371
25,9,21,17,13,0,0.068406371
25,9,21,17,14,0,0.036406371
25,9,21,17,15,0,0.044406371
25,9,21,17,16,0,0.067406371
25,9,21,17,17,0,0.048406371
25,9,21,17,18,0,0.047406371
25,9,21,17,19,0,0.048406371
25,9,21,17,20,0,0.059406371
25,9,21,17,21,0,0.046406371
25,9,21,17,22,0,0.067406371
25,9,21,17,23,0,0.034406371
25,9,21,17,24,0,0.055406371
25,9,21,17,25,0,0.040406371
25,9,21,17,26,0,0.032406371
25,9,21,17,27,0,0.043406371
25,9,21,17,28,0,0.062406371
25,9,21,17,29,0,0.022406371
25,9,21,17,30,0,0.032406371
25,9,21,17,31,0,0.064406371
25,9,21,17,32,0,0.045406371
25,9,21,17,33,0,0.017406371
25,9,21,17,34,0,0.058406371
25,9,21,17,35,0,0.048406371
25,9,21,17,36,0,0.046406371
25,9,21,17,37,0,0.042406371
25,9,21,17,38,0,0.048406371
25,9,21,17,39,0,0.064406371
25,9,21,17,40,0,0.043406371
25,9,21,17,41,0,0.041406371
25,9,21,17,42,0,0.048406371
25,9,21,17,43,0,-0.005593629
25,9,21,17,44,0,0.055406371
25,9,21,17,45,0,0.033406371
25,9,21,17,46,0,0.053406371
25,9,21,17,47,0,0.066406371
25,9,21,17,48,0,0.039406371
25,9,21,17,49,0,0.053406371
25,9,21,17,50,0,0.012406371
25,9,21,17,51,0,0.052406371
25,9,21,17,52,0,0.056406371
25,9,21,17,53,0,0.050406371
25,9,21,17,54,0,0.031406371
25,9,21,17,55,0,0.043406371
25,9,21,17,56,0,0.035406371
25,9,21,17,57,0,0.048406371
25,9,21,17,58,0,0.042406371
25,9,21,17,59,0,0.023406371
25,9,21,18,0,0,0.052406371
25,9,21,18,1,0,0.041406371
25,9,21,18,2,0,0.038406371
25,9,21,18,3,0,0.042406371
25,9,21,18,4,0,0.041406371
25,9,21,18,5,0,0.035406371
25,9,21,18,6,0,0.028406371
25,9,21,18,7,0,0.036406371
25,9,21,18,8,0,0.029406371
25,9,21,18,9,0,0.020406371
25,9,21,18,10,0,0.069406371
25,9,21,18,11,0,0.036406371
25,9,21,18,12,0,0.034406371
25,9,21,18,13,0,0.031406371
25,9,21,18,14,0,0.036406371
25,9,21,18,15,0,0.041406371
25,9,21,18,16,0,0.039406371
25,9,21,18,17,0,0.036406371
25,9,21,18,18,0,0.025406371
25,9,21,18,19,0,0.047406371
25,9,21,18,20,0,0.048406371
25,9,21,18,21,0,0.036406371
25,9,21,18,22,0,0.025406371
25,9,21,18,23,0,0.040406371
25,9,21,18,24,0,0.031406371
25,9,21,18,25,0,0.029406371
25,9,21,18,26,0,0.026406371
25,9,21,18,27,0,0.043406371
25,9,21,18,28,0,0.048406371
25,9,21,18,29,0,0.061406371
25,9,21,18,30,0,0.040406371
25,9,21,18,31,0,0.040406371
25,9,21,18,32,0,0.028406371
25,9,21,18,33,0,0.033406371
25,9,21,18,34,0,0.027406371
25,9,21,18,35,0,0.039406371
25,9,21,18,36,0,0.064406371
25,9,21,18,37,0,0.030406371
25,9,21,18,38,0,0.051406371
25,9,21,18,39,0,0.056406371
25,9,21,18,40,0,0.047406371
25,9,21,18,41,0,0.037406371
25,9,21,18,42,0,0.068406371
25,9,21,18,43,0,0.033406371
25,9,21,18,44,0,0.043406371
25,9,21,18,45,0,0.043406371
25,9,21,18,46,0,0.050406371
25,9,21,18,47,0,0.036406371
25,9,21,18,48,0,0.052406371
25,9,21,18,49,0,0.027406371
25,9,21,18,50,0,0.063406371
25,9,21,18,51,0,0.048406371
25,9,21,18,52,0,0.059406371
25,9,21,18,53,0,0.048406371
25,9,21,18,54,0,0.045406371
25,9,21,18,55,0,0.039406371
25,9,21,18,56,0,0.068406371
25,9,21,18,57,0,0.052406371
25,9,21,18,58,0,0.065406371
25,9,21,18,59,0,0.044406371
25,9,21,19,0,0,0.059406371
25,9,21,19,1,0,0.042406371
25,9,21,19,2,0,0.058406371
25,9,21,19,3,0,0.022406371
25,9,21,19,4,0,0.034406371
25,9,21,19,5,0,0.046406371
25,9,21,19,6,0,0.073406371
25,9,21,19,7,0,0.037406371
25,9,21,19,8,0,0.069406371
25,9,21,19,9,0,0.052406371
25,9,21,19,10,0,0.055406371
25,9,21,19,11,0,0.064406371
25,9,21,19,12,0,0.064406371
25,9,21,19,13,0,0.060406371
25,9,21,19,14,0,0.060406371
25,9,21,19,15,0,0.037406371
25,9,21,19,16,0,0.059406371
25,9,21,19,17,0,0.064406371
25,9,21,19,18,0,0.019406371
25,9,21,19,19,0,0.044406371
25,9,21,19,20,0,0.053406371
25,9,21,19,21,0,0.053406371
25,9,21,19,22,0,0.053406371
25,9,21,19,23,0,0.059406371
25,9,21,19,24,0,0.040406371
25,9,21,19,25,0,0.052406371
25,9,21,19,26,0,0.055406371
25,9,21,19,27,0,0.070406371
25,9,21,19,28,0,0.035406371
25,9,21,19,29,0,0.057406371
25,9,21,19,30,0,0.107406371
25,9,21,19,31,0,0.044406371
25,9,21,19,32,0,0.066406371
25,9,21,19,33,0,0.066406371
25,9,21,19,34,0,0.062406371
25,9,21,19,35,0,0.085406371
25,9,21,19,36,0,0.068406371
25,9,21,19,37,0,0.066406371
25,9,21,19,38,0,0.050406371
25,9,21,19,39,0,0.073406371
25,9,21,19,40,0,0.048406371
25,9,21,19,41,0,0.079406371
25,9,21,19,42,0,0.057406371
25,9,21,19,43,0,0.084406371
25,9,21,19,44,0,0.059406371
25,9,21,19,45,0,0.092406371
25,9,21,19,46,0,0.140406371
25,9,21,19,47,0,0.063406371
25,9,21,19,48,0,0.092406371
25,9,21,19,49,0,0.062406371
25,9,21,19,50,0,0.062406371
25,9,21,19,51,0,0.057406371
25,9,21,19,52,0,0.067406371
25,9,21,19,53,0,0.075406371
25,9,21,19,54,0,0.096406371
25,9,21,19,55,0,0.085406371
25,9,21,19,56,0,0.085406371
25,9,21,19,57,0,0.083406371
25,9,21,19,58,0,0.087406371
25,9,21,19,59,0,0.064406371
25,9,21,20,0,0,0.085406371
25,9,21,20,1,0,0.085406371
25,9,21,20,2,0,0.085406371
25,9,21,20,3,0,0.071406371
25,9,21,20,4,0,0.094406371
25,9,21,20,5,0,0.066406371
25,9,21,20,6,0,0.066406371
25,9,21,20,7,0,0.061406371
25,9,21,20,8,0,0.064406371
25,9,21,20,9,0,0.062406371
25,9,21,20,10,0,0.066406371
25,9,21,20,11,0,0.081406371
25,9,21,20,12,0,0.077406371
25,9,21,20,13,0,0.062406371
25,9,21,20,14,0,0.084406371
25,9,21,20,15,0,0.076406371
25,9,21,20,16,0,0.080406371
25,9,21,20,17,0,0.093406371
25,9,21,20,18,0,0.043406371
25,9,21,20,19,0,0.082406371
25,9,21,20,20,0,0.096406371
25,9,21,20,21,0,0.082406371
25,9,21,20,22,0,0.067406371
25,9,21,20,23,0,0.094406371
25,9,21,20,24,0,0.090406371
25,9,21,20,25,0,0.097406371
25,9,21,20,26,0,0.092406371
25,9,21,20,27,0,0.086406371
25,9,21,20,28,0,0.084406371
25,9,21,20,29,0,0.094406371
25,9,21,20,30,0,0.098406371
25,9,21,20,31,0,0.100406371
25,9,21,20,32,0,0.105406371
25,9,21,20,33,0,0.103406371
25,9,21,20,34,0,0.075406371
25,9,21,20,35,0,0.096406371
25,9,21,20,36,0,0.101406371
25,9,21,20,37,0,0.087406371
25,9,21,20,38,0,0.101406371
25,9,21,20,39,0,0.080406371
25,9,21,20,40,0,0.087406371
25,9,21,20,41,0,0.077406371
25,9,21,20,42,0,0.101406371
25,9,21,20,43,0,0.084406371
25,9,21,20,44,0,0.076406371
25,9,21,20,45,0,0.104406371
25,9,21,20,46,0,0.072406371
25,9,21,20,47,0,0.069406371
25,9,21,20,48,0,0.075406371
25,9,21,20,49,0,0.087406371
25,9,21,20,50,0,0.078406371
25,9,21,20,51,0,0.089406371
25,9,21,20,52,0,0.094406371
25,9,21,20,53,0,0.072406371
25,9,21,20,54,0,0.088406371
25,9,21,20,55,0,0.067406371
25,9,21,20,56,0,0.077406371
25,9,21,20,57,0,0.087406371
25,9,21,20,58,0,0.079406371
25,9,21,20,59,0,0.084406371
25,9,21,21,0,0,0.089406371
25,9,21,21,1,0,0.086406371
25,9,21,21,2,0,0.086406371
25,9,21,21,3,0,0.077406371
25,9,21,21,4,0,0.083406371
25,9,21,21,5,0,0.074406371
25,9,21,21,6,0,0.090406371
25,9,21,21,7,0,0.067406371
25,9,21,21,8,0,0.095406371
25,9,21,21,9,0,0.084406371
25,9,21,21,10,0,0.082406371
25,9,21,21,11,0,0.074406371
25,9,21,21,12,0,0.071406371
25,9,21,21,13,0,0.096406371
25,9,21,21,14,0,0.107406371
25,9,21,21,15,0,0.088406371
25,9,21,21,16,0,0.073406371
25,9,21,21,17,0,0.072406371
25,9,21,21,18,0,0.074406371
25,9,21,21,19,0,0.085406371
25,9,21,21,20,0,0.075406371
25,9,21,21,21,0,0.072406371
25,9,21,21,22,0,0.073406371
25,9,21,21,23,0,0.087406371
25,9,21,21,24,0,0.081406371
25,9,21,21,25,0,0.088406371
25,9,21,21,26,0,0.082406371
25,9,21,21,27,0,0.060406371
25,9,21,21,28,0,0.068406371
25,9,21,21,29,0,0.068406371
25,9,21,21,30,0,0.083406371
25,9,21,21,31,0,0.069406371
25,9,21,21,32,0,0.073406371
25,9,21,21,33,0,0.069406371
25,9,21,21,34,0,0.064406371
25,9,21,21,35,0,0.078406371
25,9,21,21,36,0,0.057406371
25,9,21,21,37,0,0.065406371
25,9,21,21,38,0,0.064406371
25,9,21,21,39,0,0.069406371
25,9,21,21,40,0,0.056406371
25,9,21,21,41,0,0.065406371
25,9,21,21,42,0,0.077406371
25,9,21,21,43,0,0.061406371
25,9,21,21,44,0,0.062406371
25,9,21,21,45,0,0.062406371
25,9,21,21,46,0,0.077406371
25,9,21,21,47,0,0.057406371
25,9,21,21,48,0,0.076406371
25,9,21,21,49,0,0.058406371
25,9,21,21,50,0,0.074406371
25,9,21,21,51,0,0.065406371
25,9,21,21,52,0,0.086406371
25,9,21,21,53,0,0.059406371
25,9,21,21,54,0,0.056406371
25,9,21,21,55,0,0.045406371
25,9,21,21,56,0,0.053406371
25,9,21,21,57,0,0.052406371
25,9,21,21,58,0,0.051406371
25,9,21,21,59,0,0.050406371
25,9,21,22,0,0,0.059406371
25,9,21,22,1,0,0.056406371
25,9,21,22,2,0,0.066406371
25,9,21,22,3,0,0.048406371
25,9,21,22,4,0,0.059406371
25,9,21,22,5,0,0.036406371
25,9,21,22,6,0,0.044406371
25,9,21,22,7,0,0.052406371
25,9,21,22,8,0,0.057406371
25,9,21,22,9,0,0.049406371
25,9,21,22,10,0,0.044406371
25,9,21,22,11,0,0.042406371
25,9,21,22,12,0,0.055406371
25,9,21,22,13,0,0.048406371
25,9,21,22,14,0,0.042406371
25,9,21,22,15,0,0.037406371
25,9,21,22,16,0,0.054406371
25,9,21,22,17,0,0.034406371
25,9,21,22,18,0,0.032406371
25,9,21,22,19,0,0.029406371
25,9,21,22,20,0,0.032406371
25,9,21,22,21,0,0.023406371
25,9,21,22,22,0,0.047406371
25,9,21,22,23,0,0.032406371
25,9,21,22,24,0,0.040406371
25,9,21,22,25,0,0.027406371
25,9,21,22,26,0,0.045406371
25,9,21,22,27,0,0.014406371
25,9,21,22,28,0,0.021406371
25,9,21,22,29,0,0.019406371
25,9,21,22,30,0,0.031406371
25,9,21,22,31,0,0.020406371
25,9,21,22,32,0,0.021406371
25,9,21,22,33,0,0.022406371
25,9,21,22,34,0,0.024406371
25,9,21,22,35,0,0.017406371
25,9,21,22,36,0,0.010406371
25,9,21,22,37,0,0.013406371
25,9,21,22,38,0,0.002406371
25,9,21,22,39,0,0.018406371
25,9,21,22,40,0,0.017406371
25,9,21,22,41,0,0.008406371
25,9,21,22,42,0,0.005406371
25,9,21,22,43,0,0.012406371
25,9,21,22,44,0,0.012406371
25,9,21,22,45,0,0.016406371
25,9,21,22,46,0,0.008406371
25,9,21,22,47,0,0.008406371
25,9,21,22,48,0,-0.001593629
25,9,21,22,49,0,-0.002593629
25,9,21,22,50,0,-0.004593629
25,9,21,22,51,0,0.002406371
25,9,21,22,52,0,-0.000593629
25,9,21,22,53,0,0.002406371
25,9,21,22,54,0,0.011406371
25,9,21,22,55,0,0.006406371
25,9,21,22,56,0,-0.003593629
25,9,21,22,57,0,-0.008593629
25,9,21,22,58,0,-0.005593629
25,9,21,22,59,0,-0.005593629
25,9,21,23,0,0,-0.005593629
25,9,21,23,1,0,-0.005593629
25,9,21,23,2,0,-0.024593629
25,9,21,23,3,0,0.000406371
25,9,21,23,4,0,-0.022593629
25,9,21,23,5,0,-0.008593629
25,9,21,23,6,0,-0.011593629
25,9,21,23,7,0,-0.015593629
25,9,21,23,8,0,-0.028593629
25,9,21,23,9,0,-0.023593629
25,9,21,23,10,0,-0.019593629
25,9,21,23,11,0,-0.012593629
25,9,21,23,12,0,-0.027593629
25,9,21,23,13,0,-0.016593629
25,9,21,23,14,0,-0.015593629
25,9,21,23,15,0,-0.034593629
25,9,21,23,16,0,-0.020593629
25,9,21,23,17,0,-0.042593629
25,9,21,23,18,0,-0.025593629
25,9,21,23,19,0,-0.025593629
25,9,21,23,20,0,-0.039593629
25,9,21,23,21,0,-0.019593629
25,9,21,23,22,0,-0.026593629
25,9,21,23,23,0,-0.028593629
25,9,21,23,24,0,-0.050593629
25,9,21,23,25,0,-0.026593629
25,9,21,23,26,0,-0.040593629
25,9,21,23,27,0,-0.028593629
25,9,21,23,28,0,-0.028593629
25,9,21,23,29,0,0.027406371
25,9,21,23,30,0,-0.045593629
25,9,21,23,31,0,-0.028593629
25,9,21,23,32,0,0.028406371
25,9,21,23,33,0,-0.030593629
25,9,21,23,34,0,-0.040593629
25,9,21,23,35,0,-0.043593629
25,9,21,23,36,0,-0.063593629
25,9,21,23,37,0,-0.048593629
25,9,21,23,38,0,-0.056593629
25,9,21,23,39,0,-0.049593629
25,9,21,23,40,0,-0.041593629
25,9,21,23,41,0,-0.034593629
25,9,21,23,42,0,-0.048593629
25,9,21,23,43,0,-0.035593629
25,9,21,23,44,0,-0.045593629
25,9,21,23,45,0,-0.045593629
25,9,21,23,46,0,-0.043593629
25,9,21,23,47,0,-0.057593629
25,9,21,23,48,0,-0.051593629
25,9,21,23,49,0,-0.051593629
25,9,21,23,50,0,-0.049593629
25,9,21,23,51,0,-0.056593629
25,9,21,23,52,0,-0.043593629
25,9,21,23,53,0,-0.049593629
25,9,21,23,54,0,-0.052593629
25,9,21,23,55,0,-0.052593629
25,9,21,23,56,0,-0.056593629
25,9,21,23,57,0,-0.047593629
25,9,21,23,58,0,-0.060593629
25,9,21,23,59,0,-0.055593629
25,9,22,0,0,0,-0.055593629
25,9,22,0,1,0,-0.053593629
25,9,22,0,2,0,-0.064593629
25,9,22,0,3,0,-0.055593629
25,9,22,0,4,0,-0.062593629
25,9,22,0,5,0,-0.042593629
25,9,22,0,6,0,-0.056593629
25,9,22,0,7,0,-0.048593629
25,9,22,0,8,0,-0.055593629
25,9,22,0,9,0,-0.053593629
25,9,22,0,10,0,-0.055593629
25,9,22,0,11,0,-0.063593629
25,9,22,0,12,0,-0.059593629
25,9,22,0,13,0,-0.054593629
25,9,22,0,14,0,-0.056593629
25,9,22,0,15,0,-0.059593629
25,9,22,0,16,0,-0.070593629
25,9,22,0,17,0,-0.060593629
25,9,22,0,18,0,-0.054593629
25,9,22,0,19,0,-0.063593629
25,9,22,0,20,0,-0.059593629
25,9,22,0,21,0,-0.063593629
25,9,22,0,22,0,-0.063593629
25,9,22,0,23,0,-0.049593629
25,9,22,0,24,0,-0.053593629
25,9,22,0,25,0,-0.070593629
25,9,22,0,26,0,-0.063593629
25,9,22,0,27,0,-0.069593629
25,9,22,0,28,0,-0.066593629
25,9,22,0,29,0,-0.067593629
25,9,22,0,30,0,-0.056593629
25,9,22,0,31,0,-0.057593629
25,9,22,0,32,0,-0.072593629
25,9,22,0,33,0,-0.071593629
25,9,22,0,34,0,-0.066593629
25,9,22,0,35,0,-0.073593629
25,9,22,0,36,0,-0.063593629
25,9,22,0,37,0,-0.071593629
25,9,22,0,38,0,-0.062593629
25,9,22,0,39,0,-0.073593629
25,9,22,0,40,0,-0.078593629
25,9,22,0,41,0,-0.071593629
25,9,22,0,42,0,-0.078593629
25,9,22,0,43,0,-0.072593629
25,9,22,0,44,0,-0.081593629
25,9,22,0,45,0,-0.086593629
25,9,22,0,46,0,-0.077593629
25,9,22,0,47,0,-0.084593629
25,9,22,0,48,0,-0.084593629
25,9,22,0,49,0,-0.094593629
25,9,22,0,50,0,-0.082593629
25,9,22,0,51,0,-0.094593629
25,9,22,0,52,0,-0.092593629
25,9,22,0,53,0,-0.089593629
25,9,22,0,54,0,-0.084593629
25,9,22,0,55,0,-0.070593629
25,9,22,0,56,0,-0.085593629
25,9,22,0,57,0,-0.086593629
25,9,22,0,58,0,-0.096593629
25,9,22,0,59,0,-0.086593629
25,9,22,1,0,0,-0.083593629
25,9,22,1,1,0,-0.094593629
25,9,22,1,2,0,-0.096593629
25,9,22,1,3,0,-0.100593629
25,9,22,1,4,0,-0.093593629
25,9,22,1,5,0,-0.085593629
25,9,22,1,6,0,-0.096593629
25,9,22,1,7,0,-0.093593629
25,9,22,1,8,0,-0.091593629
25,9,22,1,9,0,-0.093593629
25,9,22,1,10,0,-0.093593629
25,9,22,1,11,0,-0.093593629
25,9,22,1,12,0,-0.092593629
25,9,22,1,13,0,-0.099593629
25,9,22,1,14,0,-0.096593629
25,9,22,1,15,0,-0.096593629
25,9,22,1,16,0,-0.102593629
25,9,22,1,17,0,-0.092593629
25,9,22,1,18,0,-0.095593629
25,9,22,1,19,0,-0.104593629
25,9,22,1,20,0,-0.101593629
25,9,22,1,21,0,-0.091593629
25,9,22,1,22,0,-0.095593629
25,9,22,1,23,0,-0.117593629
25,9,22,1,24,0,-0.118593629
25,9,22,1,25,0,-0.112593629
25,9,22,1,26,0,-0.118593629
25,9,22,1,27,0,-0.103593629
25,9,22,1,28,0,-0.108593629
25,9,22,1,29,0,-0.104593629
25,9,22,1,30,0,-0.108593629
25,9,22,1,31,0,-0.116593629
25,9,22,1,32,0,-0.108593629
25,9,22,1,33,0,-0.112593629
25,9,22,1,34,0,-0.121593629
25,9,22,1,35,0,-0.100593629
25,9,22,1,36,0,-0.111593629
25,9,22,1,37,0,-0.112593629
25,9,22,1,38,0,-0.104593629
25,9,22,1,39,0,-0.103593629
25,9,22,1,40,0,-0.111593629
25,9,22,1,41,0,-0.112593629
25,9,22,1,42,0,-0.096593629
25,9,22,1,43,0,-0.098593629
25,9,22,1,44,0,-0.103593629
25,9,22,1,45,0,-0.108593629
25,9,22,1,46,0,-0.105593629
25,9,22,1,47,0,-0.095593629
25,9,22,1,48,0,-0.053593629
25,9,22,1,49,0,-0.110593629
25,9,22,1,50,0,-0.116593629
25,9,22,1,51,0,-0.114593629
25,9,22,1,52,0,-0.107593629
25,9,22,1,53,0,-0.102593629
25,9,22,1,54,0,-0.104593629
25,9,22,1,55,0,-0.113593629
25,9,22,1,56,0,-0.109593629
25,9,22,1,57,0,-0.114593629
25,9,22,1,58,0,-0.112593629
25,9,22,1,59,0,-0.102593629
25,9,22,2,0,0,-0.105593629
25,9,22,2,1,0,-0.099593629
25,9,22,2,2,0,-0.103593629
25,9,22,2,3,0,-0.098593629
25,9,22,2,4,0,-0.113593629
25,9,22,2,5,0,-0.125593629
25,9,22,2,6,0,-0.113593629
25,9,22,2,7,0,-0.099593629
25,9,22,2,8,0,-0.116593629
25,9,22,2,9,0,-0.107593629
25,9,22,2,10,0,-0.107593629
25,9,22,2,11,0,-0.118593629
25,9,22,2,12,0,-0.118593629
25,9,22,2,13,0,-0.117593629
25,9,22,2,14,0,-0.117593629
25,9,22,2,15,0,-0.105593629
25,9,22,2,16,0,-0.116593629
25,9,22,2,17,0,-0.123593629
25,9,22,2,18,0,-0.119593629
25,9,22,2,19,0,-0.116593629
25,9,22,2,20,0,-0.108593629
25,9,22,2,21,0,-0.113593629
25,9,22,2,22,0,-0.126593629
25,9,22,2,23,0,-0.120593629
25,9,22,2,24,0,-0.099593629
25,9,22,2,25,0,-0.101593629
25,9,22,2,26,0,-0.109593629
25,9,22,2,27,0,-0.112593629
25,9,22,2,28,0,-0.106593629
25,9,22,2,29,0,-0.107593629
25,9,22,2,30,0,-0.109593629
25,9,22,2,31,0,-0.118593629
25,9,22,2,32,0,-0.116593629
25,9,22,2,33,0,-0.117593629
25,9,22,2,34,0,-0.111593629
25,9,22,2,35,0,-0.131593629
25,9,22,2,36,0,-0.123593629
25,9,22,2,37,0,-0.120593629
25,9,22,2,38,0,-0.133593629
25,9,22,2,39,0,-0.131593629
25,9,22,2,40,0,-0.114593629
25,9,22,2,41,0,-0.121593629
25,9,22,2,42,0,-0.102593629
25,9,22,2,43,0,-0.111593629
25,9,22,2,44,0,-0.118593629
25,9,22,2,45,0,-0.110593629
25,9,22,2,46,0,-0.103593629
25,9,22,2,47,0,-0.103593629
25,9,22,2,48,0,-0.113593629
25,9,22,2,49,0,-0.104593629
25,9,22,2,50,0,-0.106593629
25,9,22,2,51,0,-0.111593629
25,9,22,2,52,0,-0.111593629
25,9,22,2,53,0,-0.103593629
25,9,22,2,54,0,-0.114593629
25,9,22,2,55,0,-0.119593629
25,9,22,2,56,0,-0.111593629
25,9,22,2,57,0,-0.109593629
25,9,22,2,58,0,-0.118593629
25,9,22,2,59,0,-0.105593629
25,9,22,3,0,0,-0.116593629
25,9,22,3,1,0,-0.108593629
25,9,22,3,2,0,-0.113593629
25,9,22,3,3,0,-0.114593629
25,9,22,3,4,0,-0.117593629
25,9,22,3,5,0,-0.124593629
25,9,22,3,6,0,-0.110593629
25,9,22,3,7,0,-0.110593629
25,9,22,3,8,0,-0.111593629
25,9,22,3,9,0,-0.108593629
25,9,22,3,10,0,-0.105593629
25,9,22,3,11,0,-0.109593629
25,9,22,3,12,0,-0.122593629
25,9,22,3,13,0,-0.121593629
25,9,22,3,14,0,-0.119593629
25,9,22,3,15,0,-0.111593629
25,9,22,3,16,0,-0.111593629
25,9,22,3,17,0,-0.120593629
25,9,22,3,18,0,-0.110593629
25,9,22,3,19,0,-0.107593629
25,9,22,3,20,0,-0.110593629
25,9,22,3,21,0,-0.109593629
25,9,22,3,22,0,-0.111593629
25,9,22,3,23,0,-0.125593629
25,9,22,3,24,0,-0.119593629
25,9,22,3,25,0,-0.129593629
25,9,22,3,26,0,-0.123593629
25,9,22,3,27,0,-0.116593629
25,9,22,3,28,0,-0.120593629
25,9,22,3,29,0,-0.097593629
25,9,22,3,30,0,-0.107593629
25,9,22,3,31,0,-0.107593629
25,9,22,3,32,0,-0.107593629
25,9,22,3,33,0,-0.107593629
25,9,22,3,34,0,-0.112593629
25,9,22,3,35,0,-0.122593629
25,9,22,3,36,0,-0.123593629
25,9,22,3,37,0,-0.102593629
25,9,22,3,38,0,-0.109593629
25,9,22,3,39,0,-0.116593629
25,9,22,3,40,0,-0.105593629
25,9,22,3,41,0,-0.113593629
25,9,22,3,42,0,-0.112593629
25,9,22,3,43,0,-0.098593629
25,9,22,3,44,0,-0.112593629
25,9,22,3,45,0,-0.124593629
25,9,22,3,46,0,-0.129593629
25,9,22,3,47,0,-0.112593629
25,9,22,3,48,0,-0.112593629
25,9,22,3,49,0,-0.126593629
25,9,22,3,50,0,-0.104593629
25,9,22,3,51,0,-0.118593629
25,9,22,3,52,0,-0.113593629
25,9,22,3,53,0,-0.121593629
25,9,22,3,54,0,-0.105593629
25,9,22,3,55,0,-0.122593629
25,9,22,3,56,0,-0.116593629
25,9,22,3,57,0,-0.116593629
25,9,22,3,58,0,-0.112593629
25,9,22,3,59,0,-0.124593629
25,9,22,4,0,0,-0.120593629
25,9,22,4,1,0,-0.110593629
25,9,22,4,2,0,-0.112593629
25,9,22,4,3,0,-0.107593629
25,9,22,4,4,0,-0.108593629
25,9,22,4,5,0,-0.130593629
25,9,22,4,6,0,-0.113593629
25,9,22,4,7,0,-0.135593629
25,9,22,4,8,0,-0.135593629
25,9,22,4,9,0,-0.139593629
25,9,22,4,10,0,-0.123593629
25,9,22,4,11,0,-0.133593629
25,9,22,4,12,0,-0.145593629
25,9,22,4,13,0,-0.131593629
25,9,22,4,14,0,-0.103593629
25,9,22,4,15,0,-0.117593629
25,9,22,4,16,0,-0.130593629
25,9,22,4,17,0,-0.118593629
25,9,22,4,18,0,-0.133593629
25,9,22,4,19,0,-0.121593629
25,9,22,4,20,0,-0.132593629
25,9,22,4,21,0,-0.118593629
25,9,22,4,22,0,-0.124593629
25,9,22,4,23,0,-0.134593629
25,9,22,4,24,0,-0.134593629
25,9,22,4,25,0,-0.134593629
25,9,22,4,26,0,-0.118593629
25,9,22,4,27,0,-0.123593629
25,9,22,4,28,0,-0.106593629
25,9,22,4,29,0,-0.117593629
25,9,22,4,30,0,-0.133593629
25,9,22,4,31,0,-0.126593629
25,9,22,4,32,0,-0.137593629
25,9,22,4,33,0,-0.145593629
25,9,22,4,34,0,-0.140593629
25,9,22,4,35,0,-0.132593629
25,9,22,4,36,0,-0.139593629
25,9,22,4,37,0,-0.134593629
25,9,22,4,38,0,-0.119593629
25,9,22,4,39,0,-0.126593629
25,9,22,4,40,0,-0.131593629
25,9,22,4,41,0,-0.130593629
25,9,22,4,42,0,-0.130593629
25,9,22,4,43,0,-0.117593629
25,9,22,4,44,0,-0.136593629
25,9,22,4,45,0,-0.137593629
25,9,22,4,46,0,-0.140593629
25,9,22,4,47,0,-0.131593629
25,9,22,4,48,0,-0.125593629
25,9,22,4,49,0,-0.134593629
25,9,22,4,50,0,-0.129593629
25,9,22,4,51,0,-0.125593629
25,9,22,4,52,0,-0.113593629
25,9,22,4,53,0,-0.133593629
25,9,22,4,54,0,-0.126593629
25,9,22,4,55,0,-0.124593629
25,9,22,4,56,0,-0.126593629
25,9,22,4,57,0,-0.144593629
25,9,22,4,58,0,-0.129593629
25,9,22,4,59,0,-0.141593629
25,9,22,5,0,0,-0.132593629
25,9,22,5,1,0,-0.138593629
25,9,22,5,2,0,-0.145593629
25,9,22,5,3,0,-0.141593629
25,9,22,5,4,0,-0.135593629
25,9,22,5,5,0,-0.131593629
25,9,22,5,6,0,-0.140593629
25,9,22,5,7,0,-0.134593629
25,9,22,5,8,0,-0.136593629
25,9,22,5,9,0,-0.135593629
25,9,22,5,10,0,-0.137593629
25,9,22,5,11,0,-0.136593629
25,9,22,5,12,0,-0.137593629
25,9,22,5,13,0,-0.141593629
25,9,22,5,14,0,-0.117593629
25,9,22,5,15,0,-0.128593629
25,9,22,5,16,0,-0.139593629
25,9,22,5,17,0,-0.129593629
25,9,22,5,18,0,-0.133593629
25,9,22,5,19,0,-0.125593629
25,9,22,5,20,0,-0.117593629
25,9,22,5,21,0,-0.115593629
25,9,22,5,22,0,-0.126593629
25,9,22,5,23,0,-0.131593629
25,9,22,5,24,0,-0.105593629
25,9,22,5,25,0,-0.115593629
25,9,22,5,26,0,-0.118593629
25,9,22,5,27,0,-0.121593629
25,9,22,5,28,0,-0.120593629
25,9,22,5,29,0,-0.123593629
25,9,22,5,30,0,-0.133593629
25,9,22,5,31,0,-0.126593629
25,9,22,5,32,0,-0.128593629
25,9,22,5,33,0,-0.110593629
25,9,22,5,34,0,-0.114593629
25,9,22,5,35,0,-0.118593629
25,9,22,5,36,0,-0.127593629
25,9,22,5,37,0,-0.119593629
25,9,22,5,38,0,-0.114593629
25,9,22,5,39,0,-0.100593629
25,9,22,5,40,0,-0.105593629
25,9,22,5,41,0,-0.110593629
25,9,22,5,42,0,-0.117593629
25,9,22,5,43,0,-0.110593629
25,9,22,5,44,0,-0.107593629
25,9,22,5,45,0,-0.116593629
25,9,22,5,46,0,-0.102593629
25,9,22,5,47,0,-0.107593629
25,9,22,5,48,0,-0.102593629
25,9,22,5,49,0,-0.093593629
25,9,22,5,50,0,-0.090593629
25,9,22,5,51,0,-0.072593629
25,9,22,5,52,0,-0.108593629
25,9,22,5,53,0,-0.099593629
25,9,22,5,54,0,-0.109593629
25,9,22,5,55,0,-0.101593629
25,9,22,5,56,0,-0.099593629
25,9,22,5,57,0,-0.095593629
25,9,22,5,58,0,-0.105593629
25,9,22,5,59,0,-0.090593629
25,9,22,6,0,0,-0.096593629
25,9,22,6,1,0,-0.074593629
25,9,22,6,2,0,-0.084593629
25,9,22,6,3,0,-0.086593629
25,9,22,6,4,0,-0.086593629
25,9,22,6,5,0,-0.094593629
25,9,22,6,6,0,-0.077593629
25,9,22,6,7,0,-0.077593629
25,9,22,6,8,0,-0.090593629
25,9,22,6,9,0,-0.076593629
25,9,22,6,10,0,-0.093593629
25,9,22,6,11,0,-0.068593629
25,9,22,6,12,0,-0.074593629
25,9,22,6,13,0,-0.079593629
25,9,22,6,14,0,-0.081593629
25,9,22,6,15,0,-0.089593629
25,9,22,6,16,0,-0.067593629
25,9,22,6,17,0,-0.081593629
25,9,22,6,18,0,-0.076593629
25,9,22,6,19,0,-0.056593629
25,9,22,6,20,0,-0.061593629
25,9,22,6,21,0,-0.059593629
25,9,22,6,22,0,-0.067593629
25,9,22,6,23,0,-0.059593629
25,9,22,6,24,0,-0.081593629
25,9,22,6,25,0,-0.072593629
25,9,22,6,26,0,-0.057593629
25,9,22,6,27,0,-0.054593629
25,9,22,6,28,0,-0.052593629
25,9,22,6,29,0,-0.080593629
25,9,22,6,30,0,-0.057593629
25,9,22,6,31,0,-0.045593629
25,9,22,6,32,0,-0.046593629
25,9,22,6,33,0,-0.057593629
25,9,22,6,34,0,-0.055593629
25,9,22,6,35,0,-0.050593629
25,9,22,6,36,0,-0.051593629
25,9,22,6,37,0,-0.060593629
25,9,22,6,38,0,-0.056593629
25,9,22,6,39,0,-0.029593629
25,9,22,6,40,0,-0.036593629
25,9,22,6,41,0,-0.050593629
25,9,22,6,42,0,-0.044593629
25,9,22,6,43,0,-0.019593629
25,9,22,6,44,0,-0.023593629
25,9,22,6,45,0,-0.025593629
25,9,22,6,46,0,-0.044593629
25,9,22,6,47,0,-0.039593629
25,9,22,6,48,0,-0.036593629
25,9,22,6,49,0,-0.030593629
25,9,22,6,50,0,-0.051593629
25,9,22,6,51,0,-0.025593629
25,9,22,6,52,0,-0.025593629
25,9,22,6,53,0,-0.008593629
25,9,22,6,54,0,-0.032593629
25,9,22,6,55,0,-0.013593629
25,9,22,6,56,0,-0.021593629
25,9,22,6,57,0,-0.032593629
25,9,22,6,58,0,-0.023593629
25,9,22,6,59,0,-0.041593629
25,9,22,7,0,0,-0.025593629
25,9,22,7,1,0,-0.025593629
25,9,22,7,2,0,-0.025593629
25,9,22,7,3,0,-0.034593629
25,9,22,7,4,0,-0.026593629
25,9,22,7,5,0,-0.019593629
25,9,22,7,6,0,-0.012593629
25,9,22,7,7,0,-0.012593629
25,9,22,7,8,0,-0.010593629
25,9,22,7,9,0,-0.011593629
25,9,22,7,10,0,-0.003593629
25,9,22,7,11,0,-0.010593629
25,9,22,7,12,0,-0.009593629
25,9,22,7,13,0,-0.008593629
25,9,22,7,14,0,-0.018593629
25,9,22,7,15,0,0.008406371
25,9,22,7,16,0,0.000406371
25,9,22,7,17,0,-0.003593629
25,9,22,7,18,0,-0.002593629
25,9,22,7,19,0,0.018406371
25,9,22,7,20,0,0.015406371
25,9,22,7,21,0,0.016406371
25,9,22,7,22,0,0.007406371
25,9,22,7,23,0,0.013406371
25,9,22,7,24,0,0.021406371
25,9,22,7,25,0,0.016406371
25,9,22,7,26,0,0.026406371
25,9,22,7,27,0,0.030406371
25,9,22,7,28,0,0.012406371
25,9,22,7,29,0,0.029406371
25,9,22,7,30,0,0.019406371
25,9,22,7,31,0,0.035406371
25,9,22,7,32,0,0.036406371
25,9,22,7,33,0,0.024406371
25,9,22,7,34,0,0.023406371
25,9,22,7,35,0,0.025406371
25,9,22,7,36,0,0.020406371
25,9,22,7,37,0,0.038406371
25,9,22,7,38,0,0.024406371
25,9,22,7,39,0,0.035406371
25,9,22,7,40,0,0.042406371
25,9,22,7,41,0,0.041406371
25,9,22,7,42,0,0.045406371
25,9,22,7,43,0,0.039406371
25,9,22,7,44,0,0.048406371
25,9,22,7,45,0,0.046406371
25,9,22,7,46,0,0.044406371
25,9,22,7,47,0,0.036406371
25,9,22,7,48,0,0.059406371
25,9,22,7,49,0,0.039406371
25,9,22,7,50,0,0.054406371
25,9,22,7,51,0,0.030406371
25,9,22,7,52,0,0.058406371
25,9,22,7,53,0,0.043406371
25,9,22,7,54,0,0.065406371
25,9,22,7,55,0,0.045406371
25,9,22,7,56,0,0.047406371
25,9,22,7,57,0,0.061406371
25,9,22,7,58,0,0.070406371
25,9,22,7,59,0,0.048406371
25,9,22,8,0,0,0.062406371
25,9,22,8,1,0,0.054406371
25,9,22,8,2,0,0.061406371
25,9,22,8,3,0,0.070406371
25,9,22,8,4,0,0.064406371
25,9,22,8,5,0,0.069406371
25,9,22,8,6,0,0.068406371
25,9,22,8,7,0,0.061406371
25,9,22,8,8,0,0.083406371
25,9,22,8,9,0,0.052406371
25,9,22,8,10,0,0.069406371
25,9,22,8,11,0,0.062406371
25,9,22,8,12,0,0.077406371
25,9,22,8,13,0,0.058406371
25,9,22,8,14,0,0.081406371
25,9,22,8,15,0,0.079406371
25,9,22,8,16,0,0.078406371
25,9,22,8,17,0,0.070406371
25,9,22,8,18,0,0.094406371
25,9,22,8,19,0,0.078406371
25,9,22,8,20,0,0.085406371
25,9,22,8,21,0,0.076406371
25,9,22,8,22,0,0.097406371
25,9,22,8,23,0,0.074406371
25,9,22,8,24,0,0.089406371
25,9,22,8,25,0,0.108406371
25,9,22,8,26,0,0.078406371
25,9,22,8,27,0,0.089406371
25,9,22,8,28,0,0.091406371
25,9,22,8,29,0,0.096406371
25,9,22,8,30,0,0.078406371
25,9,22,8,31,0,0.092406371
25,9,22,8,32,0,0.087406371
25,9,22,8,33,0,0.112406371
25,9,22,8,34,0,0.118406371
25,9,22,8,35,0,0.114406371
25,9,22,8,36,0,0.103406371
25,9,22,8,37,0,0.118406371
25,9,22,8,38,0,0.099406371
25,9,22,8,39,0,0.109406371
25,9,22,8,40,0,0.107406371
25,9,22,8,41,0,0.115406371
25,9,22,8,42,0,0.115406371
25,9,22,8,43,0,0.097406371
25,9,22,8,44,0,0.115406371
25,9,22,8,45,0,0.113406371
25,9,22,8,46,0,0.117406371
25,9,22,8,47,0,0.095406371
25,9,22,8,48,0,0.117406371
25,9,22,8,49,0,0.144406371
25,9,22,8,50,0,0.097406371
25,9,22,8,51,0,0.109406371
25,9,22,8,52,0,0.101406371
25,9,22,8,53,0,0.106406371
25,9,22,8,54,0,0.109406371
25,9,22,8,55,0,0.115406371
25,9,22,8,56,0,0.110406371
25,9,22,8,57,0,0.110406371
25,9,22,8,58,0,0.110406371
25,9,22,8,59,0,0.095406371
25,9,22,9,0,0,0.120406371
25,9,22,9,1,0,0.141406371
25,9,22,9,2,0,0.130406371
25,9,22,9,3,0,0.126406371
25,9,22,9,4,0,0.136406371
25,9,22,9,5,0,0.136406371
25,9,22,9,6,0,0.163406371
25,9,22,9,7,0,0.147406371
25,9,22,9,8,0,0.144406371
25,9,22,9,9,0,0.160406371
25,9,22,9,10,0,0.134406371
25,9,22,9,11,0,0.156406371
25,9,22,9,12,0,0.134406371
25,9,22,9,13,0,0.135406371
25,9,22,9,14,0,0.122406371
25,9,22,9,15,0,0.126406371
25,9,22,9,16,0,0.115406371
25,9,22,9,17,0,0.130406371
25,9,22,9,18,0,0.117406371
25,9,22,9,19,0,0.124406371
25,9,22,9,20,0,0.120406371
25,9,22,9,21,0,0.133406371
25,9,22,9,22,0,0.134406371
25,9,22,9,23,0,0.148406371
25,9,22,9,24,0,0.136406371
25,9,22,9,25,0,0.121406371
25,9,22,9,26,0,0.125406371
25,9,22,9,27,0,0.155406371
25,9,22,9,28,0,0.143406371
25,9,22,9,29,0,0.143406371
25,9,22,9,30,0,0.137406371
25,9,22,9,31,0,0.141406371
25,9,22,9,32,0,0.134406371
25,9,22,9,33,0,0.127406371
25,9,22,9,34,0,0.165406371
25,9,22,9,35,0,0.149406371
25,9,22,9,36,0,0.141406371
25,9,22,9,37,0,0.163406371
25,9,22,9,38,0,0.171406371
25,9,22,9,39,0,0.146406371
25,9,22,9,40,0,0.159406371
25,9,22,9,41,0,0.147406371
25,9,22,9,42,0,0.111406371
25,9,22,9,43,0,0.131406371
25,9,22,9,44,0,0.124406371
25,9,22,9,45,0,0.149406371
25,9,22,9,46,0,0.173406371
25,9,22,9,47,0,0.149406371
25,9,22,9,48,0,0.182406371
25,9,22,9,49,0,0.144406371
25,9,22,9,50,0,0.139406371
25,9,22,9,51,0,0.141406371
25,9,22,9,52,0,0.141406371
25,9,22,9,53,0,0.158406371
25,9,22,9,54,0,0.165406371
25,9,22,9,55,0,0.152406371
25,9,22,9,56,0,0.158406371
25,9,22,9,57,0,0.143406371
25,9,22,9,58,0,0.162406371
25,9,22,9,59,0,0.153406371
25,9,22,10,0,0,0.131406371
25,9,22,10,1,0,0.157406371
25,9,22,10,2,0,0.155406371
25,9,22,10,3,0,0.152406371
25,9,22,10,4,0,0.172406371
25,9,22,10,5,0,0.164406371
25,9,22,10,6,0,0.170406371
25,9,22,10,7,0,0.152406371
25,9,22,10,8,0,0.170406371
25,9,22,10,9,0,0.145406371
25,9,22,10,10,0,0.152406371
25,9,22,10,11,0,0.119406371
25,9,22,10,12,0,0.164406371
25,9,22,10,13,0,0.164406371
25,9,22,10,14,0,0.145406371
25,9,22,10,15,0,0.158406371
25,9,22,10,16,0,0.158406371
25,9,22,10,17,0,0.155406371
25,9,22,10,18,0,0.142406371
25,9,22,10,19,0,0.151406371
25,9,22,10,20,0,0.143406371
25,9,22,10,21,0,0.144406371
25,9,22,10,22,0,0.145406371
25,9,22,10,23,0,0.155406371
25,9,22,10,24,0,0.160406371
25,9,22,10,25,0,0.144406371
25,9,22,10,26,0,0.151406371
25,9,22,10,27,0,0.176406371
25,9,22,10,28,0,0.170406371
25,9,22,10,29,0,0.161406371
25,9,22,10,30,0,0.190406371
25,9,22,10,31,0,0.167406371
25,9,22,10,32,0,0.160406371
25,9,22,10,33,0,0.169406371
25,9,22,10,34,0,0.150406371
25,9,22,10,35,0,0.178406371
25,9,22,10,36,0,0.153406371
25,9,22,10,37,0,0.163406371
25,9,22,10,38,0,0.161406371
25,9,22,10,39,0,0.139406371
25,9,22,10,40,0,0.178406371
25,9,22,10,41,0,0.155406371
25,9,22,10,42,0,0.140406371
25,9,22,10,43,0,0.146406371
25,9,22,10,44,0,0.150406371
25,9,22,10,45,0,0.168406371
25,9,22,10,46,0,0.167406371
25,9,22,10,47,0,0.168406371
25,9,22,10,48,0,0.182406371
25,9,22,10,49,0,0.158406371
25,9,22,10,50,0,0.167406371
25,9,22,10,51,0,0.152406371
25,9,22,10,52,0,0.128406371
25,9,22,10,53,0,0.144406371
25,9,22,10,54,0,0.149406371
25,9,22,10,55,0,0.156406371
25,9,22,10,56,0,0.150406371
25,9,22,10,57,0,0.155406371
25,9,22,10,58,0,0.148406371
25,9,22,10,59,0,0.159406371
25,9,22,11,0,0,0.168406371
25,9,22,11,1,0,0.166406371
25,9,22,11,2,0,0.162406371
25,9,22,11,3,0,0.147406371
25,9,22,11,4,0,0.160406371
25,9,22,11,5,0,0.154406371
25,9,22,11,6,0,0.131406371
25,9,22,11,7,0,0.147406371
25,9,22,11,8,0,0.129406371
25,9,22,11,9,0,0.147406371
25,9,22,11,10,0,0.141406371
25,9,22,11,11,0,0.143406371
25,9,22,11,12,0,0.150406371
25,9,22,11,13,0,0.147406371
25,9,22,11,14,0,0.136406371
25,9,22,11,15,0,0.138406371
25,9,22,11,16,0,0.141406371
25,9,22,11,17,0,0.127406371
25,9,22,11,18,0,0.108406371
25,9,22,11,19,0,0.132406371
25,9,22,11,20,0,0.157406371
25,9,22,11,21,0,0.142406371
25,9,22,11,22,0,0.137406371
25,9,22,11,23,0,0.145406371
25,9,22,11,24,0,0.136406371
25,9,22,11,25,0,0.117406371
25,9,22,11,26,0,0.151406371
25,9,22,11,27,0,0.135406371
25,9,22,11,28,0,0.141406371
25,9,22,11,29,0,0.130406371
25,9,22,11,30,0,0.138406371
25,9,22,11,31,0,0.136406371
25,9,22,11,32,0,0.154406371
25,9,22,11,33,0,0.157406371
25,9,22,11,34,0,0.126406371
25,9,22,11,35,0,0.138406371
25,9,22,11,36,0,0.154406371
25,9,22,11,37,0,0.158406371
25,9,22,11,38,0,0.155406371
25,9,22,11,39,0,0.121406371
25,9,22,11,40,0,0.132406371
25,9,22,11,41,0,0.150406371
25,9,22,11,42,0,0.127406371
25,9,22,11,43,0,0.154406371
25,9,22,11,44,0,0.151406371
25,9,22,11,45,0,0.129406371
25,9,22,11,46,0,0.137406371
25,9,22,11,47,0,0.137406371
25,9,22,11,48,0,0.131406371
25,9,22,11,49,0,0.140406371
25,9,22,11,50,0,0.134406371
25,9,22,11,51,0,0.151406371
25,9,22,11,52,0,0.119406371
25,9,22,11,53,0,0.120406371
25,9,22,11,54,0,0.116406371
25,9,22,11,55,0,0.135406371
25,9,22,11,56,0,0.131406371
25,9,22,11,57,0,0.156406371
25,9,22,11,58,0,0.130406371
25,9,22,11,59,0,0.139406371
25,9,22,12,0,0,0.152406371
25,9,22,12,1,0,0.151406371
25,9,22,12,2,0,0.139406371
25,9,22,12,3,0,0.142406371
25,9,22,12,4,0,0.138406371
25,9,22,12,5,0,0.138406371
25,9,22,12,6,0,0.114406371
25,9,22,12,7,0,0.125406371
25,9,22,12,8,0,0.135406371
25,9,22,12,9,0,0.138406371
25,9,22,12,10,0,0.116406371
25,9,22,12,11,0,0.133406371
25,9,22,12,12,0,0.117406371
25,9,22,12,13,0,0.128406371
25,9,22,12,14,0,0.120406371
25,9,22,12,15,0,0.118406371
25,9,22,12,16,0,0.112406371
25,9,22,12,17,0,0.115406371
25,9,22,12,18,0,0.134406371
25,9,22,12,19,0,0.141406371
25,9,22,12,20,0,0.135406371
25,9,22,12,21,0,0.125406371
25,9,22,12,22,0,0.155406371
25,9,22,12,23,0,0.127406371
25,9,22,12,24,0,0.115406371
25,9,22,12,25,0,0.099406371
25,9,22,12,26,0,0.144406371
25,9,22,12,27,0,0.139406371
25,9,22,12,28,0,0.129406371
25,9,22,12,29,0,0.122406371
25,9,22,12,30,0,0.114406371
25,9,22,12,31,0,0.122406371
25,9,22,12,32,0,0.103406371
25,9,22,12,33,0,0.114406371
25,9,22,12,34,0,0.113406371
25,9,22,12,35,0,0.121406371
25,9,22,12,36,0,0.112406371
25,9,22,12,37,0,0.110406371
25,9,22,12,38,0,0.104406371
25,9,22,12,39,0,0.097406371
25,9,22,12,40,0,0.105406371
25,9,22,12,41,0,0.096406371
25,9,22,12,42,0,0.120406371
25,9,22,12,43,0,0.147406371
25,9,22,12,44,0,0.096406371
25,9,22,12,45,0,0.116406371
25,9,22,12,46,0,0.124406371
25,9,22,12,47,0,0.106406371
25,9,22,12,48,0,0.106406371
25,9,22,12,49,0,0.086406371
25,9,22,12,50,0,0.103406371
25,9,22,12,51,0,0.088406371
25,9,22,12,52,0,0.096406371
25,9,22,12,53,0,0.069406371
25,9,22,12,54,0,0.074406371
25,9,22,12,55,0,0.094406371
25,9,22,12,56,0,0.110406371
25,9,22,12,57,0,0.101406371
25,9,22,12,58,0,0.096406371
25,9,22,12,59,0,0.093406371
25,9,22,13,0,0,0.107406371
25,9,22,13,1,0,0.100406371
25,9,22,13,2,0,0.099406371
25,9,22,13,3,0,0.108406371
25,9,22,13,4,0,0.097406371
25,9,22,13,5,0,0.090406371
25,9,22,13,6,0,0.081406371
25,9,22,13,7,0,0.086406371
25,9,22,13,8,0,0.074406371
25,9,22,13,9,0,0.125406371
25,9,22,13,10,0,0.108406371
25,9,22,13,11,0,0.079406371
25,9,22,13,12,0,0.080406371
25,9,22,13,13,0,0.085406371
25,9,22,13,14,0,0.085406371
25,9,22,13,15,0,0.060406371
25,9,22,13,16,0,0.057406371
25,9,22,13,17,0,0.103406371
25,9,22,13,18,0,0.090406371
25,9,22,13,19,0,0.106406371
25,9,22,13,20,0,0.073406371
25,9,22,13,21,0,0.071406371
25,9,22,13,22,0,0.076406371
25,9,22,13,23,0,0.097406371
25,9,22,13,24,0,0.091406371
25,9,22,13,25,0,0.076406371
25,9,22,13,26,0,0.077406371
25,9,22,13,27,0,0.088406371
25,9,22,13,28,0,0.090406371
25,9,22,13,29,0,0.080406371
25,9,22,13,30,0,0.069406371
25,9,22,13,31,0,0.088406371
25,9,22,13,32,0,0.072406371
25,9,22,13,33,0,0.074406371
25,9,22,13,34,0,0.074406371
25,9,22,13,35,0,0.074406371
25,9,22,13,36,0,0.055406371
25,9,22,13,37,0,0.062406371
25,9,22,13,38,0,0.081406371
25,9,22,13,39,0,0.064406371
25,9,22,13,40,0,0.072406371
25,9,22,13,41,0,0.079406371
25,9,22,13,42,0,0.073406371
25,9,22,13,43,0,0.095406371
25,9,22,13,44,0,0.074406371
25,9,22,13,45,0,0.094406371
25,9,22,13,46,0,0.104406371
25,9,22,13,47,0,0.042406371
25,9,22,13,48,0,0.086406371
25,9,22,13,49,0,0.067406371
25,9,22,13,50,0,0.083406371
25,9,22,13,51,0,0.074406371
25,9,22,13,52,0,0.074406371
25,9,22,13,53,0,0.092406371
25,9,22,13,54,0,0.102406371
25,9,22,13,55,0,0.099406371
25,9,22,13,56,0,0.063406371
25,9,22,13,57,0,0.084406371
25,9,22,13,58,0,0.074406371
25,9,22,13,59,0,0.084406371
25,9,22,14,0,0,0.053406371
25,9,22,14,1,0,0.082406371
25,9,22,14,2,0,0.060406371
25,9,22,14,3,0,0.060406371
25,9,22,14,4,0,0.051406371
25,9,22,14,5,0,0.047406371
25,9,22,14,6,0,0.063406371
25,9,22,14,7,0,0.056406371
25,9,22,14,8,0,0.052406371
25,9,22,14,9,0,0.094406371
25,9,22,14,10,0,0.106406371
25,9,22,14,11,0,0.043406371
25,9,22,14,12,0,0.069406371
25,9,22,14,13,0,0.068406371
25,9,22,14,14,0,0.077406371
25,9,22,14,15,0,0.083406371
25,9,22,14,16,0,0.059406371
25,9,22,14,17,0,0.059406371
25,9,22,14,18,0,0.072406371
25,9,22,14,19,0,0.047406371
25,9,22,14,20,0,0.030406371
25,9,22,14,21,0,0.071406371
25,9,22,14,22,0,0.075406371
25,9,22,14,23,0,0.072406371
25,9,22,14,24,0,0.092406371
25,9,22,14,25,0,0.058406371
25,9,22,14,26,0,0.020406371
25,9,22,14,27,0,0.051406371
25,9,22,14,28,0,0.040406371
25,9,22,14,29,0,0.050406371
25,9,22,14,30,0,0.096406371
25,9,22,14,31,0,0.040406371
25,9,22,14,32,0,0.024406371
25,9,22,14,33,0,0.028406371
25,9,22,14,34,0,0.065406371
25,9,22,14,35,0,0.042406371
25,9,22,14,36,0,0.059406371
25,9,22,14,37,0,0.080406371
25,9,22,14,38,0,0.076406371
25,9,22,14,39,0,0.035406371
25,9,22,14,40,0,0.048406371
25,9,22,14,41,0,0.057406371
25,9,22,14,42,0,0.043406371
25,9,22,14,43,0,0.058406371
25,9,22,14,44,0,0.050406371
25,9,22,14,45,0,0.081406371
25,9,22,14,46,0,0.029406371
25,9,22,14,47,0,0.049406371
25,9,22,14,48,0,-0.004593629
25,9,22,14,49,0,0.037406371
25,9,22,14,50,0,0.046406371
25,9,22,14,51,0,0.045406371
25,9,22,14,52,0,0.036406371
25,9,22,14,53,0,0.053406371
25,9,22,14,54,0,0.070406371
25,9,22,14,55,0,0.019406371
25,9,22,14,56,0,0.035406371
25,9,22,14,57,0,0.028406371
25,9,22,14,58,0,0.058406371
25,9,22,14,59,0,0.029406371
25,9,22,15,0,0,0.037406371
25,9,22,15,1,0,0.057406371
25,9,22,15,2,0,0.030406371
25,9,22,15,3,0,0.050406371
25,9,22,15,4,0,0.065406371
25,9,22,15,5,0,0.055406371
25,9,22,15,6,0,0.045406371
25,9,22,15,7,0,0.024406371
25,9,22,15,8,0,0.075406371
25,9,22,15,9,0,0.042406371
25,9,22,15,10,0,0.024406371
25,9,22,15,11,0,0.084406371
25,9,22,15,12,0,0.030406371
25,9,22,15,13,0,0.025406371
25,9,22,15,14,0,0.035406371
25,9,22,15,15,0,0.030406371
25,9,22,15,16,0,0.014406371
25,9,22,15,17,0,0.049406371
25,9,22,15,18,0,0.030406371
25,9,22,15,19,0,0.069406371
25,9,22,15,20,0,0.027406371
25,9,22,15,21,0,0.030406371
25,9,22,15,22,0,0.086406371
25,9,22,15,23,0,0.052406371
25,9,22,15,24,0,0.010406371
25,9,22,15,25,0,0.033406371
25,9,22,15,26,0,0.052406371
25,9,22,15,27,0,0.042406371
25,9,22,15,28,0,0.047406371
25,9,22,15,29,0,0.024406371
25,9,22,15,30,0,0.015406371
25,9,22,15,31,0,0.015406371
25,9,22,15,32,0,0.091406371
25,9,22,15,33,0,0.039406371
25,9,22,15,34,0,0.062406371
25,9,22,15,35,0,0.016406371
25,9,22,15,36,0,-0.003593629
25,9,22,15,37,0,0.024406371
25,9,22,15,38,0,-0.001593629
25,9,22,15,39,0,0.004406371
25,9,22,15,40,0,-0.009593629
25,9,22,15,41,0,0.029406371
25,9,22,15,42,0,0.010406371
25,9,22,15,43,0,0.053406371
25,9,22,15,44,0,0.055406371
25,9,22,15,45,0,0.028406371
25,9,22,15,46,0,-0.011593629
25,9,22,15,47,0,0.045406371
25,9,22,15,48,0,0.063406371
25,9,22,15,49,0,0.025406371
25,9,22,15,50,0,-0.015593629
25,9,22,15,51,0,0.054406371
25,9,22,15,52,0,0.041406371
25,9,22,15,53,0,0.016406371
25,9,22,15,54,0,-0.023593629
25,9,22,15,55,0,0.032406371
25,9,22,15,56,0,0.041406371
25,9,22,15,57,0,0.060406371
25,9,22,15,58,0,0.005406371
25,9,22,15,59,0,-0.000593629
25,9,22,16,0,0,-0.004593629
25,9,22,16,1,0,0.062406371
25,9,22,16,2,0,0.000406371
25,9,22,16,3,0,0.039406371
25,9,22,16,4,0,0.012406371
25,9,22,16,5,0,0.021406371
25,9,22,16,6,0,-0.013593629
25,9,22,16,7,0,0.026406371
25,9,22,16,8,0,-0.006593629
25,9,22,16,9,0,0.002406371
25,9,22,16,10,0,0.017406371
25,9,22,16,11,0,0.073406371
25,9,22,16,12,0,0.033406371
25,9,22,16,13,0,0.091406371
25,9,22,16,14,0,0.047406371
25,9,22,16,15,0,0.057406371
25,9,22,16,16,0,0.010406371
25,9,22,16,17,0,0.012406371
25,9,22,16,18,0,-0.021593629
25,9,22,16,19,0,-0.013593629
25,9,22,16,20,0,0.077406371
25,9,22,16,21,0,0.050406371
25,9,22,16,22,0,0.028406371
25,9,22,16,23,0,0.016406371
25,9,22,16,24,0,0.118406371
25,9,22,16,25,0,0.026406371
25,9,22,16,26,0,0.047406371
25,9,22,16,27,0,0.022406371
25,9,22,16,28,0,-0.000593629
25,9,22,16,29,0,-0.001593629
25,9,22,16,30,0,0.013406371
25,9,22,16,31,0,0.040406371
25,9,22,16,32,0,-0.030593629
25,9,22,16,33,0,0.051406371
25,9,22,16,34,0,0.044406371
25,9,22,16,35,0,0.032406371
25,9,22,16,36,0,0.023406371
25,9,22,16,37,0,0.042406371
25,9,22,16,38,0,0.040406371
25,9,22,16,39,0,0.021406371
25,9,22,16,40,0,0.029406371
25,9,22,16,41,0,-0.003593629
25,9,22,16,42,0,-0.006593629
25,9,22,16,43,0,0.031406371
25,9,22,16,44,0,-0.014593629
25,9,22,16,45,0,0.010406371
25,9,22,16,46,0,0.021406371
25,9,22,16,47,0,-0.018593629
25,9,22,16,48,0,0.071406371
25,9,22,16,49,0,-0.026593629
25,9,22,16,50,0,-0.053593629
25,9,22,16,51,0,-0.011593629
25,9,22,16,52,0,0.010406371
25,9,22,16,53,0,0.014406371
25,9,22,16,54,0,-0.003593629
25,9,22,16,55,0,-0.016593629
25,9,22,16,56,0,-0.005593629
25,9,22,16,57,0,-0.013593629
25,9,22,16,58,0,-0.008593629
25,9,22,16,59,0,0.049406371
25,9,22,17,0,0,0.038406371
25,9,22,17,1,0,0.036406371
25,9,22,17,2,0,0.007406371
25,9,22,17,3,0,0.015406371
25,9,22,17,4,0,0.022406371
25,9,22,17,5,0,0.023406371
25,9,22,17,6,0,0.022406371
25,9,22,17,7,0,-0.001593629
25,9,22,17,8,0,0.026406371
25,9,22,17,9,0,0.067406371
25,9,22,17,10,0,0.000406371
25,9,22,17,11,0,-0.025593629
25,9,22,17,12,0,-0.029593629
25,9,22,17,13,0,0.063406371
25,9,22,17,14,0,-0.032593629
25,9,22,17,15,0,-0.007593629
25,9,22,17,16,0,0.001406371
25,9,22,17,17,0,-0.019593629
25,9,22,17,18,0,-0.024593629
25,9,22,17,19,0,-0.010593629
25,9,22,17,20,0,0.002406371
25,9,22,17,21,0,-0.008593629
25,9,22,17,22,0,0.007406371
25,9,22,17,23,0,0.071406371
25,9,22,17,24,0,-0.010593629
25,9,22,17,25,0,0.013406371
25,9,22,17,26,0,0.015406371
25,9,22,17,27,0,0.045406371
25,9,22,17,28,0,-0.009593629
25,9,22,17,29,0,-0.041593629
25,9,22,17,30,0,-0.005593629
25,9,22,17,31,0,0.015406371
25,9,22,17,32,0,0.004406371
25,9,22,17,33,0,-0.015593629
25,9,22,17,34,0,0.023406371
25,9,22,17,35,0,-0.029593629
25,9,22,17,36,0,-0.026593629
25,9,22,17,37,0,-0.013593629
25,9,22,17,38,0,0.021406371
25,9,22,17,39,0,-0.015593629
25,9,22,17,40,0,0.039406371
25,9,22,17,41,0,0.019406371
25,9,22,17,42,0,0.010406371
25,9,22,17,43,0,0.028406371
25,9,22,17,44,0,0.019406371
25,9,22,17,45,0,0.017406371
25,9,22,17,46,0,0.012406371
25,9,22,17,47,0,0.012406371
25,9,22,17,48,0,0.010406371
25,9,22,17,49,0,0.002406371
25,9,22,17,50,0,-0.007593629
25,9,22,17,51,0,0.000406371
25,9,22,17,52,0,0.005406371
25,9,22,17,53,0,-0.007593629
25,9,22,17,54,0,-0.029593629
25,9,22,17,55,0,0.004406371
25,9,22,17,56,0,-0.009593629
25,9,22,17,57,0,0.029406371
25,9,22,17,58,0,0.017406371
25,9,22,17,59,0,-0.031593629
25,9,22,18,0,0,-0.035593629
25,9,22,18,1,0,0.006406371
25,9,22,18,2,0,-0.002593629
25,9,22,18,3,0,-0.003593629
25,9,22,18,4,0,-0.019593629
25,9,22,18,5,0,-0.003593629
25,9,22,18,6,0,0.016406371
25,9,22,18,7,0,-0.021593629
25,9,22,18,8,0,-0.019593629
25,9,22,18,9,0,-0.033593629
25,9,22,18,10,0,-0.037593629
25,9,22,18,11,0,-0.000593629
25,9,22,18,12,0,-0.054593629
25,9,22,18,13,0,-0.011593629
25,9,22,18,14,0,-0.026593629
25,9,22,18,15,0,-0.027593629
25,9,22,18,16,0,-0.012593629
25,9,22,18,17,0,0.001406371
25,9,22,18,18,0,-0.014593629
25,9,22,18,19,0,-0.026593629
25,9,22,18,20,0,-0.001593629
25,9,22,18,21,0,-0.002593629
25,9,22,18,22,0,-0.024593629
25,9,22,18,23,0,-0.024593629
25,9,22,18,24,0,-0.029593629
25,9,22,18,25,0,0.037406371
25,9,22,18,26,0,0.019406371
25,9,22,18,27,0,-0.054593629
25,9,22,18,28,0,-0.011593629
25,9,22,18,29,0,0.008406371
25,9,22,18,30,0,-0.003593629
25,9,22,18,31,0,-0.020593629
25,9,22,18,32,0,-0.018593629
25,9,22,18,33,0,-0.003593629
25,9,22,18,34,0,-0.012593629
25,9,22,18,35,0,0.013406371
25,9,22,18,36,0,-0.015593629
25,9,22,18,37,0,-0.001593629
25,9,22,18,38,0,-0.030593629
25,9,22,18,39,0,0.006406371
25,9,22,18,40,0,0.043406371
25,9,22,18,41,0,-0.032593629
25,9,22,18,42,0,-0.027593629
25,9,22,18,43,0,0.006406371
25,9,22,18,44,0,0.029406371
25,9,22,18,45,0,-0.034593629
25,9,22,18,46,0,0.030406371
25,9,22,18,47,0,0.025406371
25,9,22,18,48,0,-0.028593629
25,9,22,18,49,0,-0.000593629
25,9,22,18,50,0,-0.013593629
25,9,22,18,51,0,0.029406371
25,9,22,18,52,0,0.010406371
25,9,22,18,53,0,0.002406371
25,9,22,18,54,0,0.008406371
25,9,22,18,55,0,-0.000593629
25,9,22,18,56,0,-0.022593629
25,9,22,18,57,0,-0.013593629
25,9,22,18,58,0,-0.012593629
25,9,22,18,59,0,0.007406371
25,9,22,19,0,0,-0.023593629
25,9,22,19,1,0,0.050406371
25,9,22,19,2,0,-0.002593629
25,9,22,19,3,0,0.036406371
25,9,22,19,4,0,0.027406371
25,9,22,19,5,0,-0.011593629
25,9,22,19,6,0,0.018406371
25,9,22,19,7,0,0.036406371
25,9,22,19,8,0,0.019406371
25,9,22,19,9,0,0.025406371
25,9,22,19,10,0,0.027406371
25,9,22,19,11,0,0.042406371
25,9,22,19,12,0,0.014406371
25,9,22,19,13,0,0.050406371
25,9,22,19,14,0,0.022406371
25,9,22,19,15,0,0.044406371
25,9,22,19,16,0,-0.026593629
25,9,22,19,17,0,0.020406371
25,9,22,19,18,0,0.049406371
25,9,22,19,19,0,-0.015593629
25,9,22,19,20,0,-0.003593629
25,9,22,19,21,0,-0.003593629
25,9,22,19,22,0,0.035406371
25,9,22,19,23,0,0.047406371
25,9,22,19,24,0,0.007406371
25,9,22,19,25,0,0.029406371
25,9,22,19,26,0,-0.005593629
25,9,22,19,27,0,0.034406371
25,9,22,19,28,0,0.034406371
25,9,22,19,29,0,0.051406371
25,9,22,19,30,0,0.039406371
25,9,22,19,31,0,0.029406371
25,9,22,19,32,0,0.021406371
25,9,22,19,33,0,0.007406371
25,9,22,19,34,0,0.066406371
25,9,22,19,35,0,0.039406371
25,9,22,19,36,0,0.055406371
25,9,22,19,37,0,0.020406371
25,9,22,19,38,0,0.021406371
25,9,22,19,39,0,0.046406371
25,9,22,19,40,0,0.026406371
25,9,22,19,41,0,0.039406371
25,9,22,19,42,0,0.036406371
25,9,22,19,43,0,0.062406371
25,9,22,19,44,0,0.007406371
25,9,22,19,45,0,0.047406371
25,9,22,19,46,0,0.033406371
25,9,22,19,47,0,0.043406371
25,9,22,19,48,0,0.023406371
25,9,22,19,49,0,0.009406371
25,9,22,19,50,0,0.049406371
25,9,22,19,51,0,0.034406371
25,9,22,19,52,0,0.006406371
25,9,22,19,53,0,0.056406371
25,9,22,19,54,0,0.013406371
25,9,22,19,55,0,0.035406371
25,9,22,19,56,0,0.071406371
25,9,22,19,57,0,0.056406371
25,9,22,19,58,0,0.081406371
25,9,22,19,59,0,0.045406371
25,9,22,20,0,0,0.083406371
25,9,22,20,1,0,0.048406371
25,9,22,20,2,0,0.050406371
25,9,22,20,3,0,0.072406371
25,9,22,20,4,0,0.051406371
25,9,22,20,5,0,0.041406371
25,9,22,20,6,0,0.020406371
25,9,22,20,7,0,0.054406371
25,9,22,20,8,0,0.047406371
25,9,22,20,9,0,0.073406371
25,9,22,20,10,0,0.057406371
25,9,22,20,11,0,0.069406371
25,9,22,20,12,0,0.047406371
25,9,22,20,13,0,0.066406371
25,9,22,20,14,0,0.064406371
25,9,22,20,15,0,0.060406371
25,9,22,20,16,0,0.065406371
25,9,22,20,17,0,0.062406371
25,9,22,20,18,0,0.066406371
25,9,22,20,19,0,0.070406371
25,9,22,20,20,0,0.072406371
25,9,22,20,21,0,0.077406371
25,9,22,20,22,0,0.082406371
25,9,22,20,23,0,0.057406371
25,9,22,20,24,0,0.053406371
25,9,22,20,25,0,0.069406371
25,9,22,20,26,0,0.075406371
25,9,22,20,27,0,0.087406371
25,9,22,20,28,0,0.085406371
25,9,22,20,29,0,0.096406371
25,9,22,20,30,0,0.085406371
25,9,22,20,31,0,0.075406371
25,9,22,20,32,0,0.085406371
25,9,22,20,33,0,0.118406371
25,9,22,20,34,0,0.099406371
25,9,22,20,35,0,0.066406371
25,9,22,20,36,0,0.090406371
25,9,22,20,37,0,0.090406371
25,9,22,20,38,0,0.070406371
25,9,22,20,39,0,0.082406371
25,9,22,20,40,0,0.102406371
25,9,22,20,41,0,0.061406371
25,9,22,20,42,0,0.099406371
25,9,22,20,43,0,0.083406371
25,9,22,20,44,0,0.108406371
25,9,22,20,45,0,0.084406371
25,9,22,20,46,0,0.097406371
25,9,22,20,47,0,0.097406371
25,9,22,20,48,0,0.074406371
25,9,22,20,49,0,0.074406371
25,9,22,20,50,0,0.101406371
25,9,22,20,51,0,0.104406371
25,9,22,20,52,0,0.106406371
25,9,22,20,53,0,0.116406371
25,9,22,20,54,0,0.088406371
25,9,22,20,55,0,0.099406371
25,9,22,20,56,0,0.066406371
25,9,22,20,57,0,0.081406371
25,9,22,20,58,0,0.099406371
25,9,22,20,59,0,0.082406371
25,9,22,21,0,0,0.073406371
25,9,22,21,1,0,0.077406371
25,9,22,21,2,0,0.076406371
25,9,22,21,3,0,0.082406371
25,9,22,21,4,0,0.100406371
25,9,22,21,5,0,0.096406371
25,9,22,21,6,0,0.099406371
25,9,22,21,7,0,0.078406371
25,9,22,21,8,0,0.086406371
25,9,22,21,9,0,0.106406371
25,9,22,21,10,0,0.106406371
25,9,22,21,11,0,0.099406371
25,9,22,21,12,0,0.084406371
25,9,22,21,13,0,0.066406371
25,9,22,21,14,0,0.086406371
25,9,22,21,15,0,0.086406371
25,9,22,21,16,0,0.081406371
25,9,22,21,17,0,0.078406371
25,9,22,21,18,0,0.105406371
25,9,22,21,19,0,0.099406371
25,9,22,21,20,0,0.078406371
25,9,22,21,21,0,0.092406371
25,9,22,21,22,0,0.069406371
25,9,22,21,23,0,0.083406371
25,9,22,21,24,0,0.090406371
25,9,22,21,25,0,0.094406371
25,9,22,21,26,0,0.085406371
25,9,22,21,27,0,0.080406371
25,9,22,21,28,0,0.060406371
25,9,22,21,29,0,0.089406371
25,9,22,21,30,0,0.074406371
25,9,22,21,31,0,0.075406371
25,9,22,21,32,0,0.078406371
25,9,22,21,33,0,0.063406371
25,9,22,21,34,0,0.078406371
25,9,22,21,35,0,0.098406371
25,9,22,21,36,0,0.089406371
25,9,22,21,37,0,0.091406371
25,9,22,21,38,0,0.078406371
25,9,22,21,39,0,0.064406371
25,9,22,21,40,0,0.085406371
25,9,22,21,41,0,0.066406371
25,9,22,21,42,0,0.083406371
25,9,22,21,43,0,0.066406371
25,9,22,21,44,0,0.072406371
25,9,22,21,45,0,0.072406371
25,9,22,21,46,0,0.066406371
25,9,22,21,47,0,0.060406371
25,9,22,21,48,0,0.080406371
25,9,22,21,49,0,0.077406371
25,9,22,21,50,0,0.054406371
25,9,22,21,51,0,0.084406371
25,9,22,21,52,0,0.077406371
25,9,22,21,53,0,0.058406371
25,9,22,21,54,0,0.038406371
25,9,22,21,55,0,0.069406371
25,9,22,21,56,0,0.069406371
25,9,22,21,57,0,0.039406371
25,9,22,21,58,0,0.078406371
25,9,22,21,59,0,0.056406371
25,9,22,22,0,0,0.077406371
25,9,22,22,1,0,0.040406371
25,9,22,22,2,0,0.046406371
25,9,22,22,3,0,0.031406371
25,9,22,22,4,0,0.037406371
25,9,22,22,5,0,0.039406371
25,9,22,22,6,0,0.047406371
25,9,22,22,7,0,0.044406371
25,9,22,22,8,0,0.060406371
25,9,22,22,9,0,0.041406371
25,9,22,22,10,0,0.056406371
25,9,22,22,11,0,0.031406371
25,9,22,22,12,0,0.032406371
25,9,22,22,13,0,0.038406371
25,9,22,22,14,0,0.038406371
25,9,22,22,15,0,0.100406371
25,9,22,22,16,0,0.031406371
25,9,22,22,17,0,0.021406371
25,9,22,22,18,0,0.012406371
25,9,22,22,19,0,0.036406371
25,9,22,22,20,0,0.039406371
25,9,22,22,21,0,0.027406371
25,9,22,22,22,0,0.023406371
25,9,22,22,23,0,0.036406371
25,9,22,22,24,0,0.023406371
25,9,22,22,25,0,0.047406371
25,9,22,22,26,0,0.051406371
25,9,22,22,27,0,0.032406371
25,9,22,22,28,0,0.017406371
25,9,22,22,29,0,0.025406371
25,9,22,22,30,0,0.042406371
25,9,22,22,31,0,0.054406371
25,9,22,22,32,0,0.028406371
25,9,22,22,33,0,0.042406371
25,9,22,22,34,0,0.009406371
25,9,22,22,35,0,0.017406371
25,9,22,22,36,0,0.010406371
25,9,22,22,37,0,0.017406371
25,9,22,22,38,0,0.016406371
25,9,22,22,39,0,0.012406371
25,9,22,22,40,0,0.016406371
25,9,22,22,41,0,0.026406371
25,9,22,22,42,0,0.005406371
25,9,22,22,43,0,0.023406371
25,9,22,22,44,0,0.017406371
25,9,22,22,45,0,0.005406371
25,9,22,22,46,0,0.017406371
25,9,22,22,47,0,0.004406371
25,9,22,22,48,0,0.000406371
25,9,22,22,49,0,0.061406371
25,9,22,22,50,0,-0.016593629
25,9,22,22,51,0,0.004406371
25,9,22,22,52,0,0.000406371
25,9,22,22,53,0,-0.005593629
25,9,22,22,54,0,0.004406371
25,9,22,22,55,0,-0.014593629
25,9,22,22,56,0,-0.006593629
25,9,22,22,57,0,-0.016593629
25,9,22,22,58,0,-0.020593629
25,9,22,22,59,0,-0.016593629
25,9,22,23,0,0,-0.043593629
25,9,22,23,1,0,-0.011593629
25,9,22,23,2,0,-0.021593629
25,9,22,23,3,0,-0.033593629
25,9,22,23,4,0,-0.021593629
25,9,22,23,5,0,-0.020593629
25,9,22,23,6,0,-0.020593629
25,9,22,23,7,0,-0.041593629
25,9,22,23,8,0,-0.025593629
25,9,22,23,9,0,-0.039593629
25,9,22,23,10,0,-0.042593629
25,9,22,23,11,0,-0.053593629
25,9,22,23,12,0,-0.045593629
25,9,22,23,13,0,-0.030593629
25,9,22,23,14,0,-0.040593629
25,9,22,23,15,0,-0.037593629
25,9,22,23,16,0,-0.045593629
25,9,22,23,17,0,-0.032593629
25,9,22,23,18,0,-0.044593629
25,9,22,23,19,0,-0.038593629
25,9,22,23,20,0,-0.044593629
25,9,22,23,21,0,-0.026593629
25,9,22,23,22,0,-0.035593629
25,9,22,23,23,0,-0.042593629
25,9,22,23,24,0,-0.045593629
25,9,22,23,25,0,-0.039593629
25,9,22,23,26,0,-0.041593629
25,9,22,23,27,0,-0.044593629
25,9,22,23,28,0,-0.039593629
25,9,22,23,29,0,-0.031593629
25,9,22,23,30,0,-0.042593629
25,9,22,23,31,0,-0.041593629
25,9,22,23,32,0,-0.041593629
25,9,22,23,33,0,-0.041593629
25,9,22,23,34,0,-0.050593629
25,9,22,23,35,0,-0.050593629
25,9,22,23,36,0,-0.049593629
25,9,22,23,37,0,-0.055593629
25,9,22,23,38,0,-0.067593629
25,9,22,23,39,0,-0.058593629
25,9,22,23,40,0,-0.068593629
25,9,22,23,41,0,-0.080593629
25,9,22,23,42,0,-0.066593629
25,9,22,23,43,0,-0.078593629
25,9,22,23,44,0,-0.077593629
25,9,22,23,45,0,-0.077593629
25,9,22,23,46,0,-0.082593629
25,9,22,23,47,0,-0.070593629
25,9,22,23,48,0,-0.082593629
25,9,22,23,49,0,-0.082593629
25,9,22,23,50,0,-0.069593629
25,9,22,23,51,0,-0.068593629
25,9,22,23,52,0,-0.080593629
25,9,22,23,53,0,-0.073593629
25,9,22,23,54,0,-0.084593629
25,9,22,23,55,0,-0.095593629
25,9,22,23,56,0,-0.082593629
25,9,22,23,57,0,-0.083593629
25,9,22,23,58,0,-0.093593629
25,9,22,23,59,0,-0.088593629
25,9,23,0,0,0,-0.094593629
25,9,23,0,1,0,-0.098593629
25,9,23,0,2,0,-0.088593629
25,9,23,0,3,0,-0.103593629
25,9,23,0,4,0,-0.094593629
25,9,23,0,5,0,-0.099593629
25,9,23,0,6,0,-0.109593629
25,9,23,0,7,0,-0.105593629
25,9,23,0,8,0,-0.108593629
25,9,23,0,9,0,-0.105593629
25,9,23,0,10,0,-0.099593629
25,9,23,0,11,0,-0.104593629
25,9,23,0,12,0,-0.110593629
25,9,23,0,13,0,-0.119593629
25,9,23,0,14,0,-0.117593629
25,9,23,0,15,0,-0.113593629
25,9,23,0,16,0,-0.120593629
25,9,23,0,17,0,-0.114593629
25,9,23,0,18,0,-0.122593629
25,9,23,0,19,0,-0.111593629
25,9,23,0,20,0,-0.114593629
25,9,23,0,21,0,-0.118593629
25,9,23,0,22,0,-0.105593629
25,9,23,0,23,0,-0.100593629
25,9,23,0,24,0,-0.119593629
25,9,23,0,25,0,-0.111593629
25,9,23,0,26,0,-0.103593629
25,9,23,0,27,0,-0.104593629
25,9,23,0,28,0,-0.117593629
25,9,23,0,29,0,-0.107593629
25,9,23,0,30,0,-0.107593629
25,9,23,0,31,0,-0.114593629
25,9,23,0,32,0,-0.106593629
25,9,23,0,33,0,-0.115593629
25,9,23,0,34,0,-0.104593629
25,9,23,0,35,0,-0.098593629
25,9,23,0,36,0,-0.118593629
25,9,23,0,37,0,-0.116593629
25,9,23,0,38,0,-0.113593629
25,9,23,0,39,0,-0.117593629
25,9,23,0,40,0,-0.112593629
25,9,23,0,41,0,-0.108593629
25,9,23,0,42,0,-0.118593629
25,9,23,0,43,0,-0.108593629
25,9,23,0,44,0,-0.112593629
25,9,23,0,45,0,-0.127593629
25,9,23,0,46,0,-0.124593629
25,9,23,0,47,0,-0.121593629
25,9,23,0,48,0,-0.143593629
25,9,23,0,49,0,-0.133593629
25,9,23,0,50,0,-0.132593629
25,9,23,0,51,0,-0.140593629
25,9,23,0,52,0,-0.126593629
25,9,23,0,53,0,-0.136593629
25,9,23,0,54,0,-0.140593629
25,9,23,0,55,0,-0.133593629
25,9,23,0,56,0,-0.139593629
25,9,23,0,57,0,-0.139593629
25,9,23,0,58,0,-0.140593629
25,9,23,0,59,0,-0.144593629
25,9,23,1,0,0,-0.153593629
25,9,23,1,1,0,-0.148593629
25,9,23,1,2,0,-0.155593629
25,9,23,1,3,0,-0.161593629
25,9,23,1,4,0,-0.146593629
25,9,23,1,5,0,-0.140593629
25,9,23,1,6,0,-0.146593629
25,9,23,1,7,0,-0.144593629
25,9,23,1,8,0,-0.143593629
25,9,23,1,9,0,-0.148593629
25,9,23,1,10,0,-0.146593629
25,9,23,1,11,0,-0.153593629
25,9,23,1,12,0,-0.150593629
25,9,23,1,13,0,-0.148593629
25,9,23,1,14,0,-0.155593629
25,9,23,1,15,0,-0.149593629
25,9,23,1,16,0,-0.146593629
25,9,23,1,17,0,-0.151593629
25,9,23,1,18,0,-0.143593629
25,9,23,1,19,0,-0.162593629
25,9,23,1,20,0,-0.141593629
25,9,23,1,21,0,-0.154593629
25,9,23,1,22,0,-0.155593629
25,9,23,1,23,0,-0.158593629
25,9,23,1,24,0,-0.156593629
25,9,23,1,25,0,-0.150593629
25,9,23,1,26,0,-0.152593629
25,9,23,1,27,0,-0.150593629
25,9,23,1,28,0,-0.147593629
25,9,23,1,29,0,-0.157593629
25,9,23,1,30,0,-0.147593629
25,9,23,1,31,0,-0.139593629
25,9,23,1,32,0,-0.144593629
25,9,23,1,33,0,-0.135593629
25,9,23,1,34,0,-0.147593629
25,9,23,1,35,0,-0.146593629
25,9,23,1,36,0,-0.157593629
25,9,23,1,37,0,-0.146593629
25,9,23,1,38,0,-0.148593629
25,9,23,1,39,0,-0.151593629
25,9,23,1,40,0,-0.158593629
25,9,23,1,41,0,-0.085593629
25,9,23,1,42,0,-0.161593629
25,9,23,1,43,0,-0.162593629
25,9,23,1,44,0,-0.161593629
25,9,23,1,45,0,-0.161593629
25,9,23,1,46,0,-0.140593629
25,9,23,1,47,0,-0.150593629
25,9,23,1,48,0,-0.156593629
25,9,23,1,49,0,-0.157593629
25,9,23,1,50,0,-0.166593629
25,9,23,1,51,0,-0.153593629
25,9,23,1,52,0,-0.161593629
25,9,23,1,53,0,-0.159593629
25,9,23,1,54,0,-0.156593629
25,9,23,1,55,0,-0.150593629
25,9,23,1,56,0,-0.160593629
25,9,23,1,57,0,-0.150593629
25,9,23,1,58,0,-0.165593629
25,9,23,1,59,0,-0.164593629
25,9,23,2,0,0,-0.166593629
25,9,23,2,1,0,-0.167593629
25,9,23,2,2,0,-0.159593629
25,9,23,2,3,0,-0.157593629
25,9,23,2,4,0,-0.156593629
25,9,23,2,5,0,-0.174593629
25,9,23,2,6,0,-0.177593629
25,9,23,2,7,0,-0.174593629
25,9,23,2,8,0,-0.173593629
25,9,23,2,9,0,-0.165593629
25,9,23,2,10,0,-0.159593629
25,9,23,2,11,0,-0.157593629
25,9,23,2,12,0,-0.151593629
25,9,23,2,13,0,-0.156593629
25,9,23,2,14,0,-0.159593629
25,9,23,2,15,0,-0.164593629
25,9,23,2,16,0,-0.153593629
25,9,23,2,17,0,-0.157593629
25,9,23,2,18,0,-0.151593629
25,9,23,2,19,0,-0.155593629
25,9,23,2,20,0,-0.153593629
25,9,23,2,21,0,-0.153593629
25,9,23,2,22,0,-0.154593629
25,9,23,2,23,0,-0.153593629
25,9,23,2,24,0,-0.151593629
25,9,23,2,25,0,-0.156593629
25,9,23,2,26,0,-0.155593629
25,9,23,2,27,0,-0.161593629
25,9,23,2,28,0,-0.152593629
25,9,23,2,29,0,-0.159593629
25,9,23,2,30,0,-0.148593629
25,9,23,2,31,0,-0.164593629
25,9,23,2,32,0,-0.159593629
25,9,23,2,33,0,-0.152593629
25,9,23,2,34,0,-0.135593629
25,9,23,2,35,0,-0.163593629
25,9,23,2,36,0,-0.147593629
25,9,23,2,37,0,-0.159593629
25,9,23,2,38,0,-0.148593629
25,9,23,2,39,0,-0.152593629
25,9,23,2,40,0,-0.153593629
25,9,23,2,41,0,-0.150593629
25,9,23,2,42,0,-0.148593629
25,9,23,2,43,0,-0.141593629
25,9,23,2,44,0,-0.156593629
25,9,23,2,45,0,-0.163593629
25,9,23,2,46,0,-0.149593629
25,9,23,2,47,0,-0.159593629
25,9,23,2,48,0,-0.154593629
25,9,23,2,49,0,-0.152593629
25,9,23,2,50,0,-0.149593629
25,9,23,2,51,0,-0.152593629
25,9,23,2,52,0,-0.151593629
25,9,23,2,53,0,-0.149593629
25,9,23,2,54,0,-0.152593629
25,9,23,2,55,0,-0.152593629
25,9,23,2,56,0,-0.147593629
25,9,23,2,57,0,-0.145593629
25,9,23,2,58,0,-0.150593629
25,9,23,2,59,0,-0.142593629
25,9,23,3,0,0,-0.158593629
25,9,23,3,1,0,-0.149593629
25,9,23,3,2,0,-0.144593629
25,9,23,3,3,0,-0.151593629
25,9,23,3,4,0,-0.145593629
25,9,23,3,5,0,-0.153593629
25,9,23,3,6,0,-0.137593629
25,9,23,3,7,0,-0.154593629
25,9,23,3,8,0,-0.129593629
25,9,23,3,9,0,-0.134593629
25,9,23,3,10,0,-0.135593629
25,9,23,3,11,0,-0.133593629
25,9,23,3,12,0,-0.145593629
25,9,23,3,13,0,-0.159593629
25,9,23,3,14,0,-0.156593629
25,9,23,3,15,0,-0.135593629
25,9,23,3,16,0,-0.129593629
25,9,23,3,17,0,-0.144593629
25,9,23,3,18,0,-0.124593629
25,9,23,3,19,0,-0.125593629
25,9,23,3,20,0,-0.133593629
25,9,23,3,21,0,-0.121593629
25,9,23,3,22,0,-0.113593629
25,9,23,3,23,0,-0.128593629
25,9,23,3,24,0,-0.143593629
25,9,23,3,25,0,-0.128593629
25,9,23,3,26,0,-0.118593629
25,9,23,3,27,0,-0.107593629
25,9,23,3,28,0,-0.140593629
25,9,23,3,29,0,-0.127593629
25,9,23,3,30,0,-0.110593629
25,9,23,3,31,0,-0.102593629
25,9,23,3,32,0,-0.122593629
25,9,23,3,33,0,-0.117593629
25,9,23,3,34,0,-0.135593629
25,9,23,3,35,0,-0.113593629
25,9,23,3,36,0,-0.106593629
25,9,23,3,37,0,-0.108593629
25,9,23,3,38,0,-0.103593629
25,9,23,3,39,0,-0.114593629
25,9,23,3,40,0,-0.116593629
25,9,23,3,41,0,-0.127593629
25,9,23,3,42,0,-0.124593629
25,9,23,3,43,0,-0.121593629
25,9,23,3,44,0,-0.113593629
25,9,23,3,45,0,-0.128593629
25,9,23,3,46,0,-0.128593629
25,9,23,3,47,0,-0.108593629
25,9,23,3,48,0,-0.092593629
25,9,23,3,49,0,-0.109593629
25,9,23,3,50,0,-0.107593629
25,9,23,3,51,0,-0.128593629
25,9,23,3,52,0,-0.124593629
25,9,23,3,53,0,-0.118593629
25,9,23,3,54,0,-0.133593629
25,9,23,3,55,0,-0.123593629
25,9,23,3,56,0,-0.117593629
25,9,23,3,57,0,-0.127593629
25,9,23,3,58,0,-0.108593629
25,9,23,3,59,0,-0.112593629
25,9,23,4,0,0,-0.102593629
25,9,23,4,1,0,-0.119593629
25,9,23,4,2,0,-0.117593629
25,9,23,4,3,0,-0.111593629
25,9,23,4,4,0,-0.111593629
25,9,23,4,5,0,-0.115593629
25,9,23,4,6,0,-0.095593629
25,9,23,4,7,0,-0.097593629
25,9,23,4,8,0,-0.103593629
25,9,23,4,9,0,-0.111593629
25,9,23,4,10,0,-0.108593629
25,9,23,4,11,0,-0.092593629
25,9,23,4,12,0,-0.110593629
25,9,23,4,13,0,-0.104593629
25,9,23,4,14,0,-0.090593629
25,9,23,4,15,0,-0.092593629
25,9,23,4,16,0,-0.094593629
25,9,23,4,17,0,-0.093593629
25,9,23,4,18,0,-0.104593629
25,9,23,4,19,0,-0.104593629
25,9,23,4,20,0,-0.134593629
25,9,23,4,21,0,-0.112593629
25,9,23,4,22,0,-0.090593629
25,9,23,4,23,0,-0.098593629
25,9,23,4,24,0,-0.109593629
25,9,23,4,25,0,-0.115593629
25,9,23,4,26,0,-0.113593629
25,9,23,4,27,0,-0.099593629
25,9,23,4,28,0,-0.094593629
25,9,23,4,29,0,-0.099593629
25,9,23,4,30,0,-0.084593629
25,9,23,4,31,0,-0.099593629
25,9,23,4,32,0,-0.103593629
25,9,23,4,33,0,-0.113593629
25,9,23,4,34,0,-0.095593629
25,9,23,4,35,0,-0.103593629
25,9,23,4,36,0,-0.029593629
25,9,23,4,37,0,-0.086593629
25,9,23,4,38,0,-0.086593629
25,9,23,4,39,0,-0.086593629
25,9,23,4,40,0,-0.106593629
25,9,23,4,41,0,-0.086593629
25,9,23,4,42,0,-0.109593629
25,9,23,4,43,0,-0.102593629
25,9,23,4,44,0,-0.086593629
25,9,23,4,45,0,-0.107593629
25,9,23,4,46,0,-0.100593629
25,9,23,4,47,0,-0.105593629
25,9,23,4,48,0,-0.103593629
25,9,23,4,49,0,-0.082593629
25,9,23,4,50,0,-0.097593629
25,9,23,4,51,0,-0.101593629
25,9,23,4,52,0,-0.090593629
25,9,23,4,53,0,-0.088593629
25,9,23,4,54,0,-0.087593629
25,9,23,4,55,0,-0.099593629
25,9,23,4,56,0,-0.090593629
25,9,23,4,57,0,-0.082593629
25,9,23,4,58,0,-0.091593629
25,9,23,4,59,0,-0.088593629
25,9,23,5,0,0,-0.091593629
25,9,23,5,1,0,-0.109593629
25,9,23,5,2,0,-0.092593629
25,9,23,5,3,0,-0.094593629
25,9,23,5,4,0,-0.088593629
25,9,23,5,5,0,-0.102593629
25,9,23,5,6,0,-0.107593629
25,9,23,5,7,0,-0.084593629
25,9,23,5,8,0,-0.098593629
25,9,23,5,9,0,-0.098593629
25,9,23,5,10,0,-0.090593629
25,9,23,5,11,0,-0.077593629
25,9,23,5,12,0,-0.076593629
25,9,23,5,13,0,-0.083593629
25,9,23,5,14,0,-0.083593629
25,9,23,5,15,0,-0.085593629
25,9,23,5,16,0,-0.083593629
25,9,23,5,17,0,-0.086593629
25,9,23,5,18,0,-0.090593629
25,9,23,5,19,0,-0.072593629
25,9,23,5,20,0,-0.070593629
25,9,23,5,21,0,-0.088593629
25,9,23,5,22,0,-0.084593629
25,9,23,5,23,0,-0.081593629
25,9,23,5,24,0,-0.080593629
25,9,23,5,25,0,-0.096593629
25,9,23,5,26,0,-0.073593629
25,9,23,5,27,0,-0.077593629
25,9,23,5,28,0,-0.073593629
25,9,23,5,29,0,-0.084593629
25,9,23,5,30,0,-0.104593629
25,9,23,5,31,0,-0.085593629
25,9,23,5,32,0,-0.073593629
25,9,23,5,33,0,-0.087593629
25,9,23,5,34,0,-0.081593629
25,9,23,5,35,0,-0.065593629
25,9,23,5,36,0,-0.083593629
25,9,23,5,37,0,-0.077593629
25,9,23,5,38,0,-0.082593629
25,9,23,5,39,0,-0.088593629
25,9,23,5,40,0,-0.078593629
25,9,23,5,41,0,-0.092593629
25,9,23,5,42,0,-0.077593629
25,9,23,5,43,0,-0.075593629
25,9,23,5,44,0,-0.086593629
25,9,23,5,45,0,-0.073593629
25,9,23,5,46,0,-0.075593629
25,9,23,5,47,0,-0.067593629
25,9,23,5,48,0,-0.067593629
25,9,23,5,49,0,-0.056593629
25,9,23,5,50,0,-0.089593629
25,9,23,5,51,0,-0.076593629
25,9,23,5,52,0,-0.072593629
25,9,23,5,53,0,-0.064593629
25,9,23,5,54,0,-0.065593629
25,9,23,5,55,0,-0.063593629
25,9,23,5,56,0,-0.049593629
25,9,23,5,57,0,-0.058593629
25,9,23,5,58,0,-0.043593629
25,9,23,5,59,0,-0.055593629
25,9,23,6,0,0,-0.053593629
25,9,23,6,1,0,-0.055593629
25,9,23,6,2,0,-0.063593629
25,9,23,6,3,0,-0.062593629
25,9,23,6,4,0,-0.056593629
25,9,23,6,5,0,-0.044593629
25,9,23,6,6,0,-0.053593629
25,9,23,6,7,0,-0.050593629
25,9,23,6,8,0,-0.037593629
25,9,23,6,9,0,-0.033593629
25,9,23,6,10,0,-0.047593629
25,9,23,6,11,0,-0.037593629
25,9,23,6,12,0,-0.030593629
25,9,23,6,13,0,-0.054593629
25,9,23,6,14,0,-0.030593629
25,9,23,6,15,0,-0.037593629
25,9,23,6,16,0,-0.035593629
25,9,23,6,17,0,-0.047593629
25,9,23,6,18,0,-0.050593629
25,9,23,6,19,0,-0.042593629
25,9,23,6,20,0,-0.022593629
25,9,23,6,21,0,-0.073593629
25,9,23,6,22,0,-0.042593629
25,9,23,6,23,0,-0.050593629
25,9,23,6,24,0,-0.032593629
25,9,23,6,25,0,-0.032593629
25,9,23,6,26,0,-0.033593629
25,9,23,6,27,0,-0.005593629
25,9,23,6,28,0,-0.010593629
25,9,23,6,29,0,-0.018593629
25,9,23,6,30,0,-0.014593629
25,9,23,6,31,0,-0.035593629
25,9,23,6,32,0,-0.031593629
25,9,23,6,33,0,-0.040593629
25,9,23,6,34,0,-0.012593629
25,9,23,6,35,0,0.010406371
25,9,23,6,36,0,-0.017593629
25,9,23,6,37,0,-0.001593629
25,9,23,6,38,0,0.002406371
25,9,23,6,39,0,-0.012593629
25,9,23,6,40,0,-0.000593629
25,9,23,6,41,0,-0.017593629
25,9,23,6,42,0,-0.007593629
25,9,23,6,43,0,-0.009593629
25,9,23,6,44,0,-0.000593629
25,9,23,6,45,0,0.000406371
25,9,23,6,46,0,-0.007593629
25,9,23,6,47,0,0.004406371
25,9,23,6,48,0,-0.005593629
25,9,23,6,49,0,-0.006593629
25,9,23,6,50,0,0.024406371
25,9,23,6,51,0,0.072406371
25,9,23,6,52,0,0.021406371
25,9,23,6,53,0,0.008406371
25,9,23,6,54,0,0.014406371
25,9,23,6,55,0,0.027406371
25,9,23,6,56,0,0.006406371
25,9,23,6,57,0,-0.013593629
25,9,23,6,58,0,0.000406371
25,9,23,6,59,0,-0.008593629
25,9,23,7,0,0,0.003406371
25,9,23,7,1,0,0.005406371
25,9,23,7,2,0,0.027406371
25,9,23,7,3,0,0.005406371
25,9,23,7,4,0,0.018406371
25,9,23,7,5,0,0.030406371
25,9,23,7,6,0,-0.006593629
25,9,23,7,7,0,0.028406371
25,9,23,7,8,0,0.028406371
25,9,23,7,9,0,0.010406371
25,9,23,7,10,0,0.012406371
25,9,23,7,11,0,0.042406371
25,9,23,7,12,0,0.041406371
25,9,23,7,13,0,0.004406371
25,9,23,7,14,0,0.020406371
25,9,23,7,15,0,0.046406371
25,9,23,7,16,0,0.043406371
25,9,23,7,17,0,0.030406371
25,9,23,7,18,0,0.014406371
25,9,23,7,19,0,-0.042593629
25,9,23,7,20,0,0.027406371
25,9,23,7,21,0,0.049406371
25,9,23,7,22,0,0.031406371
25,9,23,7,23,0,0.045406371
25,9,23,7,24,0,0.048406371
25,9,23,7,25,0,0.071406371
25,9,23,7,26,0,0.048406371
25,9,23,7,27,0,0.041406371
25,9,23,7,28,0,0.051406371
25,9,23,7,29,0,0.056406371
25,9,23,7,30,0,0.063406371
25,9,23,7,31,0,0.067406371
25,9,23,7,32,0,0.083406371
25,9,23,7,33,0,0.055406371
25,9,23,7,34,0,0.072406371
25,9,23,7,35,0,0.055406371
25,9,23,7,36,0,0.077406371
25,9,23,7,37,0,0.077406371
25,9,23,7,38,0,0.042406371
25,9,23,7,39,0,0.070406371
25,9,23,7,40,0,0.061406371
25,9,23,7,41,0,0.063406371
25,9,23,7,42,0,0.100406371
25,9,23,7,43,0,0.073406371
25,9,23,7,44,0,0.079406371
25,9,23,7,45,0,0.052406371
25,9,23,7,46,0,0.080406371
25,9,23,7,47,0,0.098406371
25,9,23,7,48,0,0.092406371
25,9,23,7,49,0,0.069406371
25,9,23,7,50,0,0.089406371
25,9,23,7,51,0,0.092406371
25,9,23,7,52,0,0.095406371
25,9,23,7,53,0,0.084406371
25,9,23,7,54,0,0.096406371
25,9,23,7,55,0,0.090406371
25,9,23,7,56,0,0.094406371
25,9,23,7,57,0,0.094406371
25,9,23,7,58,0,0.075406371
25,9,23,7,59,0,0.090406371
25,9,23,8,0,0,0.099406371
25,9,23,8,1,0,0.104406371
25,9,23,8,2,0,0.080406371
25,9,23,8,3,0,0.112406371
25,9,23,8,4,0,0.130406371
25,9,23,8,5,0,0.127406371
25,9,23,8,6,0,0.101406371
25,9,23,8,7,0,0.124406371
25,9,23,8,8,0,0.097406371
25,9,23,8,9,0,0.096406371
25,9,23,8,10,0,0.111406371
25,9,23,8,11,0,0.111406371
25,9,23,8,12,0,0.103406371
25,9,23,8,13,0,0.129406371
25,9,23,8,14,0,0.119406371
25,9,23,8,15,0,0.130406371
25,9,23,8,16,0,0.128406371
25,9,23,8,17,0,0.127406371
25,9,23,8,18,0,0.130406371
25,9,23,8,19,0,0.131406371
25,9,23,8,20,0,0.125406371
25,9,23,8,21,0,0.127406371
25,9,23,8,22,0,0.148406371
25,9,23,8,23,0,0.130406371
25,9,23,8,24,0,0.137406371
25,9,23,8,25,0,0.184406371
25,9,23,8,26,0,0.131406371
25,9,23,8,27,0,0.152406371
25,9,23,8,28,0,0.131406371
25,9,23,8,29,0,0.128406371
25,9,23,8,30,0,0.158406371
25,9,23,8,31,0,0.146406371
25,9,23,8,32,0,0.232406371
25,9,23,8,33,0,0.129406371
25,9,23,8,34,0,0.158406371
25,9,23,8,35,0,0.137406371
25,9,23,8,36,0,0.151406371
25,9,23,8,37,0,0.136406371
25,9,23,8,38,0,0.141406371
25,9,23,8,39,0,0.143406371
25,9,23,8,40,0,0.149406371
25,9,23,8,41,0,0.158406371
25,9,23,8,42,0,0.139406371
25,9,23,8,43,0,0.143406371
25,9,23,8,44,0,0.137406371
25,9,23,8,45,0,0.146406371
25,9,23,8,46,0,0.136406371
25,9,23,8,47,0,0.136406371
25,9,23,8,48,0,0.161406371
25,9,23,8,49,0,0.154406371
25,9,23,8,50,0,0.139406371
25,9,23,8,51,0,0.145406371
25,9,23,8,52,0,0.151406371
25,9,23,8,53,0,0.156406371
25,9,23,8,54,0,0.157406371
25,9,23,8,55,0,0.146406371
25,9,23,8,56,0,0.148406371
25,9,23,8,57,0,0.158406371
25,9,23,8,58,0,0.178406371
25,9,23,8,59,0,0.173406371
25,9,23,9,0,0,0.176406371
25,9,23,9,1,0,0.162406371
25,9,23,9,2,0,0.181406371
25,9,23,9,3,0,0.175406371
25,9,23,9,4,0,0.172406371
25,9,23,9,5,0,0.173406371
25,9,23,9,6,0,0.175406371
25,9,23,9,7,0,0.175406371
25,9,23,9,8,0,0.181406371
25,9,23,9,9,0,0.187406371
25,9,23,9,10,0,0.186406371
25,9,23,9,11,0,0.168406371
25,9,23,9,12,0,0.174406371
25,9,23,9,13,0,0.184406371
25,9,23,9,14,0,0.178406371
25,9,23,9,15,0,0.161406371
25,9,23,9,16,0,0.177406371
25,9,23,9,17,0,0.189406371
25,9,23,9,18,0,0.189406371
25,9,23,9,19,0,0.189406371
25,9,23,9,20,0,0.178406371
25,9,23,9,21,0,0.167406371
25,9,23,9,22,0,0.179406371
25,9,23,9,23,0,0.162406371
25,9,23,9,24,0,0.166406371
25,9,23,9,25,0,0.181406371
25,9,23,9,26,0,0.163406371
25,9,23,9,27,0,0.166406371
25,9,23,9,28,0,0.185406371
25,9,23,9,29,0,0.151406371
25,9,23,9,30,0,0.163406371
25,9,23,9,31,0,0.162406371
25,9,23,9,32,0,0.179406371
25,9,23,9,33,0,0.170406371
25,9,23,9,34,0,0.170406371
25,9,23,9,35,0,0.169406371
25,9,23,9,36,0,0.170406371
25,9,23,9,37,0,0.197406371
25,9,23,9,38,0,0.168406371
25,9,23,9,39,0,0.194406371
25,9,23,9,40,0,0.191406371
25,9,23,9,41,0,0.195406371
25,9,23,9,42,0,0.173406371
25,9,23,9,43,0,0.176406371
25,9,23,9,44,0,0.182406371
25,9,23,9,45,0,0.179406371
25,9,23,9,46,0,0.175406371
25,9,23,9,47,0,0.159406371
25,9,23,9,48,0,0.179406371
25,9,23,9,49,0,0.180406371
25,9,23,9,50,0,0.168406371
25,9,23,9,51,0,0.174406371
25,9,23,9,52,0,0.184406371
25,9,23,9,53,0,0.144406371
25,9,23,9,54,0,0.180406371
25,9,23,9,55,0,0.180406371
25,9,23,9,56,0,0.209406371
25,9,23,9,57,0,0.192406371
25,9,23,9,58,0,0.173406371
25,9,23,9,59,0,0.181406371
25,9,23,10,0,0,0.177406371
25,9,23,10,1,0,0.186406371
25,9,23,10,2,0,0.182406371
25,9,23,10,3,0,0.188406371
25,9,23,10,4,0,0.189406371
25,9,23,10,5,0,0.184406371
25,9,23,10,6,0,0.176406371
25,9,23,10,7,0,0.185406371
25,9,23,10,8,0,0.186406371
25,9,23,10,9,0,0.189406371
25,9,23,10,10,0,0.167406371
25,9,23,10,11,0,0.184406371
25,9,23,10,12,0,0.173406371
25,9,23,10,13,0,0.186406371
25,9,23,10,14,0,0.198406371
25,9,23,10,15,0,0.177406371
25,9,23,10,16,0,0.191406371
25,9,23,10,17,0,0.201406371
25,9,23,10,18,0,0.198406371
25,9,23,10,19,0,0.199406371
25,9,23,10,20,0,0.194406371
25,9,23,10,21,0,0.179406371
25,9,23,10,22,0,0.187406371
25,9,23,10,23,0,0.187406371
25,9,23,10,24,0,0.177406371
25,9,23,10,25,0,0.200406371
25,9,23,10,26,0,0.184406371
25,9,23,10,27,0,0.181406371
25,9,23,10,28,0,0.182406371
25,9,23,10,29,0,0.175406371
25,9,23,10,30,0,0.188406371
25,9,23,10,31,0,0.181406371
25,9,23,10,32,0,0.169406371
25,9,23,10,33,0,0.181406371
25,9,23,10,34,0,0.184406371
25,9,23,10,35,0,0.191406371
25,9,23,10,36,0,0.185406371
25,9,23,10,37,0,0.203406371
25,9,23,10,38,0,0.205406371
25,9,23,10,39,0,0.182406371
25,9,23,10,40,0,0.200406371
25,9,23,10,41,0,0.186406371
25,9,23,10,42,0,0.196406371
25,9,23,10,43,0,0.180406371
25,9,23,10,44,0,0.173406371
25,9,23,10,45,0,0.182406371
25,9,23,10,46,0,0.186406371
25,9,23,10,47,0,0.177406371
25,9,23,10,48,0,0.199406371
25,9,23,10,49,0,0.183406371
25,9,23,10,50,0,0.175406371
25,9,23,10,51,0,0.182406371
25,9,23,10,52,0,0.190406371
25,9,23,10,53,0,0.206406371
25,9,23,10,54,0,0.191406371
25,9,23,10,55,0,0.185406371
25,9,23,10,56,0,0.185406371
25,9,23,10,57,0,0.205406371
25,9,23,10,58,0,0.191406371
25,9,23,10,59,0,0.201406371
25,9,23,11,0,0,0.187406371
25,9,23,11,1,0,0.180406371
25,9,23,11,2,0,0.184406371
25,9,23,11,3,0,0.189406371
25,9,23,11,4,0,0.166406371
25,9,23,11,5,0,0.193406371
25,9,23,11,6,0,0.184406371
25,9,23,11,7,0,0.207406371
25,9,23,11,8,0,0.171406371
25,9,23,11,9,0,0.181406371
25,9,23,11,10,0,0.164406371
25,9,23,11,11,0,0.187406371
25,9,23,11,12,0,0.184406371
25,9,23,11,13,0,0.180406371
25,9,23,11,14,0,0.187406371
25,9,23,11,15,0,0.189406371
25,9,23,11,16,0,0.184406371
25,9,23,11,17,0,0.198406371
25,9,23,11,18,0,0.177406371
25,9,23,11,19,0,0.167406371
25,9,23,11,20,0,0.179406371
25,9,23,11,21,0,0.164406371
25,9,23,11,22,0,0.174406371
25,9,23,11,23,0,0.174406371
25,9,23,11,24,0,0.163406371
25,9,23,11,25,0,0.171406371
25,9,23,11,26,0,0.174406371
25,9,23,11,27,0,0.170406371
25,9,23,11,28,0,0.160406371
25,9,23,11,29,0,0.178406371
25,9,23,11,30,0,0.177406371
25,9,23,11,31,0,0.176406371
25,9,23,11,32,0,0.181406371
25,9,23,11,33,0,0.169406371
25,9,23,11,34,0,0.167406371
25,9,23,11,35,0,0.188406371
25,9,23,11,36,0,0.177406371
25,9,23,11,37,0,0.176406371
25,9,23,11,38,0,0.177406371
25,9,23,11,39,0,0.168406371
25,9,23,11,40,0,0.166406371
25,9,23,11,41,0,0.181406371
25,9,23,11,42,0,0.172406371
25,9,23,11,43,0,0.176406371
25,9,23,11,44,0,0.165406371
25,9,23,11,45,0,0.172406371
25,9,23,11,46,0,0.158406371
25,9,23,11,47,0,0.166406371
25,9,23,11,48,0,0.164406371
25,9,23,11,49,0,0.159406371
25,9,23,11,50,0,0.160406371
25,9,23,11,51,0,0.164406371
25,9,23,11,52,0,0.165406371
25,9,23,11,53,0,0.169406371
25,9,23,11,54,0,0.171406371
25,9,23,11,55,0,0.163406371
25,9,23,11,56,0,0.177406371
25,9,23,11,57,0,0.149406371
25,9,23,11,58,0,0.159406371
25,9,23,11,59,0,0.162406371
25,9,23,12,0,0,0.167406371
25,9,23,12,1,0,0.157406371
25,9,23,12,2,0,0.153406371
25,9,23,12,3,0,0.167406371
25,9,23,12,4,0,0.165406371
25,9,23,12,5,0,0.153406371
25,9,23,12,6,0,0.152406371
25,9,23,12,7,0,0.141406371
25,9,23,12,8,0,0.153406371
25,9,23,12,9,0,0.166406371
25,9,23,12,10,0,0.149406371
25,9,23,12,11,0,0.151406371
25,9,23,12,12,0,0.160406371
25,9,23,12,13,0,0.154406371
25,9,23,12,14,0,0.145406371
25,9,23,12,15,0,0.175406371
25,9,23,12,16,0,0.160406371
25,9,23,12,17,0,0.146406371
25,9,23,12,18,0,0.170406371
25,9,23,12,19,0,0.169406371
25,9,23,12,20,0,0.149406371
25,9,23,12,21,0,0.171406371
25,9,23,12,22,0,0.146406371
25,9,23,12,23,0,0.141406371
25,9,23,12,24,0,0.138406371
25,9,23,12,25,0,0.166406371
25,9,23,12,26,0,0.152406371
25,9,23,12,27,0,0.152406371
25,9,23,12,28,0,0.152406371
25,9,23,12,29,0,0.154406371
25,9,23,12,30,0,0.155406371
25,9,23,12,31,0,0.138406371
25,9,23,12,32,0,0.167406371
25,9,23,12,33,0,0.179406371
25,9,23,12,34,0,0.131406371
25,9,23,12,35,0,0.180406371
25,9,23,12,36,0,0.156406371
25,9,23,12,37,0,0.159406371
25,9,23,12,38,0,0.145406371
25,9,23,12,39,0,0.133406371
25,9,23,12,40,0,0.147406371
25,9,23,12,41,0,0.168406371
25,9,23,12,42,0,0.163406371
25,9,23,12,43,0,0.163406371
25,9,23,12,44,0,0.162406371
25,9,23,12,45,0,0.148406371
25,9,23,12,46,0,0.208406371
25,9,23,12,47,0,0.159406371
25,9,23,12,48,0,0.159406371
25,9,23,12,49,0,0.143406371
25,9,23,12,50,0,0.139406371
25,9,23,12,51,0,0.155406371
25,9,23,12,52,0,0.146406371
25,9,23,12,53,0,0.133406371
25,9,23,12,54,0,0.155406371
25,9,23,12,55,0,0.149406371
25,9,23,12,56,0,0.150406371
25,9,23,12,57,0,0.143406371
25,9,23,12,58,0,0.138406371
25,9,23,12,59,0,0.149406371
25,9,23,13,0,0,0.131406371
25,9,23,13,1,0,0.146406371
25,9,23,13,2,0,0.115406371
25,9,23,13,3,0,0.141406371
25,9,23,13,4,0,0.141406371
25,9,23,13,5,0,0.141406371
25,9,23,13,6,0,0.162406371
25,9,23,13,7,0,0.123406371
25,9,23,13,8,0,0.133406371
25,9,23,13,9,0,0.136406371
25,9,23,13,10,0,0.132406371
25,9,23,13,11,0,0.132406371
25,9,23,13,12,0,0.132406371
25,9,23,13,13,0,0.108406371
25,9,23,13,14,0,0.096406371
25,9,23,13,15,0,0.123406371
25,9,23,13,16,0,0.126406371
25,9,23,13,17,0,0.161406371
25,9,23,13,18,0,0.118406371
25,9,23,13,19,0,0.157406371
25,9,23,13,20,0,0.132406371
25,9,23,13,21,0,0.133406371
25,9,23,13,22,0,0.115406371
25,9,23,13,23,0,0.112406371
25,9,23,13,24,0,0.120406371
25,9,23,13,25,0,0.156406371
25,9,23,13,26,0,0.120406371
25,9,23,13,27,0,0.118406371
25,9,23,13,28,0,0.119406371
25,9,23,13,29,0,0.110406371
25,9,23,13,30,0,0.098406371
25,9,23,13,31,0,0.118406371
25,9,23,13,32,0,0.112406371
25,9,23,13,33,0,0.093406371
25,9,23,13,34,0,0.133406371
25,9,23,13,35,0,0.142406371
25,9,23,13,36,0,0.105406371
25,9,23,13,37,0,0.068406371
25,9,23,13,38,0,0.112406371
25,9,23,13,39,0,0.109406371
25,9,23,13,40,0,0.137406371
25,9,23,13,41,0,0.106406371
25,9,23,13,42,0,0.130406371
25,9,23,13,43,0,0.129406371
25,9,23,13,44,0,0.130406371
25,9,23,13,45,0,0.128406371
25,9,23,13,46,0,0.091406371
25,9,23,13,47,0,0.099406371
25,9,23,13,48,0,0.107406371
25,9,23,13,49,0,0.127406371
25,9,23,13,50,0,0.058406371
25,9,23,13,51,0,0.110406371
25,9,23,13,52,0,0.113406371
25,9,23,13,53,0,0.087406371
25,9,23,13,54,0,0.122406371
25,9,23,13,55,0,0.144406371
25,9,23,13,56,0,0.104406371
25,9,23,13,57,0,0.083406371
25,9,23,13,58,0,0.116406371
25,9,23,13,59,0,0.118406371
25,9,23,14,0,0,0.080406371
25,9,23,14,1,0,0.144406371
25,9,23,14,2,0,0.118406371
25,9,23,14,3,0,0.094406371
25,9,23,14,4,0,0.114406371
25,9,23,14,5,0,0.152406371
25,9,23,14,6,0,0.088406371
25,9,23,14,7,0,0.075406371
25,9,23,14,8,0,0.122406371
25,9,23,14,9,0,0.103406371
25,9,23,14,10,0,0.103406371
25,9,23,14,11,0,0.101406371
25,9,23,14,12,0,0.090406371
25,9,23,14,13,0,0.122406371
25,9,23,14,14,0,0.084406371
25,9,23,14,15,0,0.092406371
25,9,23,14,16,0,0.086406371
25,9,23,14,17,0,0.089406371
25,9,23,14,18,0,0.088406371
25,9,23,14,19,0,0.116406371
25,9,23,14,20,0,0.090406371
25,9,23,14,21,0,0.051406371
25,9,23,14,22,0,0.089406371
25,9,23,14,23,0,0.089406371
25,9,23,14,24,0,0.083406371
25,9,23,14,25,0,0.073406371
25,9,23,14,26,0,0.077406371
25,9,23,14,27,0,0.099406371
25,9,23,14,28,0,0.091406371
25,9,23,14,29,0,0.081406371
25,9,23,14,30,0,0.145406371
25,9,23,14,31,0,0.113406371
25,9,23,14,32,0,0.100406371
25,9,23,14,33,0,0.112406371
25,9,23,14,34,0,0.075406371
25,9,23,14,35,0,0.065406371
25,9,23,14,36,0,0.083406371
25,9,23,14,37,0,0.110406371
25,9,23,14,38,0,0.095406371
25,9,23,14,39,0,0.064406371
25,9,23,14,40,0,0.085406371
25,9,23,14,41,0,0.064406371
25,9,23,14,42,0,0.078406371
25,9,23,14,43,0,0.073406371
25,9,23,14,44,0,0.071406371
25,9,23,14,45,0,0.077406371
25,9,23,14,46,0,0.082406371
25,9,23,14,47,0,0.081406371
25,9,23,14,48,0,0.069406371
25,9,23,14,49,0,0.109406371
25,9,23,14,50,0,0.063406371
25,9,23,14,51,0,0.083406371
25,9,23,14,52,0,0.064406371
25,9,23,14,53,0,0.073406371
25,9,23,14,54,0,0.064406371
25,9,23,14,55,0,0.079406371
25,9,23,14,56,0,0.083406371
25,9,23,14,57,0,0.109406371
25,9,23,14,58,0,0.086406371
25,9,23,14,59,0,0.069406371
25,9,23,15,0,0,0.077406371
25,9,23,15,1,0,0.086406371
25,9,23,15,2,0,0.099406371
25,9,23,15,3,0,0.072406371
25,9,23,15,4,0,0.064406371
25,9,23,15,5,0,0.088406371
25,9,23,15,6,0,0.077406371
25,9,23,15,7,0,0.090406371
25,9,23,15,8,0,0.097406371
25,9,23,15,9,0,0.091406371
25,9,23,15,10,0,0.091406371
25,9,23,15,11,0,0.097406371
25,9,23,15,12,0,0.100406371
25,9,23,15,13,0,0.082406371
25,9,23,15,14,0,0.073406371
25,9,23,15,15,0,0.066406371
25,9,23,15,16,0,0.095406371
25,9,23,15,17,0,0.079406371
25,9,23,15,18,0,0.090406371
25,9,23,15,19,0,0.076406371
25,9,23,15,20,0,0.077406371
25,9,23,15,21,0,0.092406371
25,9,23,15,22,0,0.080406371
25,9,23,15,23,0,0.082406371
25,9,23,15,24,0,0.082406371
25,9,23,15,25,0,0.087406371
25,9,23,15,26,0,0.066406371
25,9,23,15,27,0,0.085406371
25,9,23,15,28,0,0.110406371
25,9,23,15,29,0,0.068406371
25,9,23,15,30,0,0.079406371
25,9,23,15,31,0,0.067406371
25,9,23,15,32,0,0.057406371
25,9,23,15,33,0,0.093406371
25,9,23,15,34,0,0.087406371
25,9,23,15,35,0,0.130406371
25,9,23,15,36,0,0.046406371
25,9,23,15,37,0,0.060406371
25,9,23,15,38,0,0.092406371
25,9,23,15,39,0,0.043406371
25,9,23,15,40,0,0.050406371
25,9,23,15,41,0,0.070406371
25,9,23,15,42,0,0.082406371
25,9,23,15,43,0,0.081406371
25,9,23,15,44,0,0.075406371
25,9,23,15,45,0,0.055406371
25,9,23,15,46,0,0.079406371
25,9,23,15,47,0,0.111406371
25,9,23,15,48,0,0.079406371
25,9,23,15,49,0,0.100406371
25,9,23,15,50,0,0.075406371
25,9,23,15,51,0,0.099406371
25,9,23,15,52,0,0.082406371
25,9,23,15,53,0,0.071406371
25,9,23,15,54,0,0.046406371
25,9,23,15,55,0,0.072406371
25,9,23,15,56,0,0.100406371
25,9,23,15,57,0,0.110406371
25,9,23,15,58,0,0.083406371
25,9,23,15,59,0,0.075406371
25,9,23,16,0,0,0.075406371
25,9,23,16,1,0,0.028406371
25,9,23,16,2,0,0.057406371
25,9,23,16,3,0,0.056406371
25,9,23,16,4,0,0.109406371
25,9,23,16,5,0,0.051406371
25,9,23,16,6,0,0.075406371
25,9,23,16,7,0,0.052406371
25,9,23,16,8,0,0.075406371
25,9,23,16,9,0,0.063406371
25,9,23,16,10,0,0.080406371
25,9,23,16,11,0,0.079406371
25,9,23,16,12,0,0.081406371
25,9,23,16,13,0,0.069406371
25,9,23,16,14,0,0.069406371
25,9,23,16,15,0,0.089406371
25,9,23,16,16,0,0.074406371
25,9,23,16,17,0,0.062406371
25,9,23,16,18,0,0.063406371
25,9,23,16,19,0,0.053406371
25,9,23,16,20,0,0.087406371
25,9,23,16,21,0,0.060406371
25,9,23,16,22,0,0.071406371
25,9,23,16,23,0,0.062406371
25,9,23,16,24,0,0.084406371
25,9,23,16,25,0,0.043406371
25,9,23,16,26,0,0.069406371
25,9,23,16,27,0,0.045406371
25,9,23,16,28,0,0.024406371
25,9,23,16,29,0,0.066406371
25,9,23,16,30,0,0.053406371
25,9,23,16,31,0,0.053406371
25,9,23,16,32,0,0.073406371
25,9,23,16,33,0,0.042406371
25,9,23,16,34,0,0.060406371
25,9,23,16,35,0,0.029406371
25,9,23,16,36,0,0.069406371
25,9,23,16,37,0,0.062406371
25,9,23,16,38,0,0.050406371
25,9,23,16,39,0,0.019406371
25,9,23,16,40,0,0.032406371
25,9,23,16,41,0,0.034406371
25,9,23,16,42,0,0.063406371
25,9,23,16,43,0,0.054406371
25,9,23,16,44,0,0.046406371
25,9,23,16,45,0,0.051406371
25,9,23,16,46,0,0.101406371
25,9,23,16,47,0,0.059406371
25,9,23,16,48,0,0.052406371
25,9,23,16,49,0,0.048406371
25,9,23,16,50,0,0.052406371
25,9,23,16,51,0,0.040406371
25,9,23,16,52,0,0.045406371
25,9,23,16,53,0,0.043406371
25,9,23,16,54,0,0.054406371
25,9,23,16,55,0,0.074406371
25,9,23,16,56,0,0.045406371
25,9,23,16,57,0,0.021406371
25,9,23,16,58,0,-0.000593629
25,9,23,16,59,0,0.045406371
25,9,23,17,0,0,0.041406371
25,9,23,17,1,0,0.007406371
25,9,23,17,2,0,0.058406371
25,9,23,17,3,0,0.040406371
25,9,23,17,4,0,0.018406371
25,9,23,17,5,0,0.048406371
25,9,23,17,6,0,0.051406371
25,9,23,17,7,0,0.027406371
25,9,23,17,8,0,-0.005593629
25,9,23,17,9,0,0.001406371
25,9,23,17,10,0,0.063406371
25,9,23,17,11,0,0.026406371
25,9,23,17,12,0,0.015406371
25,9,23,17,13,0,0.033406371
25,9,23,17,14,0,0.027406371
25,9,23,17,15,0,0.022406371
25,9,23,17,16,0,0.031406371
25,9,23,17,17,0,0.023406371
25,9,23,17,18,0,0.004406371
25,9,23,17,19,0,0.020406371
25,9,23,17,20,0,0.031406371
25,9,23,17,21,0,0.017406371
25,9,23,17,22,0,0.018406371
25,9,23,17,23,0,0.036406371
25,9,23,17,24,0,0.015406371
25,9,23,17,25,0,0.020406371
25,9,23,17,26,0,0.024406371
25,9,23,17,27,0,0.020406371
25,9,23,17,28,0,0.003406371
25,9,23,17,29,0,0.030406371
25,9,23,17,30,0,0.000406371
25,9,23,17,31,0,0.012406371
25,9,23,17,32,0,-0.008593629
25,9,23,17,33,0,-0.014593629
25,9,23,17,34,0,-0.027593629
25,9,23,17,35,0,0.016406371
25,9,23,17,36,0,-0.055593629
25,9,23,17,37,0,0.016406371
25,9,23,17,38,0,-0.007593629
25,9,23,17,39,0,-0.000593629
25,9,23,17,40,0,-0.007593629
25,9,23,17,41,0,-0.011593629
25,9,23,17,42,0,-0.011593629
25,9,23,17,43,0,-0.000593629
25,9,23,17,44,0,0.003406371
25,9,23,17,45,0,0.007406371
25,9,23,17,46,0,0.003406371
25,9,23,17,47,0,-0.007593629
25,9,23,17,48,0,0.006406371
25,9,23,17,49,0,-0.017593629
25,9,23,17,50,0,-0.004593629
25,9,23,17,51,0,-0.006593629
25,9,23,17,52,0,-0.021593629
25,9,23,17,53,0,-0.042593629
25,9,23,17,54,0,0.002406371
25,9,23,17,55,0,-0.010593629
25,9,23,17,56,0,-0.010593629
25,9,23,17,57,0,-0.019593629
25,9,23,17,58,0,-0.037593629
25,9,23,17,59,0,0.021406371
25,9,23,18,0,0,-0.029593629
25,9,23,18,1,0,-0.012593629
25,9,23,18,2,0,0.003406371
25,9,23,18,3,0,-0.023593629
25,9,23,18,4,0,-0.008593629
25,9,23,18,5,0,0.020406371
25,9,23,18,6,0,-0.007593629
25,9,23,18,7,0,-0.011593629
25,9,23,18,8,0,-0.016593629
25,9,23,18,9,0,-0.007593629
25,9,23,18,10,0,-0.016593629
25,9,23,18,11,0,-0.030593629
25,9,23,18,12,0,-0.025593629
25,9,23,18,13,0,-0.059593629
25,9,23,18,14,0,-0.045593629
25,9,23,18,15,0,-0.025593629
25,9,23,18,16,0,-0.035593629
25,9,23,18,17,0,-0.020593629
25,9,23,18,18,0,-0.031593629
25,9,23,18,19,0,-0.025593629
25,9,23,18,20,0,-0.032593629
25,9,23,18,21,0,-0.029593629
25,9,23,18,22,0,-0.021593629
25,9,23,18,23,0,-0.044593629
25,9,23,18,24,0,-0.024593629
25,9,23,18,25,0,-0.037593629
25,9,23,18,26,0,-0.015593629
25,9,23,18,27,0,-0.029593629
25,9,23,18,28,0,-0.065593629
25,9,23,18,29,0,-0.045593629
25,9,23,18,30,0,-0.048593629
25,9,23,18,31,0,-0.031593629
25,9,23,18,32,0,-0.027593629
25,9,23,18,33,0,-0.074593629
25,9,23,18,34,0,-0.036593629
25,9,23,18,35,0,-0.042593629
25,9,23,18,36,0,-0.035593629
25,9,23,18,37,0,0.022406371
25,9,23,18,38,0,-0.036593629
25,9,23,18,39,0,-0.047593629
25,9,23,18,40,0,-0.053593629
25,9,23,18,41,0,-0.036593629
25,9,23,18,42,0,-0.031593629
25,9,23,18,43,0,-0.057593629
25,9,23,18,44,0,-0.048593629
25,9,23,18,45,0,-0.040593629
25,9,23,18,46,0,-0.047593629
25,9,23,18,47,0,-0.049593629
25,9,23,18,48,0,-0.029593629
25,9,23,18,49,0,-0.026593629
25,9,23,18,50,0,-0.051593629
25,9,23,18,51,0,-0.034593629
25,9,23,18,52,0,-0.038593629
25,9,23,18,53,0,-0.042593629
25,9,23,18,54,0,-0.053593629
25,9,23,18,55,0,-0.063593629
25,9,23,18,56,0,-0.042593629
25,9,23,18,57,0,-0.049593629
25,9,23,18,58,0,-0.063593629
25,9,23,18,59,0,-0.041593629
25,9,23,19,0,0,-0.021593629
25,9,23,19,1,0,-0.024593629
25,9,23,19,2,0,-0.045593629
25,9,23,19,3,0,-0.060593629
25,9,23,19,4,0,-0.028593629
25,9,23,19,5,0,-0.023593629
25,9,23,19,6,0,-0.058593629
25,9,23,19,7,0,-0.062593629
25,9,23,19,8,0,-0.053593629
25,9,23,19,9,0,-0.036593629
25,9,23,19,10,0,-0.051593629
25,9,23,19,11,0,-0.057593629
25,9,23,19,12,0,-0.045593629
25,9,23,19,13,0,-0.069593629
25,9,23,19,14,0,-0.054593629
25,9,23,19,15,0,-0.039593629
25,9,23,19,16,0,-0.050593629
25,9,23,19,17,0,-0.070593629
25,9,23,19,18,0,-0.053593629
25,9,23,19,19,0,-0.069593629
25,9,23,19,20,0,-0.050593629
25,9,23,19,21,0,-0.037593629
25,9,23,19,22,0,-0.035593629
25,9,23,19,23,0,-0.065593629
25,9,23,19,24,0,-0.052593629
25,9,23,19,25,0,-0.034593629
25,9,23,19,26,0,-0.057593629
25,9,23,19,27,0,-0.053593629
25,9,23,19,28,0,-0.030593629
25,9,23,19,29,0,-0.067593629
25,9,23,19,30,0,-0.068593629
25,9,23,19,31,0,-0.043593629
25,9,23,19,32,0,-0.056593629
25,9,23,19,33,0,-0.049593629
25,9,23,19,34,0,-0.047593629
25,9,23,19,35,0,-0.057593629
25,9,23,19,36,0,-0.067593629
25,9,23,19,37,0,-0.065593629
25,9,23,19,38,0,-0.054593629
25,9,23,19,39,0,-0.039593629
25,9,23,19,40,0,-0.042593629
25,9,23,19,41,0,-0.042593629
25,9,23,19,42,0,-0.043593629
25,9,23,19,43,0,-0.049593629
25,9,23,19,44,0,-0.040593629
25,9,23,19,45,0,-0.037593629
25,9,23,19,46,0,-0.046593629
25,9,23,19,47,0,-0.070593629
25,9,23,19,48,0,-0.052593629
25,9,23,19,49,0,-0.047593629
25,9,23,19,50,0,-0.036593629
25,9,23,19,51,0,-0.050593629
25,9,23,19,52,0,0.045406371
25,9,23,19,53,0,-0.037593629
25,9,23,19,54,0,-0.037593629
25,9,23,19,55,0,-0.062593629
25,9,23,19,56,0,-0.037593629
25,9,23,19,57,0,-0.057593629
25,9,23,19,58,0,-0.066593629
25,9,23,19,59,0,-0.029593629
25,9,23,20,0,0,-0.052593629
25,9,23,20,1,0,-0.036593629
25,9,23,20,2,0,-0.024593629
25,9,23,20,3,0,-0.034593629
25,9,23,20,4,0,-0.034593629
25,9,23,20,5,0,-0.055593629
25,9,23,20,6,0,-0.024593629
25,9,23,20,7,0,-0.055593629
25,9,23,20,8,0,-0.035593629
25,9,23,20,9,0,-0.018593629
25,9,23,20,10,0,-0.035593629
25,9,23,20,11,0,-0.035593629
25,9,23,20,12,0,-0.035593629
25,9,23,20,13,0,-0.040593629
25,9,23,20,14,0,-0.063593629
25,9,23,20,15,0,-0.037593629
25,9,23,20,16,0,-0.048593629
25,9,23,20,17,0,-0.039593629
25,9,23,20,18,0,-0.046593629
25,9,23,20,19,0,-0.034593629
25,9,23,20,20,0,-0.045593629
25,9,23,20,21,0,-0.054593629
25,9,23,20,22,0,-0.043593629
25,9,23,20,23,0,-0.041593629
25,9,23,20,24,0,-0.041593629
25,9,23,20,25,0,-0.041593629
25,9,23,20,26,0,-0.036593629
25,9,23,20,27,0,-0.049593629
25,9,23,20,28,0,-0.040593629
25,9,23,20,29,0,-0.047593629
25,9,23,20,30,0,-0.055593629
25,9,23,20,31,0,-0.047593629
25,9,23,20,32,0,-0.065593629
25,9,23,20,33,0,-0.056593629
25,9,23,20,34,0,-0.035593629
25,9,23,20,35,0,-0.021593629
25,9,23,20,36,0,-0.068593629
25,9,23,20,37,0,-0.048593629
25,9,23,20,38,0,-0.045593629
25,9,23,20,39,0,-0.060593629
25,9,23,20,40,0,-0.064593629
25,9,23,20,41,0,-0.062593629
25,9,23,20,42,0,-0.036593629
25,9,23,20,43,0,-0.049593629
25,9,23,20,44,0,-0.064593629
25,9,23,20,45,0,-0.048593629
25,9,23,20,46,0,-0.039593629
25,9,23,20,47,0,-0.048593629
25,9,23,20,48,0,-0.054593629
25,9,23,20,49,0,-0.063593629
25,9,23,20,50,0,-0.039593629
25,9,23,20,51,0,-0.044593629
25,9,23,20,52,0,-0.052593629
25,9,23,20,53,0,-0.066593629
25,9,23,20,54,0,-0.069593629
25,9,23,20,55,0,-0.050593629
25,9,23,20,56,0,-0.046593629
25,9,23,20,57,0,-0.055593629
25,9,23,20,58,0,-0.060593629
25,9,23,20,59,0,-0.062593629
25,9,23,21,0,0,-0.054593629
25,9,23,21,1,0,-0.062593629
25,9,23,21,2,0,-0.051593629
25,9,23,21,3,0,-0.055593629
25,9,23,21,4,0,-0.057593629
25,9,23,21,5,0,-0.063593629
25,9,23,21,6,0,-0.040593629
25,9,23,21,7,0,-0.057593629
25,9,23,21,8,0,-0.047593629
25,9,23,21,9,0,-0.056593629
25,9,23,21,10,0,-0.052593629
25,9,23,21,11,0,-0.064593629
25,9,23,21,12,0,-0.067593629
25,9,23,21,13,0,-0.061593629
25,9,23,21,14,0,-0.068593629
25,9,23,21,15,0,-0.072593629
25,9,23,21,16,0,-0.062593629
25,9,23,21,17,0,-0.054593629
25,9,23,21,18,0,-0.061593629
25,9,23,21,19,0,-0.051593629
25,9,23,21,20,0,-0.042593629
25,9,23,21,21,0,-0.042593629
25,9,23,21,22,0,-0.042593629
25,9,23,21,23,0,-0.051593629
25,9,23,21,24,0,-0.067593629
25,9,23,21,25,0,-0.063593629
25,9,23,21,26,0,-0.067593629
25,9,23,21,27,0,-0.064593629
25,9,23,21,28,0,-0.075593629
25,9,23,21,29,0,-0.061593629
25,9,23,21,30,0,-0.068593629
25,9,23,21,31,0,-0.072593629
25,9,23,21,32,0,-0.069593629
25,9,23,21,33,0,-0.078593629
25,9,23,21,34,0,-0.013593629
25,9,23,21,35,0,-0.068593629
25,9,23,21,36,0,-0.070593629
25,9,23,21,37,0,-0.070593629
25,9,23,21,38,0,-0.082593629
25,9,23,21,39,0,-0.089593629
25,9,23,21,40,0,-0.075593629
25,9,23,21,41,0,-0.075593629
25,9,23,21,42,0,-0.071593629
25,9,23,21,43,0,-0.075593629
25,9,23,21,44,0,-0.067593629
25,9,23,21,45,0,-0.070593629
25,9,23,21,46,0,-0.087593629
25,9,23,21,47,0,-0.072593629
25,9,23,21,48,0,-0.080593629
25,9,23,21,49,0,-0.090593629
25,9,23,21,50,0,-0.075593629
25,9,23,21,51,0,-0.076593629
25,9,23,21,52,0,-0.080593629
25,9,23,21,53,0,-0.099593629
25,9,23,21,54,0,-0.076593629
25,9,23,21,55,0,-0.082593629
25,9,23,21,56,0,-0.093593629
25,9,23,21,57,0,-0.089593629
25,9,23,21,58,0,-0.093593629
25,9,23,21,59,0,-0.096593629
25,9,23,22,0,0,-0.107593629
25,9,23,22,1,0,-0.104593629
25,9,23,22,2,0,-0.098593629
25,9,23,22,3,0,-0.096593629
25,9,23,22,4,0,-0.105593629
25,9,23,22,5,0,-0.098593629
25,9,23,22,6,0,-0.090593629
25,9,23,22,7,0,-0.107593629
25,9,23,22,8,0,-0.112593629
25,9,23,22,9,0,-0.121593629
25,9,23,22,10,0,-0.118593629
25,9,23,22,11,0,-0.099593629
25,9,23,22,12,0,-0.093593629
25,9,23,22,13,0,-0.117593629
25,9,23,22,14,0,-0.096593629
25,9,23,22,15,0,-0.108593629
25,9,23,22,16,0,-0.113593629
25,9,23,22,17,0,-0.110593629
25,9,23,22,18,0,-0.116593629
25,9,23,22,19,0,-0.123593629
25,9,23,22,20,0,-0.110593629
25,9,23,22,21,0,-0.119593629
25,9,23,22,22,0,-0.120593629
25,9,23,22,23,0,-0.124593629
25,9,23,22,24,0,-0.120593629
25,9,23,22,25,0,-0.138593629
25,9,23,22,26,0,-0.125593629
25,9,23,22,27,0,-0.110593629
25,9,23,22,28,0,-0.128593629
25,9,23,22,29,0,-0.126593629
25,9,23,22,30,0,-0.127593629
25,9,23,22,31,0,-0.140593629
25,9,23,22,32,0,-0.151593629
25,9,23,22,33,0,-0.131593629
25,9,23,22,34,0,-0.143593629
25,9,23,22,35,0,-0.129593629
25,9,23,22,36,0,-0.136593629
25,9,23,22,37,0,-0.138593629
25,9,23,22,38,0,-0.150593629
25,9,23,22,39,0,-0.136593629
25,9,23,22,40,0,-0.127593629
25,9,23,22,41,0,-0.138593629
25,9,23,22,42,0,-0.143593629
25,9,23,22,43,0,-0.146593629
25,9,23,22,44,0,-0.143593629
25,9,23,22,45,0,-0.154593629
25,9,23,22,46,0,-0.152593629
25,9,23,22,47,0,-0.152593629
25,9,23,22,48,0,-0.152593629
25,9,23,22,49,0,-0.156593629
25,9,23,22,50,0,-0.154593629
25,9,23,22,51,0,-0.158593629
25,9,23,22,52,0,-0.155593629
25,9,23,22,53,0,-0.154593629
25,9,23,22,54,0,-0.158593629
25,9,23,22,55,0,-0.167593629
25,9,23,22,56,0,-0.159593629
25,9,23,22,57,0,-0.160593629
25,9,23,22,58,0,-0.148593629
25,9,23,22,59,0,-0.165593629
25,9,23,23,0,0,-0.161593629
25,9,23,23,1,0,-0.172593629
25,9,23,23,2,0,-0.166593629
25,9,23,23,3,0,-0.166593629
25,9,23,23,4,0,-0.179593629
25,9,23,23,5,0,-0.185593629
25,9,23,23,6,0,-0.179593629
25,9,23,23,7,0,-0.175593629
25,9,23,23,8,0,-0.192593629
25,9,23,23,9,0,-0.190593629
25,9,23,23,10,0,-0.191593629
25,9,23,23,11,0,-0.182593629
25,9,23,23,12,0,-0.116593629
25,9,23,23,13,0,-0.187593629
25,9,23,23,14,0,-0.190593629
25,9,23,23,15,0,-0.183593629
25,9,23,23,16,0,-0.184593629
25,9,23,23,17,0,-0.181593629
25,9,23,23,18,0,-0.199593629
25,9,23,23,19,0,-0.199593629
25,9,23,23,20,0,-0.184593629
25,9,23,23,21,0,-0.189593629
25,9,23,23,22,0,-0.202593629
25,9,23,23,23,0,-0.189593629
25,9,23,23,24,0,-0.197593629
25,9,23,23,25,0,-0.216593629
25,9,23,23,26,0,-0.208593629
25,9,23,23,27,0,-0.194593629
25,9,23,23,28,0,-0.202593629
25,9,23,23,29,0,-0.206593629
25,9,23,23,30,0,-0.206593629
25,9,23,23,31,0,-0.210593629
25,9,23,23,32,0,-0.218593629
25,9,23,23,33,0,-0.206593629
25,9,23,23,34,0,-0.212593629
25,9,23,23,35,0,-0.190593629
25,9,23,23,36,0,-0.212593629
25,9,23,23,37,0,-0.212593629
25,9,23,23,38,0,-0.188593629
25,9,23,23,39,0,-0.213593629
25,9,23,23,40,0,-0.213593629
25,9,23,23,41,0,-0.221593629
25,9,23,23,42,0,-0.232593629
25,9,23,23,43,0,-0.210593629
25,9,23,23,44,0,-0.220593629
25,9,23,23,45,0,-0.220593629
25,9,23,23,46,0,-0.220593629
25,9,23,23,47,0,-0.217593629
25,9,23,23,48,0,-0.236593629
25,9,23,23,49,0,-0.212593629
25,9,23,23,50,0,-0.217593629
25,9,23,23,51,0,-0.217593629
25,9,23,23,52,0,-0.217593629
25,9,23,23,53,0,-0.213593629
25,9,23,23,54,0,-0.217593629
25,9,23,23,55,0,-0.241593629
25,9,23,23,56,0,-0.215593629
25,9,23,23,57,0,-0.210593629
25,9,23,23,58,0,-0.213593629
25,9,23,23,59,0,-0.215593629
25,9,24,0,0,0,-0.240593629
25,9,24,0,1,0,-0.222593629
25,9,24,0,2,0,-0.225593629
25,9,24,0,3,0,-0.225593629
25,9,24,0,4,0,-0.232593629
25,9,24,0,5,0,-0.223593629
25,9,24,0,6,0,-0.237593629
25,9,24,0,7,0,-0.227593629
25,9,24,0,8,0,-0.228593629
25,9,24,0,9,0,-0.238593629
25,9,24,0,10,0,-0.228593629
25,9,24,0,11,0,-0.228593629
25,9,24,0,12,0,-0.237593629
25,9,24,0,13,0,-0.246593629
25,9,24,0,14,0,-0.240593629
25,9,24,0,15,0,-0.237593629
25,9,24,0,16,0,-0.237593629
25,9,24,0,17,0,-0.235593629
25,9,24,0,18,0,-0.240593629
25,9,24,0,19,0,-0.245593629
25,9,24,0,20,0,-0.246593629
25,9,24,0,21,0,-0.245593629
25,9,24,0,22,0,-0.240593629
25,9,24,0,23,0,-0.248593629
25,9,24,0,24,0,-0.248593629
25,9,24,0,25,0,-0.236593629
25,9,24,0,26,0,-0.245593629
25,9,24,0,27,0,-0.241593629
25,9,24,0,28,0,-0.250593629
25,9,24,0,29,0,-0.245593629
25,9,24,0,30,0,-0.255593629
25,9,24,0,31,0,-0.254593629
25,9,24,0,32,0,-0.250593629
25,9,24,0,33,0,-0.241593629
25,9,24,0,34,0,-0.254593629
25,9,24,0,35,0,-0.245593629
25,9,24,0,36,0,-0.255593629
25,9,24,0,37,0,-0.253593629
25,9,24,0,38,0,-0.258593629
25,9,24,0,39,0,-0.248593629
25,9,24,0,40,0,-0.240593629
25,9,24,0,41,0,-0.243593629
25,9,24,0,42,0,-0.258593629
25,9,24,0,43,0,-0.248593629
25,9,24,0,44,0,-0.265593629
25,9,24,0,45,0,-0.255593629
25,9,24,0,46,0,-0.251593629
25,9,24,0,47,0,-0.248593629
25,9,24,0,48,0,-0.254593629
25,9,24,0,49,0,-0.259593629
25,9,24,0,50,0,-0.253593629
25,9,24,0,51,0,-0.249593629
25,9,24,0,52,0,-0.238593629
25,9,24,0,53,0,-0.253593629
25,9,24,0,54,0,-0.257593629
25,9,24,0,55,0,-0.251593629
25,9,24,0,56,0,-0.253593629
25,9,24,0,57,0,-0.258593629
25,9,24,0,58,0,-0.257593629
25,9,24,0,59,0,-0.262593629
25,9,24,1,0,0,-0.259593629
25,9,24,1,1,0,-0.257593629
25,9,24,1,2,0,-0.257593629
25,9,24,1,3,0,-0.257593629
25,9,24,1,4,0,-0.258593629
25,9,24,1,5,0,-0.268593629
25,9,24,1,6,0,-0.266593629
25,9,24,1,7,0,-0.270593629
25,9,24,1,8,0,-0.279593629
25,9,24,1,9,0,-0.260593629
25,9,24,1,10,0,-0.266593629
25,9,24,1,11,0,-0.262593629
25,9,24,1,12,0,-0.258593629
25,9,24,1,13,0,-0.268593629
25,9,24,1,14,0,-0.264593629
25,9,24,1,15,0,-0.263593629
25,9,24,1,16,0,-0.256593629
25,9,24,1,17,0,-0.278593629
25,9,24,1,18,0,-0.268593629
25,9,24,1,19,0,-0.268593629
25,9,24,1,20,0,-0.267593629
25,9,24,1,21,0,-0.271593629
25,9,24,1,22,0,-0.249593629
25,9,24,1,23,0,-0.266593629
25,9,24,1,24,0,-0.273593629
25,9,24,1,25,0,-0.264593629
25,9,24,1,26,0,-0.267593629
25,9,24,1,27,0,-0.261593629
25,9,24,1,28,0,-0.257593629
25,9,24,1,29,0,-0.265593629
25,9,24,1,30,0,-0.254593629
25,9,24,1,31,0,-0.252593629
25,9,24,1,32,0,-0.265593629
25,9,24,1,33,0,-0.269593629
25,9,24,1,34,0,-0.259593629
25,9,24,1,35,0,-0.261593629
25,9,24,1,36,0,-0.265593629
25,9,24,1,37,0,-0.269593629
25,9,24,1,38,0,-0.263593629
25,9,24,1,39,0,-0.255593629
25,9,24,1,40,0,-0.266593629
25,9,24,1,41,0,-0.260593629
25,9,24,1,42,0,-0.253593629
25,9,24,1,43,0,-0.257593629
25,9,24,1,44,0,-0.260593629
25,9,24,1,45,0,-0.264593629
25,9,24,1,46,0,-0.266593629
25,9,24,1,47,0,-0.268593629
25,9,24,1,48,0,-0.269593629
25,9,24,1,49,0,-0.256593629
25,9,24,1,50,0,-0.265593629
25,9,24,1,51,0,-0.266593629
25,9,24,1,52,0,-0.262593629
25,9,24,1,53,0,-0.259593629
25,9,24,1,54,0,-0.277593629
25,9,24,1,55,0,-0.262593629
25,9,24,1,56,0,-0.260593629
25,9,24,1,57,0,-0.266593629
25,9,24,1,58,0,-0.259593629
25,9,24,1,59,0,-0.252593629
25,9,24,2,0,0,-0.265593629
25,9,24,2,1,0,-0.261593629
25,9,24,2,2,0,-0.253593629
25,9,24,2,3,0,-0.255593629
25,9,24,2,4,0,-0.258593629
25,9,24,2,5,0,-0.263593629
25,9,24,2,6,0,-0.254593629
25,9,24,2,7,0,-0.269593629
25,9,24,2,8,0,-0.262593629
25,9,24,2,9,0,-0.259593629
25,9,24,2,10,0,-0.243593629
25,9,24,2,11,0,-0.265593629
25,9,24,2,12,0,-0.253593629
25,9,24,2,13,0,-0.261593629
25,9,24,2,14,0,-0.259593629
25,9,24,2,15,0,-0.260593629
25,9,24,2,16,0,-0.265593629
25,9,24,2,17,0,-0.259593629
25,9,24,2,18,0,-0.263593629
25,9,24,2,19,0,-0.249593629
25,9,24,2,20,0,-0.248593629
25,9,24,2,21,0,-0.253593629
25,9,24,2,22,0,-0.248593629
25,9,24,2,23,0,-0.257593629
25,9,24,2,24,0,-0.244593629
25,9,24,2,25,0,-0.258593629
25,9,24,2,26,0,-0.267593629
25,9,24,2,27,0,-0.246593629
25,9,24,2,28,0,-0.254593629
25,9,24,2,29,0,-0.262593629
25,9,24,2,30,0,-0.252593629
25,9,24,2,31,0,-0.254593629
25,9,24,2,32,0,-0.259593629
25,9,24,2,33,0,-0.249593629
25,9,24,2,34,0,-0.247593629
25,9,24,2,35,0,-0.251593629
25,9,24,2,36,0,-0.249593629
25,9,24,2,37,0,-0.246593629
25,9,24,2,38,0,-0.260593629
25,9,24,2,39,0,-0.249593629
25,9,24,2,40,0,-0.251593629
25,9,24,2,41,0,-0.246593629
25,9,24,2,42,0,-0.244593629
25,9,24,2,43,0,-0.252593629
25,9,24,2,44,0,-0.244593629
25,9,24,2,45,0,-0.242593629
25,9,24,2,46,0,-0.242593629
25,9,24,2,47,0,-0.256593629
25,9,24,2,48,0,-0.242593629
25,9,24,2,49,0,-0.244593629
25,9,24,2,50,0,-0.241593629
25,9,24,2,51,0,-0.252593629
25,9,24,2,52,0,-0.242593629
25,9,24,2,53,0,-0.253593629
25,9,24,2,54,0,-0.246593629
25,9,24,2,55,0,-0.243593629
25,9,24,2,56,0,-0.249593629
25,9,24,2,57,0,-0.237593629
25,9,24,2,58,0,-0.244593629
25,9,24,2,59,0,-0.245593629
25,9,24,3,0,0,-0.254593629
25,9,24,3,1,0,-0.250593629
25,9,24,3,2,0,-0.258593629
25,9,24,3,3,0,-0.244593629
25,9,24,3,4,0,-0.229593629
25,9,24,3,5,0,-0.245593629
25,9,24,3,6,0,-0.232593629
25,9,24,3,7,0,-0.233593629
25,9,24,3,8,0,-0.233593629
25,9,24,3,9,0,-0.239593629
25,9,24,3,10,0,-0.229593629
25,9,24,3,11,0,-0.234593629
25,9,24,3,12,0,-0.226593629
25,9,24,3,13,0,-0.242593629
25,9,24,3,14,0,-0.225593629
25,9,24,3,15,0,-0.229593629
25,9,24,3,16,0,-0.235593629
25,9,24,3,17,0,-0.235593629
25,9,24,3,18,0,-0.240593629
25,9,24,3,19,0,-0.227593629
25,9,24,3,20,0,-0.226593629
25,9,24,3,21,0,-0.237593629
25,9,24,3,22,0,-0.219593629
25,9,24,3,23,0,-0.227593629
25,9,24,3,24,0,-0.219593629
25,9,24,3,25,0,-0.211593629
25,9,24,3,26,0,-0.214593629
25,9,24,3,27,0,-0.215593629
25,9,24,3,28,0,-0.224593629
25,9,24,3,29,0,-0.218593629
25,9,24,3,30,0,-0.225593629
25,9,24,3,31,0,-0.218593629
25,9,24,3,32,0,-0.225593629
25,9,24,3,33,0,-0.218593629
25,9,24,3,34,0,-0.217593629
25,9,24,3,35,0,-0.225593629
25,9,24,3,36,0,-0.217593629
25,9,24,3,37,0,-0.210593629
25,9,24,3,38,0,-0.214593629
25,9,24,3,39,0,-0.217593629
25,9,24,3,40,0,-0.218593629
25,9,24,3,41,0,-0.203593629
25,9,24,3,42,0,-0.210593629
25,9,24,3,43,0,-0.215593629
25,9,24,3,44,0,-0.214593629
25,9,24,3,45,0,-0.208593629
25,9,24,3,46,0,-0.196593629
25,9,24,3,47,0,-0.208593629
25,9,24,3,48,0,-0.213593629
25,9,24,3,49,0,-0.217593629
25,9,24,3,50,0,-0.213593629
25,9,24,3,51,0,-0.216593629
25,9,24,3,52,0,-0.214593629
25,9,24,3,53,0,-0.194593629
25,9,24,3,54,0,-0.200593629
25,9,24,3,55,0,-0.193593629
25,9,24,3,56,0,-0.194593629
25,9,24,3,57,0,-0.191593629
25,9,24,3,58,0,-0.200593629
25,9,24,3,59,0,-0.184593629
25,9,24,4,0,0,-0.183593629
25,9,24,4,1,0,-0.205593629
25,9,24,4,2,0,-0.203593629
25,9,24,4,3,0,-0.185593629
25,9,24,4,4,0,-0.178593629
25,9,24,4,5,0,-0.176593629
25,9,24,4,6,0,-0.185593629
25,9,24,4,7,0,-0.182593629
25,9,24,4,8,0,-0.197593629
25,9,24,4,9,0,-0.172593629
25,9,24,4,10,0,-0.179593629
25,9,24,4,11,0,-0.191593629
25,9,24,4,12,0,-0.200593629
25,9,24,4,13,0,-0.181593629
25,9,24,4,14,0,-0.179593629
25,9,24,4,15,0,-0.187593629
25,9,24,4,16,0,-0.172593629
25,9,24,4,17,0,-0.172593629
25,9,24,4,18,0,-0.101593629
25,9,24,4,19,0,-0.176593629
25,9,24,4,20,0,-0.178593629
25,9,24,4,21,0,-0.165593629
25,9,24,4,22,0,-0.168593629
25,9,24,4,23,0,-0.168593629
25,9,24,4,24,0,-0.168593629
25,9,24,4,25,0,-0.158593629
25,9,24,4,26,0,-0.172593629
25,9,24,4,27,0,-0.158593629
25,9,24,4,28,0,-0.162593629
25,9,24,4,29,0,-0.165593629
25,9,24,4,30,0,-0.162593629
25,9,24,4,31,0,-0.165593629
25,9,24,4,32,0,-0.158593629
25,9,24,4,33,0,-0.172593629
25,9,24,4,34,0,-0.170593629
25,9,24,4,35,0,-0.164593629
25,9,24,4,36,0,-0.155593629
25,9,24,4,37,0,-0.160593629
25,9,24,4,38,0,-0.144593629
25,9,24,4,39,0,-0.156593629
25,9,24,4,40,0,-0.141593629
25,9,24,4,41,0,-0.164593629
25,9,24,4,42,0,-0.147593629
25,9,24,4,43,0,-0.138593629
25,9,24,4,44,0,-0.144593629
25,9,24,4,45,0,-0.152593629
25,9,24,4,46,0,-0.144593629
25,9,24,4,47,0,-0.149593629
25,9,24,4,48,0,-0.150593629
25,9,24,4,49,0,-0.131593629
25,9,24,4,50,0,-0.149593629
25,9,24,4,51,0,-0.129593629
25,9,24,4,52,0,-0.138593629
25,9,24,4,53,0,-0.142593629
25,9,24,4,54,0,-0.136593629
25,9,24,4,55,0,-0.145593629
25,9,24,4,56,0,-0.138593629
25,9,24,4,57,0,-0.138593629
25,9,24,4,58,0,-0.147593629
25,9,24,4,59,0,-0.133593629
25,9,24,5,0,0,-0.139593629
25,9,24,5,1,0,-0.068593629
25,9,24,5,2,0,-0.143593629
25,9,24,5,3,0,-0.139593629
25,9,24,5,4,0,-0.124593629
25,9,24,5,5,0,-0.126593629
25,9,24,5,6,0,-0.124593629
25,9,24,5,7,0,-0.118593629
25,9,24,5,8,0,-0.127593629
25,9,24,5,9,0,-0.118593629
25,9,24,5,10,0,-0.115593629
25,9,24,5,11,0,-0.126593629
25,9,24,5,12,0,-0.057593629
25,9,24,5,13,0,-0.125593629
25,9,24,5,14,0,-0.105593629
25,9,24,5,15,0,-0.121593629
25,9,24,5,16,0,-0.129593629
25,9,24,5,17,0,-0.113593629
25,9,24,5,18,0,-0.112593629
25,9,24,5,19,0,-0.112593629
25,9,24,5,20,0,-0.123593629
25,9,24,5,21,0,-0.113593629
25,9,24,5,22,0,-0.112593629
25,9,24,5,23,0,-0.109593629
25,9,24,5,24,0,-0.109593629
25,9,24,5,25,0,-0.103593629
25,9,24,5,26,0,-0.092593629
25,9,24,5,27,0,-0.099593629
25,9,24,5,28,0,-0.111593629
25,9,24,5,29,0,-0.129593629
25,9,24,5,30,0,-0.127593629
25,9,24,5,31,0,-0.124593629
25,9,24,5,32,0,-0.086593629
25,9,24,5,33,0,-0.082593629
25,9,24,5,34,0,-0.130593629
25,9,24,5,35,0,-0.098593629
25,9,24,5,36,0,-0.088593629
25,9,24,5,37,0,-0.096593629
25,9,24,5,38,0,-0.098593629
25,9,24,5,39,0,-0.098593629
25,9,24,5,40,0,-0.093593629
25,9,24,5,41,0,-0.103593629
25,9,24,5,42,0,-0.100593629
25,9,24,5,43,0,-0.099593629
25,9,24,5,44,0,-0.094593629
25,9,24,5,45,0,-0.091593629
25,9,24,5,46,0,-0.091593629
25,9,24,5,47,0,-0.094593629
25,9,24,5,48,0,-0.100593629
25,9,24,5,49,0,-0.085593629
25,9,24,5,50,0,-0.091593629
25,9,24,5,51,0,-0.093593629
25,9,24,5,52,0,-0.097593629
25,9,24,5,53,0,-0.078593629
25,9,24,5,54,0,-0.084593629
25,9,24,5,55,0,-0.096593629
25,9,24,5,56,0,-0.071593629
25,9,24,5,57,0,-0.084593629
25,9,24,5,58,0,-0.093593629
25,9,24,5,59,0,-0.086593629
25,9,24,6,0,0,-0.072593629
25,9,24,6,1,0,-0.083593629
25,9,24,6,2,0,-0.068593629
25,9,24,6,3,0,-0.083593629
25,9,24,6,4,0,-0.069593629
25,9,24,6,5,0,-0.085593629
25,9,24,6,6,0,-0.083593629
25,9,24,6,7,0,-0.087593629
25,9,24,6,8,0,-0.087593629
25,9,24,6,9,0,-0.085593629
25,9,24,6,10,0,-0.081593629
25,9,24,6,11,0,-0.081593629
25,9,24,6,12,0,-0.093593629
25,9,24,6,13,0,-0.069593629
25,9,24,6,14,0,-0.087593629
25,9,24,6,15,0,-0.081593629
25,9,24,6,16,0,-0.077593629
25,9,24,6,17,0,-0.063593629
25,9,24,6,18,0,-0.084593629
25,9,24,6,19,0,-0.054593629
25,9,24,6,20,0,-0.072593629
25,9,24,6,21,0,-0.080593629
25,9,24,6,22,0,-0.067593629
25,9,24,6,23,0,-0.066593629
25,9,24,6,24,0,-0.075593629
25,9,24,6,25,0,-0.054593629
25,9,24,6,26,0,-0.065593629
25,9,24,6,27,0,-0.059593629
25,9,24,6,28,0,-0.058593629
25,9,24,6,29,0,-0.059593629
25,9,24,6,30,0,-0.063593629
25,9,24,6,31,0,-0.045593629
25,9,24,6,32,0,-0.064593629
25,9,24,6,33,0,-0.059593629
25,9,24,6,34,0,-0.059593629
25,9,24,6,35,0,-0.058593629
25,9,24,6,36,0,-0.073593629
25,9,24,6,37,0,-0.049593629
25,9,24,6,38,0,-0.050593629
25,9,24,6,39,0,-0.040593629
25,9,24,6,40,0,-0.046593629
25,9,24,6,41,0,-0.044593629
25,9,24,6,42,0,-0.034593629
25,9,24,6,43,0,-0.024593629
25,9,24,6,44,0,-0.045593629
25,9,24,6,45,0,-0.041593629
25,9,24,6,46,0,-0.056593629
25,9,24,6,47,0,-0.040593629
25,9,24,6,48,0,-0.037593629
25,9,24,6,49,0,-0.027593629
25,9,24,6,50,0,-0.052593629
25,9,24,6,51,0,-0.025593629
25,9,24,6,52,0,-0.052593629
25,9,24,6,53,0,-0.037593629
25,9,24,6,54,0,-0.029593629
25,9,24,6,55,0,-0.027593629
25,9,24,6,56,0,-0.019593629
25,9,24,6,57,0,-0.047593629
25,9,24,6,58,0,-0.022593629
25,9,24,6,59,0,-0.021593629
25,9,24,7,0,0,-0.011593629
25,9,24,7,1,0,-0.017593629
25,9,24,7,2,0,-0.024593629
25,9,24,7,3,0,-0.021593629
25,9,24,7,4,0,-0.025593629
25,9,24,7,5,0,-0.027593629
25,9,24,7,6,0,-0.030593629
25,9,24,7,7,0,-0.019593629
25,9,24,7,8,0,-0.020593629
25,9,24,7,9,0,-0.010593629
25,9,24,7,10,0,-0.009593629
25,9,24,7,11,0,-0.029593629
25,9,24,7,12,0,-0.020593629
25,9,24,7,13,0,-0.016593629
25,9,24,7,14,0,-0.012593629
25,9,24,7,15,0,-0.005593629
25,9,24,7,16,0,-0.030593629
25,9,24,7,17,0,-0.008593629
25,9,24,7,18,0,-0.018593629
25,9,24,7,19,0,-0.008593629
25,9,24,7,20,0,-0.005593629
25,9,24,7,21,0,-0.000593629
25,9,24,7,22,0,-0.004593629
25,9,24,7,23,0,-0.002593629
25,9,24,7,24,0,0.002406371
25,9,24,7,25,0,-0.006593629
25,9,24,7,26,0,-0.000593629
25,9,24,7,27,0,0.000406371
25,9,24,7,28,0,-0.011593629
25,9,24,7,29,0,-0.014593629
25,9,24,7,30,0,0.003406371
25,9,24,7,31,0,-0.003593629
25,9,24,7,32,0,0.019406371
25,9,24,7,33,0,-0.039593629
25,9,24,7,34,0,0.006406371
25,9,24,7,35,0,0.016406371
25,9,24,7,36,0,-0.006593629
25,9,24,7,37,0,0.022406371
25,9,24,7,38,0,0.002406371
25,9,24,7,39,0,0.013406371
25,9,24,7,40,0,0.011406371
25,9,24,7,41,0,0.007406371
25,9,24,7,42,0,0.014406371
25,9,24,7,43,0,0.016406371
25,9,24,7,44,0,0.027406371
25,9,24,7,45,0,0.020406371
25,9,24,7,46,0,0.012406371
25,9,24,7,47,0,0.017406371
25,9,24,7,48,0,0.020406371
25,9,24,7,49,0,0.016406371
25,9,24,7,50,0,0.024406371
25,9,24,7,51,0,0.035406371
25,9,24,7,52,0,0.021406371
25,9,24,7,53,0,0.093406371
25,9,24,7,54,0,0.036406371
25,9,24,7,55,0,0.032406371
25,9,24,7,56,0,0.031406371
25,9,24,7,57,0,0.041406371
25,9,24,7,58,0,0.035406371
25,9,24,7,59,0,0.033406371
25,9,24,8,0,0,0.040406371
25,9,24,8,1,0,0.041406371
25,9,24,8,2,0,0.040406371
25,9,24,8,3,0,0.032406371
25,9,24,8,4,0,0.043406371
25,9,24,8,5,0,0.047406371
25,9,24,8,6,0,0.057406371
25,9,24,8,7,0,-0.018593629
25,9,24,8,8,0,0.042406371
25,9,24,8,9,0,0.037406371
25,9,24,8,10,0,0.053406371
25,9,24,8,11,0,0.056406371
25,9,24,8,12,0,0.034406371
25,9,24,8,13,0,0.053406371
25,9,24,8,14,0,0.056406371
25,9,24,8,15,0,0.049406371
25,9,24,8,16,0,0.053406371
25,9,24,8,17,0,0.064406371
25,9,24,8,18,0,0.057406371
25,9,24,8,19,0,0.056406371
25,9,24,8,20,0,0.045406371
25,9,24,8,21,0,0.061406371
25,9,24,8,22,0,0.058406371
25,9,24,8,23,0,0.061406371
25,9,24,8,24,0,0.065406371
25,9,24,8,25,0,0.067406371
25,9,24,8,26,0,0.078406371
25,9,24,8,27,0,0.067406371
25,9,24,8,28,0,0.068406371
25,9,24,8,29,0,0.076406371
25,9,24,8,30,0,0.077406371
25,9,24,8,31,0,0.081406371
25,9,24,8,32,0,0.082406371
25,9,24,8,33,0,0.086406371
25,9,24,8,34,0,0.087406371
25,9,24,8,35,0,0.079406371
25,9,24,8,36,0,0.096406371
25,9,24,8,37,0,0.080406371
25,9,24,8,38,0,0.071406371
25,9,24,8,39,0,0.103406371
25,9,24,8,40,0,0.079406371
25,9,24,8,41,0,0.091406371
25,9,24,8,42,0,0.092406371
25,9,24,8,43,0,0.083406371
25,9,24,8,44,0,0.088406371
25,9,24,8,45,0,0.093406371
25,9,24,8,46,0,0.088406371
25,9,24,8,47,0,0.098406371
25,9,24,8,48,0,0.099406371
25,9,24,8,49,0,0.083406371
25,9,24,8,50,0,0.111406371
25,9,24,8,51,0,0.117406371
25,9,24,8,52,0,0.101406371
25,9,24,8,53,0,0.106406371
25,9,24,8,54,0,0.093406371
25,9,24,8,55,0,0.119406371
25,9,24,8,56,0,0.117406371
25,9,24,8,57,0,0.112406371
25,9,24,8,58,0,0.097406371
25,9,24,8,59,0,0.092406371
25,9,24,9,0,0,0.091406371
25,9,24,9,1,0,0.096406371
25,9,24,9,2,0,0.104406371
25,9,24,9,3,0,0.117406371
25,9,24,9,4,0,0.117406371
25,9,24,9,5,0,0.100406371
25,9,24,9,6,0,0.107406371
25,9,24,9,7,0,0.111406371
25,9,24,9,8,0,0.104406371
25,9,24,9,9,0,0.099406371
25,9,24,9,10,0,0.111406371
25,9,24,9,11,0,0.116406371
25,9,24,9,12,0,0.118406371
25,9,24,9,13,0,0.104406371
25,9,24,9,14,0,0.120406371
25,9,24,9,15,0,0.176406371
25,9,24,9,16,0,0.113406371
25,9,24,9,17,0,0.106406371
25,9,24,9,18,0,0.123406371
25,9,24,9,19,0,0.123406371
25,9,24,9,20,0,0.114406371
25,9,24,9,21,0,0.117406371
25,9,24,9,22,0,0.113406371
25,9,24,9,23,0,0.121406371
25,9,24,9,24,0,0.116406371
25,9,24,9,25,0,0.126406371
25,9,24,9,26,0,0.125406371
25,9,24,9,27,0,0.122406371
25,9,24,9,28,0,0.125406371
25,9,24,9,29,0,0.111406371
25,9,24,9,30,0,0.116406371
25,9,24,9,31,0,0.124406371
25,9,24,9,32,0,0.118406371
25,9,24,9,33,0,0.096406371
25,9,24,9,34,0,0.118406371
25,9,24,9,35,0,0.117406371
25,9,24,9,36,0,0.132406371
25,9,24,9,37,0,0.125406371
25,9,24,9,38,0,0.128406371
25,9,24,9,39,0,0.116406371
25,9,24,9,40,0,0.128406371
25,9,24,9,41,0,0.116406371
25,9,24,9,42,0,0.121406371
25,9,24,9,43,0,0.129406371
25,9,24,9,44,0,0.125406371
25,9,24,9,45,0,0.131406371
25,9,24,9,46,0,0.109406371
25,9,24,9,47,0,0.123406371
25,9,24,9,48,0,0.120406371
25,9,24,9,49,0,0.119406371
25,9,24,9,50,0,0.129406371
25,9,24,9,51,0,0.124406371
25,9,24,9,52,0,0.124406371
25,9,24,9,53,0,0.137406371
25,9,24,9,54,0,0.135406371
25,9,24,9,55,0,0.111406371
25,9,24,9,56,0,0.109406371
25,9,24,9,57,0,0.119406371
25,9,24,9,58,0,0.118406371
25,9,24,9,59,0,0.120406371
25,9,24,10,0,0,0.121406371
25,9,24,10,1,0,0.119406371
25,9,24,10,2,0,0.122406371
25,9,24,10,3,0,0.112406371
25,9,24,10,4,0,0.126406371
25,9,24,10,5,0,0.129406371
25,9,24,10,6,0,0.111406371
25,9,24,10,7,0,0.116406371
25,9,24,10,8,0,0.116406371
25,9,24,10,9,0,0.124406371
25,9,24,10,10,0,0.124406371
25,9,24,10,11,0,0.110406371
25,9,24,10,12,0,0.124406371
25,9,24,10,13,0,0.115406371
25,9,24,10,14,0,0.114406371
25,9,24,10,15,0,0.135406371
25,9,24,10,16,0,0.119406371
25,9,24,10,17,0,0.128406371
25,9,24,10,18,0,0.122406371
25,9,24,10,19,0,0.117406371
25,9,24,10,20,0,0.128406371
25,9,24,10,21,0,0.100406371
25,9,24,10,22,0,0.122406371
25,9,24,10,23,0,0.108406371
25,9,24,10,24,0,0.145406371
25,9,24,10,25,0,0.123406371
25,9,24,10,26,0,0.120406371
25,9,24,10,27,0,0.130406371
25,9,24,10,28,0,0.109406371
25,9,24,10,29,0,0.122406371
25,9,24,10,30,0,0.112406371
25,9,24,10,31,0,0.118406371
25,9,24,10,32,0,0.121406371
25,9,24,10,33,0,0.118406371
25,9,24,10,34,0,0.118406371
25,9,24,10,35,0,0.118406371
25,9,24,10,36,0,0.116406371
25,9,24,10,37,0,0.115406371
25,9,24,10,38,0,0.110406371
25,9,24,10,39,0,0.126406371
25,9,24,10,40,0,0.113406371
25,9,24,10,41,0,0.118406371
25,9,24,10,42,0,0.113406371
25,9,24,10,43,0,0.107406371
25,9,24,10,44,0,0.115406371
25,9,24,10,45,0,0.103406371
25,9,24,10,46,0,0.118406371
25,9,24,10,47,0,0.106406371
25,9,24,10,48,0,0.109406371
25,9,24,10,49,0,0.111406371
25,9,24,10,50,0,0.117406371
25,9,24,10,51,0,0.110406371
25,9,24,10,52,0,0.118406371
25,9,24,10,53,0,0.107406371
25,9,24,10,54,0,0.103406371
25,9,24,10,55,0,0.113406371
25,9,24,10,56,0,0.108406371
25,9,24,10,57,0,0.106406371
25,9,24,10,58,0,0.091406371
25,9,24,10,59,0,0.126406371
25,9,24,11,0,0,0.097406371
25,9,24,11,1,0,0.108406371
25,9,24,11,2,0,0.106406371
25,9,24,11,3,0,0.108406371
25,9,24,11,4,0,0.096406371
25,9,24,11,5,0,0.104406371
25,9,24,11,6,0,0.101406371
25,9,24,11,7,0,0.102406371
25,9,24,11,8,0,0.102406371
25,9,24,11,9,0,0.111406371
25,9,24,11,10,0,0.103406371
25,9,24,11,11,0,0.110406371
25,9,24,11,12,0,0.083406371
25,9,24,11,13,0,0.098406371
25,9,24,11,14,0,0.098406371
25,9,24,11,15,0,0.096406371
25,9,24,11,16,0,0.093406371
25,9,24,11,17,0,0.090406371
25,9,24,11,18,0,0.100406371
25,9,24,11,19,0,0.091406371
25,9,24,11,20,0,0.092406371
25,9,24,11,21,0,0.085406371
25,9,24,11,22,0,0.093406371
25,9,24,11,23,0,0.091406371
25,9,24,11,24,0,0.085406371
25,9,24,11,25,0,0.081406371
25,9,24,11,26,0,0.101406371
25,9,24,11,27,0,0.085406371
25,9,24,11,28,0,0.085406371
25,9,24,11,29,0,0.089406371
25,9,24,11,30,0,0.090406371
25,9,24,11,31,0,0.085406371
25,9,24,11,32,0,0.085406371
25,9,24,11,33,0,0.089406371
25,9,24,11,34,0,0.080406371
25,9,24,11,35,0,0.087406371
25,9,24,11,36,0,0.085406371
25,9,24,11,37,0,0.072406371
25,9,24,11,38,0,0.089406371
25,9,24,11,39,0,0.077406371
25,9,24,11,40,0,0.081406371
25,9,24,11,41,0,0.075406371
25,9,24,11,42,0,0.086406371
25,9,24,11,43,0,0.073406371
25,9,24,11,44,0,0.079406371
25,9,24,11,45,0,0.083406371
25,9,24,11,46,0,0.080406371
25,9,24,11,47,0,0.084406371
25,9,24,11,48,0,0.070406371
25,9,24,11,49,0,0.091406371
25,9,24,11,50,0,0.085406371
25,9,24,11,51,0,0.074406371
25,9,24,11,52,0,0.077406371
25,9,24,11,53,0,0.084406371
25,9,24,11,54,0,0.086406371
25,9,24,11,55,0,0.086406371
25,9,24,11,56,0,0.077406371
25,9,24,11,57,0,0.069406371
25,9,24,11,58,0,0.075406371
25,9,24,11,59,0,0.082406371
25,9,24,12,0,0,0.076406371
25,9,24,12,1,0,0.064406371
25,9,24,12,2,0,0.071406371
25,9,24,12,3,0,0.071406371
25,9,24,12,4,0,0.077406371
25,9,24,12,5,0,0.071406371
25,9,24,12,6,0,0.059406371
25,9,24,12,7,0,0.064406371
25,9,24,12,8,0,0.069406371
25,9,24,12,9,0,0.069406371
25,9,24,12,10,0,0.045406371
25,9,24,12,11,0,0.071406371
25,9,24,12,12,0,0.077406371
25,9,24,12,13,0,0.071406371
25,9,24,12,14,0,0.082406371
25,9,24,12,15,0,0.082406371
25,9,24,12,16,0,0.067406371
25,9,24,12,17,0,0.071406371
25,9,24,12,18,0,0.071406371
25,9,24,12,19,0,0.058406371
25,9,24,12,20,0,0.067406371
25,9,24,12,21,0,0.076406371
25,9,24,12,22,0,0.070406371
25,9,24,12,23,0,0.067406371
25,9,24,12,24,0,0.055406371
25,9,24,12,25,0,0.048406371
25,9,24,12,26,0,0.048406371
25,9,24,12,27,0,0.053406371
25,9,24,12,28,0,0.056406371
25,9,24,12,29,0,0.051406371
25,9,24,12,30,0,0.066406371
25,9,24,12,31,0,0.062406371
25,9,24,12,32,0,0.062406371
25,9,24,12,33,0,0.064406371
25,9,24,12,34,0,0.067406371
25,9,24,12,35,0,0.060406371
25,9,24,12,36,0,0.059406371
25,9,24,12,37,0,0.053406371
25,9,24,12,38,0,0.059406371
25,9,24,12,39,0,0.058406371
25,9,24,12,40,0,0.040406371
25,9,24,12,41,0,0.055406371
25,9,24,12,42,0,0.045406371
25,9,24,12,43,0,0.056406371
25,9,24,12,44,0,0.059406371
25,9,24,12,45,0,0.050406371
25,9,24,12,46,0,0.056406371
25,9,24,12,47,0,0.058406371
25,9,24,12,48,0,0.061406371
25,9,24,12,49,0,0.058406371
25,9,24,12,50,0,0.096406371
25,9,24,12,51,0,0.053406371
25,9,24,12,52,0,0.050406371
25,9,24,12,53,0,0.043406371
25,9,24,12,54,0,0.030406371
25,9,24,12,55,0,0.039406371
25,9,24,12,56,0,0.057406371
25,9,24,12,57,0,0.053406371
25,9,24,12,58,0,0.038406371
25,9,24,12,59,0,0.047406371
25,9,24,13,0,0,0.062406371
25,9,24,13,1,0,0.042406371
25,9,24,13,2,0,0.055406371
25,9,24,13,3,0,0.044406371
25,9,24,13,4,0,0.051406371
25,9,24,13,5,0,0.047406371
25,9,24,13,6,0,0.042406371
25,9,24,13,7,0,0.056406371
25,9,24,13,8,0,0.046406371
25,9,24,13,9,0,0.054406371
25,9,24,13,10,0,0.040406371
25,9,24,13,11,0,0.043406371
25,9,24,13,12,0,0.047406371
25,9,24,13,13,0,0.045406371
25,9,24,13,14,0,0.032406371
25,9,24,13,15,0,0.032406371
25,9,24,13,16,0,0.101406371
25,9,24,13,17,0,0.046406371
25,9,24,13,18,0,0.057406371
25,9,24,13,19,0,0.028406371
25,9,24,13,20,0,0.015406371
25,9,24,13,21,0,0.043406371
25,9,24,13,22,0,0.041406371
25,9,24,13,23,0,0.053406371
25,9,24,13,24,0,0.037406371
25,9,24,13,25,0,0.055406371
25,9,24,13,26,0,0.049406371
25,9,24,13,27,0,0.045406371
25,9,24,13,28,0,0.043406371
25,9,24,13,29,0,0.041406371
25,9,24,13,30,0,0.031406371
25,9,24,13,31,0,0.035406371
25,9,24,13,32,0,0.025406371
25,9,24,13,33,0,0.035406371
25,9,24,13,34,0,0.048406371
25,9,24,13,35,0,0.049406371
25,9,24,13,36,0,0.036406371
25,9,24,13,37,0,0.042406371
25,9,24,13,38,0,0.050406371
25,9,24,13,39,0,0.030406371
25,9,24,13,40,0,0.049406371
25,9,24,13,41,0,0.050406371
25,9,24,13,42,0,0.069406371
25,9,24,13,43,0,0.034406371
25,9,24,13,44,0,0.042406371
25,9,24,13,45,0,0.048406371
25,9,24,13,46,0,0.031406371
25,9,24,13,47,0,0.044406371
25,9,24,13,48,0,0.037406371
25,9,24,13,49,0,0.039406371
25,9,24,13,50,0,0.039406371
25,9,24,13,51,0,0.054406371
25,9,24,13,52,0,0.053406371
25,9,24,13,53,0,0.052406371
25,9,24,13,54,0,0.044406371
25,9,24,13,55,0,0.038406371
25,9,24,13,56,0,0.051406371
25,9,24,13,57,0,0.043406371
25,9,24,13,58,0,0.040406371
25,9,24,13,59,0,0.039406371
25,9,24,14,0,0,0.040406371
25,9,24,14,1,0,0.038406371
25,9,24,14,2,0,0.043406371
25,9,24,14,3,0,0.042406371
25,9,24,14,4,0,0.032406371
25,9,24,14,5,0,0.036406371
25,9,24,14,6,0,0.041406371
25,9,24,14,7,0,0.035406371
25,9,24,14,8,0,0.035406371
25,9,24,14,9,0,0.072406371
25,9,24,14,10,0,0.039406371
25,9,24,14,11,0,0.035406371
25,9,24,14,12,0,0.028406371
25,9,24,14,13,0,0.046406371
25,9,24,14,14,0,0.029406371
25,9,24,14,15,0,0.037406371
25,9,24,14,16,0,0.030406371
25,9,24,14,17,0,0.040406371
25,9,24,14,18,0,0.057406371
25,9,24,14,19,0,0.032406371
25,9,24,14,20,0,0.035406371
25,9,24,14,21,0,0.035406371
25,9,24,14,22,0,0.047406371
25,9,24,14,23,0,0.039406371
25,9,24,14,24,0,0.047406371
25,9,24,14,25,0,0.038406371
25,9,24,14,26,0,0.046406371
25,9,24,14,27,0,0.039406371
25,9,24,14,28,0,0.038406371
25,9,24,14,29,0,0.029406371
25,9,24,14,30,0,0.039406371
25,9,24,14,31,0,0.044406371
25,9,24,14,32,0,0.034406371
25,9,24,14,33,0,0.039406371
25,9,24,14,34,0,0.044406371
25,9,24,14,35,0,0.039406371
25,9,24,14,36,0,0.037406371
25,9,24,14,37,0,0.036406371
25,9,24,14,38,0,0.028406371
25,9,24,14,39,0,0.034406371
25,9,24,14,40,0,0.041406371
25,9,24,14,41,0,0.034406371
25,9,24,14,42,0,0.014406371
25,9,24,14,43,0,-0.009593629
25,9,24,14,44,0,0.043406371
25,9,24,14,45,0,0.024406371
25,9,24,14,46,0,0.021406371
25,9,24,14,47,0,0.026406371
25,9,24,14,48,0,0.036406371
25,9,24,14,49,0,0.020406371
25,9,24,14,50,0,0.031406371
25,9,24,14,51,0,0.028406371
25,9,24,14,52,0,0.003406371
25,9,24,14,53,0,0.036406371
25,9,24,14,54,0,0.041406371
25,9,24,14,55,0,0.029406371
25,9,24,14,56,0,0.032406371
25,9,24,14,57,0,-0.001593629
25,9,24,14,58,0,0.033406371
25,9,24,14,59,0,0.035406371
25,9,24,15,0,0,0.023406371
25,9,24,15,1,0,0.023406371
25,9,24,15,2,0,0.013406371
25,9,24,15,3,0,0.027406371
25,9,24,15,4,0,0.025406371
25,9,24,15,5,0,0.022406371
25,9,24,15,6,0,0.042406371
25,9,24,15,7,0,0.030406371
25,9,24,15,8,0,0.039406371
25,9,24,15,9,0,0.021406371
25,9,24,15,10,0,0.017406371
25,9,24,15,11,0,0.019406371
25,9,24,15,12,0,0.034406371
25,9,24,15,13,0,0.021406371
25,9,24,15,14,0,0.028406371
25,9,24,15,15,0,0.024406371
25,9,24,15,16,0,0.052406371
25,9,24,15,17,0,0.027406371
25,9,24,15,18,0,0.020406371
25,9,24,15,19,0,0.027406371
25,9,24,15,20,0,0.019406371
25,9,24,15,21,0,0.043406371
25,9,24,15,22,0,0.044406371
25,9,24,15,23,0,0.042406371
25,9,24,15,24,0,0.020406371
25,9,24,15,25,0,0.017406371
25,9,24,15,26,0,0.028406371
25,9,24,15,27,0,0.009406371
25,9,24,15,28,0,-0.004593629
25,9,24,15,29,0,0.015406371
25,9,24,15,30,0,0.011406371
25,9,24,15,31,0,0.021406371
25,9,24,15,32,0,0.009406371
25,9,24,15,33,0,0.018406371
25,9,24,15,34,0,0.014406371
25,9,24,15,35,0,0.016406371
25,9,24,15,36,0,0.016406371
25,9,24,15,37,0,0.013406371
25,9,24,15,38,0,0.004406371
25,9,24,15,39,0,0.016406371
25,9,24,15,40,0,0.018406371
25,9,24,15,41,0,0.018406371
25,9,24,15,42,0,-0.004593629
25,9,24,15,43,0,-0.006593629
25,9,24,15,44,0,-0.016593629
25,9,24,15,45,0,-0.000593629
25,9,24,15,46,0,-0.004593629
25,9,24,15,47,0,0.000406371
25,9,24,15,48,0,0.007406371
25,9,24,15,49,0,-0.009593629
25,9,24,15,50,0,0.006406371
25,9,24,15,51,0,0.021406371
25,9,24,15,52,0,0.022406371
25,9,24,15,53,0,0.011406371
25,9,24,15,54,0,0.007406371
25,9,24,15,55,0,0.009406371
25,9,24,15,56,0,0.026406371
25,9,24,15,57,0,0.014406371
25,9,24,15,58,0,-0.004593629
25,9,24,15,59,0,0.014406371
25,9,24,16,0,0,0.006406371
25,9,24,16,1,0,0.005406371
25,9,24,16,2,0,0.010406371
25,9,24,16,3,0,0.008406371
25,9,24,16,4,0,0.008406371
25,9,24,16,5,0,0.010406371
25,9,24,16,6,0,0.000406371
25,9,24,16,7,0,0.007406371
25,9,24,16,8,0,-0.000593629
25,9,24,16,9,0,0.001406371
25,9,24,16,10,0,-0.012593629
25,9,24,16,11,0,-0.000593629
25,9,24,16,12,0,0.005406371
25,9,24,16,13,0,0.011406371
25,9,24,16,14,0,0.003406371
25,9,24,16,15,0,0.004406371
25,9,24,16,16,0,-0.002593629
25,9,24,16,17,0,0.003406371
25,9,24,16,18,0,0.008406371
25,9,24,16,19,0,0.008406371
25,9,24,16,20,0,0.013406371
25,9,24,16,21,0,0.006406371
25,9,24,16,22,0,0.002406371
25,9,24,16,23,0,-0.001593629
25,9,24,16,24,0,0.002406371
25,9,24,16,25,0,0.001406371
25,9,24,16,26,0,0.006406371
25,9,24,16,27,0,0.000406371
25,9,24,16,28,0,-0.002593629
25,9,24,16,29,0,-0.010593629
25,9,24,16,30,0,-0.004593629
25,9,24,16,31,0,0.006406371
25,9,24,16,32,0,-0.007593629
25,9,24,16,33,0,-0.002593629
25,9,24,16,34,0,-0.002593629
25,9,24,16,35,0,0.002406371
25,9,24,16,36,0,-0.016593629
25,9,24,16,37,0,-0.006593629
25,9,24,16,38,0,-0.008593629
25,9,24,16,39,0,-0.008593629
25,9,24,16,40,0,-0.008593629
25,9,24,16,41,0,-0.010593629
25,9,24,16,42,0,-0.010593629
25,9,24,16,43,0,-0.016593629
25,9,24,16,44,0,-0.010593629
25,9,24,16,45,0,-0.010593629
25,9,24,16,46,0,0.056406371
25,9,24,16,47,0,-0.008593629
25,9,24,16,48,0,-0.008593629
25,9,24,16,49,0,-0.010593629
25,9,24,16,50,0,0.009406371
25,9,24,16,51,0,-0.010593629
25,9,24,16,52,0,-0.013593629
25,9,24,16,53,0,-0.014593629
25,9,24,16,54,0,-0.003593629
25,9,24,16,55,0,-0.013593629
25,9,24,16,56,0,-0.027593629
25,9,24,16,57,0,-0.006593629
25,9,24,16,58,0,-0.028593629
25,9,24,16,59,0,-0.029593629
25,9,24,17,0,0,-0.031593629
25,9,24,17,1,0,-0.031593629
25,9,24,17,2,0,-0.032593629
25,9,24,17,3,0,-0.021593629
25,9,24,17,4,0,-0.024593629
25,9,24,17,5,0,-0.041593629
25,9,24,17,6,0,-0.033593629
25,9,24,17,7,0,-0.026593629
25,9,24,17,8,0,0.032406371
25,9,24,17,9,0,-0.026593629
25,9,24,17,10,0,-0.024593629
25,9,24,17,11,0,-0.025593629
25,9,24,17,12,0,-0.029593629
25,9,24,17,13,0,-0.041593629
25,9,24,17,14,0,-0.021593629
25,9,24,17,15,0,-0.047593629
25,9,24,17,16,0,-0.042593629
25,9,24,17,17,0,-0.041593629
25,9,24,17,18,0,-0.050593629
25,9,24,17,19,0,-0.042593629
25,9,24,17,20,0,-0.045593629
25,9,24,17,21,0,-0.041593629
25,9,24,17,22,0,-0.030593629
25,9,24,17,23,0,-0.051593629
25,9,24,17,24,0,-0.030593629
25,9,24,17,25,0,-0.053593629
25,9,24,17,26,0,-0.047593629
25,9,24,17,27,0,-0.041593629
25,9,24,17,28,0,-0.038593629
25,9,24,17,29,0,-0.044593629
25,9,24,17,30,0,-0.045593629
25,9,24,17,31,0,-0.042593629
25,9,24,17,32,0,-0.053593629
25,9,24,17,33,0,-0.063593629
25,9,24,17,34,0,-0.053593629
25,9,24,17,35,0,-0.057593629
25,9,24,17,36,0,-0.061593629
25,9,24,17,37,0,-0.059593629
25,9,24,17,38,0,-0.047593629
25,9,24,17,39,0,-0.058593629
25,9,24,17,40,0,-0.045593629
25,9,24,17,41,0,-0.061593629
25,9,24,17,42,0,-0.051593629
25,9,24,17,43,0,-0.053593629
25,9,24,17,44,0,-0.054593629
25,9,24,17,45,0,-0.058593629
25,9,24,17,46,0,-0.055593629
25,9,24,17,47,0,-0.062593629
25,9,24,17,48,0,-0.062593629
25,9,24,17,49,0,-0.065593629
25,9,24,17,50,0,-0.063593629
25,9,24,17,51,0,-0.079593629
25,9,24,17,52,0,-0.067593629
25,9,24,17,53,0,-0.068593629
25,9,24,17,54,0,-0.069593629
25,9,24,17,55,0,-0.070593629
25,9,24,17,56,0,-0.078593629
25,9,24,17,57,0,-0.077593629
25,9,24,17,58,0,-0.068593629
25,9,24,17,59,0,-0.077593629
25,9,24,18,0,0,-0.075593629
25,9,24,18,1,0,-0.078593629
25,9,24,18,2,0,-0.077593629
25,9,24,18,3,0,-0.079593629
25,9,24,18,4,0,-0.078593629
25,9,24,18,5,0,-0.087593629
25,9,24,18,6,0,-0.087593629
25,9,24,18,7,0,-0.076593629
25,9,24,18,8,0,-0.088593629
25,9,24,18,9,0,-0.092593629
25,9,24,18,10,0,-0.083593629
25,9,24,18,11,0,-0.084593629
25,9,24,18,12,0,-0.070593629
25,9,24,18,13,0,-0.082593629
25,9,24,18,14,0,-0.084593629
25,9,24,18,15,0,-0.094593629
25,9,24,18,16,0,-0.092593629
25,9,24,18,17,0,-0.092593629
25,9,24,18,18,0,-0.087593629
25,9,24,18,19,0,-0.081593629
25,9,24,18,20,0,-0.088593629
25,9,24,18,21,0,-0.089593629
25,9,24,18,22,0,-0.088593629
25,9,24,18,23,0,-0.105593629
25,9,24,18,24,0,-0.090593629
25,9,24,18,25,0,-0.102593629
25,9,24,18,26,0,-0.097593629
25,9,24,18,27,0,-0.096593629
25,9,24,18,28,0,-0.106593629
25,9,24,18,29,0,-0.098593629
25,9,24,18,30,0,-0.103593629
25,9,24,18,31,0,-0.095593629
25,9,24,18,32,0,-0.110593629
25,9,24,18,33,0,-0.092593629
25,9,24,18,34,0,-0.104593629
25,9,24,18,35,0,-0.104593629
25,9,24,18,36,0,-0.102593629
25,9,24,18,37,0,-0.111593629
25,9,24,18,38,0,-0.107593629
25,9,24,18,39,0,-0.121593629
25,9,24,18,40,0,-0.110593629
25,9,24,18,41,0,-0.113593629
25,9,24,18,42,0,-0.107593629
25,9,24,18,43,0,-0.111593629
25,9,24,18,44,0,-0.107593629
25,9,24,18,45,0,-0.119593629
25,9,24,18,46,0,-0.110593629
25,9,24,18,47,0,-0.111593629
25,9,24,18,48,0,-0.114593629
25,9,24,18,49,0,-0.117593629
25,9,24,18,50,0,-0.115593629
25,9,24,18,51,0,-0.116593629
25,9,24,18,52,0,-0.123593629
25,9,24,18,53,0,-0.121593629
25,9,24,18,54,0,-0.118593629
25,9,24,18,55,0,-0.120593629
25,9,24,18,56,0,-0.119593629
25,9,24,18,57,0,-0.116593629
25,9,24,18,58,0,-0.116593629
25,9,24,18,59,0,-0.129593629
25,9,24,19,0,0,-0.127593629
25,9,24,19,1,0,-0.122593629
25,9,24,19,2,0,-0.123593629
25,9,24,19,3,0,-0.129593629
25,9,24,19,4,0,-0.126593629
25,9,24,19,5,0,-0.124593629
25,9,24,19,6,0,-0.125593629
25,9,24,19,7,0,-0.140593629
25,9,24,19,8,0,-0.132593629
25,9,24,19,9,0,-0.133593629
25,9,24,19,10,0,-0.136593629
25,9,24,19,11,0,-0.130593629
25,9,24,19,12,0,-0.135593629
25,9,24,19,13,0,-0.137593629
25,9,24,19,14,0,-0.133593629
25,9,24,19,15,0,-0.133593629
25,9,24,19,16,0,-0.137593629
25,9,24,19,17,0,-0.133593629
25,9,24,19,18,0,-0.148593629
25,9,24,19,19,0,-0.140593629
25,9,24,19,20,0,-0.140593629
25,9,24,19,21,0,-0.137593629
25,9,24,19,22,0,-0.144593629
25,9,24,19,23,0,-0.143593629
25,9,24,19,24,0,-0.139593629
25,9,24,19,25,0,-0.136593629
25,9,24,19,26,0,-0.142593629
25,9,24,19,27,0,-0.140593629
25,9,24,19,28,0,-0.142593629
25,9,24,19,29,0,-0.135593629
25,9,24,19,30,0,-0.144593629
25,9,24,19,31,0,-0.147593629
25,9,24,19,32,0,-0.139593629
25,9,24,19,33,0,-0.134593629
25,9,24,19,34,0,-0.143593629
25,9,24,19,35,0,-0.133593629
25,9,24,19,36,0,-0.138593629
25,9,24,19,37,0,-0.141593629
25,9,24,19,38,0,-0.141593629
25,9,24,19,39,0,-0.146593629
25,9,24,19,40,0,-0.144593629
25,9,24,19,41,0,-0.142593629
25,9,24,19,42,0,-0.147593629
25,9,24,19,43,0,-0.147593629
25,9,24,19,44,0,-0.151593629
25,9,24,19,45,0,-0.150593629
25,9,24,19,46,0,-0.148593629
25,9,24,19,47,0,-0.153593629
25,9,24,19,48,0,-0.145593629
25,9,24,19,49,0,-0.148593629
25,9,24,19,50,0,-0.150593629
25,9,24,19,51,0,-0.146593629
25,9,24,19,52,0,-0.150593629
25,9,24,19,53,0,-0.151593629
25,9,24,19,54,0,-0.154593629
25,9,24,19,55,0,-0.158593629
25,9,24,19,56,0,-0.156593629
25,9,24,19,57,0,-0.156593629
25,9,24,19,58,0,-0.154593629
25,9,24,19,59,0,-0.159593629
25,9,24,20,0,0,-0.153593629
25,9,24,20,1,0,-0.151593629
25,9,24,20,2,0,-0.154593629
25,9,24,20,3,0,-0.155593629
25,9,24,20,4,0,-0.159593629
25,9,24,20,5,0,-0.159593629
25,9,24,20,6,0,-0.165593629
25,9,24,20,7,0,-0.144593629
25,9,24,20,8,0,-0.156593629
25,9,24,20,9,0,-0.159593629
25,9,24,20,10,0,-0.162593629
25,9,24,20,11,0,-0.159593629
25,9,24,20,12,0,-0.162593629
25,9,24,20,13,0,-0.148593629
25,9,24,20,14,0,-0.161593629
25,9,24,20,15,0,-0.157593629
25,9,24,20,16,0,-0.154593629
25,9,24,20,17,0,-0.167593629
25,9,24,20,18,0,-0.150593629
25,9,24,20,19,0,-0.154593629
25,9,24,20,20,0,-0.154593629
25,9,24,20,21,0,-0.141593629
25,9,24,20,22,0,-0.161593629
25,9,24,20,23,0,-0.165593629
25,9,24,20,24,0,-0.159593629
25,9,24,20,25,0,-0.151593629
25,9,24,20,26,0,-0.150593629
25,9,24,20,27,0,-0.168593629
25,9,24,20,28,0,-0.170593629
25,9,24,20,29,0,-0.167593629
25,9,24,20,30,0,-0.160593629
25,9,24,20,31,0,-0.158593629
25,9,24,20,32,0,-0.157593629
25,9,24,20,33,0,-0.164593629
25,9,24,20,34,0,-0.159593629
25,9,24,20,35,0,-0.166593629
25,9,24,20,36,0,-0.169593629
25,9,24,20,37,0,-0.165593629
25,9,24,20,38,0,-0.150593629
25,9,24,20,39,0,-0.157593629
25,9,24,20,40,0,-0.171593629
25,9,24,20,41,0,-0.155593629
25,9,24,20,42,0,-0.161593629
25,9,24,20,43,0,-0.167593629
25,9,24,20,44,0,-0.157593629
25,9,24,20,45,0,-0.166593629
25,9,24,20,46,0,-0.173593629
25,9,24,20,47,0,-0.145593629
25,9,24,20,48,0,-0.157593629
25,9,24,20,49,0,-0.155593629
25,9,24,20,50,0,-0.160593629
25,9,24,20,51,0,-0.160593629
25,9,24,20,52,0,-0.150593629
25,9,24,20,53,0,-0.167593629
25,9,24,20,54,0,-0.158593629
25,9,24,20,55,0,-0.154593629
25,9,24,20,56,0,-0.167593629
25,9,24,20,57,0,-0.152593629
25,9,24,20,58,0,-0.177593629
25,9,24,20,59,0,-0.168593629
25,9,24,21,0,0,-0.164593629
25,9,24,21,1,0,-0.168593629
25,9,24,21,2,0,-0.144593629
25,9,24,21,3,0,-0.164593629
25,9,24,21,4,0,-0.178593629
25,9,24,21,5,0,-0.172593629
25,9,24,21,6,0,-0.156593629
25,9,24,21,7,0,-0.152593629
25,9,24,21,8,0,-0.150593629
25,9,24,21,9,0,-0.172593629
25,9,24,21,10,0,-0.161593629
25,9,24,21,11,0,-0.158593629
25,9,24,21,12,0,-0.150593629
25,9,24,21,13,0,-0.157593629
25,9,24,21,14,0,-0.169593629
25,9,24,21,15,0,-0.167593629
25,9,24,21,16,0,-0.168593629
25,9,24,21,17,0,-0.167593629
25,9,24,21,18,0,-0.187593629
25,9,24,21,19,0,-0.168593629
25,9,24,21,20,0,-0.173593629
25,9,24,21,21,0,-0.158593629
25,9,24,21,22,0,-0.174593629
25,9,24,21,23,0,-0.185593629
25,9,24,21,24,0,-0.184593629
25,9,24,21,25,0,-0.171593629
25,9,24,21,26,0,-0.169593629
25,9,24,21,27,0,-0.188593629
25,9,24,21,28,0,-0.178593629
25,9,24,21,29,0,-0.171593629
25,9,24,21,30,0,-0.167593629
25,9,24,21,31,0,-0.174593629
25,9,24,21,32,0,-0.175593629
25,9,24,21,33,0,-0.171593629
25,9,24,21,34,0,-0.171593629
25,9,24,21,35,0,-0.163593629
25,9,24,21,36,0,-0.170593629
25,9,24,21,37,0,-0.184593629
25,9,24,21,38,0,-0.173593629
25,9,24,21,39,0,-0.183593629
25,9,24,21,40,0,-0.191593629
25,9,24,21,41,0,-0.177593629
25,9,24,21,42,0,-0.178593629
25,9,24,21,43,0,-0.188593629
25,9,24,21,44,0,-0.185593629
25,9,24,21,45,0,-0.174593629
25,9,24,21,46,0,-0.180593629
25,9,24,21,47,0,-0.185593629
25,9,24,21,48,0,-0.192593629
25,9,24,21,49,0,-0.190593629
25,9,24,21,50,0,-0.195593629
25,9,24,21,51,0,-0.188593629
25,9,24,21,52,0,-0.199593629
25,9,24,21,53,0,-0.186593629
25,9,24,21,54,0,-0.190593629
25,9,24,21,55,0,-0.194593629
25,9,24,21,56,0,-0.200593629
25,9,24,21,57,0,-0.197593629
25,9,24,21,58,0,-0.182593629
25,9,24,21,59,0,-0.203593629
25,9,24,22,0,0,-0.184593629
25,9,24,22,1,0,-0.201593629
25,9,24,22,2,0,-0.204593629
25,9,24,22,3,0,-0.190593629
25,9,24,22,4,0,-0.187593629
25,9,24,22,5,0,-0.192593629
25,9,24,22,6,0,-0.207593629
25,9,24,22,7,0,-0.194593629
25,9,24,22,8,0,-0.207593629
25,9,24,22,9,0,-0.206593629
25,9,24,22,10,0,-0.194593629
25,9,24,22,11,0,-0.198593629
25,9,24,22,12,0,-0.188593629
25,9,24,22,13,0,-0.197593629
25,9,24,22,14,0,-0.196593629
25,9,24,22,15,0,-0.203593629
25,9,24,22,16,0,-0.196593629
25,9,24,22,17,0,-0.196593629
25,9,24,22,18,0,-0.201593629
25,9,24,22,19,0,-0.205593629
25,9,24,22,20,0,-0.210593629
25,9,24,22,21,0,-0.207593629
25,9,24,22,22,0,-0.215593629
25,9,24,22,23,0,-0.222593629
25,9,24,22,24,0,-0.216593629
25,9,24,22,25,0,-0.203593629
25,9,24,22,26,0,-0.210593629
25,9,24,22,27,0,-0.220593629
25,9,24,22,28,0,-0.221593629
25,9,24,22,29,0,-0.225593629
25,9,24,22,30,0,-0.224593629
25,9,24,22,31,0,-0.219593629
25,9,24,22,32,0,-0.216593629
25,9,24,22,33,0,-0.214593629
25,9,24,22,34,0,-0.238593629
25,9,24,22,35,0,-0.231593629
25,9,24,22,36,0,-0.219593629
25,9,24,22,37,0,-0.229593629
25,9,24,22,38,0,-0.221593629
25,9,24,22,39,0,-0.237593629
25,9,24,22,40,0,-0.241593629
25,9,24,22,41,0,-0.223593629
25,9,24,22,42,0,-0.223593629
25,9,24,22,43,0,-0.243593629
25,9,24,22,44,0,-0.231593629
25,9,24,22,45,0,-0.231593629
25,9,24,22,46,0,-0.229593629
25,9,24,22,47,0,-0.255593629
25,9,24,22,48,0,-0.248593629
25,9,24,22,49,0,-0.248593629
25,9,24,22,50,0,-0.247593629
25,9,24,22,51,0,-0.232593629
25,9,24,22,52,0,-0.241593629
25,9,24,22,53,0,-0.256593629
25,9,24,22,54,0,-0.251593629
25,9,24,22,55,0,-0.259593629
25,9,24,22,56,0,-0.251593629
25,9,24,22,57,0,-0.243593629
25,9,24,22,58,0,-0.252593629
25,9,24,22,59,0,-0.244593629
25,9,24,23,0,0,-0.225593629
25,9,24,23,1,0,-0.286593629
25,9,24,23,2,0,-0.265593629
25,9,24,23,3,0,-0.238593629
25,9,24,23,4,0,-0.276593629
25,9,24,23,5,0,-0.233593629
25,9,24,23,6,0,-0.187593629
25,9,24,23,7,0,-0.238593629
25,9,24,23,8,0,-0.256593629
25,9,24,23,9,0,-0.249593629
25,9,24,23,10,0,-0.249593629
25,9,24,23,11,0,-0.283593629
25,9,24,23,12,0,-0.245593629
25,9,24,23,13,0,-0.252593629
25,9,24,23,14,0,-0.256593629
25,9,24,23,15,0,-0.268593629
25,9,24,23,16,0,-0.262593629
25,9,24,23,17,0,-0.263593629
25,9,24,23,18,0,-0.284593629
25,9,24,23,19,0,-0.237593629
25,9,24,23,20,0,-0.269593629
25,9,24,23,21,0,-0.271593629
25,9,24,23,22,0,-0.286593629
25,9,24,23,23,0,-0.260593629
25,9,24,23,24,0,-0.266593629
25,9,24,23,25,0,-0.258593629
25,9,24,23,26,0,-0.279593629
25,9,24,23,27,0,-0.261593629
25,9,24,23,28,0,-0.281593629
25,9,24,23,29,0,-0.279593629
25,9,24,23,30,0,-0.260593629
25,9,24,23,31,0,-0.271593629
25,9,24,23,32,0,-0.275593629
25,9,24,23,33,0,-0.292593629
25,9,24,23,34,0,-0.269593629
25,9,24,23,35,0,-0.269593629
25,9,24,23,36,0,-0.276593629
25,9,24,23,37,0,-0.263593629
25,9,24,23,38,0,-0.287593629
25,9,24,23,39,0,-0.291593629
25,9,24,23,40,0,-0.283593629
25,9,24,23,41,0,-0.275593629
25,9,24,23,42,0,-0.288593629
25,9,24,23,43,0,-0.244593629
25,9,24,23,44,0,-0.273593629
25,9,24,23,45,0,-0.277593629
25,9,24,23,46,0,-0.289593629
25,9,24,23,47,0,-0.284593629
25,9,24,23,48,0,-0.277593629
25,9,24,23,49,0,-0.284593629
25,9,24,23,50,0,-0.268593629
25,9,24,23,51,0,-0.281593629
25,9,24,23,52,0,-0.299593629
25,9,24,23,53,0,-0.282593629
25,9,24,23,54,0,-0.261593629
25,9,24,23,55,0,-0.302593629
25,9,24,23,56,0,-0.292593629
25,9,24,23,57,0,-0.292593629
25,9,24,23,58,0,-0.292593629
25,9,24,23,59,0,-0.262593629
25,9,25,0,0,0,-0.280593629
25,9,25,0,1,0,-0.301593629
25,9,25,0,2,0,-0.282593629
25,9,25,0,3,0,-0.281593629
25,9,25,0,4,0,-0.292593629
25,9,25,0,5,0,-0.282593629
25,9,25,0,6,0,-0.284593629
25,9,25,0,7,0,-0.298593629
25,9,25,0,8,0,-0.300593629
25,9,25,0,9,0,-0.312593629
25,9,25,0,10,0,-0.284593629
25,9,25,0,11,0,-0.271593629
25,9,25,0,12,0,-0.311593629
25,9,25,0,13,0,-0.286593629
25,9,25,0,14,0,-0.286593629
25,9,25,0,15,0,-0.314593629
25,9,25,0,16,0,-0.218593629
25,9,25,0,17,0,-0.306593629
25,9,25,0,18,0,-0.313593629
25,9,25,0,19,0,-0.320593629
25,9,25,0,20,0,-0.297593629
25,9,25,0,21,0,-0.282593629
25,9,25,0,22,0,-0.269593629
25,9,25,0,23,0,-0.307593629
25,9,25,0,24,0,-0.282593629
25,9,25,0,25,0,-0.282593629
25,9,25,0,26,0,-0.280593629
25,9,25,0,27,0,-0.303593629
25,9,25,0,28,0,-0.309593629
25,9,25,0,29,0,-0.286593629
25,9,25,0,30,0,-0.294593629
25,9,25,0,31,0,-0.303593629
25,9,25,0,32,0,-0.308593629
25,9,25,0,33,0,-0.299593629
25,9,25,0,34,0,-0.307593629
25,9,25,0,35,0,-0.313593629
25,9,25,0,36,0,-0.302593629
25,9,25,0,37,0,-0.295593629
25,9,25,0,38,0,-0.314593629
25,9,25,0,39,0,-0.305593629
25,9,25,0,40,0,-0.320593629
25,9,25,0,41,0,-0.321593629
25,9,25,0,42,0,-0.292593629
25,9,25,0,43,0,-0.317593629
25,9,25,0,44,0,-0.314593629
25,9,25,0,45,0,-0.310593629
25,9,25,0,46,0,-0.309593629
25,9,25,0,47,0,-0.307593629
25,9,25,0,48,0,-0.311593629
25,9,25,0,49,0,-0.305593629
25,9,25,0,50,0,-0.304593629
25,9,25,0,51,0,-0.302593629
25,9,25,0,52,0,-0.315593629
25,9,25,0,53,0,-0.308593629
25,9,25,0,54,0,-0.307593629
25,9,25,0,55,0,-0.301593629
25,9,25,0,56,0,-0.304593629
25,9,25,0,57,0,-0.307593629
25,9,25,0,58,0,-0.301593629
25,9,25,0,59,0,-0.300593629
25,9,25,1,0,0,-0.295593629
25,9,25,1,1,0,-0.300593629
25,9,25,1,2,0,-0.302593629
25,9,25,1,3,0,-0.310593629
25,9,25,1,4,0,-0.307593629
25,9,25,1,5,0,-0.317593629
25,9,25,1,6,0,-0.301593629
25,9,25,1,7,0,-0.306593629
25,9,25,1,8,0,-0.304593629
25,9,25,1,9,0,-0.301593629
25,9,25,1,10,0,-0.300593629
25,9,25,1,11,0,-0.300593629
25,9,25,1,12,0,-0.301593629
25,9,25,1,13,0,-0.299593629
25,9,25,1,14,0,-0.297593629
25,9,25,1,15,0,-0.290593629
25,9,25,1,16,0,-0.283593629
25,9,25,1,17,0,-0.293593629
25,9,25,1,18,0,-0.293593629
25,9,25,1,19,0,-0.293593629
25,9,25,1,20,0,-0.299593629
25,9,25,1,21,0,-0.309593629
25,9,25,1,22,0,-0.311593629
25,9,25,1,23,0,-0.298593629
25,9,25,1,24,0,-0.281593629
25,9,25,1,25,0,-0.307593629
25,9,25,1,26,0,-0.312593629
25,9,25,1,27,0,-0.309593629
25,9,25,1,28,0,-0.273593629
25,9,25,1,29,0,-0.304593629
25,9,25,1,30,0,-0.304593629
25,9,25,1,31,0,-0.289593629
25,9,25,1,32,0,-0.304593629
25,9,25,1,33,0,-0.298593629
25,9,25,1,34,0,-0.284593629
25,9,25,1,35,0,-0.300593629
25,9,25,1,36,0,-0.324593629
25,9,25,1,37,0,-0.291593629
25,9,25,1,38,0,-0.299593629
25,9,25,1,39,0,-0.290593629
25,9,25,1,40,0,-0.283593629
25,9,25,1,41,0,-0.309593629
25,9,25,1,42,0,-0.314593629
25,9,25,1,43,0,-0.298593629
25,9,25,1,44,0,-0.297593629
25,9,25,1,45,0,-0.310593629
25,9,25,1,46,0,-0.299593629
25,9,25,1,47,0,-0.298593629
25,9,25,1,48,0,-0.293593629
25,9,25,1,49,0,-0.296593629
25,9,25,1,50,0,-0.307593629
25,9,25,1,51,0,-0.301593629
25,9,25,1,52,0,-0.285593629
25,9,25,1,53,0,-0.285593629
25,9,25,1,54,0,-0.283593629
25,9,25,1,55,0,-0.286593629
25,9,25,1,56,0,-0.268593629
25,9,25,1,57,0,-0.276593629
25,9,25,1,58,0,-0.284593629
25,9,25,1,59,0,-0.300593629
25,9,25,2,0,0,-0.276593629
25,9,25,2,1,0,-0.272593629
25,9,25,2,2,0,-0.284593629
25,9,25,2,3,0,-0.287593629
25,9,25,2,4,0,-0.274593629
25,9,25,2,5,0,-0.291593629
25,9,25,2,6,0,-0.267593629
25,9,25,2,7,0,-0.284593629
25,9,25,2,8,0,-0.283593629
25,9,25,2,9,0,-0.304593629
25,9,25,2,10,0,-0.281593629
25,9,25,2,11,0,-0.283593629
25,9,25,2,12,0,-0.281593629
25,9,25,2,13,0,-0.209593629
25,9,25,2,14,0,-0.275593629
25,9,25,2,15,0,-0.276593629
25,9,25,2,16,0,-0.282593629
25,9,25,2,17,0,-0.288593629
25,9,25,2,18,0,-0.275593629
25,9,25,2,19,0,-0.272593629
25,9,25,2,20,0,-0.273593629
25,9,25,2,21,0,-0.277593629
25,9,25,2,22,0,-0.278593629
25,9,25,2,23,0,-0.280593629
25,9,25,2,24,0,-0.283593629
25,9,25,2,25,0,-0.291593629
25,9,25,2,26,0,-0.278593629
25,9,25,2,27,0,-0.260593629
25,9,25,2,28,0,-0.273593629
25,9,25,2,29,0,-0.297593629
25,9,25,2,30,0,-0.300593629
25,9,25,2,31,0,-0.268593629
25,9,25,2,32,0,-0.287593629
25,9,25,2,33,0,-0.257593629
25,9,25,2,34,0,-0.262593629
25,9,25,2,35,0,-0.265593629
25,9,25,2,36,0,-0.286593629
25,9,25,2,37,0,-0.265593629
25,9,25,2,38,0,-0.260593629
25,9,25,2,39,0,-0.266593629
25,9,25,2,40,0,-0.270593629
25,9,25,2,41,0,-0.253593629
25,9,25,2,42,0,-0.255593629
25,9,25,2,43,0,-0.256593629
25,9,25,2,44,0,-0.252593629
25,9,25,2,45,0,-0.249593629
25,9,25,2,46,0,-0.255593629
25,9,25,2,47,0,-0.257593629
25,9,25,2,48,0,-0.247593629
25,9,25,2,49,0,-0.251593629
25,9,25,2,50,0,-0.269593629
25,9,25,2,51,0,-0.173593629
25,9,25,2,52,0,-0.237593629
25,9,25,2,53,0,-0.237593629
25,9,25,2,54,0,-0.263593629
25,9,25,2,55,0,-0.239593629
25,9,25,2,56,0,-0.244593629
25,9,25,2,57,0,-0.249593629
25,9,25,2,58,0,-0.257593629
25,9,25,2,59,0,-0.248593629
25,9,25,3,0,0,-0.273593629
25,9,25,3,1,0,-0.252593629
25,9,25,3,2,0,-0.260593629
25,9,25,3,3,0,-0.237593629
25,9,25,3,4,0,-0.243593629
25,9,25,3,5,0,-0.243593629
25,9,25,3,6,0,-0.245593629
25,9,25,3,7,0,-0.228593629
25,9,25,3,8,0,-0.243593629
25,9,25,3,9,0,-0.238593629
25,9,25,3,10,0,-0.244593629
25,9,25,3,11,0,-0.243593629
25,9,25,3,12,0,-0.232593629
25,9,25,3,13,0,-0.243593629
25,9,25,3,14,0,-0.237593629
25,9,25,3,15,0,-0.235593629
25,9,25,3,16,0,-0.227593629
25,9,25,3,17,0,-0.251593629
25,9,25,3,18,0,-0.235593629
25,9,25,3,19,0,-0.225593629
25,9,25,3,20,0,-0.223593629
25,9,25,3,21,0,-0.231593629
25,9,25,3,22,0,-0.216593629
25,9,25,3,23,0,-0.225593629
25,9,25,3,24,0,-0.228593629
25,9,25,3,25,0,-0.222593629
25,9,25,3,26,0,-0.215593629
25,9,25,3,27,0,-0.210593629
25,9,25,3,28,0,-0.215593629
25,9,25,3,29,0,-0.205593629
25,9,25,3,30,0,-0.214593629
25,9,25,3,31,0,-0.215593629
25,9,25,3,32,0,-0.197593629
25,9,25,3,33,0,-0.208593629
25,9,25,3,34,0,-0.205593629
25,9,25,3,35,0,-0.208593629
25,9,25,3,36,0,-0.193593629
25,9,25,3,37,0,-0.209593629
25,9,25,3,38,0,-0.215593629
25,9,25,3,39,0,-0.190593629
25,9,25,3,40,0,-0.201593629
25,9,25,3,41,0,-0.195593629
25,9,25,3,42,0,-0.207593629
25,9,25,3,43,0,-0.191593629
25,9,25,3,44,0,-0.196593629
25,9,25,3,45,0,-0.197593629
25,9,25,3,46,0,-0.187593629
25,9,25,3,47,0,-0.188593629
25,9,25,3,48,0,-0.188593629
25,9,25,3,49,0,-0.195593629
25,9,25,3,50,0,-0.184593629
25,9,25,3,51,0,-0.187593629
25,9,25,3,52,0,-0.187593629
25,9,25,3,53,0,-0.196593629
25,9,25,3,54,0,-0.174593629
25,9,25,3,55,0,-0.177593629
25,9,25,3,56,0,-0.177593629
25,9,25,3,57,0,-0.182593629
25,9,25,3,58,0,-0.167593629
25,9,25,3,59,0,-0.174593629
25,9,25,4,0,0,-0.184593629
25,9,25,4,1,0,-0.179593629
25,9,25,4,2,0,-0.160593629
25,9,25,4,3,0,-0.162593629
25,9,25,4,4,0,-0.155593629
25,9,25,4,5,0,-0.173593629
25,9,25,4,6,0,-0.147593629
25,9,25,4,7,0,-0.171593629
25,9,25,4,8,0,-0.173593629
25,9,25,4,9,0,-0.160593629
25,9,25,4,10,0,-0.163593629
25,9,25,4,11,0,-0.160593629
25,9,25,4,12,0,-0.157593629
25,9,25,4,13,0,-0.160593629
25,9,25,4,14,0,-0.153593629
25,9,25,4,15,0,-0.151593629
25,9,25,4,16,0,-0.157593629
25,9,25,4,17,0,-0.154593629
25,9,25,4,18,0,-0.141593629
25,9,25,4,19,0,-0.133593629
25,9,25,4,20,0,-0.133593629
25,9,25,4,21,0,-0.132593629
25,9,25,4,22,0,-0.133593629
25,9,25,4,23,0,0.004406371
25,9,25,4,24,0,-0.140593629
25,9,25,4,25,0,-0.132593629
25,9,25,4,26,0,-0.142593629
25,9,25,4,27,0,-0.132593629
25,9,25,4,28,0,-0.140593629
25,9,25,4,29,0,-0.127593629
25,9,25,4,30,0,-0.134593629
25,9,25,4,31,0,-0.132593629
25,9,25,4,32,0,-0.130593629
25,9,25,4,33,0,-0.124593629
25,9,25,4,34,0,-0.120593629
25,9,25,4,35,0,-0.127593629
25,9,25,4,36,0,-0.119593629
25,9,25,4,37,0,-0.105593629
25,9,25,4,38,0,-0.107593629
25,9,25,4,39,0,-0.126593629
25,9,25,4,40,0,-0.119593629
25,9,25,4,41,0,-0.109593629
25,9,25,4,42,0,-0.118593629
25,9,25,4,43,0,-0.104593629
25,9,25,4,44,0,-0.112593629
25,9,25,4,45,0,-0.111593629
25,9,25,4,46,0,-0.107593629
25,9,25,4,47,0,-0.108593629
25,9,25,4,48,0,-0.112593629
25,9,25,4,49,0,-0.106593629
25,9,25,4,50,0,-0.099593629
25,9,25,4,51,0,-0.101593629
25,9,25,4,52,0,-0.096593629
25,9,25,4,53,0,-0.099593629
25,9,25,4,54,0,-0.093593629
25,9,25,4,55,0,-0.095593629
25,9,25,4,56,0,-0.106593629
25,9,25,4,57,0,-0.095593629
25,9,25,4,58,0,-0.095593629
25,9,25,4,59,0,-0.097593629
25,9,25,5,0,0,-0.089593629
25,9,25,5,1,0,-0.089593629
25,9,25,5,2,0,-0.082593629
25,9,25,5,3,0,-0.090593629
25,9,25,5,4,0,-0.081593629
25,9,25,5,5,0,-0.078593629
25,9,25,5,6,0,-0.071593629
25,9,25,5,7,0,-0.085593629
25,9,25,5,8,0,-0.083593629
25,9,25,5,9,0,-0.073593629
25,9,25,5,10,0,-0.067593629
25,9,25,5,11,0,-0.072593629
25,9,25,5,12,0,-0.081593629
25,9,25,5,13,0,-0.083593629
25,9,25,5,14,0,-0.072593629
25,9,25,5,15,0,-0.073593629
25,9,25,5,16,0,-0.073593629
25,9,25,5,17,0,-0.080593629
25,9,25,5,18,0,-0.069593629
25,9,25,5,19,0,-0.061593629
25,9,25,5,20,0,-0.074593629
25,9,25,5,21,0,-0.075593629
25,9,25,5,22,0,-0.061593629
25,9,25,5,23,0,-0.079593629
25,9,25,5,24,0,-0.061593629
25,9,25,5,25,0,-0.053593629
25,9,25,5,26,0,-0.046593629
25,9,25,5,27,0,-0.049593629
25,9,25,5,28,0,-0.061593629
25,9,25,5,29,0,-0.045593629
25,9,25,5,30,0,-0.054593629
25,9,25,5,31,0,-0.049593629
25,9,25,5,32,0,-0.055593629
25,9,25,5,33,0,-0.041593629
25,9,25,5,34,0,-0.049593629
25,9,25,5,35,0,-0.056593629
25,9,25,5,36,0,-0.049593629
25,9,25,5,37,0,-0.057593629
25,9,25,5,38,0,-0.041593629
25,9,25,5,39,0,-0.039593629
25,9,25,5,40,0,-0.048593629
25,9,25,5,41,0,-0.040593629
25,9,25,5,42,0,-0.038593629
25,9,25,5,43,0,-0.043593629
25,9,25,5,44,0,-0.053593629
25,9,25,5,45,0,-0.045593629
25,9,25,5,46,0,-0.049593629
25,9,25,5,47,0,-0.038593629
25,9,25,5,48,0,-0.042593629
25,9,25,5,49,0,-0.043593629
25,9,25,5,50,0,-0.033593629
25,9,25,5,51,0,-0.027593629
25,9,25,5,52,0,-0.034593629
25,9,25,5,53,0,-0.028593629
25,9,25,5,54,0,-0.033593629
25,9,25,5,55,0,-0.039593629
25,9,25,5,56,0,-0.046593629
25,9,25,5,57,0,-0.034593629
25,9,25,5,58,0,-0.045593629
25,9,25,5,59,0,-0.028593629
25,9,25,6,0,0,-0.040593629
25,9,25,6,1,0,-0.026593629
25,9,25,6,2,0,-0.026593629
25,9,25,6,3,0,-0.020593629
25,9,25,6,4,0,-0.013593629
25,9,25,6,5,0,-0.015593629
25,9,25,6,6,0,-0.031593629
25,9,25,6,7,0,-0.008593629
25,9,25,6,8,0,-0.000593629
25,9,25,6,9,0,-0.020593629
25,9,25,6,10,0,-0.025593629
25,9,25,6,11,0,-0.028593629
25,9,25,6,12,0,-0.002593629
25,9,25,6,13,0,-0.002593629
25,9,25,6,14,0,-0.011593629
25,9,25,6,15,0,0.069406371
25,9,25,6,16,0,0.001406371
25,9,25,6,17,0,0.011406371
25,9,25,6,18,0,-0.002593629
25,9,25,6,19,0,-0.004593629
25,9,25,6,20,0,0.000406371
25,9,25,6,21,0,-0.004593629
25,9,25,6,22,0,-0.015593629
25,9,25,6,23,0,-0.017593629
25,9,25,6,24,0,0.009406371
25,9,25,6,25,0,-0.009593629
25,9,25,6,26,0,-0.010593629
25,9,25,6,27,0,-0.004593629
25,9,25,6,28,0,-0.008593629
25,9,25,6,29,0,0.009406371
25,9,25,6,30,0,0.004406371
25,9,25,6,31,0,0.005406371
25,9,25,6,32,0,-0.002593629
25,9,25,6,33,0,-0.002593629
25,9,25,6,34,0,0.005406371
25,9,25,6,35,0,0.005406371
25,9,25,6,36,0,0.015406371
25,9,25,6,37,0,0.019406371
25,9,25,6,38,0,0.020406371
25,9,25,6,39,0,0.018406371
25,9,25,6,40,0,0.019406371
25,9,25,6,41,0,0.018406371
25,9,25,6,42,0,0.007406371
25,9,25,6,43,0,0.015406371
25,9,25,6,44,0,0.017406371
25,9,25,6,45,0,0.010406371
25,9,25,6,46,0,0.003406371
25,9,25,6,47,0,0.008406371
25,9,25,6,48,0,0.022406371
25,9,25,6,49,0,0.021406371
25,9,25,6,50,0,0.011406371
25,9,25,6,51,0,0.011406371
25,9,25,6,52,0,0.026406371
25,9,25,6,53,0,0.004406371
25,9,25,6,54,0,0.022406371
25,9,25,6,55,0,0.023406371
25,9,25,6,56,0,0.003406371
25,9,25,6,57,0,0.003406371
25,9,25,6,58,0,0.003406371
25,9,25,6,59,0,0.026406371
25,9,25,7,0,0,0.036406371
25,9,25,7,1,0,0.030406371
25,9,25,7,2,0,0.035406371
25,9,25,7,3,0,0.030406371
25,9,25,7,4,0,0.029406371
25,9,25,7,5,0,0.033406371
25,9,25,7,6,0,0.035406371
25,9,25,7,7,0,0.035406371
25,9,25,7,8,0,0.029406371
25,9,25,7,9,0,0.046406371
25,9,25,7,10,0,0.039406371
25,9,25,7,11,0,0.034406371
25,9,25,7,12,0,0.049406371
25,9,25,7,13,0,0.048406371
25,9,25,7,14,0,0.052406371
25,9,25,7,15,0,0.044406371
25,9,25,7,16,0,0.042406371
25,9,25,7,17,0,0.050406371
25,9,25,7,18,0,0.053406371
25,9,25,7,19,0,0.055406371
25,9,25,7,20,0,0.045406371
25,9,25,7,21,0,0.040406371
25,9,25,7,22,0,0.061406371
25,9,25,7,23,0,0.060406371
25,9,25,7,24,0,0.061406371
25,9,25,7,25,0,0.038406371
25,9,25,7,26,0,0.069406371
25,9,25,7,27,0,0.048406371
25,9,25,7,28,0,0.060406371
25,9,25,7,29,0,0.069406371
25,9,25,7,30,0,0.073406371
25,9,25,7,31,0,0.072406371
25,9,25,7,32,0,0.067406371
25,9,25,7,33,0,0.066406371
25,9,25,7,34,0,0.074406371
25,9,25,7,35,0,0.055406371
25,9,25,7,36,0,0.091406371
25,9,25,7,37,0,0.069406371
25,9,25,7,38,0,0.068406371
25,9,25,7,39,0,0.070406371
25,9,25,7,40,0,0.078406371
25,9,25,7,41,0,0.079406371
25,9,25,7,42,0,0.075406371
25,9,25,7,43,0,0.078406371
25,9,25,7,44,0,0.081406371
25,9,25,7,45,0,0.088406371
25,9,25,7,46,0,0.090406371
25,9,25,7,47,0,0.087406371
25,9,25,7,48,0,0.079406371
25,9,25,7,49,0,0.078406371
25,9,25,7,50,0,0.091406371
25,9,25,7,51,0,0.092406371
25,9,25,7,52,0,0.087406371
25,9,25,7,53,0,0.091406371
25,9,25,7,54,0,0.106406371
25,9,25,7,55,0,0.088406371
25,9,25,7,56,0,0.098406371
25,9,25,7,57,0,0.101406371
25,9,25,7,58,0,0.093406371
25,9,25,7,59,0,0.113406371
25,9,25,8,0,0,0.092406371
25,9,25,8,1,0,0.115406371
25,9,25,8,2,0,0.108406371
25,9,25,8,3,0,0.107406371
25,9,25,8,4,0,0.113406371
25,9,25,8,5,0,0.105406371
25,9,25,8,6,0,0.108406371
25,9,25,8,7,0,0.111406371
25,9,25,8,8,0,0.125406371
25,9,25,8,9,0,0.116406371
25,9,25,8,10,0,0.120406371
25,9,25,8,11,0,0.121406371
25,9,25,8,12,0,0.113406371
25,9,25,8,13,0,0.117406371
25,9,25,8,14,0,0.116406371
25,9,25,8,15,0,0.120406371
25,9,25,8,16,0,0.122406371
25,9,25,8,17,0,0.132406371
25,9,25,8,18,0,0.135406371
25,9,25,8,19,0,0.133406371
25,9,25,8,20,0,0.130406371
25,9,25,8,21,0,0.131406371
25,9,25,8,22,0,0.139406371
25,9,25,8,23,0,0.132406371
25,9,25,8,24,0,0.138406371
25,9,25,8,25,0,0.143406371
25,9,25,8,26,0,0.151406371
25,9,25,8,27,0,0.142406371
25,9,25,8,28,0,0.146406371
25,9,25,8,29,0,0.144406371
25,9,25,8,30,0,0.154406371
25,9,25,8,31,0,0.157406371
25,9,25,8,32,0,0.154406371
25,9,25,8,33,0,0.146406371
25,9,25,8,34,0,0.157406371
25,9,25,8,35,0,0.160406371
25,9,25,8,36,0,0.166406371
25,9,25,8,37,0,0.154406371
25,9,25,8,38,0,0.164406371
25,9,25,8,39,0,0.153406371
25,9,25,8,40,0,0.157406371
25,9,25,8,41,0,0.165406371
25,9,25,8,42,0,0.163406371
25,9,25,8,43,0,0.173406371
25,9,25,8,44,0,0.169406371
25,9,25,8,45,0,0.159406371
25,9,25,8,46,0,0.166406371
25,9,25,8,47,0,0.165406371
25,9,25,8,48,0,0.173406371
25,9,25,8,49,0,0.160406371
25,9,25,8,50,0,0.170406371
25,9,25,8,51,0,0.176406371
25,9,25,8,52,0,0.164406371
25,9,25,8,53,0,0.180406371
25,9,25,8,54,0,0.172406371
25,9,25,8,55,0,0.182406371
25,9,25,8,56,0,0.181406371
25,9,25,8,57,0,0.166406371
25,9,25,8,58,0,0.179406371
25,9,25,8,59,0,0.194406371
25,9,25,9,0,0,0.185406371
25,9,25,9,1,0,0.188406371
25,9,25,9,2,0,0.189406371
25,9,25,9,3,0,0.185406371
25,9,25,9,4,0,0.195406371
25,9,25,9,5,0,0.190406371
25,9,25,9,6,0,0.186406371
25,9,25,9,7,0,0.198406371
25,9,25,9,8,0,0.191406371
25,9,25,9,9,0,0.186406371
25,9,25,9,10,0,0.200406371
25,9,25,9,11,0,0.187406371
25,9,25,9,12,0,0.191406371
25,9,25,9,13,0,0.190406371
25,9,25,9,14,0,0.188406371
25,9,25,9,15,0,0.191406371
25,9,25,9,16,0,0.191406371
25,9,25,9,17,0,0.187406371
25,9,25,9,18,0,0.191406371
25,9,25,9,19,0,0.191406371
25,9,25,9,20,0,0.196406371
25,9,25,9,21,0,0.195406371
25,9,25,9,22,0,0.214406371
25,9,25,9,23,0,0.198406371
25,9,25,9,24,0,0.203406371
25,9,25,9,25,0,0.209406371
25,9,25,9,26,0,0.213406371
25,9,25,9,27,0,0.210406371
25,9,25,9,28,0,0.210406371
25,9,25,9,29,0,0.216406371
25,9,25,9,30,0,0.199406371
25,9,25,9,31,0,0.210406371
25,9,25,9,32,0,0.222406371
25,9,25,9,33,0,0.211406371
25,9,25,9,34,0,0.208406371
25,9,25,9,35,0,0.202406371
25,9,25,9,36,0,0.215406371
25,9,25,9,37,0,0.203406371
25,9,25,9,38,0,0.212406371
25,9,25,9,39,0,0.217406371
25,9,25,9,40,0,0.205406371
25,9,25,9,41,0,0.211406371
25,9,25,9,42,0,0.213406371
25,9,25,9,43,0,0.215406371
25,9,25,9,44,0,0.219406371
25,9,25,9,45,0,0.209406371
25,9,25,9,46,0,0.226406371
25,9,25,9,47,0,0.199406371
25,9,25,9,48,0,0.213406371
25,9,25,9,49,0,0.210406371
25,9,25,9,50,0,0.213406371
25,9,25,9,51,0,0.211406371
25,9,25,9,52,0,0.213406371
25,9,25,9,53,0,0.229406371
25,9,25,9,54,0,0.220406371
25,9,25,9,55,0,0.230406371
25,9,25,9,56,0,0.211406371
25,9,25,9,57,0,0.230406371
25,9,25,9,58,0,0.226406371
25,9,25,9,59,0,0.208406371
25,9,25,10,0,0,0.212406371
25,9,25,10,1,0,0.228406371
25,9,25,10,2,0,0.227406371
25,9,25,10,3,0,0.228406371
25,9,25,10,4,0,0.227406371
25,9,25,10,5,0,0.233406371
25,9,25,10,6,0,0.222406371
25,9,25,10,7,0,0.224406371
25,9,25,10,8,0,0.227406371
25,9,25,10,9,0,0.221406371
25,9,25,10,10,0,0.216406371
25,9,25,10,11,0,0.239406371
25,9,25,10,12,0,0.237406371
25,9,25,10,13,0,0.221406371
25,9,25,10,14,0,0.229406371
25,9,25,10,15,0,0.248406371
25,9,25,10,16,0,0.225406371
25,9,25,10,17,0,0.212406371
25,9,25,10,18,0,0.220406371
25,9,25,10,19,0,0.283406371
25,9,25,10,20,0,0.222406371
25,9,25,10,21,0,0.225406371
25,9,25,10,22,0,0.225406371
25,9,25,10,23,0,0.225406371
25,9,25,10,24,0,0.228406371
25,9,25,10,25,0,0.225406371
25,9,25,10,26,0,0.221406371
25,9,25,10,27,0,0.233406371
25,9,25,10,28,0,0.223406371
25,9,25,10,29,0,0.225406371
25,9,25,10,30,0,0.193406371
25,9,25,10,31,0,0.216406371
25,9,25,10,32,0,0.251406371
25,9,25,10,33,0,0.225406371
25,9,25,10,34,0,0.199406371
25,9,25,10,35,0,0.228406371
25,9,25,10,36,0,0.225406371
25,9,25,10,37,0,0.201406371
25,9,25,10,38,0,0.213406371
25,9,25,10,39,0,0.229406371
25,9,25,10,40,0,0.229406371
25,9,25,10,41,0,0.242406371
25,9,25,10,42,0,0.242406371
25,9,25,10,43,0,0.242406371
25,9,25,10,44,0,0.214406371
25,9,25,10,45,0,0.236406371
25,9,25,10,46,0,0.195406371
25,9,25,10,47,0,0.202406371
25,9,25,10,48,0,0.210406371
25,9,25,10,49,0,0.208406371
25,9,25,10,50,0,0.216406371
25,9,25,10,51,0,0.214406371
25,9,25,10,52,0,0.202406371
25,9,25,10,53,0,0.227406371
25,9,25,10,54,0,0.212406371
25,9,25,10,55,0,0.212406371
25,9,25,10,56,0,0.212406371
25,9,25,10,57,0,0.114406371
25,9,25,10,58,0,0.208406371
25,9,25,10,59,0,0.204406371
25,9,25,11,0,0,0.197406371
25,9,25,11,1,0,0.228406371
25,9,25,11,2,0,0.224406371
25,9,25,11,3,0,0.206406371
25,9,25,11,4,0,0.206406371
25,9,25,11,5,0,0.216406371
25,9,25,11,6,0,0.215406371
25,9,25,11,7,0,0.202406371
25,9,25,11,8,0,0.214406371
25,9,25,11,9,0,0.205406371
25,9,25,11,10,0,0.202406371
25,9,25,11,11,0,0.192406371
25,9,25,11,12,0,0.274406371
25,9,25,11,13,0,0.204406371
25,9,25,11,14,0,0.103406371
25,9,25,11,15,0,0.203406371
25,9,25,11,16,0,0.196406371
25,9,25,11,17,0,0.151406371
25,9,25,11,18,0,0.203406371
25,9,25,11,19,0,0.188406371
25,9,25,11,20,0,0.195406371
25,9,25,11,21,0,0.200406371
25,9,25,11,22,0,0.198406371
25,9,25,11,23,0,0.199406371
25,9,25,11,24,0,0.190406371
25,9,25,11,25,0,0.195406371
25,9,25,11,26,0,0.194406371
25,9,25,11,27,0,0.194406371
25,9,25,11,28,0,0.178406371
25,9,25,11,29,0,0.185406371
25,9,25,11,30,0,0.188406371
25,9,25,11,31,0,0.193406371
25,9,25,11,32,0,0.188406371
25,9,25,11,33,0,0.188406371
25,9,25,11,34,0,0.188406371
25,9,25,11,35,0,0.188406371
25,9,25,11,36,0,0.188406371
25,9,25,11,37,0,0.199406371
25,9,25,11,38,0,0.186406371
25,9,25,11,39,0,0.180406371
25,9,25,11,40,0,0.182406371
25,9,25,11,41,0,0.180406371
25,9,25,11,42,0,0.191406371
25,9,25,11,43,0,0.191406371
25,9,25,11,44,0,0.191406371
25,9,25,11,45,0,0.184406371
25,9,25,11,46,0,0.177406371
25,9,25,11,47,0,0.192406371
25,9,25,11,48,0,0.193406371
25,9,25,11,49,0,0.178406371
25,9,25,11,50,0,0.194406371
25,9,25,11,51,0,0.183406371
25,9,25,11,52,0,0.194406371
25,9,25,11,53,0,0.189406371
25,9,25,11,54,0,0.195406371
25,9,25,11,55,0,0.186406371
25,9,25,11,56,0,0.182406371
25,9,25,11,57,0,0.181406371
25,9,25,11,58,0,0.181406371
25,9,25,11,59,0,0.181406371
25,9,25,12,0,0,0.173406371
25,9,25,12,1,0,0.173406371
25,9,25,12,2,0,0.180406371
25,9,25,12,3,0,0.177406371
25,9,25,12,4,0,0.180406371
25,9,25,12,5,0,0.177406371
25,9,25,12,6,0,0.156406371
25,9,25,12,7,0,0.173406371
25,9,25,12,8,0,0.161406371
25,9,25,12,9,0,0.174406371
25,9,25,12,10,0,0.159406371
25,9,25,12,11,0,0.164406371
25,9,25,12,12,0,0.163406371
25,9,25,12,13,0,0.166406371
25,9,25,12,14,0,0.174406371
25,9,25,12,15,0,0.159406371
25,9,25,12,16,0,0.159406371
25,9,25,12,17,0,0.157406371
25,9,25,12,18,0,0.152406371
25,9,25,12,19,0,0.147406371
25,9,25,12,20,0,0.157406371
25,9,25,12,21,0,0.162406371
25,9,25,12,22,0,0.157406371
25,9,25,12,23,0,0.157406371
25,9,25,12,24,0,0.171406371
25,9,25,12,25,0,0.155406371
25,9,25,12,26,0,0.158406371
25,9,25,12,27,0,0.139406371
25,9,25,12,28,0,0.152406371
25,9,25,12,29,0,0.210406371
25,9,25,12,30,0,0.158406371
25,9,25,12,31,0,0.158406371
25,9,25,12,32,0,0.166406371
25,9,25,12,33,0,0.186406371
25,9,25,12,34,0,0.136406371
25,9,25,12,35,0,0.148406371
25,9,25,12,36,0,0.158406371
25,9,25,12,37,0,0.139406371
25,9,25,12,38,0,0.146406371
25,9,25,12,39,0,0.142406371
25,9,25,12,40,0,0.142406371
25,9,25,12,41,0,0.154406371
25,9,25,12,42,0,0.144406371
25,9,25,12,43,0,0.143406371
25,9,25,12,44,0,0.151406371
25,9,25,12,45,0,0.124406371
25,9,25,12,46,0,0.162406371
25,9,25,12,47,0,0.130406371
25,9,25,12,48,0,0.147406371
25,9,25,12,49,0,0.154406371
25,9,25,12,50,0,0.155406371
25,9,25,12,51,0,0.152406371
25,9,25,12,52,0,0.140406371
25,9,25,12,53,0,0.138406371
25,9,25,12,54,0,0.145406371
25,9,25,12,55,0,0.142406371
25,9,25,12,56,0,0.143406371
25,9,25,12,57,0,0.151406371
25,9,25,12,58,0,0.157406371
25,9,25,12,59,0,0.151406371
25,9,25,13,0,0,0.130406371
25,9,25,13,1,0,0.159406371
25,9,25,13,2,0,0.150406371
25,9,25,13,3,0,0.202406371
25,9,25,13,4,0,0.129406371
25,9,25,13,5,0,0.143406371
25,9,25,13,6,0,0.135406371
25,9,25,13,7,0,0.119406371
25,9,25,13,8,0,0.141406371
25,9,25,13,9,0,0.136406371
25,9,25,13,10,0,0.142406371
25,9,25,13,11,0,0.128406371
25,9,25,13,12,0,0.136406371
25,9,25,13,13,0,0.151406371
25,9,25,13,14,0,0.148406371
25,9,25,13,15,0,0.134406371
25,9,25,13,16,0,0.141406371
25,9,25,13,17,0,0.122406371
25,9,25,13,18,0,0.136406371
25,9,25,13,19,0,0.126406371
25,9,25,13,20,0,0.123406371
25,9,25,13,21,0,0.118406371
25,9,25,13,22,0,0.122406371
25,9,25,13,23,0,0.117406371
25,9,25,13,24,0,0.121406371
25,9,25,13,25,0,0.130406371
25,9,25,13,26,0,0.124406371
25,9,25,13,27,0,0.119406371
25,9,25,13,28,0,0.100406371
25,9,25,13,29,0,0.124406371
25,9,25,13,30,0,0.137406371
25,9,25,13,31,0,0.114406371
25,9,25,13,32,0,0.118406371
25,9,25,13,33,0,0.107406371
25,9,25,13,34,0,0.109406371
25,9,25,13,35,0,0.113406371
25,9,25,13,36,0,0.128406371
25,9,25,13,37,0,0.100406371
25,9,25,13,38,0,0.123406371
25,9,25,13,39,0,0.094406371
25,9,25,13,40,0,0.116406371
25,9,25,13,41,0,0.105406371
25,9,25,13,42,0,0.123406371
25,9,25,13,43,0,0.122406371
25,9,25,13,44,0,0.102406371
25,9,25,13,45,0,0.110406371
25,9,25,13,46,0,0.177406371
25,9,25,13,47,0,0.111406371
25,9,25,13,48,0,0.117406371
25,9,25,13,49,0,0.112406371
25,9,25,13,50,0,0.102406371
25,9,25,13,51,0,0.119406371
25,9,25,13,52,0,0.104406371
25,9,25,13,53,0,0.099406371
25,9,25,13,54,0,0.109406371
25,9,25,13,55,0,0.113406371
25,9,25,13,56,0,0.100406371
25,9,25,13,57,0,0.099406371
25,9,25,13,58,0,0.101406371
25,9,25,13,59,0,0.102406371
25,9,25,14,0,0,0.089406371
25,9,25,14,1,0,0.095406371
25,9,25,14,2,0,0.094406371
25,9,25,14,3,0,0.092406371
25,9,25,14,4,0,0.105406371
25,9,25,14,5,0,0.113406371
25,9,25,14,6,0,0.098406371
25,9,25,14,7,0,0.091406371
25,9,25,14,8,0,0.092406371
25,9,25,14,9,0,0.088406371
25,9,25,14,10,0,0.087406371
25,9,25,14,11,0,0.084406371
25,9,25,14,12,0,0.104406371
25,9,25,14,13,0,0.094406371
25,9,25,14,14,0,0.087406371
25,9,25,14,15,0,0.087406371
25,9,25,14,16,0,0.093406371
25,9,25,14,17,0,0.089406371
25,9,25,14,18,0,0.103406371
25,9,25,14,19,0,0.099406371
25,9,25,14,20,0,0.108406371
25,9,25,14,21,0,0.096406371
25,9,25,14,22,0,0.082406371
25,9,25,14,23,0,0.102406371
25,9,25,14,24,0,0.102406371
25,9,25,14,25,0,0.092406371
25,9,25,14,26,0,0.087406371
25,9,25,14,27,0,0.098406371
25,9,25,14,28,0,0.103406371
25,9,25,14,29,0,0.093406371
25,9,25,14,30,0,0.087406371
25,9,25,14,31,0,0.098406371
25,9,25,14,32,0,0.097406371
25,9,25,14,33,0,0.087406371
25,9,25,14,34,0,0.087406371
25,9,25,14,35,0,0.088406371
25,9,25,14,36,0,0.091406371
25,9,25,14,37,0,0.091406371
25,9,25,14,38,0,0.078406371
25,9,25,14,39,0,0.091406371
25,9,25,14,40,0,0.087406371
25,9,25,14,41,0,0.087406371
25,9,25,14,42,0,0.080406371
25,9,25,14,43,0,0.085406371
25,9,25,14,44,0,0.085406371
25,9,25,14,45,0,0.092406371
25,9,25,14,46,0,0.095406371
25,9,25,14,47,0,0.066406371
25,9,25,14,48,0,0.074406371
25,9,25,14,49,0,0.088406371
25,9,25,14,50,0,0.064406371
25,9,25,14,51,0,0.079406371
25,9,25,14,52,0,0.078406371
25,9,25,14,53,0,0.069406371
25,9,25,14,54,0,0.094406371
25,9,25,14,55,0,0.071406371
25,9,25,14,56,0,0.081406371
25,9,25,14,57,0,0.068406371
25,9,25,14,58,0,0.078406371
25,9,25,14,59,0,0.065406371
25,9,25,15,0,0,0.075406371
25,9,25,15,1,0,0.077406371
25,9,25,15,2,0,0.075406371
25,9,25,15,3,0,0.051406371
25,9,25,15,4,0,0.082406371
25,9,25,15,5,0,0.068406371
25,9,25,15,6,0,0.060406371
25,9,25,15,7,0,0.062406371
25,9,25,15,8,0,0.057406371
25,9,25,15,9,0,0.061406371
25,9,25,15,10,0,0.086406371
25,9,25,15,11,0,0.062406371
25,9,25,15,12,0,0.029406371
25,9,25,15,13,0,0.050406371
25,9,25,15,14,0,0.049406371
25,9,25,15,15,0,0.051406371
25,9,25,15,16,0,0.073406371
25,9,25,15,17,0,0.065406371
25,9,25,15,18,0,0.053406371
25,9,25,15,19,0,0.057406371
25,9,25,15,20,0,0.044406371
25,9,25,15,21,0,0.073406371
25,9,25,15,22,0,0.053406371
25,9,25,15,23,0,0.073406371
25,9,25,15,24,0,0.061406371
25,9,25,15,25,0,0.038406371
25,9,25,15,26,0,0.049406371
25,9,25,15,27,0,0.074406371
25,9,25,15,28,0,0.065406371
25,9,25,15,29,0,0.061406371
25,9,25,15,30,0,0.067406371
25,9,25,15,31,0,0.061406371
25,9,25,15,32,0,0.050406371
25,9,25,15,33,0,0.054406371
25,9,25,15,34,0,0.039406371
25,9,25,15,35,0,0.057406371
25,9,25,15,36,0,0.069406371
25,9,25,15,37,0,0.044406371
25,9,25,15,38,0,0.069406371
25,9,25,15,39,0,0.054406371
25,9,25,15,40,0,0.054406371
25,9,25,15,41,0,0.047406371
25,9,25,15,42,0,0.033406371
25,9,25,15,43,0,0.053406371
25,9,25,15,44,0,0.038406371
25,9,25,15,45,0,0.023406371
25,9,25,15,46,0,0.047406371
25,9,25,15,47,0,0.035406371
25,9,25,15,48,0,0.036406371
25,9,25,15,49,0,0.035406371
25,9,25,15,50,0,0.048406371
25,9,25,15,51,0,0.029406371
25,9,25,15,52,0,0.038406371
25,9,25,15,53,0,0.032406371
25,9,25,15,54,0,0.046406371
25,9,25,15,55,0,0.038406371
25,9,25,15,56,0,0.027406371
25,9,25,15,57,0,0.021406371
25,9,25,15,58,0,0.045406371
25,9,25,15,59,0,0.018406371
25,9,25,16,0,0,0.035406371
25,9,25,16,1,0,0.035406371
25,9,25,16,2,0,0.038406371
25,9,25,16,3,0,0.033406371
25,9,25,16,4,0,0.054406371
25,9,25,16,5,0,0.028406371
25,9,25,16,6,0,-0.023593629
25,9,25,16,7,0,0.035406371
25,9,25,16,8,0,0.035406371
25,9,25,16,9,0,0.026406371
25,9,25,16,10,0,0.018406371
25,9,25,16,11,0,0.028406371
25,9,25,16,12,0,0.053406371
25,9,25,16,13,0,0.037406371
25,9,25,16,14,0,0.030406371
25,9,25,16,15,0,0.029406371
25,9,25,16,16,0,0.012406371
25,9,25,16,17,0,0.026406371
25,9,25,16,18,0,0.021406371
25,9,25,16,19,0,0.029406371
25,9,25,16,20,0,0.013406371
25,9,25,16,21,0,0.024406371
25,9,25,16,22,0,0.022406371
25,9,25,16,23,0,0.031406371
25,9,25,16,24,0,0.021406371
25,9,25,16,25,0,0.024406371
25,9,25,16,26,0,0.018406371
25,9,25,16,27,0,0.007406371
25,9,25,16,28,0,0.024406371
25,9,25,16,29,0,0.011406371
25,9,25,16,30,0,0.004406371
25,9,25,16,31,0,0.017406371
25,9,25,16,32,0,0.012406371
25,9,25,16,33,0,0.018406371
25,9,25,16,34,0,0.015406371
25,9,25,16,35,0,0.010406371
25,9,25,16,36,0,0.006406371
25,9,25,16,37,0,0.004406371
25,9,25,16,38,0,0.006406371
25,9,25,16,39,0,0.013406371
25,9,25,16,40,0,0.004406371
25,9,25,16,41,0,0.002406371
25,9,25,16,42,0,0.005406371
25,9,25,16,43,0,0.017406371
25,9,25,16,44,0,0.004406371
25,9,25,16,45,0,0.011406371
25,9,25,16,46,0,0.018406371
25,9,25,16,47,0,0.003406371
25,9,25,16,48,0,0.012406371
25,9,25,16,49,0,0.003406371
25,9,25,16,50,0,0.008406371
25,9,25,16,51,0,0.005406371
25,9,25,16,52,0,0.014406371
25,9,25,16,53,0,-0.021593629
25,9,25,16,54,0,0.003406371
25,9,25,16,55,0,0.002406371
25,9,25,16,56,0,0.000406371
25,9,25,16,57,0,-0.008593629
25,9,25,16,58,0,0.003406371
25,9,25,16,59,0,-0.003593629
25,9,25,17,0,0,-0.017593629
25,9,25,17,1,0,0.002406371
25,9,25,17,2,0,-0.012593629
25,9,25,17,3,0,-0.003593629
25,9,25,17,4,0,-0.023593629
25,9,25,17,5,0,-0.010593629
25,9,25,17,6,0,-0.002593629
25,9,25,17,7,0,-0.003593629
25,9,25,17,8,0,-0.010593629
25,9,25,17,9,0,-0.005593629
25,9,25,17,10,0,-0.001593629
25,9,25,17,11,0,-0.021593629
25,9,25,17,12,0,-0.010593629
25,9,25,17,13,0,0.055406371
25,9,25,17,14,0,-0.006593629
25,9,25,17,15,0,-0.010593629
25,9,25,17,16,0,-0.038593629
25,9,25,17,17,0,-0.015593629
25,9,25,17,18,0,-0.019593629
25,9,25,17,19,0,-0.008593629
25,9,25,17,20,0,-0.025593629
25,9,25,17,21,0,-0.023593629
25,9,25,17,22,0,-0.024593629
25,9,25,17,23,0,-0.026593629
25,9,25,17,24,0,-0.036593629
25,9,25,17,25,0,-0.027593629
25,9,25,17,26,0,-0.051593629
25,9,25,17,27,0,-0.032593629
25,9,25,17,28,0,-0.035593629
25,9,25,17,29,0,-0.034593629
25,9,25,17,30,0,-0.034593629
25,9,25,17,31,0,-0.035593629
25,9,25,17,32,0,-0.043593629
25,9,25,17,33,0,-0.032593629
25,9,25,17,34,0,-0.033593629
25,9,25,17,35,0,-0.035593629
25,9,25,17,36,0,-0.040593629
25,9,25,17,37,0,-0.034593629
25,9,25,17,38,0,-0.040593629
25,9,25,17,39,0,-0.053593629
25,9,25,17,40,0,-0.040593629
25,9,25,17,41,0,-0.068593629
25,9,25,17,42,0,-0.046593629
25,9,25,17,43,0,-0.044593629
25,9,25,17,44,0,-0.041593629
25,9,25,17,45,0,-0.039593629
25,9,25,17,46,0,-0.044593629
25,9,25,17,47,0,-0.053593629
25,9,25,17,48,0,-0.061593629
25,9,25,17,49,0,-0.074593629
25,9,25,17,50,0,-0.054593629
25,9,25,17,51,0,-0.063593629
25,9,25,17,52,0,-0.060593629
25,9,25,17,53,0,-0.061593629
25,9,25,17,54,0,-0.067593629
25,9,25,17,55,0,-0.062593629
25,9,25,17,56,0,-0.064593629
25,9,25,17,57,0,-0.062593629
25,9,25,17,58,0,-0.068593629
25,9,25,17,59,0,-0.067593629
25,9,25,18,0,0,-0.067593629
25,9,25,18,1,0,-0.078593629
25,9,25,18,2,0,-0.068593629
25,9,25,18,3,0,-0.068593629
25,9,25,18,4,0,-0.084593629
25,9,25,18,5,0,-0.067593629
25,9,25,18,6,0,-0.070593629
25,9,25,18,7,0,-0.082593629
25,9,25,18,8,0,-0.081593629
25,9,25,18,9,0,-0.084593629
25,9,25,18,10,0,-0.085593629
25,9,25,18,11,0,-0.076593629
25,9,25,18,12,0,-0.062593629
25,9,25,18,13,0,-0.098593629
25,9,25,18,14,0,-0.104593629
25,9,25,18,15,0,-0.091593629
25,9,25,18,16,0,-0.084593629
25,9,25,18,17,0,-0.096593629
25,9,25,18,18,0,-0.093593629
25,9,25,18,19,0,-0.093593629
25,9,25,18,20,0,-0.092593629
25,9,25,18,21,0,-0.093593629
25,9,25,18,22,0,-0.097593629
25,9,25,18,23,0,-0.100593629
25,9,25,18,24,0,-0.098593629
25,9,25,18,25,0,-0.098593629
25,9,25,18,26,0,-0.098593629
25,9,25,18,27,0,-0.105593629
25,9,25,18,28,0,-0.108593629
25,9,25,18,29,0,-0.108593629
25,9,25,18,30,0,-0.095593629
25,9,25,18,31,0,-0.112593629
25,9,25,18,32,0,-0.099593629
25,9,25,18,33,0,-0.107593629
25,9,25,18,34,0,-0.101593629
25,9,25,18,35,0,-0.104593629
25,9,25,18,36,0,-0.110593629
25,9,25,18,37,0,-0.098593629
25,9,25,18,38,0,-0.112593629
25,9,25,18,39,0,-0.114593629
25,9,25,18,40,0,-0.111593629
25,9,25,18,41,0,-0.105593629
25,9,25,18,42,0,-0.110593629
25,9,25,18,43,0,-0.112593629
25,9,25,18,44,0,-0.105593629
25,9,25,18,45,0,-0.125593629
25,9,25,18,46,0,-0.126593629
25,9,25,18,47,0,-0.126593629
25,9,25,18,48,0,-0.124593629
25,9,25,18,49,0,-0.135593629
25,9,25,18,50,0,-0.133593629
25,9,25,18,51,0,-0.124593629
25,9,25,18,52,0,-0.129593629
25,9,25,18,53,0,-0.141593629
25,9,25,18,54,0,-0.123593629
25,9,25,18,55,0,-0.124593629
25,9,25,18,56,0,-0.127593629
25,9,25,18,57,0,-0.124593629
25,9,25,18,58,0,-0.136593629
25,9,25,18,59,0,-0.126593629
25,9,25,19,0,0,-0.125593629
25,9,25,19,1,0,-0.127593629
25,9,25,19,2,0,-0.138593629
25,9,25,19,3,0,-0.134593629
25,9,25,19,4,0,-0.130593629
25,9,25,19,5,0,-0.131593629
25,9,25,19,6,0,-0.138593629
25,9,25,19,7,0,-0.137593629
25,9,25,19,8,0,-0.141593629
25,9,25,19,9,0,-0.139593629
25,9,25,19,10,0,-0.142593629
25,9,25,19,11,0,-0.139593629
25,9,25,19,12,0,-0.152593629
25,9,25,19,13,0,-0.140593629
25,9,25,19,14,0,-0.153593629
25,9,25,19,15,0,-0.147593629
25,9,25,19,16,0,-0.158593629
25,9,25,19,17,0,-0.131593629
25,9,25,19,18,0,-0.146593629
25,9,25,19,19,0,-0.143593629
25,9,25,19,20,0,-0.141593629
25,9,25,19,21,0,-0.156593629
25,9,25,19,22,0,-0.146593629
25,9,25,19,23,0,-0.156593629
25,9,25,19,24,0,-0.143593629
25,9,25,19,25,0,-0.150593629
25,9,25,19,26,0,-0.155593629
25,9,25,19,27,0,-0.149593629
25,9,25,19,28,0,-0.150593629
25,9,25,19,29,0,-0.153593629
25,9,25,19,30,0,-0.147593629
25,9,25,19,31,0,-0.156593629
25,9,25,19,32,0,-0.152593629
25,9,25,19,33,0,-0.157593629
25,9,25,19,34,0,-0.147593629
25,9,25,19,35,0,-0.163593629
25,9,25,19,36,0,-0.156593629
25,9,25,19,37,0,-0.156593629
25,9,25,19,38,0,-0.170593629
25,9,25,19,39,0,-0.157593629
25,9,25,19,40,0,-0.152593629
25,9,25,19,41,0,-0.152593629
25,9,25,19,42,0,-0.148593629
25,9,25,19,43,0,-0.157593629
25,9,25,19,44,0,-0.151593629
25,9,25,19,45,0,-0.150593629
25,9,25,19,46,0,-0.162593629
25,9,25,19,47,0,-0.166593629
25,9,25,19,48,0,-0.158593629
25,9,25,19,49,0,-0.165593629
25,9,25,19,50,0,-0.162593629
25,9,25,19,51,0,-0.160593629
25,9,25,19,52,0,-0.162593629
25,9,25,19,53,0,-0.175593629
25,9,25,19,54,0,-0.171593629
25,9,25,19,55,0,-0.161593629
25,9,25,19,56,0,-0.161593629
25,9,25,19,57,0,-0.158593629
25,9,25,19,58,0,-0.158593629
25,9,25,19,59,0,-0.158593629
25,9,25,20,0,0,-0.162593629
25,9,25,20,1,0,-0.154593629
25,9,25,20,2,0,-0.175593629
25,9,25,20,3,0,-0.169593629
25,9,25,20,4,0,-0.171593629
25,9,25,20,5,0,-0.173593629
25,9,25,20,6,0,-0.174593629
25,9,25,20,7,0,-0.167593629
25,9,25,20,8,0,-0.165593629
25,9,25,20,9,0,-0.164593629
25,9,25,20,10,0,-0.176593629
25,9,25,20,11,0,-0.172593629
25,9,25,20,12,0,-0.176593629
25,9,25,20,13,0,-0.170593629
25,9,25,20,14,0,-0.169593629
25,9,25,20,15,0,-0.180593629
25,9,25,20,16,0,-0.166593629
25,9,25,20,17,0,-0.172593629
25,9,25,20,18,0,-0.169593629
25,9,25,20,19,0,-0.179593629
25,9,25,20,20,0,-0.178593629
25,9,25,20,21,0,-0.180593629
25,9,25,20,22,0,-0.179593629
25,9,25,20,23,0,-0.176593629
25,9,25,20,24,0,-0.168593629
25,9,25,20,25,0,-0.171593629
25,9,25,20,26,0,-0.180593629
25,9,25,20,27,0,-0.172593629
25,9,25,20,28,0,-0.181593629
25,9,25,20,29,0,-0.177593629
25,9,25,20,30,0,-0.179593629
25,9,25,20,31,0,-0.178593629
25,9,25,20,32,0,-0.176593629
25,9,25,20,33,0,-0.180593629
25,9,25,20,34,0,-0.179593629
25,9,25,20,35,0,-0.186593629
25,9,25,20,36,0,-0.178593629
25,9,25,20,37,0,-0.186593629
25,9,25,20,38,0,-0.181593629
25,9,25,20,39,0,-0.177593629
25,9,25,20,40,0,-0.182593629
25,9,25,20,41,0,-0.189593629
25,9,25,20,42,0,-0.186593629
25,9,25,20,43,0,-0.179593629
25,9,25,20,44,0,-0.175593629
25,9,25,20,45,0,-0.185593629
25,9,25,20,46,0,-0.185593629
25,9,25,20,47,0,-0.188593629
25,9,25,20,48,0,-0.195593629
25,9,25,20,49,0,-0.175593629
25,9,25,20,50,0,-0.188593629
25,9,25,20,51,0,-0.193593629
25,9,25,20,52,0,-0.183593629
25,9,25,20,53,0,-0.171593629
25,9,25,20,54,0,-0.183593629
25,9,25,20,55,0,-0.186593629
25,9,25,20,56,0,-0.175593629
25,9,25,20,57,0,-0.186593629
25,9,25,20,58,0,-0.192593629
25,9,25,20,59,0,-0.197593629
25,9,25,21,0,0,-0.193593629
25,9,25,21,1,0,-0.190593629
25,9,25,21,2,0,-0.192593629
25,9,25,21,3,0,-0.187593629
25,9,25,21,4,0,-0.187593629
25,9,25,21,5,0,-0.187593629
25,9,25,21,6,0,-0.193593629
25,9,25,21,7,0,-0.196593629
25,9,25,21,8,0,-0.201593629
25,9,25,21,9,0,-0.197593629
25,9,25,21,10,0,-0.197593629
25,9,25,21,11,0,-0.195593629
25,9,25,21,12,0,-0.205593629
25,9,25,21,13,0,-0.192593629
25,9,25,21,14,0,-0.190593629
25,9,25,21,15,0,-0.193593629
25,9,25,21,16,0,-0.191593629
25,9,25,21,17,0,-0.207593629
25,9,25,21,18,0,-0.199593629
25,9,25,21,19,0,-0.189593629
25,9,25,21,20,0,-0.199593629
25,9,25,21,21,0,-0.207593629
25,9,25,21,22,0,-0.197593629
25,9,25,21,23,0,-0.200593629
25,9,25,21,24,0,-0.195593629
25,9,25,21,25,0,-0.196593629
25,9,25,21,26,0,-0.202593629
25,9,25,21,27,0,-0.195593629
25,9,25,21,28,0,-0.206593629
25,9,25,21,29,0,-0.200593629
25,9,25,21,30,0,-0.197593629
25,9,25,21,31,0,-0.199593629
25,9,25,21,32,0,-0.198593629
25,9,25,21,33,0,-0.199593629
25,9,25,21,34,0,-0.194593629
25,9,25,21,35,0,-0.194593629
25,9,25,21,36,0,-0.194593629
25,9,25,21,37,0,-0.198593629
25,9,25,21,38,0,-0.191593629
25,9,25,21,39,0,-0.199593629
25,9,25,21,40,0,-0.199593629
25,9,25,21,41,0,-0.204593629
25,9,25,21,42,0,-0.222593629
25,9,25,21,43,0,-0.205593629
25,9,25,21,44,0,-0.195593629
25,9,25,21,45,0,-0.200593629
25,9,25,21,46,0,-0.206593629
25,9,25,21,47,0,-0.216593629
25,9,25,21,48,0,-0.202593629
25,9,25,21,49,0,-0.197593629
25,9,25,21,50,0,-0.212593629
25,9,25,21,51,0,-0.303593629
25,9,25,21,52,0,-0.207593629
25,9,25,21,53,0,-0.214593629
25,9,25,21,54,0,-0.207593629
25,9,25,21,55,0,-0.204593629
25,9,25,21,56,0,-0.210593629
25,9,25,21,57,0,-0.202593629
25,9,25,21,58,0,-0.203593629
25,9,25,21,59,0,-0.204593629
25,9,25,22,0,0,-0.205593629
25,9,25,22,1,0,-0.206593629
25,9,25,22,2,0,-0.204593629
25,9,25,22,3,0,-0.199593629
25,9,25,22,4,0,-0.204593629
25,9,25,22,5,0,-0.211593629
25,9,25,22,6,0,-0.214593629
25,9,25,22,7,0,-0.210593629
25,9,25,22,8,0,-0.212593629
25,9,25,22,9,0,-0.216593629
25,9,25,22,10,0,-0.214593629
25,9,25,22,11,0,-0.211593629
25,9,25,22,12,0,-0.214593629
25,9,25,22,13,0,-0.216593629
25,9,25,22,14,0,-0.216593629
25,9,25,22,15,0,-0.214593629
25,9,25,22,16,0,-0.213593629
25,9,25,22,17,0,-0.217593629
25,9,25,22,18,0,-0.226593629
25,9,25,22,19,0,-0.227593629
25,9,25,22,20,0,-0.230593629
25,9,25,22,21,0,-0.225593629
25,9,25,22,22,0,-0.219593629
25,9,25,22,23,0,-0.217593629
25,9,25,22,24,0,-0.213593629
25,9,25,22,25,0,-0.220593629
25,9,25,22,26,0,-0.220593629
25,9,25,22,27,0,-0.221593629
25,9,25,22,28,0,-0.220593629
25,9,25,22,29,0,-0.218593629
25,9,25,22,30,0,-0.213593629
25,9,25,22,31,0,-0.227593629
25,9,25,22,32,0,-0.227593629
25,9,25,22,33,0,-0.222593629
25,9,25,22,34,0,-0.223593629
25,9,25,22,35,0,-0.220593629
25,9,25,22,36,0,-0.226593629
25,9,25,22,37,0,-0.229593629
25,9,25,22,38,0,-0.228593629
25,9,25,22,39,0,-0.226593629
25,9,25,22,40,0,-0.224593629
25,9,25,22,41,0,-0.233593629
25,9,25,22,42,0,-0.227593629
25,9,25,22,43,0,-0.240593629
25,9,25,22,44,0,-0.235593629
25,9,25,22,45,0,-0.234593629
25,9,25,22,46,0,-0.236593629
25,9,25,22,47,0,-0.226593629
25,9,25,22,48,0,-0.237593629
25,9,25,22,49,0,-0.231593629
25,9,25,22,50,0,-0.234593629
25,9,25,22,51,0,-0.234593629
25,9,25,22,52,0,-0.241593629
25,9,25,22,53,0,-0.247593629
25,9,25,22,54,0,-0.239593629
25,9,25,22,55,0,-0.241593629
25,9,25,22,56,0,-0.248593629
25,9,25,22,57,0,-0.253593629
25,9,25,22,58,0,-0.248593629
25,9,25,22,59,0,-0.248593629
25,9,25,23,0,0,-0.248593629
25,9,25,23,1,0,-0.260593629
25,9,25,23,2,0,-0.254593629
25,9,25,23,3,0,-0.254593629
25,9,25,23,4,0,-0.255593629
25,9,25,23,5,0,-0.257593629
25,9,25,23,6,0,-0.252593629
25,9,25,23,7,0,-0.251593629
25,9,25,23,8,0,-0.249593629
25,9,25,23,9,0,-0.251593629
25,9,25,23,10,0,-0.251593629
25,9,25,23,11,0,-0.248593629
25,9,25,23,12,0,-0.251593629
25,9,25,23,13,0,-0.256593629
25,9,25,23,14,0,-0.264593629
25,9,25,23,15,0,-0.253593629
25,9,25,23,16,0,-0.257593629
25,9,25,23,17,0,-0.256593629
25,9,25,23,18,0,-0.260593629
25,9,25,23,19,0,-0.259593629
25,9,25,23,20,0,-0.260593629
25,9,25,23,21,0,-0.259593629
25,9,25,23,22,0,-0.258593629
25,9,25,23,23,0,-0.253593629
25,9,25,23,24,0,-0.254593629
25,9,25,23,25,0,-0.255593629
25,9,25,23,26,0,-0.251593629
25,9,25,23,27,0,-0.257593629
25,9,25,23,28,0,-0.264593629
25,9,25,23,29,0,-0.268593629
25,9,25,23,30,0,-0.268593629
25,9,25,23,31,0,-0.265593629
25,9,25,23,32,0,-0.266593629
25,9,25,23,33,0,-0.263593629
25,9,25,23,34,0,-0.262593629
25,9,25,23,35,0,-0.261593629
25,9,25,23,36,0,-0.257593629
25,9,25,23,37,0,-0.259593629
25,9,25,23,38,0,-0.264593629
25,9,25,23,39,0,-0.257593629
25,9,25,23,40,0,-0.272593629
25,9,25,23,41,0,-0.270593629
25,9,25,23,42,0,-0.266593629
25,9,25,23,43,0,-0.273593629
25,9,25,23,44,0,-0.270593629
25,9,25,23,45,0,-0.270593629
25,9,25,23,46,0,-0.268593629
25,9,25,23,47,0,-0.281593629
25,9,25,23,48,0,-0.277593629
25,9,25,23,49,0,-0.279593629
25,9,25,23,50,0,-0.280593629
25,9,25,23,51,0,-0.281593629
25,9,25,23,52,0,-0.282593629
25,9,25,23,53,0,-0.286593629
25,9,25,23,54,0,-0.287593629
25,9,25,23,55,0,-0.284593629
25,9,25,23,56,0,-0.279593629
25,9,25,23,57,0,-0.287593629
25,9,25,23,58,0,-0.287593629
25,9,25,23,59,0,-0.288593629
25,9,26,0,0,0,-0.290593629
25,9,26,0,1,0,-0.295593629
25,9,26,0,2,0,-0.284593629
25,9,26,0,3,0,-0.283593629
25,9,26,0,4,0,-0.284593629
25,9,26,0,5,0,-0.293593629
25,9,26,0,6,0,-0.284593629
25,9,26,0,7,0,-0.290593629
25,9,26,0,8,0,-0.288593629
25,9,26,0,9,0,-0.288593629
25,9,26,0,10,0,-0.291593629
25,9,26,0,11,0,-0.288593629
25,9,26,0,12,0,-0.293593629
25,9,26,0,13,0,-0.288593629
25,9,26,0,14,0,-0.293593629
25,9,26,0,15,0,-0.293593629
25,9,26,0,16,0,-0.297593629
25,9,26,0,17,0,-0.292593629
25,9,26,0,18,0,-0.301593629
25,9,26,0,19,0,-0.302593629
25,9,26,0,20,0,-0.298593629
25,9,26,0,21,0,-0.304593629
25,9,26,0,22,0,-0.310593629
25,9,26,0,23,0,-0.298593629
25,9,26,0,24,0,-0.290593629
25,9,26,0,25,0,-0.300593629
25,9,26,0,26,0,-0.306593629
25,9,26,0,27,0,-0.298593629
25,9,26,0,28,0,-0.292593629
25,9,26,0,29,0,-0.226593629
25,9,26,0,30,0,-0.306593629
25,9,26,0,31,0,-0.300593629
25,9,26,0,32,0,-0.293593629
25,9,26,0,33,0,-0.306593629
25,9,26,0,34,0,-0.300593629
25,9,26,0,35,0,-0.314593629
25,9,26,0,36,0,-0.308593629
25,9,26,0,37,0,-0.306593629
25,9,26,0,38,0,-0.311593629
25,9,26,0,39,0,-0.302593629
25,9,26,0,40,0,-0.301593629
25,9,26,0,41,0,-0.292593629
25,9,26,0,42,0,-0.311593629
25,9,26,0,43,0,-0.298593629
25,9,26,0,44,0,-0.296593629
25,9,26,0,45,0,-0.303593629
25,9,26,0,46,0,-0.300593629
25,9,26,0,47,0,-0.296593629
25,9,26,0,48,0,-0.299593629
25,9,26,0,49,0,-0.290593629
25,9,26,0,50,0,-0.303593629
25,9,26,0,51,0,-0.309593629
25,9,26,0,52,0,-0.312593629
25,9,26,0,53,0,-0.284593629
25,9,26,0,54,0,-0.289593629
25,9,26,0,55,0,-0.297593629
25,9,26,0,56,0,-0.287593629
25,9,26,0,57,0,-0.286593629
25,9,26,0,58,0,-0.305593629
25,9,26,0,59,0,-0.295593629
25,9,26,1,0,0,-0.286593629
25,9,26,1,1,0,-0.296593629
25,9,26,1,2,0,-0.281593629
25,9,26,1,3,0,-0.290593629
25,9,26,1,4,0,-0.303593629
25,9,26,1,5,0,-0.282593629
25,9,26,1,6,0,-0.284593629
25,9,26,1,7,0,-0.291593629
25,9,26,1,8,0,-0.298593629
25,9,26,1,9,0,-0.286593629
25,9,26,1,10,0,-0.295593629
25,9,26,1,11,0,-0.283593629
25,9,26,1,12,0,-0.284593629
25,9,26,1,13,0,-0.276593629
25,9,26,1,14,0,-0.279593629
25,9,26,1,15,0,-0.295593629
25,9,26,1,16,0,-0.287593629
25,9,26,1,17,0,-0.293593629
25,9,26,1,18,0,-0.273593629
25,9,26,1,19,0,-0.282593629
25,9,26,1,20,0,-0.275593629
25,9,26,1,21,0,-0.284593629
25,9,26,1,22,0,-0.289593629
25,9,26,1,23,0,-0.296593629
25,9,26,1,24,0,-0.292593629
25,9,26,1,25,0,-0.288593629
25,9,26,1,26,0,-0.289593629
25,9,26,1,27,0,-0.284593629
25,9,26,1,28,0,-0.270593629
25,9,26,1,29,0,-0.284593629
25,9,26,1,30,0,-0.273593629
25,9,26,1,31,0,-0.270593629
25,9,26,1,32,0,-0.275593629
25,9,26,1,33,0,-0.265593629
25,9,26,1,34,0,-0.265593629
25,9,26,1,35,0,-0.266593629
25,9,26,1,36,0,-0.268593629
25,9,26,1,37,0,-0.272593629
25,9,26,1,38,0,-0.233593629
25,9,26,1,39,0,-0.266593629
25,9,26,1,40,0,-0.261593629
25,9,26,1,41,0,-0.267593629
25,9,26,1,42,0,-0.268593629
25,9,26,1,43,0,-0.261593629
25,9,26,1,44,0,-0.252593629
25,9,26,1,45,0,-0.248593629
25,9,26,1,46,0,-0.247593629
25,9,26,1,47,0,-0.246593629
25,9,26,1,48,0,-0.251593629
25,9,26,1,49,0,-0.264593629
25,9,26,1,50,0,-0.256593629
25,9,26,1,51,0,-0.245593629
25,9,26,1,52,0,-0.251593629
25,9,26,1,53,0,-0.240593629
25,9,26,1,54,0,-0.240593629
25,9,26,1,55,0,-0.240593629
25,9,26,1,56,0,-0.240593629
25,9,26,1,57,0,-0.234593629
25,9,26,1,58,0,-0.242593629
25,9,26,1,59,0,-0.250593629
25,9,26,2,0,0,-0.252593629
25,9,26,2,1,0,-0.239593629
25,9,26,2,2,0,-0.242593629
25,9,26,2,3,0,-0.225593629
25,9,26,2,4,0,-0.250593629
25,9,26,2,5,0,-0.237593629
25,9,26,2,6,0,-0.244593629
25,9,26,2,7,0,-0.236593629
25,9,26,2,8,0,-0.230593629
25,9,26,2,9,0,-0.225593629
25,9,26,2,10,0,-0.225593629
25,9,26,2,11,0,-0.225593629
25,9,26,2,12,0,-0.241593629
25,9,26,2,13,0,-0.225593629
25,9,26,2,14,0,-0.216593629
25,9,26,2,15,0,-0.228593629
25,9,26,2,16,0,-0.222593629
25,9,26,2,17,0,-0.229593629
25,9,26,2,18,0,-0.223593629
25,9,26,2,19,0,-0.233593629
25,9,26,2,20,0,-0.227593629
25,9,26,2,21,0,-0.223593629
25,9,26,2,22,0,-0.221593629
25,9,26,2,23,0,-0.216593629
25,9,26,2,24,0,-0.219593629
25,9,26,2,25,0,-0.223593629
25,9,26,2,26,0,-0.217593629
25,9,26,2,27,0,-0.229593629
25,9,26,2,28,0,-0.230593629
25,9,26,2,29,0,-0.213593629
25,9,26,2,30,0,-0.203593629
25,9,26,2,31,0,-0.217593629
25,9,26,2,32,0,-0.211593629
25,9,26,2,33,0,-0.235593629
25,9,26,2,34,0,-0.238593629
25,9,26,2,35,0,-0.223593629
25,9,26,2,36,0,-0.209593629
25,9,26,2,37,0,-0.199593629
25,9,26,2,38,0,-0.227593629
25,9,26,2,39,0,-0.212593629
25,9,26,2,40,0,-0.207593629
25,9,26,2,41,0,-0.233593629
25,9,26,2,42,0,-0.201593629
25,9,26,2,43,0,-0.207593629
25,9,26,2,44,0,-0.207593629
25,9,26,2,45,0,-0.220593629
25,9,26,2,46,0,-0.214593629
25,9,26,2,47,0,-0.211593629
25,9,26,2,48,0,-0.218593629
25,9,26,2,49,0,-0.205593629
25,9,26,2,50,0,-0.199593629
25,9,26,2,51,0,-0.198593629
25,9,26,2,52,0,-0.202593629
25,9,26,2,53,0,-0.196593629
25,9,26,2,54,0,-0.204593629
25,9,26,2,55,0,-0.197593629
25,9,26,2,56,0,-0.205593629
25,9,26,2,57,0,-0.188593629
25,9,26,2,58,0,-0.189593629
25,9,26,2,59,0,-0.195593629
25,9,26,3,0,0,-0.195593629
25,9,26,3,1,0,-0.195593629
25,9,26,3,2,0,-0.188593629
25,9,26,3,3,0,-0.193593629
25,9,26,3,4,0,-0.183593629
25,9,26,3,5,0,-0.187593629
25,9,26,3,6,0,-0.189593629
25,9,26,3,7,0,-0.184593629
25,9,26,3,8,0,-0.178593629
25,9,26,3,9,0,-0.179593629
25,9,26,3,10,0,-0.175593629
25,9,26,3,11,0,-0.171593629
25,9,26,3,12,0,-0.176593629
25,9,26,3,13,0,-0.170593629
25,9,26,3,14,0,-0.172593629
25,9,26,3,15,0,-0.167593629
25,9,26,3,16,0,-0.173593629
25,9,26,3,17,0,-0.166593629
25,9,26,3,18,0,-0.166593629
25,9,26,3,19,0,-0.162593629
25,9,26,3,20,0,-0.166593629
25,9,26,3,21,0,-0.166593629
25,9,26,3,22,0,-0.169593629
25,9,26,3,23,0,-0.167593629
25,9,26,3,24,0,-0.162593629
25,9,26,3,25,0,-0.166593629
25,9,26,3,26,0,-0.168593629
25,9,26,3,27,0,-0.162593629
25,9,26,3,28,0,-0.159593629
25,9,26,3,29,0,-0.162593629
25,9,26,3,30,0,-0.154593629
25,9,26,3,31,0,-0.162593629
25,9,26,3,32,0,-0.154593629
25,9,26,3,33,0,-0.154593629
25,9,26,3,34,0,-0.151593629
25,9,26,3,35,0,-0.157593629
25,9,26,3,36,0,-0.158593629
25,9,26,3,37,0,-0.148593629
25,9,26,3,38,0,-0.145593629
25,9,26,3,39,0,-0.143593629
25,9,26,3,40,0,-0.148593629
25,9,26,3,41,0,-0.147593629
25,9,26,3,42,0,-0.142593629
25,9,26,3,43,0,-0.142593629
25,9,26,3,44,0,-0.137593629
25,9,26,3,45,0,-0.137593629
25,9,26,3,46,0,-0.138593629
25,9,26,3,47,0,-0.133593629
25,9,26,3,48,0,-0.137593629
25,9,26,3,49,0,-0.130593629
25,9,26,3,50,0,-0.130593629
25,9,26,3,51,0,-0.125593629
25,9,26,3,52,0,-0.118593629
25,9,26,3,53,0,-0.122593629
25,9,26,3,54,0,-0.118593629
25,9,26,3,55,0,-0.120593629
25,9,26,3,56,0,-0.125593629
25,9,26,3,57,0,-0.115593629
25,9,26,3,58,0,-0.119593629
25,9,26,3,59,0,-0.119593629
25,9,26,4,0,0,-0.126593629
25,9,26,4,1,0,-0.126593629
25,9,26,4,2,0,-0.123593629
25,9,26,4,3,0,-0.107593629
25,9,26,4,4,0,-0.104593629
25,9,26,4,5,0,-0.107593629
25,9,26,4,6,0,-0.100593629
25,9,26,4,7,0,-0.104593629
25,9,26,4,8,0,-0.107593629
25,9,26,4,9,0,-0.104593629
25,9,26,4,10,0,-0.104593629
25,9,26,4,11,0,-0.110593629
25,9,26,4,12,0,-0.103593629
25,9,26,4,13,0,-0.100593629
25,9,26,4,14,0,-0.095593629
25,9,26,4,15,0,-0.098593629
25,9,26,4,16,0,-0.094593629
25,9,26,4,17,0,-0.101593629
25,9,26,4,18,0,-0.096593629
25,9,26,4,19,0,-0.093593629
25,9,26,4,20,0,-0.096593629
25,9,26,4,21,0,-0.094593629
25,9,26,4,22,0,-0.080593629
25,9,26,4,23,0,-0.079593629
25,9,26,4,24,0,-0.082593629
25,9,26,4,25,0,-0.087593629
25,9,26,4,26,0,-0.081593629
25,9,26,4,27,0,-0.078593629
25,9,26,4,28,0,-0.011593629
25,9,26,4,29,0,-0.078593629
25,9,26,4,30,0,-0.072593629
25,9,26,4,31,0,-0.080593629
25,9,26,4,32,0,-0.076593629
25,9,26,4,33,0,-0.071593629
25,9,26,4,34,0,-0.066593629
25,9,26,4,35,0,-0.066593629
25,9,26,4,36,0,-0.065593629
25,9,26,4,37,0,-0.071593629
25,9,26,4,38,0,-0.060593629
25,9,26,4,39,0,-0.062593629
25,9,26,4,40,0,-0.058593629
25,9,26,4,41,0,-0.054593629
25,9,26,4,42,0,-0.057593629
25,9,26,4,43,0,-0.059593629
25,9,26,4,44,0,-0.052593629
25,9,26,4,45,0,-0.057593629
25,9,26,4,46,0,-0.052593629
25,9,26,4,47,0,-0.043593629
25,9,26,4,48,0,-0.042593629
25,9,26,4,49,0,-0.036593629
25,9,26,4,50,0,-0.037593629
25,9,26,4,51,0,-0.032593629
25,9,26,4,52,0,-0.034593629
25,9,26,4,53,0,-0.034593629
25,9,26,4,54,0,-0.053593629
25,9,26,4,55,0,-0.037593629
25,9,26,4,56,0,-0.031593629
25,9,26,4,57,0,-0.020593629
25,9,26,4,58,0,-0.027593629
25,9,26,4,59,0,-0.034593629
25,9,26,5,0,0,-0.044593629
25,9,26,5,1,0,-0.028593629
25,9,26,5,2,0,-0.030593629
25,9,26,5,3,0,-0.021593629
25,9,26,5,4,0,-0.021593629
25,9,26,5,5,0,-0.013593629
25,9,26,5,6,0,-0.012593629
25,9,26,5,7,0,-0.019593629
25,9,26,5,8,0,-0.013593629
25,9,26,5,9,0,-0.021593629
25,9,26,5,10,0,-0.026593629
25,9,26,5,11,0,-0.018593629
25,9,26,5,12,0,-0.010593629
25,9,26,5,13,0,-0.013593629
25,9,26,5,14,0,-0.002593629
25,9,26,5,15,0,-0.003593629
25,9,26,5,16,0,0.001406371
25,9,26,5,17,0,-0.010593629
25,9,26,5,18,0,-0.002593629
25,9,26,5,19,0,-0.003593629
25,9,26,5,20,0,0.003406371
25,9,26,5,21,0,-0.002593629
25,9,26,5,22,0,0.007406371
25,9,26,5,23,0,0.020406371
25,9,26,5,24,0,0.008406371
25,9,26,5,25,0,0.008406371
25,9,26,5,26,0,0.002406371
25,9,26,5,27,0,-0.002593629
25,9,26,5,28,0,0.018406371
25,9,26,5,29,0,0.004406371
25,9,26,5,30,0,0.014406371
25,9,26,5,31,0,0.012406371
25,9,26,5,32,0,0.023406371
25,9,26,5,33,0,0.008406371
25,9,26,5,34,0,0.020406371
25,9,26,5,35,0,0.021406371
25,9,26,5,36,0,0.017406371
25,9,26,5,37,0,0.015406371
25,9,26,5,38,0,0.023406371
25,9,26,5,39,0,0.023406371
25,9,26,5,40,0,0.033406371
25,9,26,5,41,0,0.034406371
25,9,26,5,42,0,0.033406371
25,9,26,5,43,0,0.031406371
25,9,26,5,44,0,0.039406371
25,9,26,5,45,0,0.023406371
25,9,26,5,46,0,0.037406371
25,9,26,5,47,0,0.037406371
25,9,26,5,48,0,0.032406371
25,9,26,5,49,0,0.041406371
25,9,26,5,50,0,0.044406371
25,9,26,5,51,0,0.050406371
25,9,26,5,52,0,0.045406371
25,9,26,5,53,0,0.050406371
25,9,26,5,54,0,0.045406371
25,9,26,5,55,0,0.045406371
25,9,26,5,56,0,0.056406371
25,9,26,5,57,0,0.048406371
25,9,26,5,58,0,0.058406371
25,9,26,5,59,0,0.042406371
25,9,26,6,0,0,0.052406371
25,9,26,6,1,0,0.051406371
25,9,26,6,2,0,0.052406371
25,9,26,6,3,0,0.050406371
25,9,26,6,4,0,0.058406371
25,9,26,6,5,0,0.048406371
25,9,26,6,6,0,0.049406371
25,9,26,6,7,0,0.047406371
25,9,26,6,8,0,0.052406371
25,9,26,6,9,0,0.050406371
25,9,26,6,10,0,0.054406371
25,9,26,6,11,0,0.050406371
25,9,26,6,12,0,0.057406371
25,9,26,6,13,0,0.054406371
25,9,26,6,14,0,0.062406371
25,9,26,6,15,0,0.056406371
25,9,26,6,16,0,0.059406371
25,9,26,6,17,0,0.066406371
25,9,26,6,18,0,0.069406371
25,9,26,6,19,0,0.060406371
25,9,26,6,20,0,0.068406371
25,9,26,6,21,0,0.062406371
25,9,26,6,22,0,0.058406371
25,9,26,6,23,0,0.068406371
25,9,26,6,24,0,0.057406371
25,9,26,6,25,0,0.069406371
25,9,26,6,26,0,0.066406371
25,9,26,6,27,0,0.069406371
25,9,26,6,28,0,0.065406371
25,9,26,6,29,0,0.068406371
25,9,26,6,30,0,0.074406371
25,9,26,6,31,0,0.053406371
25,9,26,6,32,0,0.074406371
25,9,26,6,33,0,0.075406371
25,9,26,6,34,0,0.051406371
25,9,26,6,35,0,0.073406371
25,9,26,6,36,0,0.066406371
25,9,26,6,37,0,0.079406371
25,9,26,6,38,0,0.073406371
25,9,26,6,39,0,0.069406371
25,9,26,6,40,0,0.082406371
25,9,26,6,41,0,0.073406371
25,9,26,6,42,0,0.074406371
25,9,26,6,43,0,0.077406371
25,9,26,6,44,0,0.077406371
25,9,26,6,45,0,0.075406371
25,9,26,6,46,0,0.085406371
25,9,26,6,47,0,0.074406371
25,9,26,6,48,0,0.086406371
25,9,26,6,49,0,0.094406371
25,9,26,6,50,0,0.092406371
25,9,26,6,51,0,0.082406371
25,9,26,6,52,0,0.094406371
25,9,26,6,53,0,0.088406371
25,9,26,6,54,0,0.094406371
25,9,26,6,55,0,0.098406371
25,9,26,6,56,0,0.093406371
25,9,26,6,57,0,0.089406371
25,9,26,6,58,0,0.082406371
25,9,26,6,59,0,0.094406371
25,9,26,7,0,0,0.094406371
25,9,26,7,1,0,0.090406371
25,9,26,7,2,0,0.098406371
25,9,26,7,3,0,0.094406371
25,9,26,7,4,0,0.089406371
25,9,26,7,5,0,0.082406371
25,9,26,7,6,0,0.081406371
25,9,26,7,7,0,0.087406371
25,9,26,7,8,0,0.088406371
25,9,26,7,9,0,0.083406371
25,9,26,7,10,0,0.089406371
25,9,26,7,11,0,0.084406371
25,9,26,7,12,0,0.086406371
25,9,26,7,13,0,0.090406371
25,9,26,7,14,0,0.081406371
25,9,26,7,15,0,0.088406371
25,9,26,7,16,0,0.099406371
25,9,26,7,17,0,0.094406371
25,9,26,7,18,0,0.094406371
25,9,26,7,19,0,0.103406371
25,9,26,7,20,0,0.091406371
25,9,26,7,21,0,0.110406371
25,9,26,7,22,0,0.096406371
25,9,26,7,23,0,0.101406371
25,9,26,7,24,0,0.095406371
25,9,26,7,25,0,0.092406371
25,9,26,7,26,0,0.071406371
25,9,26,7,27,0,0.092406371
25,9,26,7,28,0,0.090406371
25,9,26,7,29,0,0.096406371
25,9,26,7,30,0,0.096406371
25,9,26,7,31,0,0.097406371
25,9,26,7,32,0,0.100406371
25,9,26,7,33,0,0.096406371
25,9,26,7,34,0,0.093406371
25,9,26,7,35,0,0.092406371
25,9,26,7,36,0,0.101406371
25,9,26,7,37,0,0.101406371
25,9,26,7,38,0,0.110406371
25,9,26,7,39,0,0.104406371
25,9,26,7,40,0,0.093406371
25,9,26,7,41,0,0.104406371
25,9,26,7,42,0,0.103406371
25,9,26,7,43,0,0.103406371
25,9,26,7,44,0,0.107406371
25,9,26,7,45,0,0.108406371
25,9,26,7,46,0,0.114406371
25,9,26,7,47,0,0.108406371
25,9,26,7,48,0,0.103406371
25,9,26,7,49,0,0.111406371
25,9,26,7,50,0,0.116406371
25,9,26,7,51,0,0.109406371
25,9,26,7,52,0,0.113406371
25,9,26,7,53,0,0.104406371
25,9,26,7,54,0,0.104406371
25,9,26,7,55,0,0.119406371
25,9,26,7,56,0,0.114406371
25,9,26,7,57,0,0.112406371
25,9,26,7,58,0,0.105406371
25,9,26,7,59,0,0.118406371
25,9,26,8,0,0,0.121406371
25,9,26,8,1,0,0.115406371
25,9,26,8,2,0,0.124406371
25,9,26,8,3,0,0.125406371
25,9,26,8,4,0,0.113406371
25,9,26,8,5,0,0.112406371
25,9,26,8,6,0,0.121406371
25,9,26,8,7,0,0.115406371
25,9,26,8,8,0,0.104406371
25,9,26,8,9,0,0.114406371
25,9,26,8,10,0,0.121406371
25,9,26,8,11,0,0.122406371
25,9,26,8,12,0,0.127406371
25,9,26,8,13,0,0.125406371
25,9,26,8,14,0,0.121406371
25,9,26,8,15,0,0.119406371
25,9,26,8,16,0,0.132406371
25,9,26,8,17,0,0.122406371
25,9,26,8,18,0,0.122406371
25,9,26,8,19,0,0.123406371
25,9,26,8,20,0,0.124406371
25,9,26,8,21,0,0.126406371
25,9,26,8,22,0,0.121406371
25,9,26,8,23,0,0.146406371
25,9,26,8,24,0,0.126406371
25,9,26,8,25,0,0.116406371
25,9,26,8,26,0,0.127406371
25,9,26,8,27,0,0.129406371
25,9,26,8,28,0,0.136406371
25,9,26,8,29,0,0.136406371
25,9,26,8,30,0,0.126406371
25,9,26,8,31,0,0.138406371
25,9,26,8,32,0,0.135406371
25,9,26,8,33,0,0.135406371
25,9,26,8,34,0,0.130406371
25,9,26,8,35,0,0.135406371
25,9,26,8,36,0,0.138406371
25,9,26,8,37,0,0.130406371
25,9,26,8,38,0,0.129406371
25,9,26,8,39,0,0.140406371
25,9,26,8,40,0,0.143406371
25,9,26,8,41,0,0.138406371
25,9,26,8,42,0,0.150406371
25,9,26,8,43,0,0.148406371
25,9,26,8,44,0,0.146406371
25,9,26,8,45,0,0.142406371
25,9,26,8,46,0,0.145406371
25,9,26,8,47,0,0.153406371
25,9,26,8,48,0,0.151406371
25,9,26,8,49,0,0.143406371
25,9,26,8,50,0,0.153406371
25,9,26,8,51,0,0.148406371
25,9,26,8,52,0,0.157406371
25,9,26,8,53,0,0.149406371
25,9,26,8,54,0,0.160406371
25,9,26,8,55,0,0.159406371
25,9,26,8,56,0,0.154406371
25,9,26,8,57,0,0.162406371
25,9,26,8,58,0,0.167406371
25,9,26,8,59,0,0.158406371
25,9,26,9,0,0,0.159406371
25,9,26,9,1,0,0.161406371
25,9,26,9,2,0,0.156406371
25,9,26,9,3,0,0.155406371
25,9,26,9,4,0,0.164406371
25,9,26,9,5,0,0.162406371
25,9,26,9,6,0,0.165406371
25,9,26,9,7,0,0.164406371
25,9,26,9,8,0,0.169406371
25,9,26,9,9,0,0.170406371
25,9,26,9,10,0,0.157406371
25,9,26,9,11,0,0.189406371
25,9,26,9,12,0,0.177406371
25,9,26,9,13,0,0.182406371
25,9,26,9,14,0,0.195406371
25,9,26,9,15,0,0.178406371
25,9,26,9,16,0,0.171406371
25,9,26,9,17,0,0.178406371
25,9,26,9,18,0,0.183406371
25,9,26,9,19,0,0.171406371
25,9,26,9,20,0,0.174406371
25,9,26,9,21,0,0.182406371
25,9,26,9,22,0,0.178406371
25,9,26,9,23,0,0.191406371
25,9,26,9,24,0,0.173406371
25,9,26,9,25,0,0.188406371
25,9,26,9,26,0,0.178406371
25,9,26,9,27,0,0.198406371
25,9,26,9,28,0,0.185406371
25,9,26,9,29,0,0.188406371
25,9,26,9,30,0,0.186406371
25,9,26,9,31,0,0.191406371
25,9,26,9,32,0,0.183406371
25,9,26,9,33,0,0.171406371
25,9,26,9,34,0,0.188406371
25,9,26,9,35,0,0.194406371
25,9,26,9,36,0,0.212406371
25,9,26,9,37,0,0.195406371
25,9,26,9,38,0,0.211406371
25,9,26,9,39,0,0.189406371
25,9,26,9,40,0,0.194406371
25,9,26,9,41,0,0.198406371
25,9,26,9,42,0,0.200406371
25,9,26,9,43,0,0.205406371
25,9,26,9,44,0,0.207406371
25,9,26,9,45,0,0.209406371
25,9,26,9,46,0,0.195406371
25,9,26,9,47,0,0.206406371
25,9,26,9,48,0,0.218406371
25,9,26,9,49,0,0.213406371
25,9,26,9,50,0,0.222406371
25,9,26,9,51,0,0.208406371
25,9,26,9,52,0,0.201406371
25,9,26,9,53,0,0.213406371
25,9,26,9,54,0,0.213406371
25,9,26,9,55,0,0.219406371
25,9,26,9,56,0,0.214406371
25,9,26,9,57,0,0.199406371
25,9,26,9,58,0,0.218406371
25,9,26,9,59,0,0.212406371
25,9,26,10,0,0,0.207406371
25,9,26,10,1,0,0.199406371
25,9,26,10,2,0,0.216406371
25,9,26,10,3,0,0.228406371
25,9,26,10,4,0,0.212406371
25,9,26,10,5,0,0.221406371
25,9,26,10,6,0,0.210406371
25,9,26,10,7,0,0.208406371
25,9,26,10,8,0,0.223406371
25,9,26,10,9,0,0.281406371
25,9,26,10,10,0,0.208406371
25,9,26,10,11,0,0.199406371
25,9,26,10,12,0,0.224406371
25,9,26,10,13,0,0.230406371
25,9,26,10,14,0,0.232406371
25,9,26,10,15,0,0.217406371
25,9,26,10,16,0,0.234406371
25,9,26,10,17,0,0.214406371
25,9,26,10,18,0,0.212406371
25,9,26,10,19,0,0.226406371
25,9,26,10,20,0,0.224406371
25,9,26,10,21,0,0.224406371
25,9,26,10,22,0,0.220406371
25,9,26,10,23,0,0.219406371
25,9,26,10,24,0,0.232406371
25,9,26,10,25,0,0.217406371
25,9,26,10,26,0,0.205406371
25,9,26,10,27,0,0.212406371
25,9,26,10,28,0,0.186406371
25,9,26,10,29,0,0.215406371
25,9,26,10,30,0,0.222406371
25,9,26,10,31,0,0.224406371
25,9,26,10,32,0,0.212406371
25,9,26,10,33,0,0.216406371
25,9,26,10,34,0,0.220406371
25,9,26,10,35,0,0.228406371
25,9,26,10,36,0,0.223406371
25,9,26,10,37,0,0.224406371
25,9,26,10,38,0,0.217406371
25,9,26,10,39,0,0.210406371
25,9,26,10,40,0,0.198406371
25,9,26,10,41,0,0.211406371
25,9,26,10,42,0,0.212406371
25,9,26,10,43,0,0.223406371
25,9,26,10,44,0,0.218406371
25,9,26,10,45,0,0.230406371
25,9,26,10,46,0,0.213406371
25,9,26,10,47,0,0.217406371
25,9,26,10,48,0,0.285406371
25,9,26,10,49,0,0.219406371
25,9,26,10,50,0,0.207406371
25,9,26,10,51,0,0.214406371
25,9,26,10,52,0,0.220406371
25,9,26,10,53,0,0.217406371
25,9,26,10,54,0,0.214406371
25,9,26,10,55,0,0.212406371
25,9,26,10,56,0,0.210406371
25,9,26,10,57,0,0.211406371
25,9,26,10,58,0,0.233406371
25,9,26,10,59,0,0.207406371
25,9,26,11,0,0,0.196406371
25,9,26,11,1,0,0.218406371
25,9,26,11,2,0,0.217406371
25,9,26,11,3,0,0.218406371
25,9,26,11,4,0,0.212406371
25,9,26,11,5,0,0.206406371
25,9,26,11,6,0,0.196406371
25,9,26,11,7,0,0.207406371
25,9,26,11,8,0,0.206406371
25,9,26,11,9,0,0.203406371
25,9,26,11,10,0,0.206406371
25,9,26,11,11,0,0.192406371
25,9,26,11,12,0,0.207406371
25,9,26,11,13,0,0.206406371
25,9,26,11,14,0,0.203406371
25,9,26,11,15,0,0.219406371
25,9,26,11,16,0,0.188406371
25,9,26,11,17,0,0.208406371
25,9,26,11,18,0,0.189406371
25,9,26,11,19,0,0.207406371
25,9,26,11,20,0,0.159406371
25,9,26,11,21,0,0.263406371
25,9,26,11,22,0,0.195406371
25,9,26,11,23,0,0.214406371
25,9,26,11,24,0,0.183406371
25,9,26,11,25,0,0.213406371
25,9,26,11,26,0,0.213406371
25,9,26,11,27,0,0.219406371
25,9,26,11,28,0,0.203406371
25,9,26,11,29,0,0.192406371
25,9,26,11,30,0,0.201406371
25,9,26,11,31,0,0.189406371
25,9,26,11,32,0,0.197406371
25,9,26,11,33,0,0.195406371
25,9,26,11,34,0,0.205406371
25,9,26,11,35,0,0.198406371
25,9,26,11,36,0,0.209406371
25,9,26,11,37,0,0.204406371
25,9,26,11,38,0,0.193406371
25,9,26,11,39,0,0.201406371
25,9,26,11,40,0,0.193406371
25,9,26,11,41,0,0.194406371
25,9,26,11,42,0,0.172406371
25,9,26,11,43,0,0.183406371
25,9,26,11,44,0,0.193406371
25,9,26,11,45,0,0.195406371
25,9,26,11,46,0,0.169406371
25,9,26,11,47,0,0.188406371
25,9,26,11,48,0,0.189406371
25,9,26,11,49,0,0.184406371
25,9,26,11,50,0,0.188406371
25,9,26,11,51,0,0.188406371
25,9,26,11,52,0,0.195406371
25,9,26,11,53,0,0.188406371
25,9,26,11,54,0,0.180406371
25,9,26,11,55,0,0.178406371
25,9,26,11,56,0,0.185406371
25,9,26,11,57,0,0.178406371
25,9,26,11,58,0,0.167406371
25,9,26,11,59,0,0.177406371
25,9,26,12,0,0,0.173406371
25,9,26,12,1,0,0.158406371
25,9,26,12,2,0,0.180406371
25,9,26,12,3,0,0.180406371
25,9,26,12,4,0,0.182406371
25,9,26,12,5,0,0.182406371
25,9,26,12,6,0,0.171406371
25,9,26,12,7,0,0.184406371
25,9,26,12,8,0,0.182406371
25,9,26,12,9,0,0.179406371
25,9,26,12,10,0,0.173406371
25,9,26,12,11,0,0.176406371
25,9,26,12,12,0,0.180406371
25,9,26,12,13,0,0.176406371
25,9,26,12,14,0,0.176406371
25,9,26,12,15,0,0.173406371
25,9,26,12,16,0,0.178406371
25,9,26,12,17,0,0.174406371
25,9,26,12,18,0,0.191406371
25,9,26,12,19,0,0.159406371
25,9,26,12,20,0,0.153406371
25,9,26,12,21,0,0.164406371
25,9,26,12,22,0,0.161406371
25,9,26,12,23,0,0.164406371
25,9,26,12,24,0,0.164406371
25,9,26,12,25,0,0.165406371
25,9,26,12,26,0,0.155406371
25,9,26,12,27,0,0.143406371
25,9,26,12,28,0,0.143406371
25,9,26,12,29,0,0.156406371
25,9,26,12,30,0,0.137406371
25,9,26,12,31,0,0.156406371
25,9,26,12,32,0,0.135406371
25,9,26,12,33,0,0.144406371
25,9,26,12,34,0,0.158406371
25,9,26,12,35,0,0.130406371
25,9,26,12,36,0,0.155406371
25,9,26,12,37,0,0.151406371
25,9,26,12,38,0,0.148406371
25,9,26,12,39,0,0.149406371
25,9,26,12,40,0,0.154406371
25,9,26,12,41,0,0.151406371
25,9,26,12,42,0,0.148406371
25,9,26,12,43,0,0.151406371
25,9,26,12,44,0,0.086406371
25,9,26,12,45,0,0.159406371
25,9,26,12,46,0,0.140406371
25,9,26,12,47,0,0.137406371
25,9,26,12,48,0,0.139406371
25,9,26,12,49,0,0.140406371
25,9,26,12,50,0,0.134406371
25,9,26,12,51,0,0.132406371
25,9,26,12,52,0,0.130406371
25,9,26,12,53,0,0.125406371
25,9,26,12,54,0,0.131406371
25,9,26,12,55,0,0.115406371
25,9,26,12,56,0,0.124406371
25,9,26,12,57,0,0.141406371
25,9,26,12,58,0,0.134406371
25,9,26,12,59,0,0.125406371
25,9,26,13,0,0,0.136406371
25,9,26,13,1,0,0.131406371
25,9,26,13,2,0,0.124406371
25,9,26,13,3,0,0.145406371
25,9,26,13,4,0,0.123406371
25,9,26,13,5,0,0.073406371
25,9,26,13,6,0,0.141406371
25,9,26,13,7,0,0.129406371
25,9,26,13,8,0,0.121406371
25,9,26,13,9,0,0.112406371
25,9,26,13,10,0,0.123406371
25,9,26,13,11,0,0.105406371
25,9,26,13,12,0,0.138406371
25,9,26,13,13,0,0.137406371
25,9,26,13,14,0,0.113406371
25,9,26,13,15,0,0.111406371
25,9,26,13,16,0,0.113406371
25,9,26,13,17,0,0.111406371
25,9,26,13,18,0,0.104406371
25,9,26,13,19,0,0.114406371
25,9,26,13,20,0,0.116406371
25,9,26,13,21,0,0.118406371
25,9,26,13,22,0,0.117406371
25,9,26,13,23,0,0.120406371
25,9,26,13,24,0,0.109406371
25,9,26,13,25,0,0.107406371
25,9,26,13,26,0,0.105406371
25,9,26,13,27,0,0.114406371
25,9,26,13,28,0,0.109406371
25,9,26,13,29,0,0.097406371
25,9,26,13,30,0,0.109406371
25,9,26,13,31,0,0.105406371
25,9,26,13,32,0,0.099406371
25,9,26,13,33,0,0.108406371
25,9,26,13,34,0,0.106406371
25,9,26,13,35,0,0.114406371
25,9,26,13,36,0,0.101406371
25,9,26,13,37,0,0.095406371
25,9,26,13,38,0,0.105406371
25,9,26,13,39,0,0.109406371
25,9,26,13,40,0,0.082406371
25,9,26,13,41,0,0.102406371
25,9,26,13,42,0,0.102406371
25,9,26,13,43,0,0.086406371
25,9,26,13,44,0,0.103406371
25,9,26,13,45,0,0.091406371
25,9,26,13,46,0,0.091406371
25,9,26,13,47,0,0.090406371
25,9,26,13,48,0,0.123406371
25,9,26,13,49,0,0.079406371
25,9,26,13,50,0,0.083406371
25,9,26,13,51,0,0.049406371
25,9,26,13,52,0,0.090406371
25,9,26,13,53,0,0.094406371
25,9,26,13,54,0,0.099406371
25,9,26,13,55,0,0.096406371
25,9,26,13,56,0,0.094406371
25,9,26,13,57,0,0.093406371
25,9,26,13,59,0,0.076406371
25,9,26,14,0,0,0.072406371
25,9,26,14,1,0,0.094406371
25,9,26,14,2,0,0.084406371
25,9,26,14,3,0,0.095406371
25,9,26,14,4,0,0.080406371
25,9,26,14,5,0,0.073406371
25,9,26,14,6,0,0.069406371
25,9,26,14,7,0,0.092406371
25,9,26,14,8,0,0.089406371
25,9,26,14,9,0,0.088406371
25,9,26,14,10,0,0.088406371
25,9,26,14,11,0,0.087406371
25,9,26,14,12,0,0.070406371
25,9,26,14,13,0,0.092406371
25,9,26,14,14,0,0.094406371
25,9,26,14,15,0,0.095406371
25,9,26,14,16,0,0.079406371
25,9,26,14,17,0,0.082406371
25,9,26,14,18,0,0.077406371
25,9,26,14,19,0,0.068406371
25,9,26,14,20,0,0.074406371
25,9,26,14,21,0,0.082406371
25,9,26,14,22,0,0.075406371
25,9,26,14,23,0,0.079406371
25,9,26,14,24,0,0.086406371
25,9,26,14,25,0,0.103406371
25,9,26,14,26,0,0.076406371
25,9,26,14,27,0,0.072406371
25,9,26,14,28,0,0.068406371
25,9,26,14,29,0,0.058406371
25,9,26,14,30,0,0.078406371
25,9,26,14,31,0,0.057406371
25,9,26,14,32,0,0.088406371
25,9,26,14,33,0,0.081406371
25,9,26,14,34,0,0.066406371
25,9,26,14,35,0,0.061406371
25,9,26,14,36,0,0.074406371
25,9,26,14,37,0,0.050406371
25,9,26,14,38,0,0.066406371
25,9,26,14,39,0,0.065406371
25,9,26,14,40,0,0.050406371
25,9,26,14,41,0,0.050406371
25,9,26,14,42,0,0.066406371
25,9,26,14,43,0,0.059406371
25,9,26,14,44,0,0.058406371
25,9,26,14,45,0,0.059406371
25,9,26,14,46,0,0.053406371
25,9,26,14,47,0,0.052406371
25,9,26,14,48,0,0.034406371
25,9,26,14,49,0,0.059406371
25,9,26,14,50,0,0.052406371
25,9,26,14,51,0,0.037406371
25,9,26,14,52,0,0.053406371
25,9,26,14,53,0,0.065406371
25,9,26,14,54,0,0.059406371
25,9,26,14,55,0,0.067406371
25,9,26,14,56,0,0.056406371
25,9,26,14,57,0,0.054406371
25,9,26,14,58,0,0.058406371
25,9,26,14,59,0,0.050406371
25,9,26,15,0,0,0.054406371
25,9,26,15,1,0,0.053406371
25,9,26,15,2,0,0.054406371
25,9,26,15,3,0,0.063406371
25,9,26,15,4,0,0.044406371
25,9,26,15,5,0,0.059406371
25,9,26,15,6,0,0.037406371
25,9,26,15,7,0,0.053406371
25,9,26,15,8,0,0.035406371
25,9,26,15,9,0,0.047406371
25,9,26,15,10,0,0.046406371
25,9,26,15,11,0,0.036406371
25,9,26,15,12,0,0.055406371
25,9,26,15,13,0,0.047406371
25,9,26,15,14,0,0.040406371
25,9,26,15,15,0,0.042406371
25,9,26,15,16,0,0.076406371
25,9,26,15,17,0,0.035406371
25,9,26,15,18,0,0.025406371
25,9,26,15,19,0,0.040406371
25,9,26,15,20,0,0.037406371
25,9,26,15,21,0,0.067406371
25,9,26,15,22,0,0.028406371
25,9,26,15,23,0,0.046406371
25,9,26,15,24,0,0.053406371
25,9,26,15,25,0,0.033406371
25,9,26,15,26,0,0.041406371
25,9,26,15,27,0,0.038406371
25,9,26,15,28,0,0.029406371
25,9,26,15,29,0,0.030406371
25,9,26,15,30,0,0.040406371
25,9,26,15,31,0,0.051406371
25,9,26,15,32,0,0.039406371
25,9,26,15,33,0,0.019406371
25,9,26,15,34,0,0.020406371
25,9,26,15,35,0,0.034406371
25,9,26,15,36,0,0.033406371
25,9,26,15,37,0,0.022406371
25,9,26,15,38,0,0.005406371
25,9,26,15,39,0,0.048406371
25,9,26,15,40,0,0.023406371
25,9,26,15,41,0,0.033406371
25,9,26,15,42,0,0.027406371
25,9,26,15,43,0,0.025406371
25,9,26,15,44,0,0.013406371
25,9,26,15,45,0,0.025406371
25,9,26,15,46,0,0.017406371
25,9,26,15,47,0,0.013406371
25,9,26,15,48,0,0.023406371
25,9,26,15,49,0,0.013406371
25,9,26,15,50,0,0.020406371
25,9,26,15,51,0,0.018406371
25,9,26,15,52,0,0.020406371
25,9,26,15,53,0,0.026406371
25,9,26,15,54,0,0.007406371
25,9,26,15,55,0,0.016406371
25,9,26,15,56,0,0.031406371
25,9,26,15,57,0,0.021406371
25,9,26,15,58,0,0.005406371
25,9,26,15,59,0,0.013406371
25,9,26,16,0,0,0.020406371
25,9,26,16,1,0,0.030406371
25,9,26,16,2,0,0.018406371
25,9,26,16,3,0,0.016406371
25,9,26,16,4,0,0.009406371
25,9,26,16,5,0,0.025406371
25,9,26,16,6,0,0.009406371
25,9,26,16,7,0,0.013406371
25,9,26,16,8,0,0.007406371
25,9,26,16,9,0,-0.009593629
25,9,26,16,10,0,0.030406371
25,9,26,16,11,0,0.000406371
25,9,26,16,12,0,0.008406371
25,9,26,16,13,0,0.017406371
25,9,26,16,14,0,-0.002593629
25,9,26,16,15,0,0.011406371
25,9,26,16,16,0,0.019406371
25,9,26,16,17,0,0.010406371
25,9,26,16,18,0,0.002406371
25,9,26,16,19,0,-0.022593629
25,9,26,16,20,0,0.000406371
25,9,26,16,21,0,0.021406371
25,9,26,16,22,0,-0.000593629
25,9,26,16,23,0,0.005406371
25,9,26,16,24,0,-0.014593629
25,9,26,16,25,0,0.016406371
25,9,26,16,26,0,0.004406371
25,9,26,16,27,0,-0.009593629
25,9,26,16,28,0,0.015406371
25,9,26,16,29,0,-0.005593629
25,9,26,16,30,0,0.003406371
25,9,26,16,31,0,0.013406371
25,9,26,16,32,0,0.016406371
25,9,26,16,33,0,-0.005593629
25,9,26,16,34,0,-0.007593629
25,9,26,16,35,0,-0.007593629
25,9,26,16,36,0,0.005406371
25,9,26,16,37,0,-0.014593629
25,9,26,16,38,0,0.005406371
25,9,26,16,39,0,-0.009593629
25,9,26,16,40,0,-0.006593629
25,9,26,16,41,0,0.004406371
25,9,26,16,42,0,0.014406371
25,9,26,16,43,0,0.017406371
25,9,26,16,44,0,-0.008593629
25,9,26,16,45,0,-0.010593629
25,9,26,16,46,0,-0.017593629
25,9,26,16,47,0,0.003406371
25,9,26,16,48,0,0.019406371
25,9,26,16,49,0,-0.002593629
25,9,26,16,50,0,-0.023593629
25,9,26,16,51,0,-0.002593629
25,9,26,16,52,0,-0.009593629
25,9,26,16,53,0,-0.019593629
25,9,26,16,54,0,-0.006593629
25,9,26,16,55,0,0.002406371
25,9,26,16,56,0,0.008406371
25,9,26,16,57,0,-0.008593629
25,9,26,16,58,0,-0.002593629
25,9,26,16,59,0,-0.026593629
25,9,26,17,0,0,-0.001593629
25,9,26,17,1,0,-0.013593629
25,9,26,17,2,0,-0.010593629
25,9,26,17,3,0,-0.006593629
25,9,26,17,4,0,-0.024593629
25,9,26,17,5,0,-0.025593629
25,9,26,17,6,0,-0.005593629
25,9,26,17,7,0,-0.028593629
25,9,26,17,8,0,0.003406371
25,9,26,17,9,0,0.002406371
25,9,26,17,10,0,-0.017593629
25,9,26,17,11,0,-0.021593629
25,9,26,17,12,0,-0.010593629
25,9,26,17,13,0,-0.022593629
25,9,26,17,14,0,-0.012593629
25,9,26,17,15,0,0.000406371
25,9,26,17,16,0,-0.034593629
25,9,26,17,17,0,-0.032593629
25,9,26,17,18,0,-0.026593629
25,9,26,17,19,0,-0.032593629
25,9,26,17,20,0,-0.014593629
25,9,26,17,21,0,-0.062593629
25,9,26,17,22,0,-0.030593629
25,9,26,17,23,0,-0.030593629
25,9,26,17,24,0,-0.033593629
25,9,26,17,25,0,-0.033593629
25,9,26,17,26,0,-0.007593629
25,9,26,17,27,0,-0.024593629
25,9,26,17,28,0,-0.016593629
25,9,26,17,29,0,-0.051593629
25,9,26,17,30,0,-0.045593629
25,9,26,17,31,0,-0.037593629
25,9,26,17,32,0,-0.035593629
25,9,26,17,33,0,-0.031593629
25,9,26,17,34,0,-0.033593629
25,9,26,17,35,0,-0.030593629
25,9,26,17,36,0,-0.039593629
25,9,26,17,37,0,-0.041593629
25,9,26,17,38,0,-0.044593629
25,9,26,17,39,0,-0.046593629
25,9,26,17,40,0,-0.043593629
25,9,26,17,41,0,-0.048593629
25,9,26,17,42,0,-0.052593629
25,9,26,17,43,0,-0.043593629
25,9,26,17,44,0,-0.048593629
25,9,26,17,45,0,-0.055593629
25,9,26,17,46,0,-0.043593629
25,9,26,17,47,0,-0.055593629
25,9,26,17,48,0,-0.043593629
25,9,26,17,49,0,-0.036593629
25,9,26,17,50,0,-0.037593629
25,9,26,17,51,0,-0.063593629
25,9,26,17,52,0,-0.054593629
25,9,26,17,53,0,-0.034593629
25,9,26,17,54,0,-0.039593629
25,9,26,17,55,0,-0.036593629
25,9,26,17,56,0,-0.049593629
25,9,26,17,57,0,-0.078593629
25,9,26,17,58,0,-0.038593629
25,9,26,17,59,0,-0.086593629
25,9,26,18,0,0,-0.057593629
25,9,26,18,1,0,-0.067593629
25,9,26,18,2,0,-0.069593629
25,9,26,18,3,0,-0.067593629
25,9,26,18,4,0,-0.062593629
25,9,26,18,5,0,-0.085593629
25,9,26,18,6,0,-0.062593629
25,9,26,18,7,0,-0.099593629
25,9,26,18,8,0,-0.081593629
25,9,26,18,9,0,-0.062593629
25,9,26,18,10,0,-0.062593629
25,9,26,18,11,0,-0.067593629
25,9,26,18,12,0,-0.082593629
25,9,26,18,13,0,-0.071593629
25,9,26,18,14,0,-0.058593629
25,9,26,18,15,0,-0.076593629
25,9,26,18,16,0,-0.067593629
25,9,26,18,17,0,-0.074593629
25,9,26,18,18,0,-0.067593629
25,9,26,18,19,0,-0.071593629
25,9,26,18,20,0,-0.012593629
25,9,26,18,21,0,-0.088593629
25,9,26,18,22,0,-0.084593629
25,9,26,18,23,0,-0.073593629
25,9,26,18,24,0,-0.078593629
25,9,26,18,25,0,-0.077593629
25,9,26,18,26,0,-0.102593629
25,9,26,18,27,0,-0.097593629
25,9,26,18,28,0,-0.100593629
25,9,26,18,29,0,-0.079593629
25,9,26,18,30,0,-0.079593629
25,9,26,18,31,0,-0.083593629
25,9,26,18,32,0,-0.074593629
25,9,26,18,33,0,-0.094593629
25,9,26,18,34,0,-0.083593629
25,9,26,18,35,0,-0.088593629
25,9,26,18,36,0,-0.100593629
25,9,26,18,37,0,-0.083593629
25,9,26,18,38,0,-0.101593629
25,9,26,18,39,0,-0.099593629
25,9,26,18,40,0,-0.117593629
25,9,26,18,41,0,-0.106593629
25,9,26,18,42,0,-0.106593629
25,9,26,18,43,0,-0.120593629
25,9,26,18,44,0,-0.104593629
25,9,26,18,45,0,-0.099593629
25,9,26,18,46,0,-0.086593629
25,9,26,18,47,0,-0.097593629
25,9,26,18,48,0,-0.125593629
25,9,26,18,49,0,-0.103593629
25,9,26,18,50,0,-0.122593629
25,9,26,18,51,0,-0.097593629
25,9,26,18,52,0,-0.117593629
25,9,26,18,53,0,-0.075593629
25,9,26,18,54,0,-0.109593629
25,9,26,18,55,0,-0.107593629
25,9,26,18,56,0,-0.076593629
25,9,26,18,57,0,-0.110593629
25,9,26,18,58,0,-0.095593629
25,9,26,18,59,0,-0.113593629
25,9,26,19,1,0,-0.122593629
25,9,26,19,2,0,-0.110593629
25,9,26,19,3,0,-0.093593629
25,9,26,19,4,0,-0.103593629
25,9,26,19,5,0,-0.111593629
25,9,26,19,6,0,-0.114593629
25,9,26,19,7,0,-0.089593629
25,9,26,19,8,0,-0.139593629
25,9,26,19,9,0,-0.098593629
25,9,26,19,10,0,-0.093593629
25,9,26,19,11,0,-0.100593629
25,9,26,19,12,0,-0.115593629
25,9,26,19,13,0,-0.121593629
25,9,26,19,14,0,-0.129593629
25,9,26,19,15,0,-0.091593629
25,9,26,19,16,0,-0.105593629
25,9,26,19,17,0,-0.130593629
25,9,26,19,18,0,-0.111593629
25,9,26,19,19,0,-0.116593629
25,9,26,19,20,0,-0.104593629
25,9,26,19,21,0,-0.127593629
25,9,26,19,23,0,-0.128593629
25,9,26,19,24,0,-0.134593629
25,9,26,19,25,0,-0.128593629
25,9,26,19,26,0,-0.158593629
25,9,26,19,27,0,-0.128593629
25,9,26,19,28,0,-0.114593629
25,9,26,19,29,0,-0.129593629
25,9,26,19,30,0,-0.141593629
25,9,26,19,31,0,-0.148593629
25,9,26,19,32,0,-0.131593629
25,9,26,19,33,0,-0.145593629
25,9,26,19,34,0,-0.125593629
25,9,26,19,35,0,-0.141593629
25,9,26,19,36,0,-0.119593629
25,9,26,19,37,0,-0.138593629
25,9,26,19,38,0,-0.130593629
25,9,26,19,39,0,-0.147593629
25,9,26,19,40,0,-0.136593629
25,9,26,19,41,0,-0.147593629
25,9,26,19,42,0,-0.154593629
25,9,26,19,43,0,-0.164593629
25,9,26,19,44,0,-0.155593629
25,9,26,19,45,0,-0.146593629
25,9,26,19,46,0,-0.161593629
25,9,26,19,47,0,-0.152593629
25,9,26,19,48,0,-0.153593629
25,9,26,19,49,0,-0.163593629
25,9,26,19,50,0,-0.153593629
25,9,26,19,51,0,-0.155593629
25,9,26,19,52,0,-0.145593629
25,9,26,19,53,0,-0.143593629
25,9,26,19,54,0,-0.144593629
25,9,26,19,55,0,-0.149593629
25,9,26,19,56,0,-0.147593629
25,9,26,19,57,0,-0.147593629
25,9,26,19,58,0,-0.148593629
25,9,26,19,59,0,-0.170593629
25,9,26,20,0,0,-0.148593629
25,9,26,20,1,0,-0.147593629
25,9,26,20,2,0,-0.145593629
25,9,26,20,3,0,-0.136593629
25,9,26,20,4,0,-0.145593629
25,9,26,20,5,0,-0.150593629
25,9,26,20,6,0,-0.173593629
25,9,26,20,7,0,-0.166593629
25,9,26,20,8,0,-0.166593629
25,9,26,20,9,0,-0.134593629
25,9,26,20,10,0,-0.169593629
25,9,26,20,11,0,-0.166593629
25,9,26,20,12,0,-0.146593629
25,9,26,20,13,0,-0.152593629
25,9,26,20,14,0,-0.149593629
25,9,26,20,15,0,-0.151593629
25,9,26,20,16,0,-0.160593629
25,9,26,20,17,0,-0.167593629
25,9,26,20,18,0,-0.151593629
25,9,26,20,19,0,-0.158593629
25,9,26,20,20,0,-0.144593629
25,9,26,20,21,0,-0.158593629
25,9,26,20,22,0,-0.173593629
25,9,26,20,23,0,-0.162593629
25,9,26,20,24,0,-0.145593629
25,9,26,20,25,0,-0.168593629
25,9,26,20,26,0,-0.138593629
25,9,26,20,27,0,-0.164593629
25,9,26,20,28,0,-0.169593629
25,9,26,20,29,0,-0.152593629
25,9,26,20,30,0,-0.165593629
25,9,26,20,31,0,-0.170593629
25,9,26,20,32,0,-0.164593629
25,9,26,20,33,0,-0.155593629
25,9,26,20,34,0,-0.160593629
25,9,26,20,35,0,-0.163593629
25,9,26,20,36,0,-0.169593629
25,9,26,20,37,0,-0.158593629
25,9,26,20,38,0,-0.162593629
25,9,26,20,39,0,-0.166593629
25,9,26,20,40,0,-0.168593629
25,9,26,20,41,0,-0.171593629
25,9,26,20,42,0,-0.149593629
25,9,26,20,43,0,-0.172593629
25,9,26,20,44,0,-0.149593629
25,9,26,20,45,0,-0.155593629
25,9,26,20,46,0,-0.151593629
25,9,26,20,47,0,-0.154593629
25,9,26,20,48,0,-0.087593629
25,9,26,20,49,0,-0.152593629
25,9,26,20,50,0,-0.151593629
25,9,26,20,51,0,-0.147593629
25,9,26,20,52,0,-0.158593629
25,9,26,20,53,0,-0.132593629
25,9,26,20,54,0,-0.165593629
25,9,26,20,55,0,-0.189593629
25,9,26,20,56,0,-0.169593629
25,9,26,20,57,0,-0.161593629
25,9,26,20,58,0,-0.161593629
25,9,26,20,59,0,-0.167593629
25,9,26,21,0,0,-0.148593629
25,9,26,21,1,0,-0.161593629
25,9,26,21,2,0,-0.177593629
25,9,26,21,3,0,-0.164593629
25,9,26,21,4,0,-0.170593629
25,9,26,21,5,0,-0.159593629
25,9,26,21,6,0,-0.182593629
25,9,26,21,7,0,-0.163593629
25,9,26,21,8,0,-0.091593629
25,9,26,21,9,0,-0.163593629
25,9,26,21,10,0,-0.163593629
25,9,26,21,11,0,-0.177593629
25,9,26,21,12,0,-0.178593629
25,9,26,21,13,0,-0.150593629
25,9,26,21,14,0,-0.158593629
25,9,26,21,15,0,-0.157593629
25,9,26,21,16,0,-0.180593629
25,9,26,21,17,0,-0.139593629
25,9,26,21,18,0,-0.158593629
25,9,26,21,19,0,-0.195593629
25,9,26,21,20,0,-0.165593629
25,9,26,21,21,0,-0.167593629
25,9,26,21,22,0,-0.148593629
25,9,26,21,23,0,-0.156593629
25,9,26,21,24,0,-0.173593629
25,9,26,21,25,0,-0.176593629
25,9,26,21,26,0,-0.158593629
25,9,26,21,27,0,-0.147593629
25,9,26,21,28,0,-0.149593629
25,9,26,21,29,0,-0.194593629
25,9,26,21,30,0,-0.171593629
25,9,26,21,31,0,-0.133593629
25,9,26,21,32,0,-0.143593629
25,9,26,21,33,0,-0.138593629
25,9,26,21,34,0,-0.192593629
25,9,26,21,35,0,-0.140593629
25,9,26,21,36,0,-0.165593629
25,9,26,21,37,0,-0.160593629
25,9,26,21,38,0,-0.158593629
25,9,26,21,39,0,-0.157593629
25,9,26,21,40,0,-0.212593629
25,9,26,21,41,0,-0.153593629
25,9,26,21,42,0,-0.177593629
25,9,26,21,43,0,-0.169593629
25,9,26,21,44,0,-0.170593629
25,9,26,21,45,0,-0.193593629
25,9,26,21,46,0,-0.169593629
25,9,26,21,47,0,-0.170593629
25,9,26,21,48,0,-0.182593629
25,9,26,21,49,0,-0.167593629
25,9,26,21,50,0,-0.170593629
25,9,26,21,51,0,-0.185593629
25,9,26,21,52,0,-0.168593629
25,9,26,21,53,0,-0.185593629
25,9,26,21,54,0,-0.177593629
25,9,26,21,55,0,-0.188593629
25,9,26,21,56,0,-0.164593629
25,9,26,21,57,0,-0.171593629
25,9,26,21,58,0,-0.192593629
25,9,26,21,59,0,-0.166593629
25,9,26,22,0,0,-0.174593629
25,9,26,22,1,0,-0.178593629
25,9,26,22,2,0,-0.159593629
25,9,26,22,3,0,-0.189593629
25,9,26,22,4,0,-0.183593629
25,9,26,22,5,0,-0.171593629
25,9,26,22,6,0,-0.195593629
25,9,26,22,7,0,-0.158593629
25,9,26,22,8,0,-0.175593629
25,9,26,22,9,0,-0.171593629
25,9,26,22,10,0,-0.149593629
25,9,26,22,11,0,-0.202593629
25,9,26,22,12,0,-0.209593629
25,9,26,22,13,0,-0.181593629
25,9,26,22,14,0,-0.175593629
25,9,26,22,15,0,-0.171593629
25,9,26,22,16,0,-0.185593629
25,9,26,22,17,0,-0.183593629
25,9,26,22,18,0,-0.186593629
25,9,26,22,19,0,-0.175593629
25,9,26,22,20,0,-0.184593629
25,9,26,22,21,0,-0.171593629
25,9,26,22,22,0,-0.166593629
25,9,26,22,23,0,-0.195593629
25,9,26,22,24,0,-0.182593629
25,9,26,22,25,0,-0.201593629
25,9,26,22,26,0,-0.182593629
25,9,26,22,27,0,-0.170593629
25,9,26,22,28,0,-0.180593629
25,9,26,22,29,0,-0.180593629
25,9,26,22,30,0,-0.181593629
25,9,26,22,31,0,-0.201593629
25,9,26,22,32,0,-0.213593629
25,9,26,22,33,0,-0.180593629
25,9,26,22,34,0,-0.196593629
25,9,26,22,35,0,-0.186593629
25,9,26,22,36,0,-0.180593629
25,9,26,22,37,0,-0.191593629
25,9,26,22,38,0,-0.198593629
25,9,26,22,39,0,-0.181593629
25,9,26,22,40,0,-0.205593629
25,9,26,22,41,0,-0.184593629
25,9,26,22,42,0,-0.188593629
25,9,26,22,43,0,-0.194593629
25,9,26,22,44,0,-0.190593629
25,9,26,22,45,0,-0.184593629
25,9,26,22,46,0,-0.200593629
25,9,26,22,47,0,-0.184593629
25,9,26,22,48,0,-0.192593629
25,9,26,22,49,0,-0.197593629
25,9,26,22,50,0,-0.192593629
25,9,26,22,51,0,-0.193593629
25,9,26,22,52,0,-0.198593629
25,9,26,22,53,0,-0.197593629
25,9,26,22,54,0,-0.200593629
25,9,26,22,55,0,-0.188593629
25,9,26,22,56,0,-0.201593629
25,9,26,22,57,0,-0.193593629
25,9,26,22,58,0,-0.191593629
25,9,26,22,59,0,-0.192593629
25,9,26,23,0,0,-0.206593629
25,9,26,23,1,0,-0.200593629
25,9,26,23,2,0,-0.194593629
25,9,26,23,3,0,-0.212593629
25,9,26,23,4,0,-0.213593629
25,9,26,23,5,0,-0.205593629
25,9,26,23,6,0,-0.214593629
25,9,26,23,7,0,-0.209593629
25,9,26,23,8,0,-0.200593629
25,9,26,23,9,0,-0.205593629
25,9,26,23,10,0,-0.205593629
25,9,26,23,11,0,-0.211593629
25,9,26,23,12,0,-0.215593629
25,9,26,23,13,0,-0.210593629
25,9,26,23,14,0,-0.213593629
25,9,26,23,15,0,-0.209593629
25,9,26,23,16,0,-0.217593629
25,9,26,23,17,0,-0.211593629
25,9,26,23,18,0,-0.211593629
25,9,26,23,19,0,-0.223593629
25,9,26,23,20,0,-0.223593629
25,9,26,23,21,0,-0.204593629
25,9,26,23,22,0,-0.210593629
25,9,26,23,23,0,-0.221593629
25,9,26,23,24,0,-0.191593629
25,9,26,23,25,0,-0.210593629
25,9,26,23,26,0,-0.214593629
25,9,26,23,27,0,-0.217593629
25,9,26,23,28,0,-0.209593629
25,9,26,23,29,0,-0.231593629
25,9,26,23,30,0,-0.228593629
25,9,26,23,31,0,-0.224593629
25,9,26,23,32,0,-0.226593629
25,9,26,23,33,0,-0.219593629
25,9,26,23,34,0,-0.221593629
25,9,26,23,35,0,-0.223593629
25,9,26,23,36,0,-0.227593629
25,9,26,23,37,0,-0.223593629
25,9,26,23,38,0,-0.225593629
25,9,26,23,39,0,-0.230593629
25,9,26,23,40,0,-0.237593629
25,9,26,23,41,0,-0.238593629
25,9,26,23,42,0,-0.225593629
25,9,26,23,43,0,-0.244593629
25,9,26,23,44,0,-0.249593629
25,9,26,23,45,0,-0.230593629
25,9,26,23,46,0,-0.243593629
25,9,26,23,47,0,-0.242593629
25,9,26,23,48,0,-0.237593629
25,9,26,23,49,0,-0.233593629
25,9,26,23,50,0,-0.224593629
25,9,26,23,51,0,-0.237593629
25,9,26,23,52,0,-0.251593629
25,9,26,23,53,0,-0.242593629
25,9,26,23,54,0,-0.245593629
25,9,26,23,55,0,-0.238593629
25,9,26,23,56,0,-0.244593629
25,9,26,23,57,0,-0.248593629
25,9,26,23,58,0,-0.239593629
25,9,26,23,59,0,-0.246593629
25,9,27,0,0,0,-0.243593629
25,9,27,0,1,0,-0.242593629
25,9,27,0,2,0,-0.250593629
25,9,27,0,3,0,-0.242593629
25,9,27,0,4,0,-0.247593629
25,9,27,0,5,0,-0.247593629
25,9,27,0,6,0,-0.243593629
25,9,27,0,7,0,-0.250593629
25,9,27,0,8,0,-0.256593629
25,9,27,0,9,0,-0.250593629
25,9,27,0,10,0,-0.247593629
25,9,27,0,11,0,-0.249593629
25,9,27,0,12,0,-0.253593629
25,9,27,0,13,0,-0.253593629
25,9,27,0,14,0,-0.256593629
25,9,27,0,15,0,-0.256593629
25,9,27,0,16,0,-0.261593629
25,9,27,0,17,0,-0.270593629
25,9,27,0,18,0,-0.273593629
25,9,27,0,19,0,-0.257593629
25,9,27,0,20,0,-0.266593629
25,9,27,0,21,0,-0.249593629
25,9,27,0,22,0,-0.266593629
25,9,27,0,23,0,-0.258593629
25,9,27,0,24,0,-0.264593629
25,9,27,0,25,0,-0.257593629
25,9,27,0,26,0,-0.260593629
25,9,27,0,27,0,-0.254593629
25,9,27,0,28,0,-0.256593629
25,9,27,0,29,0,-0.262593629
25,9,27,0,30,0,-0.259593629
25,9,27,0,31,0,-0.252593629
25,9,27,0,32,0,-0.252593629
25,9,27,0,33,0,-0.260593629
25,9,27,0,34,0,-0.260593629
25,9,27,0,35,0,-0.263593629
25,9,27,0,36,0,-0.270593629
25,9,27,0,37,0,-0.260593629
25,9,27,0,38,0,-0.264593629
25,9,27,0,39,0,-0.261593629
25,9,27,0,40,0,-0.262593629
25,9,27,0,41,0,-0.266593629
25,9,27,0,42,0,-0.259593629
25,9,27,0,43,0,-0.270593629
25,9,27,0,44,0,-0.257593629
25,9,27,0,45,0,-0.254593629
25,9,27,0,46,0,-0.270593629
25,9,27,0,47,0,-0.266593629
25,9,27,0,48,0,-0.262593629
25,9,27,0,49,0,-0.275593629
25,9,27,0,50,0,-0.270593629
25,9,27,0,51,0,-0.270593629
25,9,27,0,52,0,-0.267593629
25,9,27,0,53,0,-0.274593629
25,9,27,0,54,0,-0.268593629
25,9,27,0,55,0,-0.270593629
25,9,27,0,56,0,-0.265593629
25,9,27,0,57,0,-0.260593629
25,9,27,0,58,0,-0.274593629
25,9,27,0,59,0,-0.269593629
25,9,27,1,0,0,-0.267593629
25,9,27,1,1,0,-0.269593629
25,9,27,1,2,0,-0.273593629
25,9,27,1,3,0,-0.271593629
25,9,27,1,4,0,-0.276593629
25,9,27,1,5,0,-0.275593629
25,9,27,1,6,0,-0.268593629
25,9,27,1,7,0,-0.280593629
25,9,27,1,8,0,-0.277593629
25,9,27,1,9,0,-0.264593629
25,9,27,1,10,0,-0.267593629
25,9,27,1,11,0,-0.274593629
25,9,27,1,12,0,-0.275593629
25,9,27,1,13,0,-0.266593629
25,9,27,1,14,0,-0.265593629
25,9,27,1,15,0,-0.272593629
25,9,27,1,16,0,-0.268593629
25,9,27,1,17,0,-0.273593629
25,9,27,1,18,0,-0.268593629
25,9,27,1,19,0,-0.268593629
25,9,27,1,20,0,-0.282593629
25,9,27,1,21,0,-0.273593629
25,9,27,1,22,0,-0.263593629
25,9,27,1,23,0,-0.259593629
25,9,27,1,24,0,-0.277593629
25,9,27,1,25,0,-0.267593629
25,9,27,1,26,0,-0.272593629
25,9,27,1,27,0,-0.273593629
25,9,27,1,28,0,-0.257593629
25,9,27,1,29,0,-0.272593629
25,9,27,1,30,0,-0.275593629
25,9,27,1,31,0,-0.271593629
25,9,27,1,32,0,-0.263593629
25,9,27,1,33,0,-0.265593629
25,9,27,1,34,0,-0.261593629
25,9,27,1,35,0,-0.267593629
25,9,27,1,36,0,-0.260593629
25,9,27,1,37,0,-0.260593629
25,9,27,1,38,0,-0.272593629
25,9,27,1,39,0,-0.263593629
25,9,27,1,40,0,-0.262593629
25,9,27,1,41,0,-0.253593629
25,9,27,1,42,0,-0.265593629
25,9,27,1,43,0,-0.255593629
25,9,27,1,44,0,-0.257593629
25,9,27,1,45,0,-0.259593629
25,9,27,1,46,0,-0.260593629
25,9,27,1,47,0,-0.262593629
25,9,27,1,48,0,-0.264593629
25,9,27,1,49,0,-0.248593629
25,9,27,1,50,0,-0.257593629
25,9,27,1,51,0,-0.259593629
25,9,27,1,52,0,-0.257593629
25,9,27,1,53,0,-0.261593629
25,9,27,1,54,0,-0.252593629
25,9,27,1,55,0,-0.253593629
25,9,27,1,56,0,-0.254593629
25,9,27,1,57,0,-0.251593629
25,9,27,1,58,0,-0.251593629
25,9,27,1,59,0,-0.243593629
25,9,27,2,0,0,-0.256593629
25,9,27,2,1,0,-0.253593629
25,9,27,2,2,0,-0.242593629
25,9,27,2,3,0,-0.249593629
25,9,27,2,4,0,-0.252593629
25,9,27,2,5,0,-0.255593629
25,9,27,2,6,0,-0.243593629
25,9,27,2,7,0,-0.250593629
25,9,27,2,8,0,-0.244593629
25,9,27,2,9,0,-0.241593629
25,9,27,2,10,0,-0.243593629
25,9,27,2,11,0,-0.231593629
25,9,27,2,12,0,-0.236593629
25,9,27,2,13,0,-0.233593629
25,9,27,2,14,0,-0.228593629
25,9,27,2,15,0,-0.230593629
25,9,27,2,16,0,-0.229593629
25,9,27,2,17,0,-0.243593629
25,9,27,2,18,0,-0.225593629
25,9,27,2,19,0,-0.229593629
25,9,27,2,20,0,-0.228593629
25,9,27,2,21,0,-0.227593629
25,9,27,2,22,0,-0.229593629
25,9,27,2,23,0,-0.227593629
25,9,27,2,24,0,-0.222593629
25,9,27,2,25,0,-0.242593629
25,9,27,2,26,0,-0.227593629
25,9,27,2,27,0,-0.228593629
25,9,27,2,28,0,-0.227593629
25,9,27,2,29,0,-0.222593629
25,9,27,2,30,0,-0.221593629
25,9,27,2,31,0,-0.222593629
25,9,27,2,32,0,-0.207593629
25,9,27,2,33,0,-0.222593629
25,9,27,2,34,0,-0.213593629
25,9,27,2,35,0,-0.223593629
25,9,27,2,36,0,-0.212593629
25,9,27,2,37,0,-0.212593629
25,9,27,2,38,0,-0.216593629
25,9,27,2,39,0,-0.208593629
25,9,27,2,40,0,-0.211593629
25,9,27,2,41,0,-0.201593629
25,9,27,2,42,0,-0.208593629
25,9,27,2,43,0,-0.210593629
25,9,27,2,44,0,-0.205593629
25,9,27,2,45,0,-0.207593629
25,9,27,2,46,0,-0.206593629
25,9,27,2,47,0,-0.201593629
25,9,27,2,48,0,-0.203593629
25,9,27,2,49,0,-0.201593629
25,9,27,2,50,0,-0.195593629
25,9,27,2,51,0,-0.203593629
25,9,27,2,52,0,-0.196593629
25,9,27,2,53,0,-0.195593629
25,9,27,2,54,0,-0.196593629
25,9,27,2,55,0,-0.190593629
25,9,27,2,56,0,-0.181593629
25,9,27,2,57,0,-0.192593629
25,9,27,2,58,0,-0.197593629
25,9,27,2,59,0,-0.170593629
25,9,27,3,0,0,-0.186593629
25,9,27,3,1,0,-0.182593629
25,9,27,3,2,0,-0.188593629
25,9,27,3,3,0,-0.177593629
25,9,27,3,4,0,-0.173593629
25,9,27,3,5,0,-0.176593629
25,9,27,3,6,0,-0.179593629
25,9,27,3,7,0,-0.178593629
25,9,27,3,8,0,-0.167593629
25,9,27,3,9,0,-0.162593629
25,9,27,3,10,0,-0.169593629
25,9,27,3,11,0,-0.167593629
25,9,27,3,12,0,-0.157593629
25,9,27,3,13,0,-0.161593629
25,9,27,3,14,0,-0.164593629
25,9,27,3,15,0,-0.173593629
25,9,27,3,16,0,-0.149593629
25,9,27,3,17,0,-0.159593629
25,9,27,3,18,0,-0.153593629
25,9,27,3,19,0,-0.162593629
25,9,27,3,20,0,-0.153593629
25,9,27,3,21,0,-0.151593629
25,9,27,3,22,0,-0.164593629
25,9,27,3,23,0,-0.150593629
25,9,27,3,24,0,-0.153593629
25,9,27,3,25,0,-0.150593629
25,9,27,3,26,0,-0.153593629
25,9,27,3,27,0,-0.138593629
25,9,27,3,28,0,-0.145593629
25,9,27,3,29,0,-0.136593629
25,9,27,3,30,0,-0.131593629
25,9,27,3,31,0,-0.132593629
25,9,27,3,32,0,-0.144593629
25,9,27,3,33,0,-0.139593629
25,9,27,3,34,0,-0.134593629
25,9,27,3,35,0,-0.139593629
25,9,27,3,36,0,-0.132593629
25,9,27,3,37,0,-0.125593629
25,9,27,3,38,0,-0.125593629
25,9,27,3,39,0,-0.127593629
25,9,27,3,40,0,-0.144593629
25,9,27,3,41,0,-0.127593629
25,9,27,3,42,0,-0.131593629
25,9,27,3,43,0,-0.108593629
25,9,27,3,44,0,-0.111593629
25,9,27,3,45,0,-0.098593629
25,9,27,3,46,0,-0.103593629
25,9,27,3,47,0,-0.120593629
25,9,27,3,48,0,-0.108593629
25,9,27,3,49,0,-0.102593629
25,9,27,3,50,0,-0.109593629
25,9,27,3,51,0,-0.105593629
25,9,27,3,52,0,-0.105593629
25,9,27,3,53,0,-0.106593629
25,9,27,3,54,0,-0.097593629
25,9,27,3,55,0,-0.099593629
25,9,27,3,56,0,-0.081593629
25,9,27,3,57,0,-0.082593629
25,9,27,3,58,0,-0.098593629
25,9,27,3,59,0,-0.083593629
25,9,27,4,0,0,-0.080593629
25,9,27,4,1,0,-0.096593629
25,9,27,4,2,0,-0.081593629
25,9,27,4,3,0,-0.087593629
25,9,27,4,4,0,-0.076593629
25,9,27,4,5,0,-0.084593629
25,9,27,4,6,0,-0.072593629
25,9,27,4,7,0,-0.084593629
25,9,27,4,8,0,-0.075593629
25,9,27,4,9,0,-0.071593629
25,9,27,4,10,0,-0.087593629
25,9,27,4,11,0,-0.067593629
25,9,27,4,12,0,-0.055593629
25,9,27,4,13,0,-0.080593629
25,9,27,4,14,0,-0.064593629
25,9,27,4,15,0,-0.071593629
25,9,27,4,16,0,-0.054593629
25,9,27,4,17,0,-0.067593629
25,9,27,4,18,0,-0.053593629
25,9,27,4,19,0,-0.054593629
25,9,27,4,20,0,-0.062593629
25,9,27,4,21,0,-0.061593629
25,9,27,4,22,0,-0.054593629
25,9,27,4,23,0,-0.047593629
25,9,27,4,24,0,-0.042593629
25,9,27,4,25,0,-0.051593629
25,9,27,4,26,0,-0.050593629
25,9,27,4,27,0,-0.044593629
25,9,27,4,28,0,-0.038593629
25,9,27,4,29,0,-0.034593629
25,9,27,4,30,0,-0.013593629
25,9,27,4,31,0,-0.025593629
25,9,27,4,32,0,-0.036593629
25,9,27,4,33,0,-0.005593629
25,9,27,4,34,0,-0.025593629
25,9,27,4,35,0,-0.024593629
25,9,27,4,36,0,-0.036593629
25,9,27,4,37,0,-0.025593629
25,9,27,4,38,0,-0.007593629
25,9,27,4,39,0,-0.021593629
25,9,27,4,40,0,-0.021593629
25,9,27,4,41,0,-0.012593629
25,9,27,4,42,0,0.002406371
25,9,27,4,43,0,-0.009593629
25,9,27,4,44,0,-0.009593629
25,9,27,4,45,0,0.002406371
25,9,27,4,46,0,0.004406371
25,9,27,4,47,0,0.003406371
25,9,27,4,48,0,0.068406371
25,9,27,4,49,0,-0.023593629
25,9,27,4,50,0,-0.009593629
25,9,27,4,51,0,0.006406371
25,9,27,4,52,0,0.003406371
25,9,27,4,53,0,0.017406371
25,9,27,4,54,0,0.014406371
25,9,27,4,55,0,0.011406371
25,9,27,4,56,0,-0.009593629
25,9,27,4,57,0,-0.001593629
25,9,27,4,58,0,0.008406371
25,9,27,4,59,0,0.012406371
25,9,27,5,0,0,0.000406371
25,9,27,5,1,0,0.035406371
25,9,27,5,2,0,0.019406371
25,9,27,5,3,0,0.004406371
25,9,27,5,4,0,0.032406371
25,9,27,5,5,0,-0.002593629
25,9,27,5,6,0,0.009406371
25,9,27,5,7,0,0.022406371
25,9,27,5,8,0,0.000406371
25,9,27,5,9,0,0.022406371
25,9,27,5,10,0,0.027406371
25,9,27,5,11,0,0.027406371
25,9,27,5,12,0,0.010406371
25,9,27,5,13,0,0.038406371
25,9,27,5,14,0,0.036406371
25,9,27,5,15,0,0.024406371
25,9,27,5,16,0,0.035406371
25,9,27,5,17,0,0.041406371
25,9,27,5,18,0,0.036406371
25,9,27,5,19,0,0.047406371
25,9,27,5,20,0,0.043406371
25,9,27,5,21,0,0.057406371
25,9,27,5,22,0,0.048406371
25,9,27,5,23,0,0.066406371
25,9,27,5,24,0,0.056406371
25,9,27,5,25,0,0.048406371
25,9,27,5,26,0,0.067406371
25,9,27,5,27,0,0.049406371
25,9,27,5,28,0,0.056406371
25,9,27,5,29,0,0.081406371
25,9,27,5,30,0,0.061406371
