{
"type": "FeatureCollection",
"name": "Indeks_Kontur_Poso_Interval_5m",
"crs": { "type": "name", "properties": { "name": "urn:ogc:def:crs:OGC:1.3:CRS84" } },
"features": [
{ "type": "Feature", "properties": { "fid": 1.0, "ID": 0, "ELEV": -10.0 }, "geometry": { "type": "MultiLineString", "coordinates": [ [ [ 106.596814107642189, -5.704083957428482 ], [ 106.596813589595087, -5.704084963640791 ], [ 106.596812238926844, -5.70408622335226 ], [ 106.596811338660899, -5.704087130149245 ], [ 106.59680773761427, -5.70409075731988 ], [ 106.596806837565808, -5.704091742748784 ], [ 106.596803461993616, -5.7040952906611 ], [ 106.596802336945231, -5.704096526920141 ], [ 106.59679854492515, -5.704099825782568 ], [ 106.596797833927042, -5.704100444317023 ], [ 106.59679332982131, -5.70410396855131 ], [ 106.596792729054798, -5.704104363398518 ], [ 106.596788824479731, -5.704107046014781 ], [ 106.596785444222547, -5.704108905091331 ], [ 106.59678431748209, -5.704109524779607 ], [ 106.596779809569952, -5.704111672932325 ], [ 106.596776689509326, -5.704113450863506 ], [ 106.596775303026533, -5.704114315943788 ], [ 106.596771274479707, -5.704117987366851 ], [ 106.596770800998812, -5.70411859155573 ], [ 106.596768638518853, -5.704122516157333 ], [ 106.596767164486735, -5.704127041723074 ], [ 106.596766314171987, -5.704128362841977 ], [ 106.596762668985264, -5.704131575674394 ], [ 106.59676181049376, -5.704132041797143 ], [ 106.596757297979067, -5.70413252606489 ], [ 106.596752790951641, -5.704134994190722 ], [ 106.596751563029372, -5.704136127971798 ], [ 106.596748288958537, -5.70413928243542 ], [ 106.596746976238506, -5.704140662176404 ], [ 106.596743786819331, -5.704143517878997 ], [ 106.596742055361645, -5.704145197308178 ], [ 106.596739284086311, -5.704147538665539 ], [ 106.596736872023769, -5.70414973316834 ], [ 106.596734780382377, -5.704151208451774 ], [ 106.596730273583077, -5.704153759150492 ], [ 106.596729200281331, -5.704154275934502 ], [ 106.596725766901471, -5.704156352424445 ], [ 106.596723007157067, -5.704158814597028 ], [ 106.596721264872997, -5.70416062801943 ], [ 106.596718950982122, -5.704163347328913 ], [ 106.596716764809727, -5.704165614146887 ], [ 106.59671403052532, -5.704167882459395 ], [ 106.596712260862887, -5.704169196214185 ], [ 106.596707754142159, -5.704171775423496 ], [ 106.59670667260437, -5.704172424354433 ], [ 106.596703249773654, -5.704175205078865 ], [ 106.596700997723445, -5.704176961578567 ], [ 106.596698747615974, -5.704179434076869 ], [ 106.59669701721073, -5.704181494100396 ], [ 106.59669424948504, -5.704185118961459 ], [ 106.596693529775678, -5.70418602525381 ], [ 106.596689750103423, -5.7041903516922 ], [ 106.596689570114947, -5.70419055771775 ], [ 106.596686055400653, -5.704195088946856 ], [ 106.596685253526076, -5.704196598330557 ], [ 106.596684074011648, -5.704199615920635 ], [ 106.59668088951787, -5.704204146233297 ], [ 106.596680760877859, -5.70420426557918 ], [ 106.596676255428122, -5.70420730446455 ], [ 106.596673626173867, -5.704208687865634 ], [ 106.596671748391458, -5.704209769622451 ], [ 106.596667240732316, -5.704212009739445 ], [ 106.596663294516503, -5.704213238013084 ], [ 106.596662730973648, -5.704213490775405 ], [ 106.596658221763903, -5.704215170297608 ], [ 106.596653713893133, -5.704217333932939 ], [ 106.596652962844246, -5.704217788160435 ], [ 106.59664920984973, -5.704220881401327 ], [ 106.59664763399698, -5.704222324423968 ], [ 106.596644709040035, -5.704225598048332 ], [ 106.59664363779072, -5.704226856989177 ], [ 106.596640399279082, -5.704231387451649 ], [ 106.596640211980358, -5.704231670570363 ], [ 106.596637146097507, -5.704235917954827 ], [ 106.596635714052098, -5.704237429080496 ], [ 106.596632211637029, -5.70424045312381 ], [ 106.596631210842148, -5.70424127798577 ], [ 106.596627352078855, -5.704244988084906 ], [ 106.596626708696107, -5.704245511575855 ], [ 106.596622204937418, -5.704249162117778 ], [ 106.596621561093144, -5.704249525630822 ], [ 106.596617696530757, -5.704251132168022 ], [ 106.596613189301038, -5.704253527766591 ], [ 106.59661251373393, -5.70425407221356 ], [ 106.596608684311562, -5.704256733362124 ], [ 106.596606110162881, -5.70425861145938 ], [ 106.596604178166373, -5.704259521117838 ], [ 106.596599669044423, -5.704261232602629 ], [ 106.596596801914643, -5.70426315876594 ], [ 106.596595164530441, -5.70426461018052 ], [ 106.596592432495996, -5.704267692366678 ], [ 106.596590667810332, -5.704270805771295 ], [ 106.596589059637083, -5.704272223201858 ], [ 106.596586163524549, -5.704274265908052 ], [ 106.596581654657427, -5.704276069599641 ], [ 106.596578647367309, -5.704276773571984 ], [ 106.596577144844488, -5.704277531332782 ], [ 106.59657263623383, -5.704279427771537 ], [ 106.596570379323282, -5.704279434034613 ] ] ] } },
{ "type": "Feature", "properties": { "fid": 2.0, "ID": 1, "ELEV": -25.0 }, "geometry": { "type": "MultiLineString", "coordinates": [ [ [ 106.59703083175981, -5.704293604519838 ], [ 106.597028574849915, -5.70429361086007 ], [ 106.597025879066024, -5.704298139666725 ], [ 106.597024086197024, -5.704302666117716 ], [ 106.59702409870566, -5.704307187557222 ], [ 106.597028624883777, -5.704311696316653 ], [ 106.597033134534954, -5.704310176791037 ], [ 106.597037645376972, -5.704309087727967 ], [ 106.597039902287108, -5.704309081463026 ] ] ] } },
{ "type": "Feature", "properties": { "fid": 3.0, "ID": 2, "ELEV": -20.0 }, "geometry": { "type": "MultiLineString", "coordinates": [ [ [ 106.596251476391956, -5.704824779983984 ], [ 106.596249155009303, -5.704827800742515 ], [ 106.59624613745612, -5.704824794798286 ], [ 106.596249138671112, -5.704821892728846 ], [ 106.596251476391956, -5.704824779983984 ] ] ] } },
{ "type": "Feature", "properties": { "fid": 4.0, "ID": 3, "ELEV": -10.0 }, "geometry": { "type": "MultiLineString", "coordinates": [ [ [ 106.596205644857321, -5.704600528930606 ], [ 106.596206121548818, -5.704601092772267 ], [ 106.596206555440773, -5.704603352306376 ], [ 106.596206594486816, -5.704607873673999 ], [ 106.596205579548325, -5.704612397965996 ], [ 106.596203594479348, -5.704616924949709 ], [ 106.596203433863437, -5.704617140708619 ], [ 106.596199342302953, -5.704621458223705 ], [ 106.596198932872525, -5.704621794290945 ], [ 106.596194426819437, -5.704624617239958 ], [ 106.596192571999907, -5.704625998484422 ], [ 106.596189921430692, -5.704627680462902 ], [ 106.596186441350071, -5.704630536970329 ], [ 106.596185417633819, -5.704631319378602 ], [ 106.596180912713621, -5.704634552080302 ], [ 106.596180011397024, -5.704635076286628 ], [ 106.596176406582913, -5.704637347045218 ], [ 106.596173403625684, -5.704639616096249 ], [ 106.596171901510019, -5.7046405245649 ], [ 106.59616739567079, -5.704643424969483 ], [ 106.596165785604853, -5.704644158708797 ], [ 106.596162887613318, -5.704645523193621 ], [ 106.596159104751592, -5.70464869872108 ], [ 106.596158384392538, -5.704649370568635 ], [ 106.596154549933388, -5.70465323283459 ], [ 106.59615388264686, -5.704653751425054 ], [ 106.596149375850686, -5.704656305836862 ], [ 106.596146766630923, -5.704657775905551 ], [ 106.596144871071672, -5.704659589755224 ], [ 106.596142621679491, -5.704662308881833 ], [ 106.596140372249678, -5.704665028008545 ], [ 106.596138571720658, -5.704666841594546 ], [ 106.596135869426803, -5.704669019398512 ], [ 106.596133528736985, -5.704671377062387 ], [ 106.596131366791411, -5.704673078614225 ], [ 106.596128150444628, -5.704675913460514 ], [ 106.596126863280787, -5.704676821326951 ], [ 106.596122355968504, -5.704679189208107 ], [ 106.596119173232438, -5.704680459843727 ], [ 106.596117847947582, -5.704681300832864 ], [ 106.596113342866872, -5.704684475790446 ], [ 106.596112699483115, -5.70468499928108 ], [ 106.596108838819049, -5.704688024309781 ], [ 106.596107218006622, -5.704689535965369 ], [ 106.596104336854879, -5.704692326400763 ], [ 106.596102669872764, -5.70469407006012 ], [ 106.596099838465051, -5.704697921175859 ], [ 106.596099356720075, -5.704698600728465 ], [ 106.596096890641348, -5.704703129046647 ], [ 106.59609534283733, -5.704704514900111 ], [ 106.596090836027031, -5.70470706445847 ], [ 106.596089196299332, -5.704707671870317 ], [ 106.596086326368905, -5.704708584125518 ], [ 106.596081817705581, -5.704710463567696 ], [ 106.596078636319788, -5.704712222644397 ], [ 106.596077311696291, -5.704713302865323 ], [ 106.596073882120393, -5.70471675731074 ], [ 106.596072810372817, -5.704717836830078 ], [ 106.596069810681129, -5.704721290082811 ], [ 106.596068310618776, -5.704722938414214 ], [ 106.596066061677945, -5.704725821960301 ], [ 106.59606381396101, -5.704729159809259 ], [ 106.596063039002146, -5.704730351822663 ], [ 106.596060872425113, -5.704734879309863 ], [ 106.596059322178405, -5.704737144371595 ], [ 106.596056673228773, -5.704739412436351 ], [ 106.596054819751416, -5.70474127935401 ], [ 106.596052775361201, -5.704743944726823 ], [ 106.596050322656197, -5.704747342638777 ], [ 106.596048520259956, -5.704748478008385 ], [ 106.596045814228887, -5.704749307606103 ], [ 106.596041302566036, -5.704750102425556 ], [ 106.596036792063757, -5.704751316985457 ], [ 106.596033486668702, -5.704753041193426 ], [ 106.596032284980168, -5.70475376796286 ], [ 106.596027781112156, -5.704757381908972 ], [ 106.596027566706738, -5.704757579093815 ], [ 106.596023476588883, -5.70476211191755 ], [ 106.596023280852421, -5.704762300859924 ], [ 106.596018777920079, -5.704766253249605 ], [ 106.59601817715226, -5.704766648096336 ], [ 106.596014274741279, -5.704770116523989 ], [ 106.596012773074136, -5.704771184565406 ], [ 106.596009771000524, -5.704773776586125 ], [ 106.596007693041287, -5.704775720135441 ], [ 106.596005267679956, -5.704777588639608 ], [ 106.596003223289387, -5.704780254012339 ], [ 106.596000910495135, -5.704784781905142 ], [ 106.59600077509846, -5.704785284677686 ], [ 106.595999926435582, -5.704789306111614 ], [ 106.595998599670551, -5.704793831268862 ], [ 106.595996290839551, -5.704795990755827 ], [ 106.59599215972132, -5.704798370611682 ], [ 106.595991783964934, -5.704798517511368 ], [ 106.595987274814007, -5.704800221014311 ], [ 106.595982765587422, -5.704801897168997 ], [ 106.595980240661348, -5.704802925155121 ], [ 106.595978256914677, -5.704803773644246 ], [ 106.59597374932325, -5.704806041211869 ], [ 106.595971427952762, -5.704807471080497 ], [ 106.595969243688202, -5.704809016363931 ], [ 106.595964736777347, -5.704811530110389 ], [ 106.595963484263919, -5.704812014594886 ], [ 106.595960229697994, -5.704813982930844 ], [ 106.595955973728962, -5.70481655690752 ], [ 106.595955723550816, -5.704816772914869 ], [ 106.595951436579242, -5.704821090971187 ], [ 106.595951222255309, -5.704821317644992 ], [ 106.595948057736209, -5.704825621821412 ], [ 106.595946724850833, -5.704827269688876 ], [ 106.595943015529699, -5.704830157286202 ], [ 106.595942220272704, -5.704830627227287 ], [ 106.595937712153429, -5.704832704032059 ], [ 106.595935235054611, -5.704834700347551 ], [ 106.595933209452738, -5.704836740636844 ], [ 106.59593085195074, -5.70483923398378 ], [ 106.595928707936892, -5.704841205794358 ], [ 106.595924803030954, -5.704843772241324 ], [ 106.595924202217674, -5.704844150705307 ], [ 106.595919697008952, -5.704847280272056 ], [ 106.595918625125535, -5.704848310856661 ], [ 106.595915196550479, -5.704852127932201 ], [ 106.595914521455668, -5.70485284371762 ], [ 106.595910694817277, -5.704856514577375 ], [ 106.595909055803233, -5.70485738035697 ], [ 106.59590618797705, -5.704859054116445 ], [ 106.59590168065634, -5.704861419896641 ], [ 106.595900861335323, -5.704861924566521 ], [ 106.595897174468845, -5.704864195557949 ], [ 106.595894791043136, -5.704866462883167 ], [ 106.59589267165444, -5.704868191228032 ], [ 106.595889590991035, -5.704870998785586 ], [ 106.595888167909919, -5.704871850514522 ], [ 106.595883660072715, -5.704874029556652 ], [ 106.595880278869259, -5.704875546095495 ], [ 106.595879151975055, -5.704876114406246 ], [ 106.595874644919093, -5.704878576042658 ], [ 106.595872110051459, -5.704880090233611 ], [ 106.595870138383958, -5.704881226068592 ], [ 106.595865633515544, -5.70488447895779 ], [ 106.595865408235497, -5.704884630301995 ], [ 106.595861128295041, -5.704887604515708 ], [ 106.595858875714555, -5.704889169900684 ], [ 106.595856624213411, -5.704891142009291 ], [ 106.595853964018261, -5.704893705002978 ], [ 106.59585212177879, -5.704895275241372 ], [ 106.595847614952902, -5.704897820207594 ], [ 106.595846487676937, -5.704898247219846 ], [ 106.595843105813159, -5.704899528270164 ], [ 106.595838600077528, -5.704902467608291 ], [ 106.595838350196942, -5.704902791270706 ], [ 106.595837141574705, -5.704907316100249 ], [ 106.595835456691134, -5.704911842250985 ], [ 106.595834117291531, -5.704913707754861 ], [ 106.595832072904997, -5.704916373114629 ], [ 106.595829617635701, -5.704918846185794 ], [ 106.595826968128748, -5.704920908752434 ], [ 106.595825113379149, -5.704922320580367 ], [ 106.595820606127916, -5.704924711825579 ], [ 106.595818749536861, -5.704925453028153 ], [ 106.595816098964931, -5.704927135005585 ], [ 106.595811592174428, -5.704929692921397 ], [ 106.59581109146076, -5.704929995748892 ], [ 106.595807087875954, -5.704933152233454 ], [ 106.595805775151803, -5.704934531973388 ], [ 106.595803132007546, -5.70493906078238 ], [ 106.59580259376223, -5.704940295398406 ], [ 106.595801213985908, -5.704943587579847 ], [ 106.595798098025881, -5.704946851692466 ], [ 106.595796521691554, -5.704948122073264 ], [ 106.595793592212004, -5.704949762958265 ], [ 106.595789607193467, -5.704952662731128 ], [ 106.595789087506716, -5.704953075212542 ], [ 106.59578458387071, -5.70495677425769 ], [ 106.595783940215881, -5.704957199928289 ], [ 106.595780077643226, -5.704959535975489 ], [ 106.595777132366919, -5.70496174029021 ], [ 106.595775573295839, -5.704962977747515 ], [ 106.595772087807617, -5.704966275760706 ], [ 106.595771071132347, -5.704967209468792 ], [ 106.595766567247509, -5.704970812551606 ], [ 106.595766567230839, -5.704970812567249 ], [ 106.59576206504066, -5.704975034685434 ], [ 106.595761718677551, -5.70497534747838 ], [ 106.595757564074631, -5.704979699616866 ], [ 106.595757384017389, -5.704979880979556 ], [ 106.595753063264524, -5.704984414442138 ], [ 106.595753063246519, -5.704984414459571 ], [ 106.595748561935579, -5.704988948405621 ], [ 106.595748561918285, -5.7049889484245 ], [ 106.59574405902741, -5.704992917193351 ], [ 106.595743214253787, -5.704993484716844 ], [ 106.595739556917763, -5.704997168568898 ], [ 106.595738914434733, -5.704998018121306 ], [ 106.595735419047614, -5.705002549294295 ], [ 106.595735059495595, -5.7050031154864 ], [ 106.595730552698242, -5.705005671301985 ], [ 106.595726040275906, -5.705006192497851 ], [ 106.595723785936798, -5.705007103040901 ], [ 106.595721530732931, -5.705007755216112 ], [ 106.595717022856661, -5.705009920812752 ], [ 106.595715021477773, -5.705011648829895 ], [ 106.595712519742222, -5.705013808861619 ], [ 106.5957101619111, -5.705016183786939 ], [ 106.595708018413404, -5.70501834282493 ], [ 106.595705660582254, -5.705020717750243 ], [ 106.595704609440148, -5.705022981404515 ] ] ] } },
{ "type": "Feature", "properties": { "fid": 5.0, "ID": 4, "ELEV": -15.0 }, "geometry": { "type": "MultiLineString", "coordinates": [ [ [ 106.596854912989755, -5.704133580396963 ], [ 106.596854351680619, -5.704134636966259 ], [ 106.596852966150863, -5.704135846537702 ], [ 106.596852100511327, -5.704136718457181 ], [ 106.596848319004096, -5.704140380910411 ], [ 106.596847598794781, -5.704141106344588 ], [ 106.596843817691578, -5.704144914878343 ], [ 106.596843097094947, -5.704145500293076 ], [ 106.596839299454118, -5.704149448893235 ], [ 106.596838595731924, -5.704150016032073 ], [ 106.596834657084685, -5.704153983252632 ], [ 106.596834094245551, -5.704154487202971 ], [ 106.596829588814416, -5.704157532291795 ], [ 106.596827012220629, -5.704158525945301 ], [ 106.596825080403619, -5.704159500195871 ], [ 106.596820572790392, -5.70416175644884 ], [ 106.596818417629876, -5.704163071273811 ], [ 106.596816070095144, -5.704165790674075 ], [ 106.596814068961066, -5.70416760481797 ], [ 106.596811568226315, -5.704170123694306 ], [ 106.596807561511255, -5.70417214435365 ], [ 106.596807061007354, -5.704172522541309 ], [ 106.596802558693042, -5.704176679713305 ], [ 106.596802558652143, -5.704176679763663 ], [ 106.596799862872487, -5.704181208670061 ], [ 106.596798062698824, -5.704183151449971 ], [ 106.596796680980333, -5.704185738975868 ], [ 106.596793568551789, -5.704190269088879 ], [ 106.59679356853222, -5.704190269111538 ], [ 106.596789477574973, -5.704194801917755 ], [ 106.596789068145242, -5.704195137985237 ], [ 106.596784562455326, -5.704198089731594 ], [ 106.59678230902361, -5.704199343288109 ], [ 106.596780055420467, -5.704200555267424 ], [ 106.596775547544397, -5.70420271669553 ], [ 106.596772541558508, -5.704203891871385 ], [ 106.596771038565549, -5.704204479457514 ], [ 106.596766528994138, -5.704206027996447 ], [ 106.596762020254772, -5.70420787736236 ], [ 106.596761162043791, -5.704208444928558 ], [ 106.596757515329273, -5.704211105570762 ], [ 106.596755879116344, -5.704212981065395 ], [ 106.596753016063914, -5.704216380121355 ], [ 106.596752317043439, -5.704217512426234 ], [ 106.596749249850888, -5.704222042413596 ], [ 106.596748521449825, -5.704223336293916 ], [ 106.596746346278081, -5.704226571946855 ], [ 106.596744029087688, -5.704231099852701 ], [ 106.596744029069001, -5.704231099897962 ], [ 106.596741892129103, -5.704235627258342 ], [ 106.596739536926066, -5.70423894954114 ], [ 106.596738537192536, -5.704240158044285 ], [ 106.596735034778163, -5.704243182088079 ], [ 106.596732608440945, -5.704244695973413 ], [ 106.596730527471379, -5.704245549529535 ], [ 106.596726017559121, -5.704246975017764 ], [ 106.596723315526759, -5.704249243239128 ], [ 106.596721514025916, -5.704250706782743 ], [ 106.596719799039349, -5.704253774473378 ], [ 106.596717015884181, -5.704256387793695 ], [ 106.596713129958218, -5.704258314457029 ], [ 106.596712508196518, -5.704258617613795 ], [ 106.596707996536594, -5.70425941131091 ], [ 106.596703484411321, -5.7042600367816 ], [ 106.596698973441292, -5.704261079926658 ], [ 106.596695169871978, -5.704262885776369 ], [ 106.596694466670584, -5.704263641309501 ], [ 106.596691790294656, -5.704267416630565 ], [ 106.596689970864404, -5.704270166865044 ], [ 106.596688669149586, -5.704271946767538 ], [ 106.596685473600104, -5.704276165278992 ], [ 106.596685242979518, -5.704276477751032 ], [ 106.596682477754641, -5.704281006900225 ], [ 106.59668097915052, -5.704283181365156 ], [ 106.596679355659731, -5.704285537039819 ], [ 106.596676480548908, -5.704288696344484 ], [ 106.596674812549509, -5.704290071123087 ], [ 106.596671975703018, -5.704291953755513 ], [ 106.596667465668261, -5.704293335178305 ], [ 106.59666295431721, -5.704294240701752 ], [ 106.596661450774519, -5.704294629680231 ], [ 106.596658444592222, -5.704295734137434 ], [ 106.596653937431441, -5.70429815467431 ], [ 106.596652629780607, -5.704299175635485 ], [ 106.596649433302304, -5.704301671317134 ], [ 106.596646899906332, -5.704303713012147 ], [ 106.596644930414229, -5.704305636684576 ], [ 106.596640649489729, -5.704308251833387 ], [ 106.596640424274284, -5.704308426365123 ], [ 106.596635920691227, -5.704312140506794 ], [ 106.59663517017421, -5.704312788514631 ], [ 106.596632023004005, -5.704317318723706 ], [ 106.59663142741509, -5.704319581170625 ], [ 106.596630945687366, -5.704321843188541 ], [ 106.596630384099228, -5.704326366222135 ], [ 106.596629201782392, -5.70433089097837 ], [ 106.596626955388658, -5.704334704775284 ], [ 106.596625828916828, -5.704335421813797 ], [ 106.596622448901343, -5.704337368971938 ], [ 106.59661793857849, -5.704338646426937 ], [ 106.596615309172378, -5.704339972483075 ], [ 106.596613432572966, -5.704341484849323 ], [ 106.596608927133602, -5.704344511669416 ], [ 106.596608927088553, -5.704344511699691 ], [ 106.596604422930255, -5.70434801803377 ], [ 106.596603351049083, -5.704349048619066 ], [ 106.596599917358589, -5.704351013379308 ], [ 106.596595974857877, -5.704353590564244 ], [ 106.596595411706545, -5.704353979679265 ], [ 106.59659141085416, -5.704358124705156 ], [ 106.596590911402643, -5.704358879670402 ], [ 106.596589185738523, -5.704362652355319 ], [ 106.596587612839087, -5.704367178195496 ], [ 106.59658682896314, -5.704371701846027 ], [ 106.59658644552546, -5.704376224385287 ], [ 106.596586445518213, -5.704376224400905 ], [ 106.596583101595328, -5.704380755140323 ], [ 106.596581946653743, -5.704381644912179 ], [ 106.596577433631225, -5.704381946454244 ], [ 106.596572918452722, -5.704381468474593 ], [ 106.596568408988773, -5.704383056670537 ], [ 106.596564546264318, -5.704385328108788 ], [ 106.596563902506858, -5.704385723075183 ], [ 106.596559398018485, -5.704389110291703 ], [ 106.596558852973146, -5.704389865383467 ], [ 106.596557607080783, -5.704394390316167 ], [ 106.596557591372246, -5.704398911834987 ], [ 106.596556889493613, -5.704403435257996 ], [ 106.596554930980062, -5.704406038139207 ], [ 106.596552836848105, -5.704407967979717 ], [ 106.596550427906053, -5.704409936811471 ], [ 106.596546775125177, -5.704412506276793 ], [ 106.596545925769419, -5.704414174436926 ], [ 106.596544186380058, -5.704417034936036 ], [ 106.596542454347343, -5.704421561217828 ], [ 106.5965414359232, -5.704422855892639 ], [ 106.596536925596141, -5.704424132179041 ], [ 106.596532405539435, -5.70442189053315 ], [ 106.59653175987988, -5.704421590895775 ], [ 106.596527882546809, -5.70441858733875 ], [ 106.596523376560967, -5.704421433296821 ], [ 106.5965232265971, -5.70442161457613 ], [ 106.596519539543465, -5.704426146283184 ], [ 106.596518877899868, -5.704426927687062 ], [ 106.596516308924649, -5.704430676723605 ], [ 106.596515200897244, -5.704435201273741 ], [ 106.596514395022751, -5.704438129160126 ], [ 106.596513868394879, -5.704439726446807 ], [ 106.596509897097931, -5.704443889842787 ], [ 106.596505383352451, -5.704443930225162 ], [ 106.596500866203755, -5.704442740084465 ], [ 106.596496353271476, -5.704443074504867 ], [ 106.596492884469782, -5.70444430615308 ], [ 106.596491844459678, -5.704444898792691 ], [ 106.596487340510407, -5.704448481286653 ], [ 106.596486980396747, -5.704448844012278 ], [ 106.596483381846852, -5.704453375473626 ], [ 106.596482842537569, -5.704454224740103 ], [ 106.596480505507827, -5.704457904930836 ], [ 106.596478347701847, -5.704461102543949 ], [ 106.59647751548485, -5.704462434703514 ], [ 106.596474494893499, -5.704466964561016 ], [ 106.596473853396276, -5.704468172069852 ], [ 106.596472402213067, -5.704471491843578 ], [ 106.596469695612583, -5.704476020829756 ], [ 106.596469362174531, -5.70447635668624 ], [ 106.596464856357272, -5.704479263880361 ], [ 106.596462352245339, -5.704480562682856 ], [ 106.596460349954725, -5.704481959459804 ], [ 106.596457456870652, -5.704485097742801 ], [ 106.596455851370209, -5.704487481924316 ], [ 106.596454456449251, -5.704489627544302 ], [ 106.596451506439124, -5.704494157205908 ], [ 106.596451356378395, -5.704494303479513 ], [ 106.596446852639659, -5.704497962323421 ], [ 106.59644572619537, -5.704498694721285 ], [ 106.596442345902844, -5.704500537127928 ], [ 106.596437837790091, -5.704502614435372 ], [ 106.596436777440303, -5.704503241029062 ], [ 106.59643333472269, -5.704506516089801 ], [ 106.596432209734999, -5.704507775179633 ], [ 106.596428834244904, -5.704511354131111 ], [ 106.596427633189322, -5.704512309354719 ], [ 106.596424328556125, -5.704514307967838 ], [ 106.596421009584759, -5.704516849210213 ], [ 106.596419823752186, -5.704517581772841 ], [ 106.596415319244144, -5.704520962590973 ], [ 106.596414818884028, -5.704521387864389 ], [ 106.596410816596531, -5.704525016145027 ], [ 106.596410022535139, -5.704525922649334 ], [ 106.596406315277477, -5.704529550119497 ], [ 106.596405486288432, -5.704530456712503 ], [ 106.596402012716865, -5.704534987826846 ], [ 106.596401818126466, -5.704535591241721 ], [ 106.596400897538928, -5.704539512396892 ], [ 106.596401839800507, -5.704543428382851 ], [ 106.596402092241064, -5.704544030557263 ], [ 106.596406364533635, -5.70454736066347 ], [ 106.59640749625153, -5.704548537037187 ], [ 106.596408508245474, -5.704553055704523 ], [ 106.596407482348326, -5.704557580026829 ], [ 106.59640639920903, -5.704559898911438 ], [ 106.596404399165934, -5.704562110057925 ], [ 106.596401894674941, -5.704563270445843 ], [ 106.596397380546975, -5.704563172950407 ], [ 106.596392863967949, -5.704562189166749 ], [ 106.596392626263253, -5.704562142726566 ], [ 106.596388347567526, -5.704561269961515 ], [ 106.596383832979768, -5.704561006209701 ], [ 106.596379317920665, -5.704560572020698 ], [ 106.596374804837936, -5.704560852481137 ], [ 106.59637308899292, -5.704562196940027 ], [ 106.596370303274554, -5.704565298305225 ], [ 106.596368714098517, -5.70456673055533 ], [ 106.596365799651537, -5.70456899940084 ], [ 106.596361290227236, -5.704570602782216 ], [ 106.596359285941077, -5.704571278192623 ], [ 106.596356780488719, -5.704572092555048 ], [ 106.596352274348931, -5.704574883639869 ], [ 106.596351148475534, -5.704575822248358 ], [ 106.596348990874432, -5.704580349710974 ], [ 106.596348608818829, -5.704584872246764 ], [ 106.59634779645603, -5.704587888834006 ], [ 106.596347123555759, -5.704589397843766 ], [ 106.596344077552516, -5.704593927771547 ], [ 106.596343301387918, -5.704594683506937 ], [ 106.596338790064635, -5.704595600316813 ], [ 106.596334273579473, -5.704594650586112 ], [ 106.596329763333415, -5.70459595693387 ], [ 106.596327022789652, -5.704598496570919 ], [ 106.596325260391964, -5.704599904680377 ], [ 106.596321343946741, -5.704603033804222 ], [ 106.59632075636334, -5.704603459319619 ], [ 106.596316248009586, -5.704605449981684 ], [ 106.596311737773078, -5.704606759844896 ], [ 106.596309805541622, -5.704607587296453 ], [ 106.596307229449039, -5.704608761277848 ], [ 106.596303086015908, -5.704612127417292 ], [ 106.596302725764048, -5.704612440248965 ], [ 106.596299443535472, -5.704616659000043 ], [ 106.596298227258629, -5.704617992225193 ], [ 106.596295049860217, -5.704621192667165 ], [ 106.596293725310019, -5.704622299143472 ], [ 106.596289736804167, -5.704625728885315 ], [ 106.596289222552926, -5.704626313727112 ], [ 106.596286260925396, -5.704630260005756 ], [ 106.596284730559319, -5.704634220533326 ], [ 106.596284450002386, -5.704634786506378 ], [ 106.596280230814244, -5.704639319689297 ], [ 106.596280230801369, -5.704639319698024 ], [ 106.596275723095545, -5.704641544832914 ], [ 106.596271213311326, -5.704643018408927 ], [ 106.596268825980914, -5.704643872810363 ], [ 106.596266704157358, -5.70464471990122 ], [ 106.596262556861262, -5.70464841168118 ], [ 106.596262202010351, -5.704648955238058 ], [ 106.596259666752459, -5.704652941176213 ], [ 106.596257711703402, -5.704657468076731 ], [ 106.596257711692175, -5.704657468092916 ], [ 106.59625320433463, -5.70465981927209 ], [ 106.596248694529308, -5.704661285300396 ], [ 106.596246960454437, -5.704662019384007 ], [ 106.596244185663153, -5.704663090958355 ], [ 106.596241332795444, -5.70466655647484 ], [ 106.596239780709226, -5.704671082257255 ], [ 106.596239695039685, -5.70467149354534 ], [ 106.596238250330174, -5.704675607979441 ], [ 106.596235201958876, -5.70467900754845 ], [ 106.596230687687353, -5.704678858590396 ], [ 106.596227840419317, -5.704680158339388 ], [ 106.596226179296906, -5.704680836357792 ], [ 106.596222578881395, -5.70468469441426 ], [ 106.596221679318901, -5.704685856266435 ], [ 106.596219988603252, -5.704689223077297 ], [ 106.596219072189143, -5.704693747095948 ], [ 106.596217253534689, -5.704698273618 ], [ 106.596217199992822, -5.704698344416204 ], [ 106.59621269674426, -5.704702181686386 ], [ 106.596211297630603, -5.704702811619461 ], [ 106.596208189196858, -5.704704464415177 ], [ 106.596203681193515, -5.704706582272024 ], [ 106.5962021787266, -5.704707358397048 ], [ 106.596199173991224, -5.70470898983055 ], [ 106.596194668198777, -5.704711900711899 ], [ 106.596194668180758, -5.704711900727546 ], [ 106.596190166263028, -5.704716219365747 ], [ 106.596189819633466, -5.704716435640778 ], [ 106.596185659556383, -5.704718806216767 ], [ 106.596181151751722, -5.704720981166723 ], [ 106.596181151710724, -5.704720981182432 ], [ 106.596176641126775, -5.704722165913444 ], [ 106.596172129830421, -5.704723093030122 ], [ 106.596167621811148, -5.70472520525151 ], [ 106.596167121190518, -5.704725541571763 ], [ 106.596163117247059, -5.704728566998361 ], [ 106.596161480027135, -5.704730078699618 ], [ 106.596158614590735, -5.704732618682757 ], [ 106.596156551259725, -5.704734613850853 ], [ 106.596154113654407, -5.704737292394547 ], [ 106.596152887723477, -5.704739145491612 ], [ 106.596150491094946, -5.704743673617254 ], [ 106.596149621197185, -5.704745032477969 ], [ 106.596146303973484, -5.704748206710716 ], [ 106.596145118140001, -5.704748939273002 ], [ 106.596141572274675, -5.704752741315118 ], [ 106.596140617374516, -5.704753674852198 ], [ 106.59613779303767, -5.704757273276859 ], [ 106.596136118741668, -5.704759181699271 ], [ 106.596131611863484, -5.704761706749918 ], [ 106.596131160763065, -5.704761813154441 ], [ 106.596127100624827, -5.704762654896407 ], [ 106.596122590088854, -5.704763857167219 ], [ 106.596118550122696, -5.704766369619054 ], [ 106.596118084250932, -5.7047667584639 ], [ 106.596114656580298, -5.704770901897859 ], [ 106.596113585328879, -5.7047721608383 ], [ 106.596109402955236, -5.704775437950202 ], [ 106.596109081532731, -5.704775800568362 ], [ 106.596105632433165, -5.704779969887661 ], [ 106.596106284396271, -5.704784489554941 ], [ 106.596105893878601, -5.704789012114585 ], [ 106.596104606714505, -5.704789919981049 ], [ 106.596100096118207, -5.704791100544069 ], [ 106.596095584896744, -5.704792055034228 ], [ 106.596091074744564, -5.704793396228378 ], [ 106.596090554415156, -5.704793576149922 ], [ 106.59608656546196, -5.704795051919699 ], [ 106.596082053743586, -5.704795826729752 ], [ 106.596077542447574, -5.704796754291976 ], [ 106.596075084170067, -5.704798140547764 ], [ 106.59607303779373, -5.70480008399909 ], [ 106.596071164176948, -5.704802672899808 ], [ 106.596070048222657, -5.704807197472189 ], [ 106.596069163744559, -5.704811721402354 ], [ 106.596068559241729, -5.704812853444715 ], [ 106.596065299984502, -5.704816253598379 ], [ 106.596064056833242, -5.704816995247281 ], [ 106.596059548216928, -5.704818892012182 ], [ 106.596055039141319, -5.704820622679483 ], [ 106.596054748420528, -5.704820804349258 ], [ 106.596050533368341, -5.704823547771089 ], [ 106.596048156022775, -5.704825344115621 ], [ 106.596046029213639, -5.704827058131032 ], [ 106.596041521695341, -5.704829352056391 ], [ 106.596040394705071, -5.704829887124996 ], [ 106.596037015590696, -5.704832157250737 ], [ 106.596034120098224, -5.704834426009574 ], [ 106.596032512326161, -5.704835989606091 ], [ 106.596029753979579, -5.704838959599218 ], [ 106.596028011529995, -5.704840714683696 ], [ 106.596024290379972, -5.704843496233685 ], [ 106.596023506794623, -5.704844015146743 ], [ 106.596019001675856, -5.704847176971911 ], [ 106.596017630270978, -5.704848036187689 ], [ 106.596014495620565, -5.704850000116124 ], [ 106.596009988910964, -5.704852578863993 ], [ 106.59600998888952, -5.704852578881435 ], [ 106.596005487581891, -5.704857112828663 ], [ 106.596005487564597, -5.704857112848368 ], [ 106.596001920141418, -5.704861644202381 ], [ 106.596000989124605, -5.704862690209346 ], [ 106.595998343552822, -5.704866175601468 ], [ 106.595996490949858, -5.704868363528572 ], [ 106.59599311205146, -5.704870711591851 ], [ 106.59599198706205, -5.704871970681276 ], [ 106.595990270215353, -5.704875240952465 ], [ 106.595990654443412, -5.704879761362873 ], [ 106.595990215562807, -5.704884284056869 ], [ 106.595988631871478, -5.704888809926964 ], [ 106.595987524953202, -5.704890687757988 ], [ 106.595983017168464, -5.70489288560335 ], [ 106.595978502533356, -5.704892605929596 ], [ 106.595973988516718, -5.704892549938736 ], [ 106.59597128248484, -5.704893379536316 ], [ 106.595969478391325, -5.704893901280546 ], [ 106.595964967974695, -5.704895147305026 ], [ 106.595960456716483, -5.704896088966142 ], [ 106.595955947056396, -5.704897608626638 ], [ 106.595955383743956, -5.704897945120706 ], [ 106.595951440886793, -5.704900390704335 ], [ 106.595948738360335, -5.704902485033376 ], [ 106.595946936676015, -5.704903881252727 ], [ 106.595942882894903, -5.704907022754549 ], [ 106.595942432429609, -5.70490735893554 ], [ 106.595937927757987, -5.704910682848507 ], [ 106.595936801716306, -5.704911561101873 ], [ 106.595933424684517, -5.704914584788324 ], [ 106.59593158228499, -5.704916097058451 ], [ 106.595928923577773, -5.704919198070241 ], [ 106.595927993623604, -5.704920628490835 ], [ 106.595927762508026, -5.704925150608526 ], [ 106.595927364333278, -5.704929673189683 ], [ 106.59592495274083, -5.704934201356581 ], [ 106.59592445265595, -5.704934728498659 ], [ 106.595919947625802, -5.704937922851406 ], [ 106.595916824915889, -5.70493874538173 ], [ 106.595915437298515, -5.704939201378979 ], [ 106.595910927524287, -5.704940679949821 ], [ 106.595906420463194, -5.704943139806117 ], [ 106.595906155369036, -5.704943296458121 ], [ 106.595901915400702, -5.704946322538463 ], [ 106.595899913427417, -5.70494783525123 ], [ 106.595897411692988, -5.704949995283492 ], [ 106.595894497539547, -5.70495237175265 ], [ 106.595892908361179, -5.704953804002052 ], [ 106.59588924942274, -5.704956907788612 ], [ 106.595888405060592, -5.704957624043622 ], [ 106.595883901788213, -5.70496144410063 ], [ 106.595883901760075, -5.704961444127304 ], [ 106.595880426305868, -5.704965975218909 ], [ 106.595879404339826, -5.704967391022219 ], [ 106.595877503238512, -5.704970504804677 ], [ 106.595874908482145, -5.7049739031051 ], [ 106.595874133358151, -5.704975035629986 ], [ 106.595873291447532, -5.704979559442231 ], [ 106.595872817877279, -5.704984082232634 ], [ 106.595870434389724, -5.70498828735229 ], [ 106.595870153162537, -5.704988611101684 ], [ 106.595865933552318, -5.704992998427069 ], [ 106.595865804986261, -5.704993144640965 ], [ 106.595861431614836, -5.704997311647059 ], [ 106.595861085413418, -5.704997679210548 ], [ 106.595856925322437, -5.705000049781843 ], [ 106.595854363088776, -5.705002219336084 ], [ 106.5958524237234, -5.705004485463582 ], [ 106.595850745709754, -5.705006750847954 ], [ 106.595849772322552, -5.705011275024963 ], [ 106.595849069604611, -5.705015798451093 ], [ 106.595847944656555, -5.705017070757786 ], [ 106.595843434819642, -5.705018526968897 ], [ 106.59583891953946, -5.705018014422032 ], [ 106.595834402340913, -5.705016808028147 ], [ 106.595831213434749, -5.705015847986746 ], [ 106.595829883116082, -5.705014868745866 ], [ 106.595828273749873, -5.705015856141811 ], [ 106.595825375045933, -5.705016964004049 ], [ 106.595821968637978, -5.705020395109693 ], [ 106.595820873234459, -5.705021322996434 ], [ 106.595816369362609, -5.705024932119464 ], [ 106.595816369349748, -5.705024932131088 ], [ 106.595811867541059, -5.70502929217797 ], [ 106.595811700839491, -5.7050294665472 ], [ 106.595808914293414, -5.705033995754125 ], [ 106.595808590218567, -5.705038518129902 ], [ 106.59580928750384, -5.705043037672317 ], [ 106.595807978681776, -5.705047562779888 ], [ 106.595807405946275, -5.705048197372705 ], [ 106.595802897604656, -5.70505019457319 ], [ 106.595798380705503, -5.705049096564544 ], [ 106.59579445146602, -5.705047600305674 ], [ 106.595793860834718, -5.705046923728013 ], [ 106.595789345904649, -5.705046537922897 ], [ 106.595784834508649, -5.705047430393807 ], [ 106.595783330442558, -5.705047631156214 ], [ 106.595780322004643, -5.705047922100002 ], [ 106.595775965505524, -5.705052173063804 ], [ 106.595775820262674, -5.705052306454317 ], [ 106.595772199313203, -5.705056704988246 ], [ 106.595771320892268, -5.705057548628622 ], [ 106.595766813828916, -5.705060008274616 ], [ 106.595764355154941, -5.705061248225127 ], [ 106.595762306698745, -5.705062443774136 ], [ 106.595758238899592, -5.705065786668683 ], [ 106.595757803152011, -5.7050661754298 ], [ 106.59575569702244, -5.705068054458354 ], [ 106.595755551605635, -5.705068123368449 ] ] ] } },
{ "type": "Feature", "properties": { "fid": 6.0, "ID": 5, "ELEV": -20.0 }, "geometry": { "type": "MultiLineString", "coordinates": [ ] } },
{ "type": "Feature", "properties": { "fid": 7.0, "ID": 6, "ELEV": -20.0 }, "geometry": { "type": "MultiLineString", "coordinates": [ [ [ 106.596909493511461, -5.704192208075193 ], [ 106.596908681812266, -5.704193881293194 ], [ 106.596908119202809, -5.704194472626988 ], [ 106.596906431224141, -5.704196172851619 ], [ 106.59690361789059, -5.704199006595366 ], [ 106.596901929911894, -5.704200706819992 ], [ 106.596899282532064, -5.704203540103109 ], [ 106.596897429381329, -5.704205523385074 ], [ 106.596894897386392, -5.704208073749024 ], [ 106.596892928068939, -5.704210057353415 ], [ 106.596890396073974, -5.704212607717356 ], [ 106.596888426434575, -5.70421447495894 ], [ 106.596884961638025, -5.704217144275632 ], [ 106.596883921848132, -5.704217825395765 ], [ 106.596879414281844, -5.704220098629045 ], [ 106.596876259011268, -5.704221689904979 ], [ 106.596874907046669, -5.70422249158263 ], [ 106.596870400583782, -5.704225163739747 ], [ 106.59686814667316, -5.704226233895849 ], [ 106.596865893042036, -5.704227445892807 ], [ 106.596861388434945, -5.704230774128276 ], [ 106.596861388394004, -5.704230774166069 ], [ 106.596857234303044, -5.70423530713285 ], [ 106.596856888043121, -5.704235655904747 ], [ 106.596853514236543, -5.704239838932647 ], [ 106.596852389616458, -5.704241233297443 ], [ 106.596850141390192, -5.704244369768714 ], [ 106.596847892495376, -5.704247282690445 ], [ 106.596846709124264, -5.704248900769698 ], [ 106.596843392357712, -5.704252241597915 ], [ 106.596841514902536, -5.704253436661025 ], [ 106.596838885808268, -5.704254882607376 ], [ 106.596834376165219, -5.704256405260897 ], [ 106.596830368241385, -5.704257989073392 ], [ 106.596829867353435, -5.704258228440745 ], [ 106.596825359823143, -5.70426051490996 ], [ 106.596821754342713, -5.704262534455928 ], [ 106.596820853124825, -5.704263102155062 ], [ 106.596816349414112, -5.704266769492625 ], [ 106.596816027823394, -5.704267071824503 ], [ 106.596811848966624, -5.704271604897539 ], [ 106.596811848934493, -5.704271604938727 ], [ 106.596808551321544, -5.70427613552478 ], [ 106.59680735216881, -5.704277783054134 ], [ 106.596805253681879, -5.704280666152001 ], [ 106.596802855402913, -5.704283961132221 ], [ 106.596802012452386, -5.70428519662265 ], [ 106.596798658429194, -5.704289727406351 ], [ 106.596798358542415, -5.704290105034229 ], [ 106.596794823446771, -5.70429425952493 ], [ 106.596793859313053, -5.7042953925875 ], [ 106.596790743760678, -5.704298792322664 ], [ 106.596789358207559, -5.704300001910125 ], [ 106.596785548002529, -5.70430332821799 ], [ 106.596784855225991, -5.704303933019381 ], [ 106.596780351462613, -5.70430758151655 ], [ 106.596779976086594, -5.704307865157295 ], [ 106.596775847595012, -5.704311192348509 ], [ 106.596774045367383, -5.704312403092405 ], [ 106.596771341523365, -5.704314006396448 ], [ 106.596766833587921, -5.704316146657741 ], [ 106.596764901300332, -5.70431694994588 ], [ 106.596762325100769, -5.704318087478085 ], [ 106.596757817324573, -5.704320285339714 ], [ 106.596756179241794, -5.704321495628002 ], [ 106.596753313092066, -5.704323764352424 ], [ 106.596751344555273, -5.704326030521026 ], [ 106.596748814904061, -5.704329428629962 ], [ 106.596748021456207, -5.704330561218774 ], [ 106.596745113290723, -5.704335090764912 ], [ 106.596744320127101, -5.704336326117131 ], [ 106.596742072340319, -5.704339620679577 ], [ 106.596739823739128, -5.704342641212918 ], [ 106.596738699439271, -5.704344151515532 ], [ 106.596735325631215, -5.704348334543141 ], [ 106.596735004168679, -5.704348683246181 ], [ 106.596730821804456, -5.704351960371442 ], [ 106.596728568412928, -5.7043532225827 ], [ 106.596726314299474, -5.704354256434161 ], [ 106.596721805248379, -5.704355993548557 ], [ 106.596717296370983, -5.704357775341618 ], [ 106.596717296320904, -5.704357775364362 ], [ 106.5967127890504, -5.704360156244586 ], [ 106.596709322850742, -5.704362318945834 ], [ 106.596708283268782, -5.704363075426158 ], [ 106.596704061989769, -5.704366855021433 ], [ 106.596703780702967, -5.704367157241422 ], [ 106.59669984279509, -5.704371388206035 ], [ 106.596699280827863, -5.704372211866289 ], [ 106.596696901386991, -5.704375917844344 ], [ 106.596694789769955, -5.704380445179709 ], [ 106.596694789745001, -5.704380445224987 ], [ 106.596692426553133, -5.704384973213346 ], [ 106.596690298661784, -5.704388678493267 ], [ 106.596689699077487, -5.704389502257919 ], [ 106.596685799652434, -5.704394034555026 ], [ 106.596685799620275, -5.704394034585266 ], [ 106.59668129517803, -5.704397438149109 ], [ 106.596679292119077, -5.70439857409044 ], [ 106.596676788161048, -5.704399910864393 ], [ 106.596672630389307, -5.704403114053751 ], [ 106.596672284000903, -5.704403416454411 ], [ 106.596670116588896, -5.704407642505281 ], [ 106.596667787368759, -5.704409643731971 ], [ 106.596663896067412, -5.70441218124405 ], [ 106.596663281672505, -5.704412594001851 ], [ 106.596658776395728, -5.704415695952074 ], [ 106.596657725996451, -5.704416719842766 ], [ 106.59665629725049, -5.704421245282948 ], [ 106.596655795017057, -5.704425768151798 ], [ 106.596654403225003, -5.704430293489426 ], [ 106.596654303273056, -5.704430422954641 ], [ 106.596649801004105, -5.704434612423671 ], [ 106.596648798506806, -5.704434830519101 ], [ 106.59664528952834, -5.704435473261216 ], [ 106.59664077482789, -5.704435168245699 ], [ 106.596636260868863, -5.704435131289446 ], [ 106.596631749760959, -5.704436125140353 ], [ 106.596627239013671, -5.704437249384325 ], [ 106.59662272992189, -5.704438972184952 ], [ 106.596621828390838, -5.704439426843048 ], [ 106.596618222908376, -5.704441446388241 ], [ 106.596614757700337, -5.704443967940898 ], [ 106.596613719160246, -5.704445101209823 ], [ 106.596610603605981, -5.704448500944517 ], [ 106.596609218290297, -5.704449796656688 ], [ 106.596605755067145, -5.70445303587535 ], [ 106.596604715745414, -5.704453886556482 ], [ 106.596601058445714, -5.704457570384561 ], [ 106.596600214763654, -5.704458541626677 ], [ 106.596597466131811, -5.704462101829084 ], [ 106.596596368116195, -5.704466626351429 ], [ 106.596596165674015, -5.704471148388379 ], [ 106.59659574831872, -5.704475671021758 ], [ 106.596598947038245, -5.70448018361978 ], [ 106.596599677149499, -5.70448470306869 ], [ 106.596599332371596, -5.704489225500648 ], [ 106.596598298268461, -5.704493749845631 ], [ 106.596595808093824, -5.704497295300516 ], [ 106.596594974917593, -5.70449828054377 ], [ 106.596591304044196, -5.704500841307787 ], [ 106.596586924641784, -5.704502824360085 ], [ 106.596586795843919, -5.704502886656988 ], [ 106.596582289017661, -5.704505428799252 ], [ 106.596579256204805, -5.704507367116648 ], [ 106.596577783658987, -5.70450850157203 ], [ 106.596575235202991, -5.704511899750847 ], [ 106.596573290299801, -5.704515912825721 ], [ 106.596573040956642, -5.704516427315458 ], [ 106.596568790413741, -5.70452096058666 ], [ 106.596568790403495, -5.704520960594101 ], [ 106.596564278344104, -5.704521610755352 ], [ 106.59655976445579, -5.704521599665085 ], [ 106.596555249123981, -5.70452106667477 ], [ 106.596555098470859, -5.704520998584069 ], [ 106.596550732321816, -5.704520002061709 ], [ 106.59654621196627, -5.704517652687731 ], [ 106.596543461245176, -5.704516509403802 ], [ 106.596541693787728, -5.704516090420134 ], [ 106.596538570026084, -5.704516522977555 ], [ 106.59653718447187, -5.704517732564696 ], [ 106.596534435184353, -5.704521055927494 ], [ 106.596532684968537, -5.704522922559526 ], [ 106.596529871171725, -5.704525590068419 ], [ 106.596528182669886, -5.70452710189665 ], [ 106.596524805652862, -5.704530125601059 ], [ 106.596523680126097, -5.704531192624921 ], [ 106.596520022227693, -5.704534660350839 ], [ 106.596519178366734, -5.704535566999194 ], [ 106.596516179139442, -5.704539192491073 ], [ 106.596514679549671, -5.7045410052312 ], [ 106.596513948424899, -5.704543720156813 ], [ 106.59651176556747, -5.704548247689748 ], [ 106.596510191570403, -5.704550362075712 ], [ 106.596509051871578, -5.704552776695806 ], [ 106.596505695719216, -5.704556872732908 ], [ 106.596504944627284, -5.704557309569078 ], [ 106.596501189110271, -5.704559493775241 ], [ 106.596496675811551, -5.704559696016812 ], [ 106.596492166868998, -5.704561473323722 ], [ 106.596491382930623, -5.704561868679114 ], [ 106.596487661557816, -5.704564563642241 ], [ 106.596483152333462, -5.704566239088113 ], [ 106.59648280559216, -5.704566413957067 ], [ 106.596478647327586, -5.704569439829331 ], [ 106.596476568197772, -5.70457095274149 ], [ 106.59647414282135, -5.704572821247031 ], [ 106.596470926035067, -5.704575489874085 ], [ 106.596469639479864, -5.704576623826641 ], [ 106.596465482257145, -5.704580026456128 ], [ 106.596465135816416, -5.704580310016459 ], [ 106.596460632152869, -5.704583996192783 ], [ 106.596459939271412, -5.704584563313444 ], [ 106.596456127983686, -5.704587499565311 ], [ 106.596454439726656, -5.704589100050181 ], [ 106.596451625929134, -5.704591767558877 ], [ 106.596449772453752, -5.704593634477332 ], [ 106.596447124610108, -5.704596301525495 ], [ 106.596445374393795, -5.704598168157396 ], [ 106.596442624026579, -5.70460110146516 ], [ 106.596441035340561, -5.704602701673704 ], [ 106.596438122257879, -5.704605472892022 ], [ 106.596436020673451, -5.704607237064818 ], [ 106.596433618854476, -5.704609253269156 ], [ 106.596430153644533, -5.704611774821195 ], [ 106.596429114061706, -5.704612531301235 ], [ 106.596424609341895, -5.70461583572764 ], [ 106.596423916213539, -5.704616313605395 ], [ 106.5964201049254, -5.704619249857126 ], [ 106.596418303820599, -5.704620850655092 ], [ 106.596415602134726, -5.704623251877481 ], [ 106.596413028682377, -5.704625386768894 ], [ 106.596411099196885, -5.704627200701842 ], [ 106.596408204937958, -5.704629921630076 ], [ 106.596406597341328, -5.704631540886164 ], [ 106.596403480445147, -5.704634456215818 ], [ 106.596402094890351, -5.704635665802786 ], [ 106.596398284680703, -5.70463899210929 ], [ 106.596397591903312, -5.704639596910434 ], [ 106.596393088082522, -5.704643226565685 ], [ 106.59639271275816, -5.70464352904655 ], [ 106.596388583688679, -5.704646649039074 ], [ 106.596386851525239, -5.704648066786595 ], [ 106.596384080440913, -5.704650485933598 ], [ 106.596381829396307, -5.704652602198162 ], [ 106.596379579184998, -5.704655043088109 ], [ 106.596377501657727, -5.704657135682836 ], [ 106.596375077384025, -5.704659403180055 ], [ 106.596372450559855, -5.704661671174748 ], [ 106.596370574620906, -5.704663415394055 ], [ 106.596366570038043, -5.704666208968203 ], [ 106.596366070992218, -5.704667114648119 ], [ 106.596365077902263, -5.704670734584328 ], [ 106.596365964530733, -5.704675253599629 ], [ 106.596365688063145, -5.704679775842401 ], [ 106.596364222710491, -5.704684301384213 ], [ 106.596361612238567, -5.704687040353232 ], [ 106.596358186671722, -5.704688839609204 ], [ 106.59635710514975, -5.704689488529532 ], [ 106.5963525973538, -5.704691681036702 ], [ 106.596348086998148, -5.704692947982479 ], [ 106.59634447715824, -5.704693399127105 ], [ 106.596343575087971, -5.704693652828648 ], [ 106.596339067301471, -5.70469584878458 ], [ 106.596336816197777, -5.704697941860888 ], [ 106.596334566068165, -5.704700414371263 ], [ 106.596332835680613, -5.704702474381921 ], [ 106.59633006793014, -5.704706099225315 ], [ 106.59632916764879, -5.704707006035841 ], [ 106.596325564300884, -5.70470979849647 ], [ 106.596322748009825, -5.704711545325032 ], [ 106.596321058170687, -5.70471259344685 ], [ 106.596316554009235, -5.70471608398807 ], [ 106.596316553964172, -5.704716084022979 ], [ 106.596312050856696, -5.704719972025354 ], [ 106.596311407802062, -5.704720619743626 ], [ 106.596307550359995, -5.704724804112141 ], [ 106.596307250392513, -5.704725152755422 ], [ 106.596303397223039, -5.704729684922994 ], [ 106.596303051137369, -5.704730096933687 ], [ 106.596300407304312, -5.704734214695199 ], [ 106.596298554149769, -5.704736197976253 ], [ 106.596295852876594, -5.704738748808614 ], [ 106.596294051306543, -5.704740181639687 ], [ 106.596289543404069, -5.704742335883166 ], [ 106.596287539849413, -5.704743293351366 ], [ 106.596285037894702, -5.7047453555029 ], [ 106.596282035529967, -5.704747830100473 ], [ 106.596280535057645, -5.704749341454503 ], [ 106.596277835132597, -5.704752363231453 ], [ 106.596276034569613, -5.704754176852424 ], [ 106.596273579978032, -5.704756896514357 ], [ 106.596271533456161, -5.704758786129274 ], [ 106.596268030018123, -5.704761433390036 ], [ 106.596267028848217, -5.704762131789912 ], [ 106.596262523816435, -5.704765324210347 ], [ 106.596261622820364, -5.704765972644316 ], [ 106.596258020112828, -5.70476899693421 ], [ 106.596256218716093, -5.704770509115216 ], [ 106.596253517275358, -5.70477298287772 ], [ 106.596251471226992, -5.704775043764147 ], [ 106.596249015953319, -5.704777516843589 ], [ 106.596246764769049, -5.704779578299209 ], [ 106.596244512620075, -5.704781323562194 ], [ 106.596240006545301, -5.704784118527353 ], [ 106.596240006488969, -5.704784118559799 ], [ 106.596235501832325, -5.704787446760354 ], [ 106.596233863746988, -5.704788657047814 ], [ 106.596230997175795, -5.704790775019993 ], [ 106.596227994651031, -5.704793194808787 ], [ 106.596226493352788, -5.704794404716688 ], [ 106.596222364854214, -5.704797731905741 ], [ 106.596221989589182, -5.704798055918364 ], [ 106.596217486480441, -5.704801943946318 ], [ 106.596217111215438, -5.704802267958938 ], [ 106.596212985009032, -5.704806424088179 ], [ 106.596212638828518, -5.704806801844374 ], [ 106.596208831950861, -5.704811333883213 ], [ 106.596208485865063, -5.704811745893879 ], [ 106.596205273087833, -5.704815865233877 ], [ 106.596203988407112, -5.704817677423327 ], [ 106.596201912609743, -5.70482039603408 ], [ 106.596199490835147, -5.704823567761017 ], [ 106.59619836611175, -5.704824927350424 ], [ 106.596194990989986, -5.704828636090452 ], [ 106.596194240947028, -5.704829460272371 ], [ 106.596190490803735, -5.704833581103355 ], [ 106.596190040549175, -5.704833993403053 ], [ 106.596185989367044, -5.704838073963471 ], [ 106.596185426375655, -5.70483852768181 ], [ 106.596181486515761, -5.704842055295822 ], [ 106.59618036081082, -5.704843063213007 ], [ 106.596176983803332, -5.704846086868411 ], [ 106.59617548333047, -5.704847598222311 ], [ 106.596172482480128, -5.704850620833997 ], [ 106.596171132474169, -5.7048521317704 ], [ 106.596167982546106, -5.704855657192584 ], [ 106.596167233008273, -5.704856664066027 ], [ 106.596163482864597, -5.704860784896937 ], [ 106.596163073646295, -5.704861197082763 ], [ 106.596158980593941, -5.704864976324181 ], [ 106.596158079895304, -5.704865732414605 ], [ 106.596154477944339, -5.704869030733498 ], [ 106.596153352879739, -5.704870267006335 ], [ 106.596149978780417, -5.704874345687987 ], [ 106.596149478483824, -5.704874799232352 ], [ 106.596145476206445, -5.704878427500727 ], [ 106.596144475613244, -5.70487933458944 ], [ 106.596140974604879, -5.704882860985675 ], [ 106.596139848899782, -5.70488386890282 ], [ 106.596136469808215, -5.704886139054171 ], [ 106.596133767797951, -5.704888407251522 ], [ 106.596131966400506, -5.704889919432329 ], [ 106.596128363691477, -5.704892943721805 ], [ 106.596127463182185, -5.704893768321167 ], [ 106.596122959635053, -5.704897480191919 ], [ 106.596122959585003, -5.704897480229738 ], [ 106.596118454413769, -5.704900622924286 ], [ 106.596116452073019, -5.704902019723764 ], [ 106.596113949643382, -5.704903910603346 ], [ 106.596111084529838, -5.704906556092506 ], [ 106.596109447277399, -5.704908067817841 ], [ 106.596105443332476, -5.704911093220491 ], [ 106.596104942827424, -5.70491147140484 ], [ 106.596100437335465, -5.704914498199039 ], [ 106.59609893582028, -5.704915632752077 ], [ 106.596095932885561, -5.704917901859619 ], [ 106.596092929950601, -5.704920170891792 ], [ 106.5960914284354, -5.704921305444818 ], [ 106.596086924035333, -5.704924709031594 ], [ 106.596086923985283, -5.704924709069413 ], [ 106.596082419534909, -5.704928112618626 ], [ 106.596081068486612, -5.704929246754164 ], [ 106.596077916126589, -5.704931893040206 ], [ 106.596075664467477, -5.704933783223922 ], [ 106.596073413760124, -5.704936050251855 ], [ 106.596071163142753, -5.704938317189114 ], [ 106.596068911866908, -5.704940378644631 ], [ 106.59606590950014, -5.704942853241603 ], [ 106.596064407744365, -5.704943900841136 ], [ 106.596059903579373, -5.704947391381259 ], [ 106.596059903534325, -5.704947391413675 ], [ 106.596055399324044, -5.704950881921614 ], [ 106.596054171144075, -5.704951928762096 ], [ 106.596050896075653, -5.704954720310963 ], [ 106.596048849151572, -5.704956465004135 ], [ 106.596046392827049, -5.704958558649244 ], [ 106.596043766481102, -5.704961000582152 ], [ 106.596041890940867, -5.704962889722262 ], [ 106.59603902582667, -5.704965535211235 ], [ 106.596037388573876, -5.70496704693646 ], [ 106.596034387714198, -5.704970069555797 ], [ 106.596032886928, -5.704971464963559 ], [ 106.596029202465871, -5.704974605418347 ], [ 106.596028383679169, -5.704975303311971 ], [ 106.596023879468547, -5.704978793852082 ], [ 106.596023378883231, -5.704979143051898 ], [ 106.596019374296247, -5.704981936624681 ], [ 106.596016871465167, -5.704983682582677 ], [ 106.596014869123849, -5.704985079381946 ], [ 106.596010364001486, -5.704988222113535 ], [ 106.59601036395145, -5.704988222154773 ], [ 106.596005861375417, -5.704992303925817 ], [ 106.596005361078596, -5.704992757470116 ], [ 106.59600135789016, -5.704996056901701 ], [ 106.595999856658693, -5.704997294218034 ], [ 106.595996853723108, -5.704999563325281 ], [ 106.595993474629964, -5.70500183340077 ], [ 106.595992348069487, -5.705002532148256 ], [ 106.595987841934985, -5.705005327071571 ], [ 106.595986152094241, -5.705006375192803 ], [ 106.595983336674777, -5.705008438213295 ], [ 106.595980334307256, -5.705010912810017 ], [ 106.595978832791545, -5.705012047362874 ], [ 106.595974328390014, -5.705015450949142 ], [ 106.595974328339963, -5.705015450986959 ], [ 106.59596982360398, -5.705018751772221 ], [ 106.59596813428773, -5.705019989610324 ], [ 106.595965320999056, -5.705022823297766 ], [ 106.595963068848491, -5.705024525140145 ], [ 106.595960816547475, -5.705026226982933 ], [ 106.595956310623023, -5.705029065366335 ], [ 106.595956310532884, -5.705029065416829 ], [ 106.595951800871816, -5.705030585068736 ], [ 106.595947292599703, -5.705032607068087 ], [ 106.595945489846599, -5.705033616863384 ], [ 106.595942785300181, -5.705034980835523 ], [ 106.595938279086411, -5.705037747294478 ], [ 106.595937715980952, -5.705038159907154 ], [ 106.595933773687236, -5.705040808384279 ], [ 106.595930957793826, -5.705042700133037 ], [ 106.595929268193274, -5.70504383520762 ], [ 106.595924762779319, -5.70504689098547 ], [ 106.595924118890778, -5.7050472405828 ], [ 106.595920255682444, -5.705049338130726 ], [ 106.595915746799577, -5.705051139352009 ], [ 106.595914243976026, -5.705051789455308 ], [ 106.595911238090764, -5.705053003536909 ], [ 106.595906727960525, -5.705054353644189 ], [ 106.595902219665774, -5.705056344290707 ], [ 106.595902219601385, -5.705056344321036 ], [ 106.595897712916397, -5.705058940503353 ], [ 106.595894709086906, -5.70506088660364 ], [ 106.595893207570867, -5.705062021156358 ], [ 106.595888703168342, -5.705065424742197 ], [ 106.59588870311832, -5.705065424792581 ], [ 106.595884200540681, -5.705069506553924 ], [ 106.595883750399352, -5.705069959959017 ], [ 106.59587969921327, -5.705074040518315 ], [ 106.595879399533857, -5.70507449350599 ], [ 106.595875521561084, -5.705079025741028 ], [ 106.595875200097609, -5.705079374443839 ], [ 106.595871600585667, -5.705083558095358 ], [ 106.595870700487282, -5.705084529493487 ], [ 106.595866196521811, -5.705088094564104 ], [ 106.595866196480856, -5.705088094594367 ], [ 106.595861690986027, -5.705091121400383 ], [ 106.595859643419729, -5.705092634220504 ], [ 106.595857187093856, -5.705094727865149 ], [ 106.595854560746403, -5.705097169797582 ], [ 106.595852685678608, -5.705099230208944 ], [ 106.59584968330995, -5.705101704805266 ], [ 106.595848182077845, -5.705102942121366 ], [ 106.595843677396843, -5.705106242943544 ], [ 106.59584367734054, -5.705106242988911 ], [ 106.595839173928837, -5.70511002332229 ], [ 106.595838273229333, -5.70511077941243 ], [ 106.595834673295258, -5.705114808479066 ], [ 106.595834264329071, -5.705115312010562 ], [ 106.595830549514559, -5.705119843792834 ], [ 106.595830174492619, -5.705120255883671 ], [ 106.595826424344736, -5.705124376713496 ], [ 106.595825674111438, -5.705125132386208 ], [ 106.595824085155485, -5.705126643941171 ], [ 106.595823422256672, -5.705126968737516 ] ] ] } },
{ "type": "Feature", "properties": { "fid": 8.0, "ID": 7, "ELEV": -25.0 }, "geometry": { "type": "MultiLineString", "coordinates": [ [ [ 106.596694572978052, -5.705180746834182 ], [ 106.596692492457521, -5.705181757377741 ], [ 106.596687980540594, -5.705182460690417 ], [ 106.596683465524436, -5.705182043672614 ], [ 106.596678950047405, -5.705181460061072 ], [ 106.596676942006098, -5.705180795772429 ], [ 106.596674431961105, -5.705179933232763 ], [ 106.596669913468943, -5.705178259676548 ], [ 106.596666898793018, -5.705176302174234 ], [ 106.596666026536425, -5.705171783120443 ], [ 106.596669891573114, -5.705170344552264 ], [ 106.596674404028306, -5.705169835833118 ], [ 106.59667891742501, -5.705169667465295 ], [ 106.596683432917303, -5.705170256632178 ], [ 106.596687948824027, -5.705170995603705 ], [ 106.596692464101949, -5.705171507279458 ], [ 106.596693177386001, -5.705171707758303 ], [ 106.596696986828491, -5.705174711500943 ], [ 106.596699398376487, -5.705176211965434 ], [ 106.596696997668772, -5.705178630086183 ], [ 106.596694572978052, -5.705180746834182 ] ] ] } },
{ "type": "Feature", "properties": { "fid": 9.0, "ID": 8, "ELEV": -25.0 }, "geometry": { "type": "MultiLineString", "coordinates": [ [ [ 106.596762047870328, -5.705212209861967 ], [ 106.596760287373854, -5.705213197678429 ], [ 106.596755773261194, -5.705213107299625 ], [ 106.596752795797883, -5.705212235544217 ], [ 106.596751254890492, -5.705211477776626 ], [ 106.59674673576275, -5.705209574598346 ], [ 106.596742217951075, -5.705208147136045 ], [ 106.596740604750636, -5.705207747909641 ], [ 106.59673769969524, -5.705206559111055 ], [ 106.59673317975421, -5.70520436193198 ], [ 106.596731614189764, -5.705203251390892 ], [ 106.596728870525538, -5.705198737531975 ], [ 106.596728649016995, -5.705198262192573 ], [ 106.59672685328924, -5.705194221656635 ], [ 106.596724118916001, -5.705192392394149 ], [ 106.596720382675727, -5.705189718142811 ], [ 106.596719595159726, -5.705188816033819 ], [ 106.59671557287237, -5.705185210018891 ], [ 106.59671506576602, -5.705183201839552 ], [ 106.596712801858118, -5.705180696235755 ], [ 106.596715055690154, -5.705179559621775 ], [ 106.596719564171707, -5.705177614538819 ], [ 106.596723321647957, -5.705176145560653 ], [ 106.596724073157546, -5.705175851761211 ], [ 106.596728580843248, -5.705173619026623 ], [ 106.596732186328992, -5.705171599479615 ], [ 106.596733088435627, -5.705171352566488 ], [ 106.596737600769643, -5.705170800112152 ], [ 106.596742115135612, -5.705170982163137 ], [ 106.596744451507632, -5.705171565434121 ], [ 106.596746632498252, -5.705172247427569 ], [ 106.596751151128032, -5.705173970719732 ], [ 106.596755670622628, -5.705176006619148 ], [ 106.596755761037215, -5.705176055515754 ], [ 106.596760191882893, -5.705178680741707 ], [ 106.596762968747882, -5.705180556983091 ], [ 106.596764715222292, -5.705182106388716 ], [ 106.59676783130989, -5.705185064960075 ], [ 106.596769243682104, -5.705187382879146 ], [ 106.596770603917136, -5.705189578738397 ], [ 106.596771626654146, -5.70519409737408 ], [ 106.596769270138537, -5.705196945988718 ], [ 106.596767807798614, -5.705198629449306 ], [ 106.596764769400068, -5.705201689886917 ], [ 106.596763884383563, -5.705203161814763 ], [ 106.596763406751734, -5.705207684615258 ], [ 106.596762047870328, -5.705212209861967 ] ] ] } },
{ "type": "Feature", "properties": { "fid": 10.0, "ID": 9, "ELEV": -25.0 }, "geometry": { "type": "MultiLineString", "coordinates": [ [ [ 106.597041269824004, -5.704313922103514 ], [ 106.597041175761504, -5.704316183101717 ], [ 106.597037677598806, -5.704320714286455 ], [ 106.597037677542701, -5.704320714399633 ], [ 106.59703511072523, -5.704325242886028 ], [ 106.597033188795947, -5.704329769695301 ], [ 106.597033188739829, -5.70432976980848 ], [ 106.597030944394476, -5.704334297399726 ], [ 106.597028699992975, -5.70433882510415 ], [ 106.597028699936814, -5.70433882519474 ], [ 106.59702495095209, -5.704343356985284 ], [ 106.597024201126487, -5.704344263361555 ], [ 106.597019697425679, -5.70434789304268 ], [ 106.597019697313058, -5.704347893118352 ], [ 106.597015193499161, -5.704351522724412 ], [ 106.597012939316215, -5.704352433276576 ], [ 106.597010685307367, -5.704353569901969 ], [ 106.597009553725044, -5.704352442674525 ], [ 106.597009165064691, -5.70434792227914 ], [ 106.597009754398826, -5.704343399168978 ], [ 106.597009140047462, -5.704338879400073 ], [ 106.597006124579764, -5.704336627146461 ], [ 106.59700312162002, -5.704338896106329 ], [ 106.597001619514856, -5.70433980457079 ], [ 106.596998018465186, -5.704343431746156 ], [ 106.596997118828185, -5.704344564611973 ], [ 106.596994871374463, -5.704347961956249 ], [ 106.596992621893989, -5.704350681085012 ], [ 106.59699112229049, -5.704352493837369 ], [ 106.596988121415649, -5.704355516483489 ], [ 106.596986620978214, -5.704357027806537 ], [ 106.596983621771116, -5.704360653311255 ], [ 106.596983060031761, -5.704361559165402 ], [ 106.596980412658652, -5.704366087988344 ], [ 106.596979127129885, -5.704367598714839 ], [ 106.596974621760793, -5.704370625537126 ], [ 106.596974621648116, -5.704370625602036 ], [ 106.596970114974667, -5.704373221746713 ], [ 106.596966734969683, -5.704375168903657 ], [ 106.596965608078037, -5.70437573722945 ], [ 106.596961100511066, -5.704378010424804 ], [ 106.596959170707066, -5.704379711374844 ], [ 106.596957506670506, -5.704384237468217 ], [ 106.596956612227928, -5.704387254267245 ], [ 106.596956240239635, -5.704388762457922 ], [ 106.596954748158822, -5.704393288073986 ], [ 106.596952537947317, -5.704397815683429 ], [ 106.596952130094479, -5.70439872111041 ], [ 106.59695013391584, -5.704402343830874 ], [ 106.596947636703391, -5.704406118633949 ], [ 106.596946886460714, -5.70440687431948 ], [ 106.596943133901277, -5.704410114325118 ], [ 106.596940880677352, -5.704411412464578 ], [ 106.596938627823263, -5.70441292587611 ], [ 106.596934118171333, -5.70441444555199 ], [ 106.596931113126487, -5.704415961051404 ], [ 106.596929610604136, -5.704416718825065 ], [ 106.596925104704511, -5.704419594908838 ], [ 106.59692397875078, -5.704420502329084 ], [ 106.596920602765792, -5.704423902805781 ], [ 106.596919853565325, -5.704425035253976 ], [ 106.596917394277853, -5.704429563554762 ], [ 106.596916109582651, -5.704431375710509 ], [ 106.596914182592556, -5.704434093944004 ], [ 106.596911613272411, -5.70443771825532 ], [ 106.59691097092481, -5.704438624333192 ], [ 106.596908619067676, -5.704443152335773 ], [ 106.596907119463694, -5.704444965088048 ], [ 106.596904418675521, -5.704447685469386 ], [ 106.596902615926467, -5.704448695266723 ], [ 106.596898106829869, -5.704450415839505 ], [ 106.596893596760623, -5.704451784826365 ], [ 106.596892695247092, -5.704452239484786 ], [ 106.596889089748899, -5.704454259079402 ], [ 106.596885872574362, -5.704456779896996 ], [ 106.596884587045153, -5.7044582906234 ], [ 106.596882016056995, -5.704461312076026 ], [ 106.596880089066644, -5.704464030309474 ], [ 106.596878288541049, -5.704465843896977 ], [ 106.596875586502051, -5.704468112209613 ], [ 106.596872207389339, -5.704470382250866 ], [ 106.59687108049738, -5.704470950576551 ], [ 106.596866572259231, -5.7044729815919 ], [ 106.59686464312459, -5.704474924721352 ], [ 106.596863079398318, -5.704479450536291 ], [ 106.596862084644016, -5.704482467613774 ], [ 106.596861587266872, -5.704483976152508 ], [ 106.596858151740179, -5.704488507162945 ], [ 106.596857590000525, -5.704489413017055 ], [ 106.596855343152086, -5.704493036433207 ], [ 106.596853096190785, -5.704496659849669 ], [ 106.59685219592788, -5.704497566643402 ], [ 106.59684859320862, -5.704500590959706 ], [ 106.596846791848961, -5.704502103117844 ], [ 106.596844091060234, -5.704504823499047 ], [ 106.596842290534411, -5.704506637086501 ], [ 106.596839588495087, -5.70450890539906 ], [ 106.596836886455321, -5.704511173560893 ], [ 106.596835085095606, -5.704512685719012 ], [ 106.596832084219116, -5.704515708364762 ], [ 106.59683059218375, -5.704520233980721 ], [ 106.596830604677024, -5.704524755420661 ], [ 106.596830604627186, -5.704524755533821 ], [ 106.59682610342486, -5.7045292893891 ], [ 106.596826103312154, -5.704529289439657 ], [ 106.596821590879301, -5.704529804310954 ], [ 106.596817079836228, -5.704530821593372 ], [ 106.596813477116555, -5.704533845909561 ], [ 106.596812580606411, -5.704536109361293 ], [ 106.596811942010163, -5.70453837164507 ], [ 106.596809590151977, -5.704542899647563 ], [ 106.596808089713591, -5.704544410970404 ], [ 106.59680448699379, -5.704547435286572 ], [ 106.59680358601608, -5.704548083729875 ], [ 106.596799082989236, -5.704551971760583 ], [ 106.596799082914217, -5.704551971836151 ], [ 106.596794581673919, -5.704556505729075 ], [ 106.596794581598928, -5.704556505819718 ], [ 106.596790078496468, -5.704560393760164 ], [ 106.596789327955577, -5.704561041785905 ], [ 106.596785579043072, -5.704565573666009 ], [ 106.596785578968039, -5.704565573741577 ], [ 106.596781075567677, -5.70456935403737 ], [ 106.596780174887726, -5.704570110140346 ], [ 106.596776570083208, -5.704572380939593 ], [ 106.596772965278348, -5.704574651625802 ], [ 106.596772064300552, -5.704575300069077 ], [ 106.596767561273268, -5.704579188099655 ], [ 106.596767561198291, -5.704579188190296 ], [ 106.596764349581107, -5.704583718488612 ], [ 106.596763064885138, -5.704585530644241 ], [ 106.596761137893864, -5.704588248877553 ], [ 106.596758568572156, -5.704591873188628 ], [ 106.596757926224143, -5.704592779266441 ], [ 106.596754714607087, -5.704597309655178 ], [ 106.596754071842227, -5.70459806504228 ], [ 106.596749568531877, -5.704601845413062 ], [ 106.596749568441822, -5.70460184548867 ], [ 106.596745067200743, -5.704606379381416 ], [ 106.596745067125724, -5.704606379456984 ], [ 106.59674121065882, -5.704610911560131 ], [ 106.596740568936113, -5.704612043709944 ], [ 106.596738643820728, -5.704615440159239 ], [ 106.596736074498779, -5.704619064470284 ], [ 106.596735324672366, -5.704619970846396 ], [ 106.59673157575908, -5.704624502726365 ], [ 106.596731575684103, -5.704624502817008 ], [ 106.596728364066436, -5.704629033115267 ], [ 106.596727079370268, -5.704630845270872 ], [ 106.596724830037957, -5.704633564398807 ], [ 106.596722579304696, -5.704635831458495 ], [ 106.596719200190321, -5.70463810149928 ], [ 106.596718073521188, -5.704638750568919 ], [ 106.596713565057698, -5.704640700839451 ], [ 106.596709054509645, -5.704641897530241 ], [ 106.596706799908048, -5.704642657390941 ], [ 106.596704546939534, -5.704644170802281 ], [ 106.596702749748005, -5.704647190106924 ], [ 106.596700054050942, -5.704651719063627 ], [ 106.596700053960973, -5.704651719176899 ], [ 106.596695549517079, -5.704655122671971 ], [ 106.596693295957579, -5.704656259295359 ], [ 106.596691042988965, -5.704657772706672 ], [ 106.596688794527779, -5.704660793263781 ], [ 106.596686543756746, -5.704663060361164 ], [ 106.596684293210743, -5.704665327231874 ], [ 106.596682040354906, -5.704666840642853 ], [ 106.596679469364801, -5.704669862095108 ], [ 106.596677541122432, -5.70467212825965 ], [ 106.596675290538855, -5.704674395168112 ], [ 106.596673039805211, -5.704676662227704 ], [ 106.596670789221605, -5.704678929136156 ], [ 106.596668537594397, -5.704680873160365 ], [ 106.596664031029874, -5.704683469367962 ], [ 106.596664030917239, -5.704683469443636 ], [ 106.596659524239641, -5.704686065576166 ], [ 106.596656144231559, -5.704688012732069 ], [ 106.596655017562242, -5.704688661801629 ], [ 106.596650510884601, -5.70469125795668 ], [ 106.596648257658771, -5.704692556095472 ], [ 106.596646004802707, -5.704694069506366 ], [ 106.596641499429055, -5.704697096327211 ], [ 106.596641499316419, -5.704697096402886 ], [ 106.596636995914025, -5.704700876698084 ], [ 106.596636245670553, -5.704701632383422 ], [ 106.596632494596236, -5.704705410665966 ], [ 106.596631744352749, -5.704706166351301 ], [ 106.596627991789504, -5.70470940635589 ], [ 106.596626705663624, -5.704710701810568 ], [ 106.596623491960472, -5.704714478601681 ], [ 106.596622849195313, -5.704715233988718 ], [ 106.596619637576566, -5.704719764377172 ], [ 106.596618995228212, -5.704720670454925 ], [ 106.596615394173753, -5.704724297629186 ], [ 106.596614493910138, -5.704725204422745 ], [ 106.596611494698891, -5.704728829926668 ], [ 106.59660999509326, -5.704730642678617 ], [ 106.596606617228659, -5.704733364938415 ], [ 106.596605491273777, -5.704734272358338 ], [ 106.596601890219162, -5.704737899532561 ], [ 106.59660098995549, -5.70473880632611 ], [ 106.596597388900818, -5.704742433500318 ], [ 106.596596489262453, -5.704743566365888 ], [ 106.596594241805036, -5.704746963709648 ], [ 106.596591992321208, -5.704749682837773 ], [ 106.59658974052418, -5.704751497677279 ], [ 106.596587488501456, -5.704753312517406 ], [ 106.596584110636599, -5.704756034777136 ], [ 106.596582984681646, -5.704756942197036 ], [ 106.596579383626732, -5.704760569371194 ], [ 106.596578483988324, -5.704761702236753 ], [ 106.596575107999286, -5.704765102712511 ], [ 106.596573982669597, -5.704766236204428 ], [ 106.59657060668053, -5.704769636680174 ], [ 106.596569481350812, -5.704770770172088 ], [ 106.596566782435431, -5.704774168768743 ], [ 106.596564985242836, -5.704777188073257 ], [ 106.596564237083456, -5.704778697308 ], [ 106.596561992700941, -5.704783225011977 ], [ 106.596560496429973, -5.704786243481344 ], [ 106.596559748270565, -5.704787752716087 ], [ 106.596557288979085, -5.704792281016499 ], [ 106.59655600428205, -5.704794093171966 ], [ 106.59655330349058, -5.704796813552543 ], [ 106.596551502129188, -5.704798325710216 ], [ 106.596548501249742, -5.704801348355288 ], [ 106.596547000810006, -5.704802859677815 ], [ 106.59654339808715, -5.704805883993154 ], [ 106.596542497406489, -5.704806640095943 ], [ 106.596538746330907, -5.704810418378226 ], [ 106.596537996087164, -5.704811174063508 ], [ 106.596534245011512, -5.704814952345775 ], [ 106.596533494469995, -5.704815600371351 ], [ 106.596528991439143, -5.704819488401002 ], [ 106.596528991364067, -5.704819488457721 ], [ 106.596524485354578, -5.704822326788102 ], [ 106.596522555547764, -5.704824027737426 ], [ 106.596519982472017, -5.704826295672464 ], [ 106.596517409395929, -5.704828563494474 ], [ 106.596515480258915, -5.704830506623393 ], [ 106.596512478188089, -5.704833098654981 ], [ 106.596510977152747, -5.704834394705967 ], [ 106.596506472350057, -5.704837636797802 ], [ 106.596506472259946, -5.704837636862648 ], [ 106.59650196781341, -5.704841040378383 ], [ 106.596500466331378, -5.704842174941088 ], [ 106.596497464260395, -5.704844766972633 ], [ 106.596495212782372, -5.70484671099608 ], [ 106.59649296204735, -5.704848978055338 ], [ 106.596490711462351, -5.704851244963459 ], [ 106.596488460727286, -5.70485351202271 ], [ 106.596486532483155, -5.704855778036263 ], [ 106.596483960300219, -5.704858368874748 ], [ 106.596482031162992, -5.704860312003613 ], [ 106.596479458980014, -5.704862902842089 ], [ 106.596477529842758, -5.704864845970946 ], [ 106.596474956766627, -5.70486711390588 ], [ 106.596472706162729, -5.704869380832867 ], [ 106.596470456339389, -5.704871970776719 ], [ 106.596468527202077, -5.704873913905562 ], [ 106.596465956209983, -5.704876935357412 ], [ 106.596464455769834, -5.704878446679835 ], [ 106.596461454889493, -5.704881469324691 ], [ 106.596459653527575, -5.704882981482212 ], [ 106.596456951484896, -5.704885249793858 ], [ 106.596452444061782, -5.704887522964984 ], [ 106.596452443911545, -5.70488752304076 ], [ 106.596447937231176, -5.704890119172326 ], [ 106.596445234294961, -5.704892064448531 ], [ 106.596443432932972, -5.704893576606024 ], [ 106.596440432052432, -5.70489659925082 ], [ 106.596438931612155, -5.704898110573208 ], [ 106.596435328888077, -5.704901134888186 ], [ 106.596434428207132, -5.704901890990885 ], [ 106.596430677130186, -5.70490566927282 ], [ 106.596429926886174, -5.704906424958034 ], [ 106.596426175809185, -5.704910203239955 ], [ 106.596425425565158, -5.704910958925168 ], [ 106.596420922250076, -5.704914739294619 ], [ 106.596420922160007, -5.704914739370229 ], [ 106.59641706568857, -5.704919271472442 ], [ 106.596416422401845, -5.704919838455536 ], [ 106.596412922611236, -5.704923804445367 ], [ 106.596411923685835, -5.704925314375967 ], [ 106.596410126457613, -5.704928333680437 ], [ 106.596408183017715, -5.704932860549143 ], [ 106.59640743427434, -5.704934154512307 ], [ 106.596405186338373, -5.704937390340688 ], [ 106.596402935632653, -5.704939657369553 ], [ 106.596400434246164, -5.704941925003654 ], [ 106.596398432605881, -5.704943574759799 ], [ 106.596395280910784, -5.704946460780086 ], [ 106.596393929863282, -5.704947594916197 ], [ 106.596389425465503, -5.704950998504897 ], [ 106.596389425415467, -5.704950998546135 ], [ 106.596384920245896, -5.704954141239056 ], [ 106.596382917905927, -5.704955538039332 ], [ 106.596380415076482, -5.704957283998572 ], [ 106.596375909001523, -5.704960078964981 ], [ 106.596375908945234, -5.704960079010346 ], [ 106.596371403454853, -5.704963105761163 ], [ 106.596368828293606, -5.704964620089831 ], [ 106.596366897547924, -5.704965981916272 ], [ 106.596362392538865, -5.704969159424857 ], [ 106.596362392474518, -5.704969159475281 ], [ 106.596357887741846, -5.7049724602503 ], [ 106.596356198426861, -5.704973698089275 ], [ 106.596353384272376, -5.704976217786903 ], [ 106.596350380612193, -5.704978235709421 ], [ 106.596348879129465, -5.704979370271907 ], [ 106.596344371902049, -5.704981769065613 ], [ 106.596342117880255, -5.704982780114194 ], [ 106.596339864426767, -5.704984078252904 ], [ 106.59633535962179, -5.704987320343982 ], [ 106.596335359531736, -5.70498732041959 ], [ 106.596330858284318, -5.704991854310787 ], [ 106.596330858209413, -5.704991854424017 ], [ 106.596327861495695, -5.704996384102477 ], [ 106.596326361888501, -5.704998196854115 ], [ 106.596323661094956, -5.705000917234165 ], [ 106.596321860565936, -5.70500273082085 ], [ 106.596318482698251, -5.705005453079755 ], [ 106.596317356742347, -5.705006360499382 ], [ 106.596312853031549, -5.70500999017758 ], [ 106.59631285291897, -5.705009990268327 ], [ 106.596308349095025, -5.705013619856386 ], [ 106.596306846986806, -5.705014528319809 ], [ 106.596303844021136, -5.705016797503774 ], [ 106.596300841054799, -5.705019066461687 ], [ 106.596299339571772, -5.705020200997149 ], [ 106.596294835273142, -5.70502360460311 ], [ 106.596294835123004, -5.705023604716549 ], [ 106.596291838408845, -5.705028134394943 ], [ 106.596290338801467, -5.705029947146539 ], [ 106.596288653578455, -5.705032664708361 ], [ 106.596286409222927, -5.705037192412025 ], [ 106.596285847481923, -5.705038098265959 ], [ 106.596283851297358, -5.705041720985823 ], [ 106.596281356212444, -5.705046249385242 ], [ 106.596281356162507, -5.705046249460739 ], [ 106.596277499689108, -5.705050781562551 ], [ 106.59627685692314, -5.705051536949426 ], [ 106.59627310584419, -5.705055315230872 ], [ 106.596272355078725, -5.705055882512132 ], [ 106.596267850629118, -5.705059286091466 ], [ 106.59626720734208, -5.705059853074477 ], [ 106.596263350933185, -5.705064385251427 ], [ 106.596263350868881, -5.705064385316201 ], [ 106.596258847758747, -5.705068273280371 ], [ 106.596257946779531, -5.705068921723206 ], [ 106.596254344053378, -5.705071946037598 ], [ 106.59625254269028, -5.70507345819478 ], [ 106.59624983975246, -5.70507540347048 ], [ 106.596246235835338, -5.705077997171397 ], [ 106.596245335153839, -5.70507875327394 ], [ 106.59624083183617, -5.705082533642657 ], [ 106.596240831746101, -5.705082533718266 ], [ 106.596236975272163, -5.705087065819957 ], [ 106.596236332922828, -5.705087971897556 ], [ 106.596233763595819, -5.70509159620777 ], [ 106.596231836600523, -5.705094314440433 ], [ 106.596230036070921, -5.705096128026987 ], [ 106.596227335276467, -5.705098848406831 ], [ 106.59622433105929, -5.705100665333441 ], [ 106.596222828950687, -5.705101573796743 ], [ 106.596218322624864, -5.705104299186647 ], [ 106.596216820516233, -5.705105207649938 ], [ 106.596213816298985, -5.705107024576511 ], [ 106.596209310123498, -5.70510974996595 ], [ 106.596209309973375, -5.70510975007939 ], [ 106.596204808761527, -5.705114283932359 ], [ 106.596204808648935, -5.705114284023105 ], [ 106.596200304198248, -5.705117687538659 ], [ 106.596199178867124, -5.705118821030229 ], [ 106.596195800998146, -5.705121543288755 ], [ 106.596194301390227, -5.705123356040246 ], [ 106.596191302174361, -5.705126981543246 ], [ 106.596190659824913, -5.705127887620825 ], [ 106.59618736759252, -5.705132418232065 ], [ 106.59618680513681, -5.705133065735499 ], [ 106.596182302100999, -5.705136953763741 ], [ 106.596182302025952, -5.705136953828545 ], [ 106.596177795342172, -5.705139549969618 ], [ 106.596174415329443, -5.70514149712386 ], [ 106.596173288435281, -5.705142065448723 ], [ 106.59616877929561, -5.705143773557133 ], [ 106.596164271831441, -5.705146046745815 ], [ 106.596164271718763, -5.705146046802639 ], [ 106.596159761462431, -5.705147351146525 ], [ 106.596155252992176, -5.705149301361498 ], [ 106.596152999763206, -5.705150599499142 ], [ 106.596150746308524, -5.705151897637407 ], [ 106.596146241501032, -5.705155139727646 ], [ 106.596146241410963, -5.705155139803254 ], [ 106.596141738299224, -5.70515902775615 ], [ 106.596140987756769, -5.705159675781453 ], [ 106.596137235187626, -5.705162915784387 ], [ 106.596135734150522, -5.705164211834854 ], [ 106.5961327320761, -5.705166803865392 ], [ 106.596130480595505, -5.705168747888085 ], [ 106.596128228964417, -5.705170691911192 ], [ 106.596125226889939, -5.70517328394171 ], [ 106.596123725852777, -5.705174579992159 ], [ 106.59611922104493, -5.705177822082278 ], [ 106.596119220954876, -5.705177822157887 ], [ 106.596114717545021, -5.705181602450941 ], [ 106.596113816863166, -5.705182358553371 ], [ 106.596110214135464, -5.705185382867256 ], [ 106.596108412771585, -5.705186895024187 ], [ 106.596105710725979, -5.705189163334941 ], [ 106.596103008679918, -5.705191431494974 ], [ 106.596101207316025, -5.705192943651891 ], [ 106.596096701935139, -5.705195970470307 ], [ 106.596096701822518, -5.70519597054598 ], [ 106.596092193351566, -5.705197920755652 ], [ 106.596087684880743, -5.705199871023055 ], [ 106.5960867839011, -5.70520051946573 ], [ 106.596083181173114, -5.705203543779516 ], [ 106.596080928538996, -5.705205057188516 ], [ 106.596078675679209, -5.705206570598136 ], [ 106.596075072951137, -5.705209594911894 ], [ 106.596074172685903, -5.705210501705041 ], [ 106.5960711734688, -5.705214127207741 ], [ 106.596069673026676, -5.70521563852965 ], [ 106.596066070298519, -5.70521866284338 ], [ 106.596065169616523, -5.705219418945765 ], [ 106.596060666296452, -5.70522319931369 ], [ 106.596060666206384, -5.705223199389299 ], [ 106.596056162795747, -5.705226979682096 ], [ 106.596055262113751, -5.705227735784473 ], [ 106.596051661052485, -5.705231362957019 ], [ 106.596050760787165, -5.705232269750149 ], [ 106.596047159725842, -5.705235896922683 ], [ 106.596046033769028, -5.705236804342015 ], [ 106.596042654648443, -5.705239074531224 ], [ 106.59603995260187, -5.705241342691092 ], [ 106.596038151237636, -5.705242854847898 ], [ 106.596035580241633, -5.705245876298878 ], [ 106.59603365110155, -5.705247819426997 ], [ 106.596030649026204, -5.705250411457246 ], [ 106.596029147542041, -5.705251546019261 ], [ 106.59602464152637, -5.705254384403825 ], [ 106.59602374032329, -5.705254952102297 ], [ 106.5960201348163, -5.705256971693664 ], [ 106.596015628022542, -5.705259496086761 ], [ 106.596015627932402, -5.705259496137255 ], [ 106.59601112035385, -5.70526176938824 ], [ 106.596006612887919, -5.705264042576108 ], [ 106.596006612775284, -5.70526404265178 ], [ 106.596002107280214, -5.705267069394695 ], [ 106.595999852326372, -5.705267784893406 ] ] ] } },
{ "type": "Feature", "properties": { "fid": 11.0, "ID": 10, "ELEV": -30.0 }, "geometry": { "type": "MultiLineString", "coordinates": [ [ [ 106.597332144621845, -5.704566317108919 ], [ 106.597332150877676, -5.704568577828311 ], [ 106.597331768662229, -5.704570274482538 ], [ 106.597330448908124, -5.704573104027397 ], [ 106.597329908246437, -5.704577627002085 ], [ 106.597329795319666, -5.704582148789154 ], [ 106.597329234690122, -5.704586671819282 ], [ 106.597327307702045, -5.704589390053747 ], [ 106.597326491997578, -5.70459120090798 ], [ 106.597324616959654, -5.704595727587607 ], [ 106.597324465326352, -5.704600249482154 ], [ 106.597325996069273, -5.704604766705529 ], [ 106.597327359625453, -5.70460815402471 ], [ 106.597327926994581, -5.704609282817769 ], [ 106.597327375415531, -5.704613805822776 ], [ 106.597327375265706, -5.704613806049235 ], [ 106.597322871452377, -5.704617435507028 ], [ 106.597321369347355, -5.704618343972378 ], [ 106.597318364303192, -5.704619859473818 ], [ 106.597316115789653, -5.704622880032578 ], [ 106.597313871398271, -5.704627407737739 ], [ 106.597313871334194, -5.704627407888617 ], [ 106.597312191121731, -5.704631933876621 ], [ 106.597311075258517, -5.704636458448398 ], [ 106.59731014737406, -5.704640982498248 ], [ 106.597309397548756, -5.704641888874865 ], [ 106.597305796500208, -5.704645516052107 ], [ 106.597304895821068, -5.704646272155744 ], [ 106.59730114475262, -5.704650050441331 ], [ 106.597300395552878, -5.704651182889888 ], [ 106.597297696643096, -5.704654581488626 ], [ 106.597295899455162, -5.704657600794262 ], [ 106.59729477517007, -5.704659111073705 ], [ 106.597292154642432, -5.704663639823207 ], [ 106.597291408571152, -5.704665902857517 ], [ 106.597290286370665, -5.704668166484064 ], [ 106.597287816279774, -5.704672694815876 ], [ 106.597286916643142, -5.704673827682118 ], [ 106.597282409076286, -5.704676100934165 ], [ 106.597280155518519, -5.704677237559554 ], [ 106.597277902552023, -5.704678750972757 ], [ 106.597274901677878, -5.704681773620393 ], [ 106.597273403326668, -5.704684038743398 ], [ 106.597271904974193, -5.704686303414317 ], [ 106.59727003672613, -5.704690830075105 ], [ 106.597268914526779, -5.704693094153731 ], [ 106.597267416174276, -5.704695358824649 ], [ 106.597264415299989, -5.704698381472269 ], [ 106.597262914862853, -5.70469989279607 ], [ 106.597259913988523, -5.704702915443677 ], [ 106.597258413551359, -5.704704426767472 ], [ 106.59725541696028, -5.704708956561061 ], [ 106.597255416847858, -5.704708956712076 ], [ 106.597250915686274, -5.704713490532336 ], [ 106.597250915536236, -5.704713490683454 ], [ 106.597246414374581, -5.7047180245037 ], [ 106.597246414224557, -5.704718024654817 ], [ 106.597241913062831, -5.704722558475046 ], [ 106.597241912912992, -5.704722558701507 ], [ 106.597239668624937, -5.704727086180299 ], [ 106.597237419941379, -5.704730106739445 ], [ 106.597235919504072, -5.704731618063215 ], [ 106.597232915293134, -5.704733434993695 ], [ 106.597228406474429, -5.704735256101615 ], [ 106.597223895604756, -5.704736172920446 ], [ 106.597223895153874, -5.704736173072396 ], [ 106.597219389671011, -5.704739199746625 ], [ 106.597217889233619, -5.704740711070368 ], [ 106.597216397136989, -5.704745236686788 ], [ 106.597217914255893, -5.704749753948383 ], [ 106.597219431373588, -5.704754270757915 ], [ 106.597219431600507, -5.704754271209338 ], [ 106.597219444036455, -5.70475879264855 ], [ 106.597219443887255, -5.704758793101018 ], [ 106.597214943025023, -5.704763326618992 ], [ 106.597214942574155, -5.704763326770946 ], [ 106.597210432920676, -5.704764846298822 ], [ 106.59720592766358, -5.704767873123097 ], [ 106.597205927438551, -5.704767873349766 ], [ 106.597202930733332, -5.704772402917552 ], [ 106.597201438749394, -5.704776928533672 ], [ 106.597202203475476, -5.704781447884257 ], [ 106.597202753357763, -5.704785967831333 ], [ 106.597203410665685, -5.704790487480145 ], [ 106.597202993288832, -5.704795010112724 ], [ 106.597202629647981, -5.704799532596109 ], [ 106.597201507448233, -5.704801796674728 ], [ 106.597196993624138, -5.704801809093929 ], [ 106.597192478548934, -5.704801369369179 ], [ 106.597187963891074, -5.704801080472057 ], [ 106.597184963015877, -5.704804103119522 ], [ 106.597183462578258, -5.704805614443244 ], [ 106.597178957320722, -5.704808641267435 ], [ 106.597178957095679, -5.704808641494101 ], [ 106.597175960390089, -5.704813171061859 ], [ 106.597174468443512, -5.704817696677886 ], [ 106.597174468294313, -5.704817697130355 ], [ 106.597172224117685, -5.7048222243828 ], [ 106.597169973236106, -5.704824491595042 ], [ 106.597165466118184, -5.704826764619323 ], [ 106.597165465667544, -5.70482676484662 ], [ 106.597160964579388, -5.704831298591063 ], [ 106.597160964354146, -5.704831298742391 ], [ 106.597156463190913, -5.704835832562368 ], [ 106.597156463040889, -5.704835832713487 ], [ 106.597153090183198, -5.704840363400882 ], [ 106.597151974313206, -5.704844887972797 ], [ 106.597151974239239, -5.704844888425056 ], [ 106.597151083983974, -5.704849411918532 ], [ 106.597149742460374, -5.704853937116944 ], [ 106.597147498171879, -5.704858464821744 ], [ 106.597147497947461, -5.704858465274421 ], [ 106.597142992462395, -5.704861491647067 ], [ 106.59713848325957, -5.704863011324089 ], [ 106.597138482808703, -5.704863011476041 ], [ 106.597133977324376, -5.704866038149991 ], [ 106.597131724808065, -5.70486755156167 ], [ 106.597129480293731, -5.70487207926708 ], [ 106.597129480181522, -5.704872079493437 ], [ 106.597126483475279, -5.704876609061126 ], [ 106.597124991528247, -5.70488113467717 ], [ 106.597124991378422, -5.704881134903631 ], [ 106.597120477554483, -5.704881147661433 ], [ 106.597120477101953, -5.704881147210636 ], [ 106.597115959558437, -5.704879652594743 ], [ 106.597111450355342, -5.704881172271612 ], [ 106.597111449904688, -5.704881172498905 ], [ 106.59710845319826, -5.704885702066554 ], [ 106.59710696132629, -5.704890227682387 ], [ 106.597109230749226, -5.704894742855763 ], [ 106.5971099953383, -5.704899262206991 ], [ 106.597109255770462, -5.704903785734211 ], [ 106.597107004888358, -5.704906052946357 ], [ 106.597102497769498, -5.704908325970387 ], [ 106.59710249731863, -5.704908326122341 ], [ 106.597097987663574, -5.704909845649727 ], [ 106.59709348240473, -5.70491287247359 ], [ 106.597093482179687, -5.704912872700258 ], [ 106.597090485472989, -5.704917402267895 ], [ 106.597088987120557, -5.704919667390772 ], [ 106.597087488766874, -5.704921932061568 ], [ 106.597084492211152, -5.704926461854822 ], [ 106.597084492061327, -5.704926462081279 ], [ 106.597079990971807, -5.704930995825472 ], [ 106.597079990746565, -5.704930995976798 ], [ 106.597075483176624, -5.704933269190315 ], [ 106.597070972478818, -5.704934411968641 ], [ 106.59706871891953, -5.704935548593588 ], [ 106.597066465951428, -5.704937062006387 ], [ 106.59706346507491, -5.70494008465358 ], [ 106.597061966722322, -5.704942349776434 ], [ 106.597057459602951, -5.704944622800237 ], [ 106.597057459152921, -5.704944623253541 ], [ 106.597052945327704, -5.704944635784944 ], [ 106.597051453228318, -5.704949160949364 ], [ 106.597050713660053, -5.704953684476648 ], [ 106.597048459649301, -5.7049548211028 ], [ 106.597043947700527, -5.704955511850052 ], [ 106.597039431998667, -5.704954846165474 ], [ 106.597034927706403, -5.704958249775876 ], [ 106.597034940178972, -5.704962771215358 ], [ 106.597036081032684, -5.704967289522225 ], [ 106.597034965312176, -5.7049718140938 ], [ 106.597034965087147, -5.70497181432047 ], [ 106.59703045126146, -5.704971826776412 ], [ 106.597030450809754, -5.704971826626966 ], [ 106.597025934308022, -5.704970708797114 ], [ 106.597021419440026, -5.704970344541715 ], [ 106.597016910235823, -5.704971864218106 ], [ 106.597016909785182, -5.704971864445402 ], [ 106.597012400129032, -5.704973383896973 ], [ 106.597007890473506, -5.704974903574575 ], [ 106.597005637956372, -5.704976416985968 ], [ 106.597003384987914, -5.704977930398608 ], [ 106.597000384110814, -5.704980953045621 ], [ 106.59699888575787, -5.704983218168407 ], [ 106.596997387403661, -5.704985482839106 ], [ 106.596994390922134, -5.704990012631962 ], [ 106.596994390697105, -5.704990012858631 ], [ 106.596989885210689, -5.704993039456584 ], [ 106.596987632693441, -5.704994552867939 ], [ 106.596985379724856, -5.704996066280541 ], [ 106.596980874464634, -5.704999093103865 ], [ 106.596980874240231, -5.704999093556542 ], [ 106.596976368753033, -5.70500211992842 ], [ 106.596974868314362, -5.705003631251883 ], [ 106.596971871832565, -5.705008161044695 ], [ 106.596971884267148, -5.705012682484416 ], [ 106.596971884117934, -5.705012682936884 ], [ 106.596967378630595, -5.705015709308732 ], [ 106.596962865847104, -5.705016098626206 ], [ 106.596961364365882, -5.705017233163032 ], [ 106.596958363488355, -5.705020255809941 ], [ 106.596956863049584, -5.705021767133383 ], [ 106.596953866454726, -5.705026296926477 ], [ 106.596953866342517, -5.705026297152832 ], [ 106.596951622051378, -5.705030824631419 ], [ 106.596950505991686, -5.70503534920398 ], [ 106.596949390157661, -5.705039873775917 ], [ 106.596949402667335, -5.705044395215472 ], [ 106.596950543520762, -5.705048913522639 ], [ 106.596952436791426, -5.705053429741013 ], [ 106.596951697109631, -5.705057953268721 ], [ 106.596949452706198, -5.705062480973687 ], [ 106.596949452593762, -5.705062481124702 ], [ 106.596946756807242, -5.70506700993205 ], [ 106.596944963876666, -5.705071536383687 ], [ 106.596944963787635, -5.705071536835987 ], [ 106.596943847839498, -5.705076060956204 ], [ 106.596942732005417, -5.705080585528157 ], [ 106.596940481234483, -5.70508285262668 ], [ 106.596935969492563, -5.705083618617716 ], [ 106.596931451496104, -5.70508212400193 ], [ 106.596926933500299, -5.70508062961216 ], [ 106.596922425928511, -5.705082902862642 ], [ 106.596920175495043, -5.705085169621106 ], [ 106.596917922525904, -5.705086683033588 ], [ 106.596913417264602, -5.705089709856671 ], [ 106.596913417039559, -5.705089710083341 ], [ 106.596908915947424, -5.7050942438269 ], [ 106.596908915722068, -5.705094243940549 ], [ 106.596904408150081, -5.705096517190937 ], [ 106.596899900803407, -5.705098790327651 ], [ 106.596899900578052, -5.705098790441298 ], [ 106.596895395090556, -5.705101817151897 ], [ 106.596893894651416, -5.705103328475278 ], [ 106.596890893773136, -5.705106351122049 ], [ 106.596889769486197, -5.705107861401219 ], [ 106.596886396775844, -5.705112392238322 ], [ 106.59688639662582, -5.70511239238944 ], [ 106.596881895458253, -5.705116926208444 ], [ 106.596881895308229, -5.705116926359563 ], [ 106.596877394140591, -5.705121460178548 ], [ 106.596877393990468, -5.705121460291989 ], [ 106.596872889545111, -5.705124863789128 ], [ 106.596870635984573, -5.705126000413611 ], [ 106.596868380930331, -5.705126760276653 ], [ 106.59686387002202, -5.705127827785611 ], [ 106.596859357446078, -5.705128292535236 ], [ 106.596854842367861, -5.705127852846146 ], [ 106.596850327706818, -5.705127563947045 ], [ 106.596845813284148, -5.705127361205765 ], [ 106.59684129945704, -5.705127373735908 ], [ 106.596836787416805, -5.705128032150795 ], [ 106.596832276567994, -5.705129121214158 ], [ 106.596827764825605, -5.705129887293536 ], [ 106.596823247722355, -5.705128715660877 ], [ 106.596818731750915, -5.705127953121368 ], [ 106.59681421388234, -5.705126504849037 ], [ 106.596813310154687, -5.705126159546852 ], [ 106.596809695244019, -5.705124778338087 ], [ 106.596805176665939, -5.705123073590503 ], [ 106.596801411258312, -5.705121671102204 ], [ 106.596800658148055, -5.70512139059384 ], [ 106.596796141423738, -5.705120355905966 ], [ 106.596791626584832, -5.705120002723601 ], [ 106.596787111194132, -5.705119450092127 ], [ 106.59678259423977, -5.705118332247499 ], [ 106.596778077285506, -5.70511721443685 ], [ 106.596778077172573, -5.705117214399485 ], [ 106.596773559288664, -5.705115719758153 ], [ 106.596769040875202, -5.705114074476229 ], [ 106.596764524685298, -5.705113232940745 ], [ 106.596760011031847, -5.705113308270823 ], [ 106.596755501895387, -5.705115016383286 ], [ 106.596750994435013, -5.705117289575861 ], [ 106.596750994322292, -5.705117289621383 ], [ 106.596746482058492, -5.705117867299026 ], [ 106.596741969794806, -5.705118445021844 ], [ 106.596737456414274, -5.705118619039395 ], [ 106.596732944373784, -5.705119277453481 ], [ 106.596728430546477, -5.705119289982721 ], [ 106.596723917612763, -5.705119625528435 ], [ 106.596719404480055, -5.705119889149612 ], [ 106.596714892042542, -5.705120404071626 ], [ 106.596710380994807, -5.705121421386483 ], [ 106.596708125696594, -5.705121930043275 ], [ 106.596705869808062, -5.70512238846107 ], [ 106.596701358899253, -5.705123456016109 ], [ 106.596696846461654, -5.705123970937991 ], [ 106.596692334023771, -5.705124485764001 ], [ 106.59668782158613, -5.705125000685817 ], [ 106.596683309426425, -5.705125616088101 ], [ 106.596680302709728, -5.705126528745954 ], [ 106.596678799887442, -5.705127178859857 ], [ 106.596674292611581, -5.70512955974451 ], [ 106.596671287562472, -5.705131075243762 ], [ 106.596669795573831, -5.705135600859871 ], [ 106.596674312231613, -5.705136652223514 ], [ 106.596678829786924, -5.705137987241093 ], [ 106.596683348409115, -5.705139707921096 ], [ 106.596685606590896, -5.705140078448677 ], [ 106.596687863800184, -5.705140260582657 ], [ 106.596688991735903, -5.705140069052596 ], [ 106.596692374604956, -5.705139155356343 ], [ 106.596696887807141, -5.705138916777621 ], [ 106.596700652433128, -5.705140036686069 ], [ 106.596701405082342, -5.705140150535029 ], [ 106.596705922520258, -5.705141443099111 ], [ 106.596710440889822, -5.705143072442587 ], [ 106.596714957858765, -5.705144195483959 ], [ 106.596715779462372, -5.70514451617249 ], [ 106.596719474877162, -5.705145336391747 ], [ 106.596723993319642, -5.705146992077325 ], [ 106.596728511570305, -5.705148578410335 ], [ 106.596730205468631, -5.70514899760432 ], [ 106.596733027687279, -5.705149393467846 ], [ 106.596737543325489, -5.705150035456762 ], [ 106.596742059106802, -5.70515072917826 ], [ 106.596746577110778, -5.705152226328606 ], [ 106.59674838608376, -5.705153468613719 ], [ 106.596751097332046, -5.705154524971207 ], [ 106.59675561769248, -5.705156873900625 ], [ 106.596757340284015, -5.705157965233322 ], [ 106.596760136131081, -5.705158528141132 ], [ 106.596764653244307, -5.705159703286465 ], [ 106.596769172586832, -5.705161684250514 ], [ 106.596770303172832, -5.705162450725298 ], [ 106.596773691575862, -5.705163537433912 ], [ 106.596778212338833, -5.705166031825853 ], [ 106.596779226593213, -5.705166947429916 ], [ 106.596782736212404, -5.705169650577096 ], [ 106.596785396410539, -5.705171451777994 ], [ 106.596787257723875, -5.705172415494888 ], [ 106.596791774213301, -5.705173365121599 ], [ 106.596796292705605, -5.705175038713203 ], [ 106.596797622799741, -5.705175939313634 ], [ 106.59680081496019, -5.70517807220664 ], [ 106.596803781434204, -5.70518044369249 ], [ 106.596805339124046, -5.705181795807161 ], [ 106.596808803781229, -5.70518495122549 ], [ 106.596809865058503, -5.705186159386808 ], [ 106.596812556343224, -5.705189462283249 ], [ 106.596814356299248, -5.705193978761262 ], [ 106.596814404723091, -5.70519548578502 ], [ 106.596814543900891, -5.705198499715046 ], [ 106.596814413820553, -5.705198774111244 ], [ 106.596813259500109, -5.705203024755011 ], [ 106.596810295977775, -5.705207554456095 ], [ 106.596809925503464, -5.705208007630721 ], [ 106.596806468823956, -5.705212086554552 ], [ 106.596805425697298, -5.705213088382711 ], [ 106.59680092019326, -5.705216109628926 ], [ 106.596799185528766, -5.705216628246955 ], [ 106.596796410619007, -5.705217659679493 ], [ 106.596791897237921, -5.705217833720694 ], [ 106.596787383409975, -5.705217846250612 ], [ 106.596782874171453, -5.705219517682039 ], [ 106.596780492191925, -5.705221201612337 ], [ 106.596778370112403, -5.705223061306882 ], [ 106.596774918846265, -5.705225738557894 ], [ 106.596773866282632, -5.705226687835775 ], [ 106.596769359267654, -5.705229163041026 ], [ 106.596764846124145, -5.705229423017721 ], [ 106.596760328747422, -5.705228152834879 ], [ 106.596756109280577, -5.705225790770577 ], [ 106.596755808103794, -5.705225701773931 ], [ 106.596751293191375, -5.705225322345606 ], [ 106.596746779101935, -5.705225240406115 ], [ 106.596742264493017, -5.705224970694595 ], [ 106.596737749647829, -5.705224615572562 ], [ 106.596733236759192, -5.70522496769397 ], [ 106.596730015066427, -5.705225863203391 ], [ 106.596728728017084, -5.705226818684502 ], [ 106.59672422132769, -5.705229411691115 ], [ 106.596719709382839, -5.705230104995485 ], [ 106.596716324864545, -5.705230422679202 ], [ 106.596715197797337, -5.70523092820442 ], [ 106.596710691334991, -5.70523360332305 ], [ 106.596708438248626, -5.705234966045396 ], [ 106.596706185949969, -5.70523666789071 ], [ 106.596701680029469, -5.705239506279366 ], [ 106.596701679939329, -5.705239506329861 ], [ 106.596697173615681, -5.705242231638433 ], [ 106.596693567556358, -5.705244050272346 ], [ 106.596692666180502, -5.70524455517107 ], [ 106.596688160343319, -5.70524745636051 ], [ 106.596686873770025, -5.705248590327352 ], [ 106.596683655896157, -5.705250860041922 ], [ 106.596679144472944, -5.705251742013153 ], [ 106.596674630919395, -5.705251853917395 ], [ 106.596670119622345, -5.70525278151143 ], [ 106.596668992207555, -5.705253161436363 ], [ 106.596665610247513, -5.705254403974559 ], [ 106.596661100967196, -5.70525606061373 ], [ 106.596656590644727, -5.70525734053861 ], [ 106.596655839358391, -5.705257719419508 ], [ 106.596652084112563, -5.705259990625523 ], [ 106.59664757662803, -5.705262263829073 ], [ 106.596647576537876, -5.705262263870421 ], [ 106.596643065389443, -5.705263245251447 ], [ 106.596638550667379, -5.705262934815887 ], [ 106.596634037732173, -5.70526327030911 ], [ 106.596629524796953, -5.705263605802299 ], [ 106.59662501186159, -5.70526394125587 ], [ 106.596620500713215, -5.705264922691038 ], [ 106.596615991282746, -5.70526652516282 ], [ 106.59661523991619, -5.705266875059192 ], [ 106.596611483226724, -5.705268624499835 ], [ 106.596606971622947, -5.705269441345165 ], [ 106.596602458116095, -5.705269570236558 ], [ 106.596597945023078, -5.705269848738142 ], [ 106.596593433401395, -5.705270659135058 ], [ 106.596591178769472, -5.70527146331823 ], [ 106.59658892412503, -5.705272317372946 ], [ 106.596584414986424, -5.705274025428038 ], [ 106.596580470871572, -5.705276014513774 ], [ 106.59657990741124, -5.70527629867662 ], [ 106.596575400444024, -5.705278791721325 ], [ 106.596570890883442, -5.705280347266349 ], [ 106.596569763021805, -5.705280565709029 ], [ 106.596566379436879, -5.705281221037055 ], [ 106.596561868824026, -5.705282396201073 ], [ 106.596557359866267, -5.705284169700894 ], [ 106.596555105641329, -5.705285127866149 ], [ 106.596552851303542, -5.70528608603171 ], [ 106.59654834526394, -5.705288914509634 ], [ 106.596547444571229, -5.705289670604675 ], [ 106.596543842899734, -5.705293071694008 ], [ 106.596541266695624, -5.705294209226528 ], [ 106.596539334281999, -5.705294968185104 ], [ 106.596534823518269, -5.705296088884466 ], [ 106.596530315574782, -5.705298229146226 ], [ 106.596529715187017, -5.70529876276279 ], [ 106.596525815754092, -5.705303295060753 ], [ 106.596525815724107, -5.705303295098514 ], [ 106.596522641977714, -5.705307825344664 ], [ 106.596521318570652, -5.705309336156979 ], [ 106.596518505751902, -5.70531235829982 ], [ 106.596516817769427, -5.70531405852448 ], [ 106.596513353425152, -5.705316894075116 ], [ 106.596512313841487, -5.705317650555613 ], [ 106.596507806484951, -5.705320003113726 ], [ 106.596504801246766, -5.705321439286515 ], [ 106.596503298950168, -5.705322291252878 ], [ 106.596498795317203, -5.705325977430865 ], [ 106.596498795282571, -5.705325977463251 ], [ 106.596494293178111, -5.705330228802566 ], [ 106.596493883604552, -5.705330512538249 ], [ 106.596489789063654, -5.705333753509949 ], [ 106.596488151216036, -5.705335049923339 ], [ 106.596485285541917, -5.705337492522434 ], [ 106.596482583050928, -5.705339586852608 ], [ 106.596480781058062, -5.70534088372156 ], [ 106.596476276206872, -5.705344125831986 ], [ 106.596476276161823, -5.7053441258644 ], [ 106.596471772158708, -5.705347690907074 ], [ 106.596470733170449, -5.705348662691446 ], [ 106.596467270629475, -5.705352150343983 ], [ 106.596466145040282, -5.705353196900631 ], [ 106.596462769065809, -5.705356597358795 ], [ 106.596460515352845, -5.70535773400053 ], [ 106.59645826211478, -5.705359096722607 ], [ 106.596454760134023, -5.705362271448793 ], [ 106.596453759818772, -5.70536327901864 ], [ 106.596450609890937, -5.705366804442612 ], [ 106.596449259468159, -5.705368164659015 ], [ 106.596446395813899, -5.705371337613581 ], [ 106.596444759395425, -5.705373150779872 ], [ 106.596442058635688, -5.705375871126189 ], [ 106.596440258071937, -5.705377684748037 ], [ 106.596437256387617, -5.705380405929518 ], [ 106.596435755156634, -5.705381643246993 ], [ 106.596431751969405, -5.705384942681599 ], [ 106.596431251672769, -5.705385396226266 ], [ 106.596426749148577, -5.705389478041544 ], [ 106.596426749098555, -5.70538947808689 ], [ 106.596422245500747, -5.705393189915399 ], [ 106.596421344991413, -5.70539401451531 ], [ 106.59641774394953, -5.705397641672478 ], [ 106.596416925740215, -5.705398548255607 ], [ 106.596413245172073, -5.705403079945797 ], [ 106.596413245127096, -5.705403080002434 ], [ 106.596409974868919, -5.705407610497362 ], [ 106.596408749162791, -5.705409551674272 ], [ 106.596407114887938, -5.705412139910144 ], [ 106.596404253421838, -5.705416104129144 ], [ 106.596403803593518, -5.705416670575464 ], [ 106.596400255208366, -5.705421201898781 ], [ 106.59639975522434, -5.705421768484297 ], [ 106.596395816579076, -5.705425735692795 ], [ 106.596395254123479, -5.705426383196442 ], [ 106.596391879497077, -5.705430268094846 ], [ 106.596390755181275, -5.705431778373639 ], [ 106.596388506659878, -5.705434798930936 ], [ 106.596386258025618, -5.705437819488544 ], [ 106.596385133709802, -5.705439329767334 ], [ 106.596382405720419, -5.705443858813771 ], [ 106.596381763371127, -5.705444764891569 ], [ 106.596379516517118, -5.70544838830762 ], [ 106.596377272115973, -5.705452916011954 ], [ 106.596377272051811, -5.705452916125155 ], [ 106.596373673493034, -5.705457447474645 ], [ 106.596372773853403, -5.705458580340273 ], [ 106.596370526392818, -5.705461977684224 ], [ 106.596368281983501, -5.705466505388578 ], [ 106.596368281908511, -5.705466505479221 ], [ 106.596364532912546, -5.705471037268788 ], [ 106.596363782667893, -5.705471792954132 ], [ 106.596360031587707, -5.705475571236701 ], [ 106.596359281759845, -5.705476477612773 ], [ 106.596356712432694, -5.705480101923759 ], [ 106.59635479049615, -5.705484628733156 ], [ 106.596354790440969, -5.705484629185364 ], [ 106.596354238703412, -5.705489151740041 ], [ 106.596354251209434, -5.705493673180844 ], [ 106.59635426371544, -5.705498194621645 ], [ 106.59635427622149, -5.705502716062447 ], [ 106.596353348327611, -5.705507240113117 ], [ 106.596350349858113, -5.705511123967536 ], [ 106.596348093625636, -5.705511377209189 ] ] ] } },
{ "type": "Feature", "properties": { "fid": 12.0, "ID": 11, "ELEV": -30.0 }, "geometry": { "type": "MultiLineString", "coordinates": [ [ [ 106.596476901732373, -5.705570197858357 ], [ 106.59647690150733, -5.705570198085026 ], [ 106.596476901055425, -5.705570197860237 ], [ 106.596472375169455, -5.705565689398723 ], [ 106.596472374716924, -5.705565688947925 ], [ 106.596472375166968, -5.705565688494622 ], [ 106.596476876041137, -5.705561154979199 ], [ 106.596476876491167, -5.705561154525896 ], [ 106.596476876943697, -5.705561154976693 ], [ 106.596479146140894, -5.705565670153721 ], [ 106.596476901732373, -5.705570197858357 ] ] ] } },
{ "type": "Feature", "properties": { "fid": 13.0, "ID": 12, "ELEV": -30.0 }, "geometry": { "type": "MultiLineString", "coordinates": [ [ [ 106.596430402410576, -5.705622323882633 ], [ 106.596430396157118, -5.705620063162325 ], [ 106.596431887809558, -5.70561553754697 ], [ 106.596431888259588, -5.705615537093669 ], [ 106.596436389134468, -5.705611003578371 ], [ 106.596436376627551, -5.705606482137767 ], [ 106.596436364120635, -5.705601960697165 ], [ 106.596436364571304, -5.70560196046987 ], [ 106.59644087840239, -5.705601947715857 ], [ 106.596445392234088, -5.705601935187817 ], [ 106.5964499060658, -5.705601922659743 ], [ 106.59644990651833, -5.705601923110541 ], [ 106.596454432404542, -5.705606431572195 ], [ 106.596458946236865, -5.705606419270048 ], [ 106.596458946688784, -5.705606419494838 ], [ 106.596463472575081, -5.705610927956391 ], [ 106.596467986406807, -5.705610915428154 ], [ 106.596467986859338, -5.705610915878952 ], [ 106.596467986409294, -5.705610916332256 ], [ 106.596463485534741, -5.705615449847731 ], [ 106.596463485084726, -5.705615450301035 ], [ 106.596458971252943, -5.705615462829246 ], [ 106.596454470378276, -5.705619996344681 ], [ 106.596454469928233, -5.705619996797982 ], [ 106.596449969053495, -5.7056245303134 ], [ 106.596449981560568, -5.705629051753971 ], [ 106.596449981110538, -5.705629052207273 ], [ 106.596447736926052, -5.705633579459243 ], [ 106.596447743179581, -5.70563584017953 ] ] ] } }
]
}
