{
"type": "FeatureCollection",
"name": "Kontur_Poso_Interval_1m",
"crs": { "type": "name", "properties": { "name": "urn:ogc:def:crs:OGC:1.3:CRS84" } },
"features": [
{ "type": "Feature", "properties": { "fid": 1.0, "ID": 0, "ELEV": -8.0 }, "geometry": { "type": "MultiLineString", "coordinates": [ [ [ 106.596799989801582, -5.704063910834575 ], [ 106.596797735297244, -5.704064786627214 ], [ 106.59679435933964, -5.70406818707581 ], [ 106.596793233359307, -5.704069094512999 ], [ 106.596791237227876, -5.704072717215531 ], [ 106.596788739967209, -5.704076492029958 ], [ 106.59678847652691, -5.704077246352205 ], [ 106.596785243808881, -5.704081776798888 ], [ 106.596784243240123, -5.704082683870761 ], [ 106.596779736924788, -5.704085409258738 ], [ 106.596775223901545, -5.704085709522436 ], [ 106.596770701205656, -5.704082512772199 ], [ 106.59676940962342, -5.704081820743969 ], [ 106.596770696155104, -5.704080686811471 ], [ 106.596771418750521, -5.704077293693193 ], [ 106.596771493013946, -5.704075032749684 ] ] ] } },
{ "type": "Feature", "properties": { "fid": 2.0, "ID": 1, "ELEV": -8.0 }, "geometry": { "type": "MultiLineString", "coordinates": [ [ [ 106.596756967819829, -5.704084116011185 ], [ 106.596756974072861, -5.704086376731252 ], [ 106.596757171719943, -5.704086878579465 ], [ 106.596758824221666, -5.704090893071373 ], [ 106.596758399025731, -5.704095415726255 ], [ 106.596757200344939, -5.704097227642884 ], [ 106.596753338860651, -5.70409995124457 ], [ 106.59675269470533, -5.704100197435871 ], [ 106.5967518733367, -5.704099955311831 ], [ 106.596748173175413, -5.704097422252088 ], [ 106.596746793929682, -5.704095447933796 ], [ 106.596746370665301, -5.704090927633612 ], [ 106.596746364412283, -5.704088666913535 ] ] ] } },
{ "type": "Feature", "properties": { "fid": 3.0, "ID": 2, "ELEV": -9.0 }, "geometry": { "type": "MultiLineString", "coordinates": [ [ [ 106.596813569084048, -5.704077548341513 ], [ 106.596811312174552, -5.704077554605313 ], [ 106.596806798109313, -5.704077478101238 ], [ 106.596802294804775, -5.704081291917346 ], [ 106.59680179448317, -5.70408173086485 ], [ 106.596797790771845, -5.70408484241856 ], [ 106.596795885010366, -5.70408626874056 ], [ 106.596793286094311, -5.704088159898315 ], [ 106.596789172084726, -5.7040908088461 ], [ 106.59678878022882, -5.70409104791137 ], [ 106.596784273092112, -5.704093476355916 ], [ 106.596779764183324, -5.704095264153914 ], [ 106.596779442016313, -5.704095357325195 ], [ 106.596775255700038, -5.704097205796135 ], [ 106.596770747352267, -5.704099196448881 ], [ 106.596769723435699, -5.704099905772285 ], [ 106.596766243361387, -5.704102762281576 ], [ 106.596764576204848, -5.70410444153232 ], [ 106.596761740079714, -5.704106584547342 ], [ 106.596757232884585, -5.704108983387159 ], [ 106.596757232860881, -5.704108983401811 ], [ 106.596752726706512, -5.704111767118344 ], [ 106.596750152225141, -5.704113524512972 ], [ 106.596748227107767, -5.70411692097086 ], [ 106.596747807067047, -5.704118052496335 ], [ 106.596746191008961, -5.704122578456228 ], [ 106.596743740768687, -5.704126868754079 ], [ 106.596743619428963, -5.704127107067978 ], [ 106.596741129621137, -5.704131635452785 ], [ 106.596739247875789, -5.704134447112978 ], [ 106.596737342927184, -5.704136167436825 ], [ 106.59673474386986, -5.704138007676212 ], [ 106.596730235633487, -5.704140038787715 ], [ 106.59672923441785, -5.704140711415091 ], [ 106.596725730961708, -5.70414335866365 ], [ 106.596723080975522, -5.704145249967451 ], [ 106.596721225005595, -5.704146214215032 ], [ 106.596716717704098, -5.704148583377382 ], [ 106.596714714902205, -5.704149794660387 ], [ 106.596712214166956, -5.704152313536396 ], [ 106.596710715118519, -5.704154327235716 ], [ 106.596708094570275, -5.704158855983319 ], [ 106.59670771941164, -5.704159218750749 ], [ 106.59670321431804, -5.704162386224603 ], [ 106.596700960224794, -5.704163397257788 ], [ 106.596698705622074, -5.704164251295601 ], [ 106.596694196357049, -5.704165910633905 ], [ 106.596690534477659, -5.704167947666572 ], [ 106.596689689848446, -5.704168566571802 ], [ 106.596685412525261, -5.704172483356074 ], [ 106.596685187722159, -5.70417280694905 ], [ 106.596682532078177, -5.704177012824911 ], [ 106.596680694172335, -5.704180148179959 ], [ 106.596679838245947, -5.704181541775848 ], [ 106.596677130606267, -5.704186070765102 ], [ 106.596676202477667, -5.704188160188226 ], [ 106.596674945347331, -5.704190598304643 ], [ 106.596673814350183, -5.704195122918394 ], [ 106.596671719568846, -5.704199348769435 ], [ 106.596671505453884, -5.704199650801057 ], [ 106.596667215206892, -5.704202780963404 ], [ 106.596665372524228, -5.704204189296165 ], [ 106.596662708278274, -5.704205285194237 ], [ 106.596658195275594, -5.704205593336516 ], [ 106.596653679550997, -5.704204917362108 ], [ 106.596649166724674, -5.704205289279095 ], [ 106.59664465672013, -5.704206681430405 ], [ 106.596640142987198, -5.704206725566238 ], [ 106.596635624690464, -5.704205119621228 ], [ 106.596633367194102, -5.704204913943637 ] ] ] } },
{ "type": "Feature", "properties": { "fid": 4.0, "ID": 3, "ELEV": -10.0 }, "geometry": { "type": "MultiLineString", "coordinates": [ [ [ 106.596814107642189, -5.704083957428482 ], [ 106.596813589595087, -5.704084963640791 ], [ 106.596812238926844, -5.70408622335226 ], [ 106.596811338660899, -5.704087130149245 ], [ 106.59680773761427, -5.70409075731988 ], [ 106.596806837565808, -5.704091742748784 ], [ 106.596803461993616, -5.7040952906611 ], [ 106.596802336945231, -5.704096526920141 ], [ 106.59679854492515, -5.704099825782568 ], [ 106.596797833927042, -5.704100444317023 ], [ 106.59679332982131, -5.70410396855131 ], [ 106.596792729054798, -5.704104363398518 ], [ 106.596788824479731, -5.704107046014781 ], [ 106.596785444222547, -5.704108905091331 ], [ 106.59678431748209, -5.704109524779607 ], [ 106.596779809569952, -5.704111672932325 ], [ 106.596776689509326, -5.704113450863506 ], [ 106.596775303026533, -5.704114315943788 ], [ 106.596771274479707, -5.704117987366851 ], [ 106.596770800998812, -5.70411859155573 ], [ 106.596768638518853, -5.704122516157333 ], [ 106.596767164486735, -5.704127041723074 ], [ 106.596766314171987, -5.704128362841977 ], [ 106.596762668985264, -5.704131575674394 ], [ 106.59676181049376, -5.704132041797143 ], [ 106.596757297979067, -5.70413252606489 ], [ 106.596752790951641, -5.704134994190722 ], [ 106.596751563029372, -5.704136127971798 ], [ 106.596748288958537, -5.70413928243542 ], [ 106.596746976238506, -5.704140662176404 ], [ 106.596743786819331, -5.704143517878997 ], [ 106.596742055361645, -5.704145197308178 ], [ 106.596739284086311, -5.704147538665539 ], [ 106.596736872023769, -5.70414973316834 ], [ 106.596734780382377, -5.704151208451774 ], [ 106.596730273583077, -5.704153759150492 ], [ 106.596729200281331, -5.704154275934502 ], [ 106.596725766901471, -5.704156352424445 ], [ 106.596723007157067, -5.704158814597028 ], [ 106.596721264872997, -5.70416062801943 ], [ 106.596718950982122, -5.704163347328913 ], [ 106.596716764809727, -5.704165614146887 ], [ 106.59671403052532, -5.704167882459395 ], [ 106.596712260862887, -5.704169196214185 ], [ 106.596707754142159, -5.704171775423496 ], [ 106.59670667260437, -5.704172424354433 ], [ 106.596703249773654, -5.704175205078865 ], [ 106.596700997723445, -5.704176961578567 ], [ 106.596698747615974, -5.704179434076869 ], [ 106.59669701721073, -5.704181494100396 ], [ 106.59669424948504, -5.704185118961459 ], [ 106.596693529775678, -5.70418602525381 ], [ 106.596689750103423, -5.7041903516922 ], [ 106.596689570114947, -5.70419055771775 ], [ 106.596686055400653, -5.704195088946856 ], [ 106.596685253526076, -5.704196598330557 ], [ 106.596684074011648, -5.704199615920635 ], [ 106.59668088951787, -5.704204146233297 ], [ 106.596680760877859, -5.70420426557918 ], [ 106.596676255428122, -5.70420730446455 ], [ 106.596673626173867, -5.704208687865634 ], [ 106.596671748391458, -5.704209769622451 ], [ 106.596667240732316, -5.704212009739445 ], [ 106.596663294516503, -5.704213238013084 ], [ 106.596662730973648, -5.704213490775405 ], [ 106.596658221763903, -5.704215170297608 ], [ 106.596653713893133, -5.704217333932939 ], [ 106.596652962844246, -5.704217788160435 ], [ 106.59664920984973, -5.704220881401327 ], [ 106.59664763399698, -5.704222324423968 ], [ 106.596644709040035, -5.704225598048332 ], [ 106.59664363779072, -5.704226856989177 ], [ 106.596640399279082, -5.704231387451649 ], [ 106.596640211980358, -5.704231670570363 ], [ 106.596637146097507, -5.704235917954827 ], [ 106.596635714052098, -5.704237429080496 ], [ 106.596632211637029, -5.70424045312381 ], [ 106.596631210842148, -5.70424127798577 ], [ 106.596627352078855, -5.704244988084906 ], [ 106.596626708696107, -5.704245511575855 ], [ 106.596622204937418, -5.704249162117778 ], [ 106.596621561093144, -5.704249525630822 ], [ 106.596617696530757, -5.704251132168022 ], [ 106.596613189301038, -5.704253527766591 ], [ 106.59661251373393, -5.70425407221356 ], [ 106.596608684311562, -5.704256733362124 ], [ 106.596606110162881, -5.70425861145938 ], [ 106.596604178166373, -5.704259521117838 ], [ 106.596599669044423, -5.704261232602629 ], [ 106.596596801914643, -5.70426315876594 ], [ 106.596595164530441, -5.70426461018052 ], [ 106.596592432495996, -5.704267692366678 ], [ 106.596590667810332, -5.704270805771295 ], [ 106.596589059637083, -5.704272223201858 ], [ 106.596586163524549, -5.704274265908052 ], [ 106.596581654657427, -5.704276069599641 ], [ 106.596578647367309, -5.704276773571984 ], [ 106.596577144844488, -5.704277531332782 ], [ 106.59657263623383, -5.704279427771537 ], [ 106.596570379323282, -5.704279434034613 ] ] ] } },
{ "type": "Feature", "properties": { "fid": 5.0, "ID": 4, "ELEV": -25.0 }, "geometry": { "type": "MultiLineString", "coordinates": [ [ [ 106.59703083175981, -5.704293604519838 ], [ 106.597028574849915, -5.70429361086007 ], [ 106.597025879066024, -5.704298139666725 ], [ 106.597024086197024, -5.704302666117716 ], [ 106.59702409870566, -5.704307187557222 ], [ 106.597028624883777, -5.704311696316653 ], [ 106.597033134534954, -5.704310176791037 ], [ 106.597037645376972, -5.704309087727967 ], [ 106.597039902287108, -5.704309081463026 ] ] ] } },
{ "type": "Feature", "properties": { "fid": 6.0, "ID": 5, "ELEV": -11.0 }, "geometry": { "type": "MultiLineString", "coordinates": [ [ [ 106.596827168919418, -5.704098615968173 ], [ 106.596824912009865, -5.70409862223205 ], [ 106.59682253943987, -5.704099759188293 ], [ 106.596820407570775, -5.704102025867577 ], [ 106.596817705538243, -5.704104294079069 ], [ 106.596815904173724, -5.704105806244807 ], [ 106.596812726290551, -5.70410882937322 ], [ 106.596811401534609, -5.704109860660515 ], [ 106.59680689740604, -5.704113367025425 ], [ 106.596806897379551, -5.704113367045155 ], [ 106.596802392564911, -5.704116634995455 ], [ 106.596800421277479, -5.704117906473951 ], [ 106.596797886416212, -5.70411942066741 ], [ 106.59679337959453, -5.704121963052185 ], [ 106.596792478176368, -5.704122449993831 ], [ 106.596788873368382, -5.70412472075473 ], [ 106.596785268560254, -5.704126991477949 ], [ 106.596784368482034, -5.704127962859042 ], [ 106.596780558938079, -5.704131526023633 ], [ 106.596779866990346, -5.704132432256236 ], [ 106.596776594210453, -5.70413605850195 ], [ 106.596775366302438, -5.704137192269551 ], [ 106.596770859257163, -5.704139653914842 ], [ 106.596769125773108, -5.704140600704267 ], [ 106.596766351748656, -5.704141948100558 ], [ 106.59676278711332, -5.704145139771007 ], [ 106.59676184957209, -5.704146169983586 ], [ 106.59675820519054, -5.704149673962186 ], [ 106.596757347083823, -5.704150279206061 ], [ 106.596752841601599, -5.704153306021996 ], [ 106.596751489952638, -5.704154214073981 ], [ 106.59674833653628, -5.704156483579285 ], [ 106.596744625518525, -5.704158754599791 ], [ 106.596743830470274, -5.704159299378449 ], [ 106.596739323950374, -5.704161951090681 ], [ 106.596737070774196, -5.704163297041367 ], [ 106.596734819101798, -5.70416520707171 ], [ 106.596732757512527, -5.704167830486821 ], [ 106.596730324135024, -5.704172035745944 ], [ 106.596730042907865, -5.704172359495524 ], [ 106.59672581746149, -5.704174631974873 ], [ 106.596722438354888, -5.704176902075219 ], [ 106.596721311631455, -5.704177533186143 ], [ 106.596716806079328, -5.704180534888724 ], [ 106.596715303980687, -5.704181443349974 ], [ 106.596712300797876, -5.70418363447124 ], [ 106.596709972537582, -5.704185979621069 ], [ 106.596707800741513, -5.704188623173907 ], [ 106.596706193871512, -5.704190511582778 ], [ 106.596703301136472, -5.704193775078335 ], [ 106.596702251415323, -5.704195043999042 ], [ 106.596698802802734, -5.704199386645478 ], [ 106.596698636141753, -5.70419957550728 ], [ 106.596694302027544, -5.704204109010469 ], [ 106.596694302009524, -5.704204109026672 ], [ 106.596689956347618, -5.704208642545741 ], [ 106.59668980123881, -5.704208839566152 ], [ 106.596687199934109, -5.704213171670413 ], [ 106.596685517064458, -5.704217697815746 ], [ 106.596685312720112, -5.704217999821216 ], [ 106.596681111499834, -5.70422223151719 ], [ 106.59668081140552, -5.704222533788388 ], [ 106.59667630153298, -5.704223973665933 ], [ 106.596671790510172, -5.704224997670909 ], [ 106.596667281650937, -5.704226791373041 ], [ 106.596667281616263, -5.704226791387726 ], [ 106.596662776132845, -5.704229818193461 ], [ 106.596661155323261, -5.704231329849867 ], [ 106.596658275180459, -5.704234483220024 ], [ 106.596656962460003, -5.704235862960917 ], [ 106.59665377579573, -5.704239715063703 ], [ 106.596653162154126, -5.704240394982536 ], [ 106.59665006136963, -5.704244925062841 ], [ 106.596649280204389, -5.704246318451253 ], [ 106.596646899189352, -5.704249455313525 ], [ 106.596644778889271, -5.704250852418278 ], [ 106.596640272336757, -5.704253492796718 ], [ 106.596639561022485, -5.704253997153306 ], [ 106.596635766359967, -5.704256341350494 ], [ 106.596632010889692, -5.704258539581263 ], [ 106.596631260033149, -5.704259063370477 ], [ 106.596626754148502, -5.704261945271371 ], [ 106.596622888294362, -5.704263086372972 ], [ 106.596622244112226, -5.704263326137831 ], [ 106.596617730133403, -5.704263281550752 ], [ 106.596613220814461, -5.704264921794096 ], [ 106.596608712865617, -5.704267057425146 ], [ 106.59660753697257, -5.704267650450092 ], [ 106.596604208268346, -5.704270404872831 ], [ 106.596602661558521, -5.704272185455094 ], [ 106.596599707831444, -5.704275256583212 ], [ 106.596598524013601, -5.704276718412408 ], [ 106.596595208986486, -5.704280683902737 ], [ 106.59659475916753, -5.704281250335428 ], [ 106.596592740453829, -5.70428577741274 ], [ 106.596591932760859, -5.704290301129341 ], [ 106.596591214439528, -5.704294824597929 ], [ 106.596590737535081, -5.704296015784466 ], [ 106.596589482876425, -5.704299350878373 ], [ 106.5965868096592, -5.704303879772008 ], [ 106.596586247378724, -5.70430458467021 ], [ 106.596581744129281, -5.704308415304552 ], [ 106.596581744117429, -5.704308415312955 ], [ 106.596577233422408, -5.704309558192908 ], [ 106.596572719080044, -5.704309382326501 ], [ 106.596568206180564, -5.70430972815943 ], [ 106.59656369839486, -5.704311922983148 ], [ 106.596562059951196, -5.704312991404969 ], [ 106.59655919451869, -5.704315531389066 ], [ 106.596557041239166, -5.704317526807444 ], [ 106.596554693020352, -5.704319999577761 ], [ 106.596552549257879, -5.704322060748192 ], [ 106.596550192524944, -5.704324830413347 ], [ 106.59654861755584, -5.70432659313412 ], [ 106.596545693129102, -5.704330058849767 ], [ 106.596544191464247, -5.704331126891992 ], [ 106.596541186251457, -5.704332582102287 ], [ 106.596536677459625, -5.704334413250904 ], [ 106.596534173249239, -5.704335676168173 ], [ 106.596532169890466, -5.704336686497181 ], [ 106.596527661947192, -5.704338824491876 ], [ 106.596524656604302, -5.704340224052363 ], [ 106.596523154057337, -5.70434098181315 ], [ 106.596518645098598, -5.704342752670402 ], [ 106.596514132666229, -5.704343267549264 ], [ 106.596511874808016, -5.704342931270689 ], [ 106.596511309483972, -5.704342521828322 ] ] ] } },
{ "type": "Feature", "properties": { "fid": 7.0, "ID": 6, "ELEV": -11.0 }, "geometry": { "type": "MultiLineString", "coordinates": [ [ [ 106.596447952462043, -5.704405998296619 ], [ 106.596448109174958, -5.704408258599485 ], [ 106.596447369387548, -5.704412782127796 ], [ 106.596446619572774, -5.704413688520805 ], [ 106.596443018535481, -5.704417315676496 ], [ 106.5964421182547, -5.704418222487031 ], [ 106.59643986196869, -5.704418454822515 ] ] ] } },
{ "type": "Feature", "properties": { "fid": 8.0, "ID": 7, "ELEV": -11.0 }, "geometry": { "type": "MultiLineString", "coordinates": [ [ [ 106.596437608409147, -5.704419591426821 ], [ 106.596437614548478, -5.704421852147527 ], [ 106.596437614436041, -5.70442185229854 ], [ 106.59643491868087, -5.704426381103778 ], [ 106.596433119369877, -5.70442864694745 ], [ 106.596430868823262, -5.70443091381721 ], [ 106.596428615967284, -5.704432427251106 ], [ 106.596424104228959, -5.704433193438982 ], [ 106.596424103551797, -5.704433193327839 ], [ 106.596421846424192, -5.704432876628567 ] ] ] } },
{ "type": "Feature", "properties": { "fid": 9.0, "ID": 8, "ELEV": -17.0 }, "geometry": { "type": "MultiLineString", "coordinates": [ [ [ 106.596565706155147, -5.704493840294854 ], [ 106.59656420780091, -5.704496105416668 ], [ 106.596563449219843, -5.704493846558205 ], [ 106.59656420106657, -5.70449367056499 ], [ 106.596565706155147, -5.704493840294854 ] ] ] } },
{ "type": "Feature", "properties": { "fid": 10.0, "ID": 9, "ELEV": -17.0 }, "geometry": { "type": "MultiLineString", "coordinates": [ [ [ 106.596550685202757, -5.704502924930647 ], [ 106.596550685090094, -5.704502924995555 ], [ 106.596550685057665, -5.70450292493105 ], [ 106.596549283695609, -5.70449840734479 ], [ 106.596550666331709, -5.704496142713665 ], [ 106.596555181717747, -5.704496695383334 ], [ 106.59655969814591, -5.704497624840053 ], [ 106.596561957367285, -5.704498372173529 ], [ 106.596559701192177, -5.704498726245643 ], [ 106.596555191766839, -5.704500328724174 ], [ 106.596550685202757, -5.704502924930647 ] ] ] } },
{ "type": "Feature", "properties": { "fid": 11.0, "ID": 10, "ELEV": -18.0 }, "geometry": { "type": "MultiLineString", "coordinates": [ [ [ 106.596565512787691, -5.70451192673226 ], [ 106.596564254539544, -5.704513004075952 ], [ 106.596559744277187, -5.704514303953194 ], [ 106.59655523133425, -5.70451463465527 ], [ 106.596550714566888, -5.704513582610984 ], [ 106.596547355235899, -5.70451197712222 ], [ 106.596546193722872, -5.704511056601038 ], [ 106.596541845816603, -5.704507470936336 ], [ 106.596541668935487, -5.70450710481354 ], [ 106.596539638102016, -5.704502955587764 ], [ 106.596538400632014, -5.704498437546633 ], [ 106.596538306456452, -5.704493916332727 ], [ 106.596539230254407, -5.704489392293831 ], [ 106.596541609696729, -5.704485686316026 ], [ 106.596546122011418, -5.704485128524644 ], [ 106.596550635276927, -5.704484914527885 ], [ 106.596551387396204, -5.704484837081056 ], [ 106.596555147711499, -5.704484400096934 ], [ 106.596559659486743, -5.704483647291666 ], [ 106.596564171461978, -5.704482966798858 ], [ 106.59656868353818, -5.704482322817805 ], [ 106.596573194518697, -5.704481282693481 ], [ 106.596577712469482, -5.704482762714886 ], [ 106.596579260704445, -5.704484759728328 ], [ 106.596579782248895, -5.704489279756118 ], [ 106.596577888626157, -5.70449380648643 ], [ 106.596577743548011, -5.704493999296148 ], [ 106.596574581740811, -5.704498337138801 ], [ 106.596573246098728, -5.704499931736636 ], [ 106.596570896234724, -5.704502868841902 ], [ 106.596568750912326, -5.704506682358368 ], [ 106.596568251354526, -5.704507397657084 ], [ 106.596565512787691, -5.70451192673226 ] ] ] } },
{ "type": "Feature", "properties": { "fid": 12.0, "ID": 11, "ELEV": -18.0 }, "geometry": { "type": "MultiLineString", "coordinates": [ [ [ 106.59650114559021, -5.704543755685728 ], [ 106.596501145582977, -5.704543755699444 ], [ 106.596496638341236, -5.704546147919903 ], [ 106.596492125292215, -5.70454644041796 ], [ 106.596488506863878, -5.704543790758951 ], [ 106.596491584594077, -5.704539260742743 ], [ 106.59649210459763, -5.704538957861631 ], [ 106.596496616872685, -5.704538385545464 ], [ 106.596499902013818, -5.704539237661409 ], [ 106.596501145582522, -5.704543755535051 ], [ 106.59650114559021, -5.704543755685728 ] ] ] } },
{ "type": "Feature", "properties": { "fid": 13.0, "ID": 12, "ELEV": -14.0 }, "geometry": { "type": "MultiLineString", "coordinates": [ [ [ 106.596399186396994, -5.704553081571778 ], [ 106.596397362812539, -5.704556760337658 ], [ 106.596392847703171, -5.70455630794963 ], [ 106.596388329580265, -5.704554765893015 ], [ 106.59638538120916, -5.704553119879598 ], [ 106.596386453877045, -5.704548595427503 ], [ 106.596388302775921, -5.704545073615114 ], [ 106.596392823347728, -5.704547501207279 ], [ 106.596394014174436, -5.704548574448583 ], [ 106.596397346632216, -5.704550909671954 ], [ 106.596399186396994, -5.704553081571778 ] ] ] } },
{ "type": "Feature", "properties": { "fid": 14.0, "ID": 13, "ELEV": -17.0 }, "geometry": { "type": "MultiLineString", "coordinates": [ ] } },
{ "type": "Feature", "properties": { "fid": 15.0, "ID": 14, "ELEV": -8.0 }, "geometry": { "type": "MultiLineString", "coordinates": [ ] } },
{ "type": "Feature", "properties": { "fid": 16.0, "ID": 15, "ELEV": -20.0 }, "geometry": { "type": "MultiLineString", "coordinates": [ [ [ 106.596251476391956, -5.704824779983984 ], [ 106.596249155009303, -5.704827800742515 ], [ 106.59624613745612, -5.704824794798286 ], [ 106.596249138671112, -5.704821892728846 ], [ 106.596251476391956, -5.704824779983984 ] ] ] } },
{ "type": "Feature", "properties": { "fid": 17.0, "ID": 16, "ELEV": -8.0 }, "geometry": { "type": "MultiLineString", "coordinates": [ [ [ 106.596018635350134, -5.704714649847146 ], [ 106.59601864163858, -5.704716910567875 ], [ 106.596019943649921, -5.704721428432031 ], [ 106.596018657115224, -5.70472256236364 ], [ 106.596014147307869, -5.704724028222489 ], [ 106.59601076732325, -5.704725975366386 ], [ 106.596009640228999, -5.704726480890199 ], [ 106.596006368566208, -5.704730509046239 ], [ 106.596005143766732, -5.704732773275703 ], [ 106.596003457346029, -5.704735038599212 ], [ 106.596000641400394, -5.704736930368953 ], [ 106.59599669910871, -5.704739578824925 ], [ 106.595996136429747, -5.704740145583981 ], [ 106.595993716850714, -5.70474410857496 ], [ 106.595992121183102, -5.704748634478197 ], [ 106.59599164831711, -5.704749457874904 ], [ 106.595989268870056, -5.704753163867726 ], [ 106.59598715381162, -5.704756458089093 ], [ 106.595986254461621, -5.704757693706949 ], [ 106.595982654934801, -5.70476187735591 ], [ 106.595982204505248, -5.704762226419064 ], [ 106.595978150106959, -5.704765144328284 ], [ 106.595976542488799, -5.704766763603451 ], [ 106.595973649400435, -5.70476990188512 ], [ 106.59597259117173, -5.704771296041883 ], [ 106.595969147974344, -5.70477439923001 ], [ 106.595967459228902, -5.704775831755662 ], [ 106.595964646430119, -5.704778853871919 ], [ 106.59596259885268, -5.704780366716023 ], [ 106.595960450199783, -5.704784894153383 ], [ 106.595960151058222, -5.704785540917289 ], [ 106.59595564378013, -5.70478792180521 ], [ 106.595951129515072, -5.704787775684117 ], [ 106.595947623369554, -5.70478945121452 ], [ 106.595946621187295, -5.704789776956846 ], [ 106.595942115520529, -5.704792740668185 ], [ 106.59593999481848, -5.704793993854303 ], [ 106.595937609160899, -5.704795453808218 ], [ 106.595933103841077, -5.704798534447839 ], [ 106.595933103817359, -5.704798534466737 ], [ 106.595928599774254, -5.704802085486206 ], [ 106.59592734864853, -5.704803071890432 ], [ 106.595924095731164, -5.70480563652858 ], [ 106.595921593479659, -5.704807609332926 ], [ 106.595919592895825, -5.704809624422731 ], [ 106.595917092154096, -5.704812143296996 ], [ 106.595915090776515, -5.704813871314487 ], [ 106.595911186531168, -5.70481668115682 ], [ 106.595910585495076, -5.704816974532138 ], [ 106.595906077758912, -5.70481918993515 ], [ 106.595903149377037, -5.704821224929828 ], [ 106.595901573513643, -5.704822667958066 ], [ 106.595898760899743, -5.704825758580762 ], [ 106.59589707356777, -5.704827701040304 ], [ 106.595894914076339, -5.70483029072905 ], [ 106.595892573655647, -5.70483274635938 ], [ 106.595890669693361, -5.704834823980218 ], [ 106.595888072503257, -5.704837343118428 ], [ 106.595886071915672, -5.70483935821174 ], [ 106.59588357204531, -5.704842191068495 ], [ 106.595881884046889, -5.704843891306101 ], [ 106.595879070118173, -5.704846507660674 ], [ 106.59587671102382, -5.704848427133397 ], [ 106.595874565486426, -5.70484984604474 ], [ 106.595870059447137, -5.704852675347913 ], [ 106.595869585104424, -5.704852968378241 ], [ 106.595865553754592, -5.704855630084021 ], [ 106.595863203889508, -5.704857507557136 ], [ 106.595861048919843, -5.704858895098739 ], [ 106.595856543059355, -5.704861789135944 ], [ 106.595856113876621, -5.704862048702265 ], [ 106.595852035884306, -5.704864207716585 ], [ 106.595847528229257, -5.704866452697062 ], [ 106.595847077228569, -5.704866595247474 ], [ 106.595843021043024, -5.704868867263146 ], [ 106.595839334160047, -5.704871138204095 ], [ 106.595838515549374, -5.704871894051443 ], [ 106.595834422494249, -5.704875673306141 ], [ 106.595834012734471, -5.704875889756147 ], [ 106.59582950525656, -5.704878198878407 ], [ 106.595825899750423, -5.704880218425516 ], [ 106.595824998651679, -5.704880823787819 ], [ 106.595820494616277, -5.704884378099183 ], [ 106.59581993141947, -5.704884756458738 ], [ 106.595815988080858, -5.704887028176129 ], [ 106.595812044745358, -5.704889299813484 ], [ 106.595811481753529, -5.704889753531555 ], [ 106.595806977092906, -5.704893081756663 ], [ 106.595805850705986, -5.70489383847274 ], [ 106.5958024715992, -5.704896108678183 ], [ 106.595799769561154, -5.704898376818783 ], [ 106.595797967593015, -5.704899673663587 ], [ 106.595793458527353, -5.704901408619602 ], [ 106.595788947080706, -5.704902282378834 ], [ 106.595786690166875, -5.704902288639517 ] ] ] } },
{ "type": "Feature", "properties": { "fid": 18.0, "ID": 17, "ELEV": -31.0 }, "geometry": { "type": "MultiLineString", "coordinates": [ ] } },
{ "type": "Feature", "properties": { "fid": 19.0, "ID": 18, "ELEV": -8.0 }, "geometry": { "type": "MultiLineString", "coordinates": [ [ [ 106.595785569763819, -5.704905198424391 ], [ 106.595785576022919, -5.704907459145443 ], [ 106.59578746923394, -5.704911975370495 ], [ 106.595788534976037, -5.70491649389094 ], [ 106.595786915557511, -5.704921019860047 ], [ 106.595784492331759, -5.704923664108737 ], [ 106.595781676401174, -5.704925555870328 ], [ 106.595779985416939, -5.704926177131046 ], [ 106.59577547061977, -5.704925839060341 ], [ 106.59577514746158, -5.704925573981587 ], [ 106.595773605556275, -5.704921056781964 ], [ 106.59577359930617, -5.704918796060876 ] ] ] } },
{ "type": "Feature", "properties": { "fid": 20.0, "ID": 19, "ELEV": -31.0 }, "geometry": { "type": "MultiLineString", "coordinates": [ [ [ 106.597242594791453, -5.704968976822212 ], [ 106.597245973904478, -5.704966706778412 ], [ 106.597247096104169, -5.704964442699676 ], [ 106.597249346535662, -5.704962175940413 ], [ 106.597247085678262, -5.704960675059967 ], [ 106.597244820311744, -5.704957667034133 ], [ 106.597242560384117, -5.704956542913594 ], [ 106.597238043431503, -5.704955425170202 ], [ 106.597233525852928, -5.70495408121485 ], [ 106.59722900952633, -5.704953189685911 ], [ 106.59722676523775, -5.704957717164899 ], [ 106.597227529940753, -5.704962236515367 ], [ 106.597229047059528, -5.704966753324666 ], [ 106.597229047211229, -5.704966753776298 ], [ 106.597233573397119, -5.704971262532121 ], [ 106.597238085137192, -5.704970496552831 ], [ 106.597242594791453, -5.704968976822212 ] ] ] } },
{ "type": "Feature", "properties": { "fid": 21.0, "ID": 20, "ELEV": -31.0 }, "geometry": { "type": "MultiLineString", "coordinates": [ [ [ 106.597229115874711, -5.704991621464877 ], [ 106.5972300123845, -5.704989358464872 ], [ 106.59723022556399, -5.704984836399287 ], [ 106.597231341395684, -5.704980311827442 ], [ 106.597231328771102, -5.704975790388814 ], [ 106.597229059573749, -5.704971275667713 ], [ 106.597226815397349, -5.704975802920397 ], [ 106.597224564515614, -5.704978070132948 ], [ 106.59722231408395, -5.704980336892157 ], [ 106.597220063202187, -5.7049826041047 ], [ 106.597218941001117, -5.704984867731337 ], [ 106.597220081967833, -5.704989385585055 ], [ 106.597220082119534, -5.704989386036689 ], [ 106.597224608305581, -5.704993894792548 ], [ 106.597229115874711, -5.704991621464877 ] ] ] } },
{ "type": "Feature", "properties": { "fid": 22.0, "ID": 21, "ELEV": -9.0 }, "geometry": { "type": "MultiLineString", "coordinates": [ [ [ 106.596122470868053, -5.70464653962352 ], [ 106.596122477119209, -5.704648800344245 ], [ 106.596122274441413, -5.704649705219038 ], [ 106.596120924061808, -5.704651065391212 ], [ 106.596120478921861, -5.704653327364305 ], [ 106.596120942802401, -5.704657847553423 ], [ 106.596120052567684, -5.704662371499486 ], [ 106.596117806562404, -5.704666334009095 ], [ 106.596117163284291, -5.70466690099184 ], [ 106.596113298050824, -5.704668268162929 ], [ 106.596108790476833, -5.704670541408492 ], [ 106.596107100306284, -5.704671450387269 ], [ 106.596104282829231, -5.704672788054602 ], [ 106.596099777866741, -5.704675992179121 ], [ 106.59609977782921, -5.704675992207489 ], [ 106.596095275369507, -5.704680115096774 ], [ 106.596094866151219, -5.704680527282532 ], [ 106.596090772297899, -5.704684016709443 ], [ 106.596089421039693, -5.70468506386579 ], [ 106.59608626808955, -5.70468750724167 ], [ 106.59608504280942, -5.704689597489045 ], [ 106.596083971578281, -5.704694121937298 ], [ 106.596081783847978, -5.704698218856628 ], [ 106.596081408879087, -5.704698650523507 ], [ 106.596077277192506, -5.704700824434107 ], [ 106.596072766928827, -5.704702125098596 ], [ 106.596070061600287, -5.704703203481699 ], [ 106.59606825856477, -5.704704112785041 ], [ 106.596063754759655, -5.704707742455603 ], [ 106.596063754740911, -5.704707742482251 ], [ 106.596060815896621, -5.704712272085404 ], [ 106.596059258775256, -5.704714214183933 ], [ 106.596055654853004, -5.704716807880377 ], [ 106.596054753303463, -5.704717247940692 ], [ 106.596050246304912, -5.704719729546845 ], [ 106.596048445232725, -5.70472134935884 ], [ 106.596045744757873, -5.70472418276913 ], [ 106.596044244837529, -5.704725882488562 ], [ 106.596041244996755, -5.704729281913931 ], [ 106.596040119661325, -5.70473041540959 ], [ 106.596036742951597, -5.704733555033171 ], [ 106.596035176770314, -5.704734950599232 ], [ 106.596032240786116, -5.704737784662881 ], [ 106.596029537184535, -5.704739487721726 ], [ 106.596027734909796, -5.704740672243116 ], [ 106.5960232273477, -5.704742950157793 ], [ 106.596020722637931, -5.704744033652591 ], [ 106.596018718582016, -5.704744792791899 ], [ 106.59601421167369, -5.704747307184622 ], [ 106.596012459798715, -5.704748578052745 ], [ 106.596009708224074, -5.704751072493099 ], [ 106.596007867283774, -5.704753112270199 ], [ 106.596005209052791, -5.704756385153019 ], [ 106.596004406481256, -5.704757643347914 ], [ 106.596001022505533, -5.704762174212484 ], [ 106.596000712094025, -5.70476249804286 ], [ 106.595996532299267, -5.704766708146063 ], [ 106.595996210634212, -5.704766983072882 ], [ 106.595991706657742, -5.704770557935275 ], [ 106.595991063717861, -5.704771244793926 ], [ 106.595987981030632, -5.704775774822605 ], [ 106.595987212227925, -5.704777585551804 ], [ 106.595985865579522, -5.704780302167888 ], [ 106.595983169795346, -5.704784831123184 ], [ 106.595982720327456, -5.704785527997195 ], [ 106.595980248306518, -5.704789360704645 ], [ 106.595978227307754, -5.704793065687008 ], [ 106.59597758473528, -5.704793889570566 ], [ 106.595973721112173, -5.704795838064945 ], [ 106.595970445480106, -5.704798430853261 ], [ 106.595969216403333, -5.704799148185157 ], [ 106.595964711181068, -5.704802272622166 ], [ 106.595961703870756, -5.704802976581242 ], [ 106.595960200059181, -5.704803263343239 ], [ 106.595955686975884, -5.704803544675498 ], [ 106.595951176037019, -5.704804601601058 ], [ 106.595946667382563, -5.704806484763357 ], [ 106.595944695507143, -5.704807545243061 ], [ 106.595942161160934, -5.704809247832099 ], [ 106.595938944821128, -5.704812082673268 ], [ 106.595937658719407, -5.704813378100427 ], [ 106.595934104102653, -5.704816617578993 ], [ 106.595933155674189, -5.704817290059105 ], [ 106.595928650341264, -5.704820374617409 ], [ 106.595927324896095, -5.704821157862468 ], [ 106.595924143357848, -5.704822862242404 ], [ 106.595919635608027, -5.704825072686454 ], [ 106.59591856261973, -5.704825703647312 ], [ 106.595915130660998, -5.704828296869106 ], [ 106.595912427722496, -5.704830242143233 ], [ 106.595910626737606, -5.704831891309236 ], [ 106.595908001628658, -5.704834775898591 ], [ 106.595906126074738, -5.704836665051789 ], [ 106.595903702841014, -5.704839309300764 ], [ 106.595901624712937, -5.704841186020136 ], [ 106.59589797798975, -5.704843846659061 ], [ 106.595897119776765, -5.70484441422446 ], [ 106.595892615372861, -5.704847834955046 ], [ 106.595892085850409, -5.704848384481409 ], [ 106.59588811478072, -5.704852634376198 ], [ 106.595887833441964, -5.704852917754861 ], [ 106.595883613832626, -5.704857305080078 ], [ 106.595883440623339, -5.704857451417817 ], [ 106.595879111983649, -5.704861649971427 ], [ 106.595878581859253, -5.704861986373356 ], [ 106.5958746051313, -5.704864185214824 ], [ 106.59587009640471, -5.704866042581812 ], [ 106.59586903568065, -5.704866534332373 ], [ 106.595865589171197, -5.704868439995634 ], [ 106.595861727429082, -5.704871076083009 ], [ 106.595861084165051, -5.704871643047586 ], [ 106.595856579043655, -5.704874804431491 ], [ 106.595855640890761, -5.704875614444421 ], [ 106.595852075365741, -5.704878487938421 ], [ 106.595850619594543, -5.704880149850706 ], [ 106.595847574578329, -5.704883216944998 ], [ 106.595845739658316, -5.704884684864823 ], [ 106.595843070677915, -5.704886820019575 ], [ 106.595839691929825, -5.704889223118476 ], [ 106.595838565442278, -5.704889940165597 ], [ 106.595834060058166, -5.70489300663502 ], [ 106.595833159370372, -5.704893762717051 ], [ 106.595829558314549, -5.704897389882277 ], [ 106.595828714467814, -5.704898296524273 ], [ 106.595827191020376, -5.704902822227162 ], [ 106.59582706338243, -5.704907344057978 ], [ 106.59582508301817, -5.704911339078007 ], [ 106.595824332172285, -5.704911873111293 ], [ 106.595820574693619, -5.704913342079273 ], [ 106.595816063530179, -5.704914318264871 ], [ 106.595811877929137, -5.704916429136874 ], [ 106.595811555873937, -5.704916563017873 ], [ 106.595807048936862, -5.704919067907238 ], [ 106.59580438691799, -5.704920971394058 ], [ 106.595802543760414, -5.704922209639461 ], [ 106.595799167480763, -5.70492550734976 ], [ 106.595798042249712, -5.7049266773048 ], [ 106.595795389524284, -5.704930039306729 ], [ 106.59579354483941, -5.704932628124964 ], [ 106.595791682407395, -5.704934571067176 ], [ 106.595789044542101, -5.704937534733628 ], [ 106.595786509834198, -5.70493910689282 ], [ 106.595784538687099, -5.704940431120398 ], [ 106.595780033192653, -5.704943457936585 ], [ 106.595779768188251, -5.704943647071063 ], [ 106.595775528976574, -5.704946947170323 ], [ 106.595774106960405, -5.704948184252174 ], [ 106.595771025944202, -5.704950864579788 ], [ 106.5957694685777, -5.70495271859589 ], [ 106.595766525729971, -5.704955801364972 ], [ 106.595765085306411, -5.704957252231909 ], [ 106.595762023772366, -5.704960107576822 ], [ 106.595759520714424, -5.704961789144878 ], [ 106.595757518277637, -5.704963134397639 ], [ 106.595753013269558, -5.704966328673266 ], [ 106.59575301324584, -5.704966328690073 ], [ 106.59574850999455, -5.70497016703155 ], [ 106.595747691223366, -5.704970864913353 ], [ 106.595744007089422, -5.704974130601895 ], [ 106.595742430754896, -5.704975400982597 ], [ 106.595739504147474, -5.704978080881796 ], [ 106.595736800969846, -5.704979938076285 ], [ 106.595734997932752, -5.704980847378961 ], [ 106.595730488244968, -5.704982357625431 ], [ 106.595725978043717, -5.704983682164953 ], [ 106.595723159119629, -5.704984497394896 ], [ 106.595721467740489, -5.704984969821561 ], [ 106.595716957976038, -5.704986452375173 ], [ 106.595712449206971, -5.704988294988835 ], [ 106.595710946656894, -5.704989052748255 ], [ 106.595707947461605, -5.704992678232088 ], [ 106.595707305120186, -5.704993584326525 ], [ 106.595704679669922, -5.704998113086264 ], [ 106.595703452799441, -5.704999623632506 ], [ 106.595698944179063, -5.705001520090211 ], [ 106.595696684140037, -5.7050003960789 ], [ 106.595696684083393, -5.705000396003698 ] ] ] } },
{ "type": "Feature", "properties": { "fid": 23.0, "ID": 22, "ELEV": -10.0 }, "geometry": { "type": "MultiLineString", "coordinates": [ [ [ 106.596205644857321, -5.704600528930606 ], [ 106.596206121548818, -5.704601092772267 ], [ 106.596206555440773, -5.704603352306376 ], [ 106.596206594486816, -5.704607873673999 ], [ 106.596205579548325, -5.704612397965996 ], [ 106.596203594479348, -5.704616924949709 ], [ 106.596203433863437, -5.704617140708619 ], [ 106.596199342302953, -5.704621458223705 ], [ 106.596198932872525, -5.704621794290945 ], [ 106.596194426819437, -5.704624617239958 ], [ 106.596192571999907, -5.704625998484422 ], [ 106.596189921430692, -5.704627680462902 ], [ 106.596186441350071, -5.704630536970329 ], [ 106.596185417633819, -5.704631319378602 ], [ 106.596180912713621, -5.704634552080302 ], [ 106.596180011397024, -5.704635076286628 ], [ 106.596176406582913, -5.704637347045218 ], [ 106.596173403625684, -5.704639616096249 ], [ 106.596171901510019, -5.7046405245649 ], [ 106.59616739567079, -5.704643424969483 ], [ 106.596165785604853, -5.704644158708797 ], [ 106.596162887613318, -5.704645523193621 ], [ 106.596159104751592, -5.70464869872108 ], [ 106.596158384392538, -5.704649370568635 ], [ 106.596154549933388, -5.70465323283459 ], [ 106.59615388264686, -5.704653751425054 ], [ 106.596149375850686, -5.704656305836862 ], [ 106.596146766630923, -5.704657775905551 ], [ 106.596144871071672, -5.704659589755224 ], [ 106.596142621679491, -5.704662308881833 ], [ 106.596140372249678, -5.704665028008545 ], [ 106.596138571720658, -5.704666841594546 ], [ 106.596135869426803, -5.704669019398512 ], [ 106.596133528736985, -5.704671377062387 ], [ 106.596131366791411, -5.704673078614225 ], [ 106.596128150444628, -5.704675913460514 ], [ 106.596126863280787, -5.704676821326951 ], [ 106.596122355968504, -5.704679189208107 ], [ 106.596119173232438, -5.704680459843727 ], [ 106.596117847947582, -5.704681300832864 ], [ 106.596113342866872, -5.704684475790446 ], [ 106.596112699483115, -5.70468499928108 ], [ 106.596108838819049, -5.704688024309781 ], [ 106.596107218006622, -5.704689535965369 ], [ 106.596104336854879, -5.704692326400763 ], [ 106.596102669872764, -5.70469407006012 ], [ 106.596099838465051, -5.704697921175859 ], [ 106.596099356720075, -5.704698600728465 ], [ 106.596096890641348, -5.704703129046647 ], [ 106.59609534283733, -5.704704514900111 ], [ 106.596090836027031, -5.70470706445847 ], [ 106.596089196299332, -5.704707671870317 ], [ 106.596086326368905, -5.704708584125518 ], [ 106.596081817705581, -5.704710463567696 ], [ 106.596078636319788, -5.704712222644397 ], [ 106.596077311696291, -5.704713302865323 ], [ 106.596073882120393, -5.70471675731074 ], [ 106.596072810372817, -5.704717836830078 ], [ 106.596069810681129, -5.704721290082811 ], [ 106.596068310618776, -5.704722938414214 ], [ 106.596066061677945, -5.704725821960301 ], [ 106.59606381396101, -5.704729159809259 ], [ 106.596063039002146, -5.704730351822663 ], [ 106.596060872425113, -5.704734879309863 ], [ 106.596059322178405, -5.704737144371595 ], [ 106.596056673228773, -5.704739412436351 ], [ 106.596054819751416, -5.70474127935401 ], [ 106.596052775361201, -5.704743944726823 ], [ 106.596050322656197, -5.704747342638777 ], [ 106.596048520259956, -5.704748478008385 ], [ 106.596045814228887, -5.704749307606103 ], [ 106.596041302566036, -5.704750102425556 ], [ 106.596036792063757, -5.704751316985457 ], [ 106.596033486668702, -5.704753041193426 ], [ 106.596032284980168, -5.70475376796286 ], [ 106.596027781112156, -5.704757381908972 ], [ 106.596027566706738, -5.704757579093815 ], [ 106.596023476588883, -5.70476211191755 ], [ 106.596023280852421, -5.704762300859924 ], [ 106.596018777920079, -5.704766253249605 ], [ 106.59601817715226, -5.704766648096336 ], [ 106.596014274741279, -5.704770116523989 ], [ 106.596012773074136, -5.704771184565406 ], [ 106.596009771000524, -5.704773776586125 ], [ 106.596007693041287, -5.704775720135441 ], [ 106.596005267679956, -5.704777588639608 ], [ 106.596003223289387, -5.704780254012339 ], [ 106.596000910495135, -5.704784781905142 ], [ 106.59600077509846, -5.704785284677686 ], [ 106.595999926435582, -5.704789306111614 ], [ 106.595998599670551, -5.704793831268862 ], [ 106.595996290839551, -5.704795990755827 ], [ 106.59599215972132, -5.704798370611682 ], [ 106.595991783964934, -5.704798517511368 ], [ 106.595987274814007, -5.704800221014311 ], [ 106.595982765587422, -5.704801897168997 ], [ 106.595980240661348, -5.704802925155121 ], [ 106.595978256914677, -5.704803773644246 ], [ 106.59597374932325, -5.704806041211869 ], [ 106.595971427952762, -5.704807471080497 ], [ 106.595969243688202, -5.704809016363931 ], [ 106.595964736777347, -5.704811530110389 ], [ 106.595963484263919, -5.704812014594886 ], [ 106.595960229697994, -5.704813982930844 ], [ 106.595955973728962, -5.70481655690752 ], [ 106.595955723550816, -5.704816772914869 ], [ 106.595951436579242, -5.704821090971187 ], [ 106.595951222255309, -5.704821317644992 ], [ 106.595948057736209, -5.704825621821412 ], [ 106.595946724850833, -5.704827269688876 ], [ 106.595943015529699, -5.704830157286202 ], [ 106.595942220272704, -5.704830627227287 ], [ 106.595937712153429, -5.704832704032059 ], [ 106.595935235054611, -5.704834700347551 ], [ 106.595933209452738, -5.704836740636844 ], [ 106.59593085195074, -5.70483923398378 ], [ 106.595928707936892, -5.704841205794358 ], [ 106.595924803030954, -5.704843772241324 ], [ 106.595924202217674, -5.704844150705307 ], [ 106.595919697008952, -5.704847280272056 ], [ 106.595918625125535, -5.704848310856661 ], [ 106.595915196550479, -5.704852127932201 ], [ 106.595914521455668, -5.70485284371762 ], [ 106.595910694817277, -5.704856514577375 ], [ 106.595909055803233, -5.70485738035697 ], [ 106.59590618797705, -5.704859054116445 ], [ 106.59590168065634, -5.704861419896641 ], [ 106.595900861335323, -5.704861924566521 ], [ 106.595897174468845, -5.704864195557949 ], [ 106.595894791043136, -5.704866462883167 ], [ 106.59589267165444, -5.704868191228032 ], [ 106.595889590991035, -5.704870998785586 ], [ 106.595888167909919, -5.704871850514522 ], [ 106.595883660072715, -5.704874029556652 ], [ 106.595880278869259, -5.704875546095495 ], [ 106.595879151975055, -5.704876114406246 ], [ 106.595874644919093, -5.704878576042658 ], [ 106.595872110051459, -5.704880090233611 ], [ 106.595870138383958, -5.704881226068592 ], [ 106.595865633515544, -5.70488447895779 ], [ 106.595865408235497, -5.704884630301995 ], [ 106.595861128295041, -5.704887604515708 ], [ 106.595858875714555, -5.704889169900684 ], [ 106.595856624213411, -5.704891142009291 ], [ 106.595853964018261, -5.704893705002978 ], [ 106.59585212177879, -5.704895275241372 ], [ 106.595847614952902, -5.704897820207594 ], [ 106.595846487676937, -5.704898247219846 ], [ 106.595843105813159, -5.704899528270164 ], [ 106.595838600077528, -5.704902467608291 ], [ 106.595838350196942, -5.704902791270706 ], [ 106.595837141574705, -5.704907316100249 ], [ 106.595835456691134, -5.704911842250985 ], [ 106.595834117291531, -5.704913707754861 ], [ 106.595832072904997, -5.704916373114629 ], [ 106.595829617635701, -5.704918846185794 ], [ 106.595826968128748, -5.704920908752434 ], [ 106.595825113379149, -5.704922320580367 ], [ 106.595820606127916, -5.704924711825579 ], [ 106.595818749536861, -5.704925453028153 ], [ 106.595816098964931, -5.704927135005585 ], [ 106.595811592174428, -5.704929692921397 ], [ 106.59581109146076, -5.704929995748892 ], [ 106.595807087875954, -5.704933152233454 ], [ 106.595805775151803, -5.704934531973388 ], [ 106.595803132007546, -5.70493906078238 ], [ 106.59580259376223, -5.704940295398406 ], [ 106.595801213985908, -5.704943587579847 ], [ 106.595798098025881, -5.704946851692466 ], [ 106.595796521691554, -5.704948122073264 ], [ 106.595793592212004, -5.704949762958265 ], [ 106.595789607193467, -5.704952662731128 ], [ 106.595789087506716, -5.704953075212542 ], [ 106.59578458387071, -5.70495677425769 ], [ 106.595783940215881, -5.704957199928289 ], [ 106.595780077643226, -5.704959535975489 ], [ 106.595777132366919, -5.70496174029021 ], [ 106.595775573295839, -5.704962977747515 ], [ 106.595772087807617, -5.704966275760706 ], [ 106.595771071132347, -5.704967209468792 ], [ 106.595766567247509, -5.704970812551606 ], [ 106.595766567230839, -5.704970812567249 ], [ 106.59576206504066, -5.704975034685434 ], [ 106.595761718677551, -5.70497534747838 ], [ 106.595757564074631, -5.704979699616866 ], [ 106.595757384017389, -5.704979880979556 ], [ 106.595753063264524, -5.704984414442138 ], [ 106.595753063246519, -5.704984414459571 ], [ 106.595748561935579, -5.704988948405621 ], [ 106.595748561918285, -5.7049889484245 ], [ 106.59574405902741, -5.704992917193351 ], [ 106.595743214253787, -5.704993484716844 ], [ 106.595739556917763, -5.704997168568898 ], [ 106.595738914434733, -5.704998018121306 ], [ 106.595735419047614, -5.705002549294295 ], [ 106.595735059495595, -5.7050031154864 ], [ 106.595730552698242, -5.705005671301985 ], [ 106.595726040275906, -5.705006192497851 ], [ 106.595723785936798, -5.705007103040901 ], [ 106.595721530732931, -5.705007755216112 ], [ 106.595717022856661, -5.705009920812752 ], [ 106.595715021477773, -5.705011648829895 ], [ 106.595712519742222, -5.705013808861619 ], [ 106.5957101619111, -5.705016183786939 ], [ 106.595708018413404, -5.70501834282493 ], [ 106.595705660582254, -5.705020717750243 ], [ 106.595704609440148, -5.705022981404515 ] ] ] } },
{ "type": "Feature", "properties": { "fid": 24.0, "ID": 23, "ELEV": -31.0 }, "geometry": { "type": "MultiLineString", "coordinates": [ [ [ 106.59720213093145, -5.705027114826337 ], [ 106.59720513597793, -5.705025599324848 ], [ 106.597206637458513, -5.705024464787513 ], [ 106.597208884912277, -5.705021067442098 ], [ 106.597211129313322, -5.705016539736726 ], [ 106.597211129388242, -5.705016539623496 ], [ 106.597214126093817, -5.705012009942346 ], [ 106.597215622361148, -5.705008991472092 ], [ 106.597216520955641, -5.705007481819213 ], [ 106.597215605680148, -5.705002963338852 ], [ 106.597215605528447, -5.705002962887218 ], [ 106.597211085597948, -5.70500071477544 ], [ 106.597206565516942, -5.704998466626338 ], [ 106.597202055861842, -5.704999986192337 ], [ 106.597197550603212, -5.705003013017047 ], [ 106.597197550378795, -5.705003013469725 ], [ 106.597196434432746, -5.705007537589848 ], [ 106.597196446944295, -5.705012059028863 ], [ 106.597196459455844, -5.705016580467875 ], [ 106.597195794893594, -5.705021103786789 ], [ 106.597197612934764, -5.705025619986684 ], [ 106.597197613161043, -5.705025620212099 ], [ 106.59720213093145, -5.705027114826337 ] ] ] } },
{ "type": "Feature", "properties": { "fid": 25.0, "ID": 24, "ELEV": -11.0 }, "geometry": { "type": "MultiLineString", "coordinates": [ [ [ 106.596334616601396, -5.704505785247981 ], [ 106.596335162553203, -5.704508044470941 ], [ 106.596335175056893, -5.704512565911939 ], [ 106.596334049713548, -5.704513699416903 ], [ 106.596330673737143, -5.704517099877739 ], [ 106.596329550269388, -5.704518911619863 ], [ 106.596328516130114, -5.704521627340286 ], [ 106.596326481875579, -5.704526154460562 ], [ 106.596325061810376, -5.704528096184999 ], [ 106.596322944806005, -5.704530685750782 ], [ 106.596320562633878, -5.704533405240402 ], [ 106.596319142211385, -5.704535217777761 ], [ 106.596316062366796, -5.70453831995887 ], [ 106.596314373628076, -5.704539752485105 ], [ 106.596311559072475, -5.704542140021236 ], [ 106.596309308108431, -5.704544288016349 ], [ 106.596307057791023, -5.70454668798583 ], [ 106.596305258145534, -5.704548820729673 ], [ 106.596302556996136, -5.704551411922133 ], [ 106.596300796076733, -5.704553354586464 ], [ 106.596298055263645, -5.704555796836095 ], [ 106.596295894401095, -5.704557889663027 ], [ 106.596293552136231, -5.704559677351555 ], [ 106.596289260839058, -5.704562429545057 ], [ 106.59628904628093, -5.704562571439459 ], [ 106.596284540536317, -5.704565505574138 ], [ 106.596282395121904, -5.704566970071199 ], [ 106.596280035488377, -5.704568691655894 ], [ 106.596276174251244, -5.704571508808039 ], [ 106.596275530718557, -5.704571978328426 ], [ 106.596271027104123, -5.704575682839248 ], [ 106.596270727176119, -5.704576045397799 ], [ 106.59626680890355, -5.704580577745591 ], [ 106.596266527565135, -5.70458086112435 ], [ 106.596262307582734, -5.704585111711144 ], [ 106.596262026088013, -5.704585338570848 ], [ 106.596257520935964, -5.704588487112184 ], [ 106.596255967644694, -5.704589650778233 ], [ 106.596253016256753, -5.704591806665688 ], [ 106.596250060620449, -5.704594188644093 ], [ 106.596248512817141, -5.704595574497791 ], [ 106.596244759982071, -5.704598724827405 ], [ 106.596244009461813, -5.704599372836726 ], [ 106.596239505312553, -5.704602884096475 ], [ 106.59623898553177, -5.704603262325351 ], [ 106.596235002446377, -5.704606859368438 ], [ 106.596233715360356, -5.704607798424074 ], [ 106.596230498422187, -5.704610415894327 ], [ 106.596228021113888, -5.704612335699422 ], [ 106.596225993638441, -5.70461369776912 ], [ 106.596221881080709, -5.704616874211627 ], [ 106.596221489459197, -5.704617198267393 ], [ 106.596216986244357, -5.704621047542497 ], [ 106.596216626130385, -5.704621410268028 ], [ 106.596212659535524, -5.704625942749725 ], [ 106.596212486491396, -5.70462614875594 ], [ 106.59620885264718, -5.704630474788288 ], [ 106.596207987891702, -5.704631667050924 ], [ 106.596204279829593, -5.704635008951988 ], [ 106.596203484668948, -5.704635513540905 ], [ 106.596198976540038, -5.704637585835705 ], [ 106.596195069988028, -5.704639555981505 ], [ 106.596194468939899, -5.704639849363565 ], [ 106.596189963477286, -5.704642885900912 ], [ 106.59618867714714, -5.704644095194938 ], [ 106.596185461321781, -5.704647118430017 ], [ 106.59618320859957, -5.704648631843815 ], [ 106.596180954790299, -5.704649768468856 ], [ 106.596176446174937, -5.704651664923936 ], [ 106.596173742047583, -5.704653179585354 ], [ 106.596171940518516, -5.704654631454741 ], [ 106.596168751723241, -5.704657714907291 ], [ 106.596167439571389, -5.704659301059149 ], [ 106.596164653423614, -5.704662247754245 ], [ 106.596162937874055, -5.704663699385063 ], [ 106.596158683324248, -5.704666785794565 ], [ 106.596158433176029, -5.704667012567805 ], [ 106.596155487726023, -5.704671316136912 ], [ 106.596153937182123, -5.704673473530605 ], [ 106.596151874899107, -5.704675847636869 ], [ 106.596149434183218, -5.704677401230361 ], [ 106.59614492580512, -5.704679383620887 ], [ 106.596143123053409, -5.704680393395118 ], [ 106.596140420314995, -5.704682410440594 ], [ 106.596137349650988, -5.704684930889573 ], [ 106.596135916936333, -5.704686200872434 ], [ 106.59613164968745, -5.704689468180236 ], [ 106.596131412576, -5.704689636303734 ], [ 106.596126907143599, -5.704692684055138 ], [ 106.596125247805446, -5.704694007418333 ], [ 106.596122402965989, -5.704696185617774 ], [ 106.596119615192478, -5.704698544522063 ], [ 106.596117898975876, -5.704699755008718 ], [ 106.596113391732217, -5.704702147780564 ], [ 106.596111889702485, -5.704703087432392 ], [ 106.596108885333138, -5.704704846018099 ], [ 106.596105830046724, -5.704707625720858 ], [ 106.596104382296005, -5.704708760106628 ], [ 106.596099877291579, -5.704711962753933 ], [ 106.596099543482723, -5.704712164638833 ], [ 106.596095372246921, -5.704715150866197 ], [ 106.596093119628591, -5.704716703937669 ], [ 106.596090868949616, -5.704718970937527 ], [ 106.596088779492106, -5.704721237455318 ], [ 106.596086370751749, -5.704724635239978 ], [ 106.596085537981907, -5.704725767924884 ], [ 106.596082053111033, -5.704730299069635 ], [ 106.596081873289307, -5.704730565543691 ], [ 106.596078875838927, -5.704734829360967 ], [ 106.596078089019073, -5.704739353020162 ], [ 106.596077394150996, -5.704743122832889 ], [ 106.596077277447165, -5.704743876748029 ], [ 106.596075235411305, -5.704748403889734 ], [ 106.596072970106704, -5.704752931650884 ], [ 106.596072907704027, -5.704753036976948 ], [ 106.596069534547922, -5.704757462658812 ], [ 106.596068409107289, -5.704758557174901 ], [ 106.596063899440736, -5.704760073958935 ], [ 106.596059383795691, -5.704759428597989 ], [ 106.596054868021326, -5.704758736479663 ], [ 106.59605035734927, -5.704759889641881 ], [ 106.596045848448057, -5.704761683246828 ], [ 106.596045003126079, -5.704762052195111 ], [ 106.596041341440198, -5.704764161614716 ], [ 106.596038744006606, -5.704766591036567 ], [ 106.596036840860208, -5.704768964701131 ], [ 106.596035175022536, -5.704771122414558 ], [ 106.596032340316128, -5.704773780801212 ], [ 106.59602999044715, -5.704775658274783 ], [ 106.596027835830441, -5.704777171406889 ], [ 106.596024923451751, -5.704780193808771 ], [ 106.596023334884975, -5.704781842388048 ], [ 106.596020380638876, -5.70478472788847 ], [ 106.596018832139904, -5.704785862551192 ], [ 106.596014325250621, -5.70478838392579 ], [ 106.596012823081239, -5.704789270332087 ], [ 106.596009820316226, -5.704791612329786 ], [ 106.59600825177651, -5.704793804490782 ], [ 106.596005325050683, -5.704798334086856 ], [ 106.596005325040906, -5.704798334100189 ], [ 106.596000823729469, -5.704802868051369 ], [ 106.596000823716224, -5.704802868060821 ], [ 106.595996314792373, -5.704804653686122 ], [ 106.595991804993062, -5.704806122698196 ], [ 106.595987294766672, -5.704807427061355 ], [ 106.595987294738492, -5.704807427072198 ], [ 106.595982788100372, -5.704810039410439 ], [ 106.595980052872179, -5.704811968628946 ], [ 106.595978284876139, -5.704813886465581 ], [ 106.595975348290267, -5.704816503157248 ], [ 106.595973782429184, -5.704818014660198 ], [ 106.595970781545788, -5.704821037303129 ], [ 106.595969281937514, -5.704822850054033 ], [ 106.595967421649618, -5.704825568100863 ], [ 106.595964786238028, -5.704829418672603 ], [ 106.595964143286722, -5.704830098672397 ], [ 106.595960282323176, -5.704833016045 ], [ 106.595957911087297, -5.70483463743866 ], [ 106.595955776840967, -5.70483604657903 ], [ 106.595952313294546, -5.704839174444875 ], [ 106.59595127405548, -5.704840052457413 ], [ 106.595946767368886, -5.704842647431838 ], [ 106.595945050759241, -5.704843716069469 ], [ 106.595942262984224, -5.704846074973288 ], [ 106.595940521695695, -5.704848250110696 ], [ 106.595937767034215, -5.704852553150075 ], [ 106.595937622048837, -5.704852779631517 ], [ 106.595935450441686, -5.704857307132581 ], [ 106.595933275709612, -5.704860704267797 ], [ 106.595931666751682, -5.704861839105944 ], [ 106.595928768523905, -5.704863118814937 ], [ 106.595924258603461, -5.704864544281147 ], [ 106.595920072277821, -5.704866392748142 ], [ 106.595919750271719, -5.704866544360699 ], [ 106.595915246445543, -5.704870174030748 ], [ 106.595914543242344, -5.704870929563402 ], [ 106.59591074462935, -5.704874530690328 ], [ 106.595909759806773, -5.704875464310191 ], [ 106.595906241822632, -5.704878529122456 ], [ 106.595904079242047, -5.704880001545769 ], [ 106.595901736216845, -5.704881515204627 ], [ 106.595897226935406, -5.704883171881974 ], [ 106.595892716493054, -5.704884408687495 ], [ 106.595892215349323, -5.704884555934985 ], [ 106.595888206402606, -5.704885772781664 ], [ 106.595883699156232, -5.704888165552367 ], [ 106.595882276317525, -5.704889104984137 ], [ 106.595879193157629, -5.704891009639513 ], [ 106.595874686210024, -5.704893510499287 ], [ 106.595874449014218, -5.704893648174918 ], [ 106.595870180797704, -5.704896566676934 ], [ 106.59586830449939, -5.704898186697334 ], [ 106.595865678435359, -5.704900726015535 ], [ 106.595863615102616, -5.70490272118302 ], [ 106.595861175912191, -5.70490482721053 ], [ 106.595857619062201, -5.704907259293482 ], [ 106.595856670210168, -5.704907778664849 ], [ 106.595852163422208, -5.704910337360312 ], [ 106.595850115709567, -5.704911801585368 ], [ 106.595847664342017, -5.704915683923989 ], [ 106.59584713507742, -5.704916331330671 ], [ 106.595843164857399, -5.704920863821195 ], [ 106.595843164801082, -5.704920863856134 ], [ 106.595838658711813, -5.704923675333059 ], [ 106.595836762912555, -5.704925403057558 ], [ 106.595834155375712, -5.704927482630127 ], [ 106.595831717152393, -5.704929938531698 ], [ 106.595829655556344, -5.704932561945416 ], [ 106.595828495960106, -5.704934468944304 ], [ 106.595826116967288, -5.704938997020573 ], [ 106.595825164098088, -5.704940665467558 ], [ 106.595823165845744, -5.704943526683973 ], [ 106.595820665110125, -5.704946045550978 ], [ 106.595817962369182, -5.704948062595582 ], [ 106.595816160684322, -5.704949458814649 ], [ 106.595812783972065, -5.704952598437592 ], [ 106.595811657716567, -5.704953399474792 ], [ 106.595807150909152, -5.704955951348463 ], [ 106.595803844044426, -5.70495714471429 ], [ 106.595802641637121, -5.704957611790189 ], [ 106.595798134481782, -5.704960037857504 ], [ 106.595796055725955, -5.70496168779627 ], [ 106.59579363315413, -5.704964571823563 ], [ 106.595791737138128, -5.704966221253018 ], [ 106.595789128613106, -5.704967943526966 ], [ 106.59578462129376, -5.704970310326054 ], [ 106.595784007025316, -5.70497076417343 ], [ 106.595780118611685, -5.704974354457987 ], [ 106.595779253169496, -5.704975298837575 ], [ 106.595775619904117, -5.704979830393163 ], [ 106.595775619888059, -5.704979830412038 ], [ 106.595771465785219, -5.704984363393598 ], [ 106.595771119601721, -5.704984741151143 ], [ 106.595767158886531, -5.704988896817834 ], [ 106.595766618620857, -5.704989400699302 ], [ 106.595762115922611, -5.704993432283901 ], [ 106.595762115903852, -5.70499343229955 ], [ 106.595757612343405, -5.704997158843266 ], [ 106.595756778679657, -5.704997968566272 ], [ 106.59575310934099, -5.705001087257818 ], [ 106.595751501163505, -5.705002504682936 ], [ 106.595748604776006, -5.705004450496217 ], [ 106.59574542569149, -5.705007043013088 ], [ 106.595744101996686, -5.705008459649047 ], [ 106.595742305057527, -5.705011573146559 ], [ 106.595739608220384, -5.705015725317672 ], [ 106.595739278984723, -5.705016103017718 ], [ 106.595735105539859, -5.705019770255943 ], [ 106.595731982972595, -5.705020644733537 ], [ 106.595730596278699, -5.705021434924809 ], [ 106.59572609199482, -5.70502489995275 ], [ 106.595725867079267, -5.705025183175703 ], [ 106.595721817144153, -5.705029715886969 ], [ 106.595721591968186, -5.705029904910956 ], [ 106.595717088868483, -5.705033798323575 ], [ 106.595714832534426, -5.705034014511907 ] ] ] } },
{ "type": "Feature", "properties": { "fid": 26.0, "ID": 25, "ELEV": -12.0 }, "geometry": { "type": "MultiLineString", "coordinates": [ [ [ 106.59683623059378, -5.704110895687968 ], [ 106.596835908528888, -5.704111025770008 ], [ 106.596833977614892, -5.70411232298346 ], [ 106.596833227995688, -5.70411329394701 ], [ 106.596830889557623, -5.704117821911881 ], [ 106.596829485235872, -5.704120086592036 ], [ 106.596828303640734, -5.70412235056361 ], [ 106.596824986885267, -5.704125691380788 ], [ 106.596820474083231, -5.70412607168417 ], [ 106.596815961037038, -5.704126363722173 ], [ 106.596814920897387, -5.70412690918113 ], [ 106.596811453528701, -5.704128657838351 ], [ 106.596806946942436, -5.704131285321264 ], [ 106.596806600181125, -5.704131453749248 ], [ 106.59680243800031, -5.704133061113344 ], [ 106.596797931856415, -5.704135848562846 ], [ 106.596797758661054, -5.704135999762715 ], [ 106.596793428875898, -5.704139779672776 ], [ 106.596792528192964, -5.70414053575404 ], [ 106.596788922957757, -5.704142648772629 ], [ 106.59678508454229, -5.704145077887752 ], [ 106.59678441677157, -5.704145420984298 ], [ 106.596779913993402, -5.704149425313815 ], [ 106.596779603210464, -5.704149614575249 ], [ 106.5967754087347, -5.704152532883212 ], [ 106.596772335595162, -5.704154156220292 ], [ 106.596770902748673, -5.704155377515177 ], [ 106.596767735497465, -5.704158690461984 ], [ 106.596766402832529, -5.704160416625232 ], [ 106.596763743318292, -5.704163223016478 ], [ 106.596761901648534, -5.704164997399688 ], [ 106.596758749591515, -5.704167758350594 ], [ 106.596757399014521, -5.70416905395765 ], [ 106.596754330341312, -5.704172292090325 ], [ 106.596752897370038, -5.704173468298555 ], [ 106.596748388501538, -5.704175270920307 ], [ 106.596743877380447, -5.704176259160769 ], [ 106.596742675306928, -5.704176845911664 ], [ 106.596739369611896, -5.704178459478068 ], [ 106.596735905517548, -5.704181386174791 ], [ 106.596734866205324, -5.704182236839949 ], [ 106.596730361075231, -5.704185391099686 ], [ 106.59672941226745, -5.704185925670391 ], [ 106.596725856230137, -5.704188648417472 ], [ 106.596723711786652, -5.704190462965781 ], [ 106.596721353963275, -5.704192837893209 ], [ 106.596719479158693, -5.704194996187435 ], [ 106.596716854852644, -5.704198168498744 ], [ 106.596715730144936, -5.70419952806691 ], [ 106.596712357308348, -5.704204058902381 ], [ 106.596712357290357, -5.704204058925034 ], [ 106.596709026222797, -5.704208589621977 ], [ 106.596707859477704, -5.704209858867471 ], [ 106.5967044831213, -5.704213123705234 ], [ 106.59670335734161, -5.704214095721463 ], [ 106.596698851560816, -5.704217014884243 ], [ 106.596698101043984, -5.704217662892107 ], [ 106.596694348459806, -5.704220902931442 ], [ 106.596693348961722, -5.704222197555294 ], [ 106.596690545156548, -5.704226726811514 ], [ 106.596689854470156, -5.704228085175144 ], [ 106.596688358614017, -5.704231254354675 ], [ 106.596685356854096, -5.70423395633132 ], [ 106.596681277986576, -5.7042357954801 ], [ 106.596680848579581, -5.704235973988532 ], [ 106.596676337648589, -5.704237031212836 ], [ 106.596671830637973, -5.704239505861691 ], [ 106.596670807082887, -5.704240346014242 ], [ 106.596667331657827, -5.704244877134313 ], [ 106.596667331639125, -5.704244877175464 ], [ 106.596665505183125, -5.704249403678187 ], [ 106.596664798819234, -5.704253927113514 ], [ 106.596663583372901, -5.704258451961657 ], [ 106.596662857230314, -5.704259139051599 ], [ 106.596658351042905, -5.704261911411926 ], [ 106.596653839365985, -5.704262699049233 ], [ 106.596649326529359, -5.704263013002355 ], [ 106.596649326378952, -5.704263013016903 ], [ 106.596644816995578, -5.704264629909304 ], [ 106.596640310863904, -5.704267422480004 ], [ 106.596640130685913, -5.704267559997595 ], [ 106.596635805320247, -5.704270427666134 ], [ 106.596633553033243, -5.70427209972681 ], [ 106.596631300969918, -5.704273864329411 ], [ 106.596628695345032, -5.704276634682793 ], [ 106.59662679955521, -5.704278362408663 ], [ 106.596622290349373, -5.704280043564 ], [ 106.59661777652839, -5.704280056087841 ], [ 106.596614770440738, -5.704281194801645 ], [ 106.59661326767278, -5.704281863897084 ], [ 106.596608763556105, -5.704285385133265 ], [ 106.59660826297177, -5.704285734335895 ], [ 106.596604261812828, -5.704289764517995 ], [ 106.596603971981793, -5.704290267719088 ], [ 106.596601696379551, -5.704294795509319 ], [ 106.596599769702337, -5.704297626773559 ], [ 106.596598783550988, -5.704299325067931 ], [ 106.596595272696973, -5.704303719268562 ], [ 106.596595186269766, -5.704303856525978 ], [ 106.596592202973383, -5.704308386280139 ], [ 106.59659077668627, -5.70431017142741 ], [ 106.596588408572771, -5.704312918285202 ], [ 106.596586276875186, -5.704315249532399 ], [ 106.596582794998966, -5.704317455338654 ], [ 106.59658177128388, -5.704318237747336 ], [ 106.596577264060059, -5.704320635718759 ], [ 106.596575236586602, -5.704321997789187 ], [ 106.596572758575419, -5.704323662539176 ], [ 106.59656919305786, -5.704326536035724 ], [ 106.596568254690865, -5.704327267911763 ], [ 106.596563749504924, -5.704330402768466 ], [ 106.596563056924722, -5.704331074539207 ], [ 106.59655989487274, -5.704335604789364 ], [ 106.596559252983468, -5.704336670445683 ], [ 106.596556328556744, -5.704340136161379 ], [ 106.596554752091308, -5.704341357854527 ], [ 106.596550244906965, -5.704343770218339 ], [ 106.596547539106396, -5.704344682027902 ], [ 106.596545735311167, -5.704345310684784 ], [ 106.596541226910375, -5.704347283244716 ], [ 106.596538381431316, -5.704349228916166 ], [ 106.596536721574154, -5.704350363887301 ], [ 106.596532422309295, -5.704353766928238 ], [ 106.596532217726619, -5.704353982809199 ], [ 106.59652900547762, -5.704358297885348 ], [ 106.596527722066753, -5.704360562212763 ], [ 106.596526339453419, -5.70436282675894 ], [ 106.59652360316143, -5.704367355827525 ], [ 106.59652322847333, -5.70436788881751 ], [ 106.596519007805682, -5.70437189005505 ], [ 106.596518726280578, -5.704372106149525 ], [ 106.596514221986098, -5.704375563578681 ], [ 106.596513095912471, -5.704376427935966 ], [ 106.59650971804885, -5.704379150194772 ], [ 106.596507716912967, -5.704380964338064 ], [ 106.596505214912753, -5.704383026502533 ], [ 106.596502212526772, -5.704385501088081 ], [ 106.596500711173547, -5.704386684775337 ], [ 106.596496883661985, -5.704390037350999 ], [ 106.596496208225105, -5.704390628978903 ], [ 106.596492457580297, -5.704394571108681 ], [ 106.5964917072004, -5.704395268801298 ], [ 106.596487745612933, -5.704399105659676 ], [ 106.596487205401914, -5.704399628864249 ], [ 106.596483223463949, -5.704403639683911 ], [ 106.596482704346656, -5.704404257685703 ], [ 106.59647820134758, -5.704408175095522 ], [ 106.596478201323904, -5.704408175123851 ], [ 106.596474201552539, -5.704412707670209 ], [ 106.596473701093473, -5.70441310223888 ], [ 106.596469920899182, -5.704417241024254 ], [ 106.596469200772376, -5.704417996601815 ], [ 106.596465987033966, -5.704421773415967 ], [ 106.59646470121794, -5.70442316820469 ], [ 106.596460194327719, -5.704425687314573 ], [ 106.596459336277732, -5.704426313346888 ], [ 106.596455689821994, -5.704429068650942 ], [ 106.596454352790985, -5.704430848651199 ], [ 106.596451656371684, -5.704435377609033 ], [ 106.596451195500435, -5.704436132467167 ], [ 106.596448470272733, -5.704439907925693 ], [ 106.596446698871446, -5.704442361978232 ], [ 106.596444545820333, -5.704444440291224 ], [ 106.596442197032218, -5.704446707565496 ], [ 106.596439494990761, -5.704448975782349 ], [ 106.596437693629795, -5.704450487939464 ], [ 106.596434090907849, -5.7044535122537 ], [ 106.596433189929641, -5.704454160678899 ], [ 106.596428685435512, -5.70445754634626 ], [ 106.596428009756835, -5.70445805060382 ], [ 106.59642417964497, -5.704460463269227 ], [ 106.596420423983332, -5.704462593129068 ], [ 106.596419672977035, -5.70446306294778 ], [ 106.596415167479265, -5.704466085766997 ], [ 106.596413816213698, -5.704467132940403 ], [ 106.59641066415324, -5.704469893890301 ], [ 106.596408734547708, -5.704471668516945 ], [ 106.596406162043678, -5.704474141909356 ], [ 106.596403792028724, -5.704476203707348 ], [ 106.596401659019762, -5.704478059321607 ], [ 106.596398872135225, -5.704480738834949 ], [ 106.596397156432943, -5.704482134816477 ], [ 106.596393632534088, -5.704485274849668 ], [ 106.596392653499464, -5.704486084976542 ], [ 106.596388338028007, -5.704489811016717 ], [ 106.59638815046857, -5.704489999936469 ], [ 106.596383648084796, -5.704494148916196 ], [ 106.59638336650778, -5.704494346287505 ], [ 106.596379145838199, -5.704498347524531 ], [ 106.596378616259358, -5.704498880944276 ], [ 106.59637464451896, -5.704502881490549 ], [ 106.59637408175206, -5.704503415002383 ], [ 106.596370141892095, -5.704506942640728 ], [ 106.596368940982615, -5.704507950742745 ], [ 106.596365637724574, -5.704510446714902 ], [ 106.596362935063098, -5.704512488883715 ], [ 106.59636113347662, -5.704513921723168 ], [ 106.596358474773524, -5.70451702273582 ], [ 106.596356633567325, -5.704518965623025 ], [ 106.596354285671623, -5.704521555835418 ], [ 106.596352131631775, -5.704523276849817 ], [ 106.596347624229608, -5.704525611355275 ], [ 106.596346829019652, -5.70452609800179 ], [ 106.596343119356803, -5.70452886049872 ], [ 106.596341189750859, -5.704530635125248 ], [ 106.596338617928296, -5.704533355146918 ], [ 106.596337234063569, -5.704535167577108 ], [ 106.596334282821246, -5.704539697241845 ], [ 106.596334122205405, -5.704539913000773 ], [ 106.596330523058242, -5.704544229150042 ], [ 106.596329623008259, -5.704545214578613 ], [ 106.596325939663501, -5.704548763343619 ], [ 106.596325122304378, -5.704549971340372 ], [ 106.596322373024577, -5.704553294715921 ], [ 106.596320623485042, -5.704555409588649 ], [ 106.596318222777157, -5.704557827707588 ], [ 106.596316121192402, -5.704559591889314 ], [ 106.596311991170623, -5.704562366474501 ], [ 106.596311615530666, -5.704562555916118 ], [ 106.596307109688254, -5.704565454624266 ], [ 106.596305107550748, -5.704566907050542 ], [ 106.596302605819588, -5.704569067083706 ], [ 106.596300247992886, -5.704571442010296 ], [ 106.596298104499169, -5.704573601049439 ], [ 106.596295190349409, -5.704575977519664 ], [ 106.596293600110073, -5.704577025356003 ], [ 106.596289093018655, -5.704579472489988 ], [ 106.596287290368736, -5.704580520915695 ], [ 106.596284585960419, -5.704581931638853 ], [ 106.596280080296296, -5.704584894931739 ], [ 106.596279855062789, -5.704585063022317 ], [ 106.596275576072372, -5.704588379052551 ], [ 106.5962739996056, -5.704589600745273 ], [ 106.596271072387182, -5.704592058004637 ], [ 106.596268464853623, -5.704594137578339 ], [ 106.596266568294737, -5.704595589711584 ], [ 106.596262061633126, -5.704598192381109 ], [ 106.596261418146597, -5.704598678606566 ], [ 106.596257559378472, -5.704602388704511 ], [ 106.596256839440599, -5.704603212786843 ], [ 106.59625305924348, -5.704607351571549 ], [ 106.596252630432957, -5.704607745941313 ], [ 106.596248556404788, -5.704611336742617 ], [ 106.596247618625071, -5.704612281323271 ], [ 106.596244056497639, -5.704616382056311 ], [ 106.596243665173844, -5.704616813768628 ], [ 106.596239555279936, -5.704620953468091 ], [ 106.596239025317104, -5.704621348118511 ], [ 106.596235051067595, -5.70462444197191 ], [ 106.596233080254351, -5.704625886089862 ], [ 106.596230546113858, -5.704627662393563 ], [ 106.59622704296936, -5.704630424317058 ], [ 106.596226041823442, -5.704631122705281 ], [ 106.596221538115273, -5.704634793601293 ], [ 106.596221377367058, -5.704634961512937 ], [ 106.596217338185127, -5.70463949419608 ], [ 106.596217038038233, -5.704639777627015 ], [ 106.596213180768984, -5.704644027207267 ], [ 106.596212537888732, -5.704644735472893 ], [ 106.59620819582473, -5.704648562514512 ], [ 106.596208035076501, -5.704648730426152 ], [ 106.596203530273669, -5.704652005549416 ], [ 106.596201102783283, -5.704653103670869 ], [ 106.596199021811103, -5.704653957225688 ], [ 106.596194513233016, -5.704655867139896 ], [ 106.596191414896992, -5.704657652026795 ], [ 106.596190006552661, -5.704658463344635 ], [ 106.596185499756487, -5.70466101768327 ], [ 106.59618384001341, -5.704662194519918 ], [ 106.596180995696258, -5.704664561445096 ], [ 106.596178637299161, -5.704666730431232 ], [ 106.596176492852024, -5.704668544978448 ], [ 106.596173276201753, -5.704671266781963 ], [ 106.596171989307095, -5.704672275130309 ], [ 106.596167484372856, -5.704675502889316 ], [ 106.596167150841893, -5.704675805253154 ], [ 106.596162982159527, -5.704679714644054 ], [ 106.596162339051872, -5.704680340079746 ], [ 106.596158478884334, -5.704683542415637 ], [ 106.596156677024652, -5.704684877265336 ], [ 106.596153975203322, -5.704687223450518 ], [ 106.59615123369251, -5.704689413844116 ], [ 106.596149471741739, -5.704690983860307 ], [ 106.596145643159687, -5.704693950831282 ], [ 106.596144967301214, -5.704694390265521 ], [ 106.596140463205771, -5.704697921494747 ], [ 106.596139770335199, -5.704698488601638 ], [ 106.596135960111837, -5.704701814924217 ], [ 106.596134243895278, -5.704703025410914 ], [ 106.596131454400862, -5.704704761950811 ], [ 106.596126947959704, -5.704707444924727 ], [ 106.596126752040263, -5.704707567673204 ], [ 106.596122442330895, -5.70471042170153 ], [ 106.596119895685277, -5.70471210817224 ], [ 106.596117938150201, -5.704713922200749 ], [ 106.596114868041582, -5.704716643597499 ], [ 106.596113435631224, -5.70471802366987 ], [ 106.59610983326813, -5.704721179042518 ], [ 106.596108932776175, -5.704722003625706 ], [ 106.5961044292049, -5.704725715512098 ], [ 106.596104429179888, -5.704725715535968 ], [ 106.596099927880303, -5.704730249477034 ], [ 106.596099927856613, -5.704730249502214 ], [ 106.596095664107764, -5.704734782782878 ], [ 106.596095427158346, -5.704735009519487 ], [ 106.596090924746733, -5.704739149942568 ], [ 106.596090799823102, -5.704739317754799 ], [ 106.596087050807895, -5.704743849632444 ], [ 106.596086425449101, -5.704744416553342 ], [ 106.59608321222855, -5.704748381758571 ], [ 106.596081926209266, -5.704749704092325 ], [ 106.596079499031362, -5.704752913536824 ], [ 106.596077429120982, -5.704755769774922 ], [ 106.59607641060704, -5.704757443581677 ], [ 106.596073169985445, -5.704761974048786 ], [ 106.59607293316779, -5.70476224599198 ], [ 106.59606842919959, -5.704765823604043 ], [ 106.596066550331528, -5.704766513890763 ], [ 106.59606392083991, -5.704767813037686 ], [ 106.596059410494306, -5.704769084276847 ], [ 106.596055152891324, -5.704771066988221 ], [ 106.596054902549, -5.704771223599335 ], [ 106.596050397345024, -5.704774354355515 ], [ 106.596048595263426, -5.704775606657972 ], [ 106.596045891380214, -5.70477720997253 ], [ 106.59604138460179, -5.704779771352741 ], [ 106.596040770125413, -5.70478014984424 ], [ 106.596036878237356, -5.70478248247658 ], [ 106.596033875101924, -5.704784690449944 ], [ 106.596032375181423, -5.704786390169396 ], [ 106.596030126097034, -5.704789222327389 ], [ 106.596027876669993, -5.704791941447019 ], [ 106.596025505970331, -5.704793756621633 ], [ 106.596023371862941, -5.704795215877952 ], [ 106.596018866088883, -5.704798140602815 ], [ 106.596018670262609, -5.704798297062671 ], [ 106.596014364651893, -5.704802633894283 ], [ 106.596014209542687, -5.704802830914617 ], [ 106.596010051951438, -5.704807363925564 ], [ 106.596009864228066, -5.704807493634236 ], [ 106.596005357894356, -5.704810216017829 ], [ 106.596001923444177, -5.70481190795315 ], [ 106.596000850613891, -5.70481259600448 ], [ 106.595996344660136, -5.704815455837313 ], [ 106.595994684409732, -5.704816449512973 ], [ 106.595991841902773, -5.70481947170861 ], [ 106.595990912168205, -5.704820981454765 ], [ 106.595988434284848, -5.704825509805593 ], [ 106.595987349120648, -5.704827095327536 ], [ 106.595984562971154, -5.70483004202223 ], [ 106.595982847587308, -5.704831553940032 ], [ 106.595979054799727, -5.704834578779996 ], [ 106.595978343799771, -5.704835197313923 ], [ 106.595974456288133, -5.70483911301407 ], [ 106.595973842555779, -5.704839760636084 ], [ 106.595970320712979, -5.704843645963805 ], [ 106.5959693429173, -5.704844904644824 ], [ 106.595966091962808, -5.704848179172021 ], [ 106.595965392275318, -5.704852702589601 ], [ 106.595966173588806, -5.704857221898457 ], [ 106.595965026088294, -5.704861746558403 ], [ 106.595964875879176, -5.704861839252318 ], [ 106.595960363512958, -5.70486238008671 ], [ 106.59595584867769, -5.704862027949615 ], [ 106.595952462626727, -5.704861781412963 ], [ 106.595951333752382, -5.704861643245676 ], [ 106.595950581826614, -5.704861786630807 ], [ 106.595946821769715, -5.704862322816903 ], [ 106.595942316338636, -5.704865371940793 ], [ 106.595941508818612, -5.704866333278168 ], [ 106.595937817676628, -5.70487086499482 ], [ 106.59593781766479, -5.704870865008985 ], [ 106.595933315875968, -5.704875231494779 ], [ 106.595933142726452, -5.704875399440786 ], [ 106.595929661359975, -5.70487993057545 ], [ 106.595928816888389, -5.70488061114346 ], [ 106.595924307124079, -5.704882093128014 ], [ 106.595919795573877, -5.704882929200364 ], [ 106.59591528607038, -5.704884491932298 ], [ 106.595915286032806, -5.704884491948555 ], [ 106.595910779060986, -5.704886983952854 ], [ 106.595907625031884, -5.704889034662185 ], [ 106.595906273657448, -5.704890043189073 ], [ 106.595902162068086, -5.704893571294114 ], [ 106.595901770514871, -5.704893920193912 ], [ 106.595897267300941, -5.704897771418445 ], [ 106.595896703988458, -5.704898107912466 ], [ 106.595892760233411, -5.704900228879422 ], [ 106.595888252180231, -5.704902329866715 ], [ 106.595887350290482, -5.704902655337932 ], [ 106.595883743092188, -5.704904056565936 ], [ 106.595879235034374, -5.70490615590359 ], [ 106.595877812494052, -5.704907203274003 ], [ 106.595874731478659, -5.70490988360198 ], [ 106.595872970313167, -5.704911738183612 ], [ 106.595870230720294, -5.704914623090535 ], [ 106.595868334704704, -5.704916272520137 ], [ 106.595865727417149, -5.70491844219604 ], [ 106.595863271856913, -5.704920808041869 ], [ 106.595861232627186, -5.70492533517564 ], [ 106.595861232612705, -5.70492533520583 ], [ 106.595859593716739, -5.704929861198872 ], [ 106.595857688542267, -5.704934387960759 ], [ 106.595856756296598, -5.704938912023607 ], [ 106.595856842787285, -5.704943433260339 ], [ 106.595856772955457, -5.704944940612948 ], [ 106.595856499169273, -5.704947955690254 ], [ 106.595853408419373, -5.704952485741107 ], [ 106.595852282212562, -5.704953302732543 ], [ 106.595847768634627, -5.704953405681969 ], [ 106.595846046582906, -5.704952506163827 ], [ 106.595843243278139, -5.70494924843225 ], [ 106.595840418649786, -5.7049480002997 ], [ 106.595838723299039, -5.704947036119334 ], [ 106.595837597529751, -5.704948008125806 ], [ 106.595834220186021, -5.704950924156331 ], [ 106.595833149925724, -5.704952541940655 ], [ 106.595829723345901, -5.704957072923065 ], [ 106.595829723323376, -5.704957072943677 ], [ 106.59582521819145, -5.70496023079918 ], [ 106.595823115546722, -5.704961612730471 ], [ 106.595820711739549, -5.704962911249354 ], [ 106.595816203614504, -5.704964986547918 ], [ 106.595813429105192, -5.704966161078231 ], [ 106.595811695327285, -5.704967003200149 ], [ 106.595807189080503, -5.704969757886463 ], [ 106.595806003834085, -5.704970703153236 ], [ 106.595802683891378, -5.704972895150497 ], [ 106.595799746557788, -5.704975241988093 ], [ 106.595798179977365, -5.704976493636785 ], [ 106.595794678279461, -5.704979777524566 ], [ 106.595793678201346, -5.704980865460855 ], [ 106.59578939957018, -5.704984313644762 ], [ 106.595789174354181, -5.704984488176307 ], [ 106.595784669304649, -5.704987676011754 ], [ 106.595783457285933, -5.704988851605715 ], [ 106.595780166907034, -5.704991823074065 ], [ 106.595778499425691, -5.704993386835809 ], [ 106.595775664716939, -5.704996045221812 ], [ 106.59577380209997, -5.704997921343153 ], [ 106.595771163388847, -5.705000579185442 ], [ 106.595769085259775, -5.70500245590461 ], [ 106.59576666076758, -5.705004645417755 ], [ 106.595764063100759, -5.705006991313009 ], [ 106.595762160641712, -5.705009614285191 ], [ 106.595760661295472, -5.705011522226512 ], [ 106.595760947354051, -5.705016042909852 ], [ 106.595759256911649, -5.705020569076023 ], [ 106.595757680317817, -5.705021745681297 ], [ 106.595753174118144, -5.705024517672827 ], [ 106.59575148307627, -5.705025112117549 ], [ 106.595748664896135, -5.705026196481195 ], [ 106.595744158507983, -5.705028900337244 ], [ 106.595743447886306, -5.705029655883997 ], [ 106.595739656286511, -5.705033111332706 ], [ 106.595738331661579, -5.705034191553223 ], [ 106.595735150989555, -5.705036209923398 ], [ 106.595730926226253, -5.70503873357263 ], [ 106.595730644585998, -5.705038908260681 ], [ 106.595726140544258, -5.705042460914442 ], [ 106.59572388473245, -5.705042866013619 ] ] ] } },
{ "type": "Feature", "properties": { "fid": 27.0, "ID": 26, "ELEV": -13.0 }, "geometry": { "type": "MultiLineString", "coordinates": [ [ [ 106.596845288087891, -5.704121664022532 ], [ 106.596843031178267, -5.704121670286505 ], [ 106.596841743283022, -5.704122313262566 ], [ 106.596838527710744, -5.704125425162043 ], [ 106.596836852076578, -5.704126848312558 ], [ 106.596834026051297, -5.704129833711775 ], [ 106.596832626021495, -5.704131381516436 ], [ 106.596829526705449, -5.704135078693751 ], [ 106.596827866026786, -5.704135916202219 ], [ 106.596825019879915, -5.704137619654538 ], [ 106.59682050970828, -5.704138950935683 ], [ 106.596817128512598, -5.704140467478181 ], [ 106.59681600124884, -5.70414090122296 ], [ 106.596811491764441, -5.704142480982049 ], [ 106.596806980548067, -5.704143434599969 ], [ 106.596803035343399, -5.704145028067298 ], [ 106.596802471820538, -5.704145288006914 ], [ 106.596797967548113, -5.704148752062724 ], [ 106.596796596024944, -5.70414956741372 ], [ 106.596793460142123, -5.704151083275271 ], [ 106.596788949259661, -5.704152157658669 ], [ 106.596785656097765, -5.704154119251007 ], [ 106.596784444342333, -5.704155388621502 ], [ 106.59678225743032, -5.70415865015836 ], [ 106.5967799498587, -5.704162391693248 ], [ 106.596779387806265, -5.704163179597415 ], [ 106.596776615577994, -5.70416770876616 ], [ 106.596775455986247, -5.704169615765701 ], [ 106.596773624265538, -5.704172238542941 ], [ 106.596770957744582, -5.704175260260044 ], [ 106.59676915638542, -5.704176772417726 ], [ 106.596766452934702, -5.70417853017043 ], [ 106.596761945676491, -5.704180914954886 ], [ 106.596761269712374, -5.704181315780854 ], [ 106.596757438706206, -5.704183403849173 ], [ 106.596752930731327, -5.704185529562413 ], [ 106.596752085311905, -5.704185862745534 ], [ 106.596748422608258, -5.704187601710697 ], [ 106.596743916534194, -5.704190406891427 ], [ 106.596743916512736, -5.704190406910319 ], [ 106.596739916730854, -5.704194939467023 ], [ 106.596739416985429, -5.70419558677309 ], [ 106.596736525965738, -5.704199470352334 ], [ 106.596734920467128, -5.704201854534103 ], [ 106.596733363913614, -5.70420400060289 ], [ 106.59673042142947, -5.704207211485057 ], [ 106.596728762094273, -5.704208534849239 ], [ 106.596725918078377, -5.704211008995924 ], [ 106.596723548065739, -5.704213070794633 ], [ 106.596721414444957, -5.704214704449785 ], [ 106.596718139677563, -5.704217607279404 ], [ 106.596716911891022, -5.704218790207761 ], [ 106.596713851735416, -5.704222140654593 ], [ 106.596712411482983, -5.704223651810003 ], [ 106.596708980723008, -5.704226675647949 ], [ 106.596707908084298, -5.704227432206373 ], [ 106.596703401168241, -5.704229940939492 ], [ 106.596701147800417, -5.70423121886139 ], [ 106.596698894175532, -5.704232421978311 ], [ 106.596694563162899, -5.704235758610444 ], [ 106.596694389954024, -5.70423590494832 ], [ 106.596689886639496, -5.70423971585068 ], [ 106.596688985466159, -5.704240295564938 ], [ 106.596685384097441, -5.704243806059075 ], [ 106.596684258470049, -5.704244830158497 ], [ 106.596682336481351, -5.704249356967463 ], [ 106.596680893646052, -5.704252267631976 ], [ 106.59668034764421, -5.704253883961952 ], [ 106.596677791978692, -5.704258412529525 ], [ 106.596676403050566, -5.704260677134935 ], [ 106.596674537717689, -5.70426294303587 ], [ 106.596671904577818, -5.704266238686527 ], [ 106.596670141711627, -5.704267476710815 ], [ 106.596667400901609, -5.704269918961412 ], [ 106.596664555835716, -5.704272013687905 ], [ 106.596662897229677, -5.704273600801779 ], [ 106.59665871395994, -5.704276551375417 ], [ 106.596658391984207, -5.704276713753512 ], [ 106.596653882045587, -5.704278129912251 ], [ 106.596649372422405, -5.704279660125803 ], [ 106.59664694589523, -5.704281105509275 ], [ 106.596644866153582, -5.704282403139783 ], [ 106.596640643385726, -5.704285644475019 ], [ 106.596640362828424, -5.704286210451476 ], [ 106.596635855402269, -5.704288535061309 ], [ 106.596631341364713, -5.704288469300155 ], [ 106.596626830353713, -5.704289497801981 ], [ 106.596623070802096, -5.7042902147171 ], [ 106.596622319055086, -5.704290422329369 ], [ 106.596617812055158, -5.704292901090799 ], [ 106.59661619219267, -5.704294755281426 ], [ 106.596613315872688, -5.704299284738762 ], [ 106.596613315855436, -5.704299284776489 ], [ 106.596611322216219, -5.704303811746576 ], [ 106.596609449640468, -5.704308338418375 ], [ 106.596608831213416, -5.704309847292971 ], [ 106.596607395128927, -5.704312865595075 ], [ 106.596604338251836, -5.70431739555348 ], [ 106.596604338234513, -5.70431739557091 ], [ 106.596599834536548, -5.704321068294674 ], [ 106.596598886639143, -5.7043219321576 ], [ 106.596596063639979, -5.704326461466949 ], [ 106.596595339280526, -5.704327793327243 ], [ 106.596592639814958, -5.704330992443665 ], [ 106.596590837144731, -5.704332030924224 ], [ 106.596586324498901, -5.704332468513414 ], [ 106.596581812896147, -5.704333283244622 ], [ 106.596578367401364, -5.70433555352645 ], [ 106.596577308269616, -5.704336620340674 ], [ 106.596574383843034, -5.704340086056431 ], [ 106.596572810744405, -5.704342525049666 ], [ 106.59657177485856, -5.704344614771824 ], [ 106.5965683152222, -5.704349145847853 ], [ 106.59656831519969, -5.704349145866005 ], [ 106.596563809584509, -5.704352125572887 ], [ 106.59656050374916, -5.704353689000603 ], [ 106.596559301675015, -5.704354275751267 ], [ 106.596554794001563, -5.704356511283629 ], [ 106.596552040296899, -5.704358233962567 ], [ 106.596550288289848, -5.704359456142858 ], [ 106.59654578363012, -5.70436277280048 ], [ 106.59654578360643, -5.704362772821097 ], [ 106.596541280503146, -5.704366660853013 ], [ 106.596540718066336, -5.704367308332976 ], [ 106.596537649017918, -5.704371838325022 ], [ 106.596536783950086, -5.704372917271272 ], [ 106.596534463761358, -5.704376368639546 ], [ 106.596532285517441, -5.704378494122447 ], [ 106.596529646125617, -5.704380903483991 ], [ 106.596527783179368, -5.704382658903588 ], [ 106.596524492279528, -5.704385439261409 ], [ 106.596523280040074, -5.704386534011386 ], [ 106.596519470137395, -5.704389974673321 ], [ 106.596518777788646, -5.704390730173833 ], [ 106.596515026690966, -5.704394508479316 ], [ 106.596514276388064, -5.704395233996785 ], [ 106.596509771680573, -5.704398542154801 ], [ 106.596509020770284, -5.704399046621187 ], [ 106.596505266194924, -5.704401568969156 ], [ 106.596502420913964, -5.704403586411197 ], [ 106.596500762307059, -5.704405173524827 ], [ 106.596498325443648, -5.70440811925149 ], [ 106.596496268075597, -5.704412269637441 ], [ 106.596496107906447, -5.704412646880513 ], [ 106.596493330278335, -5.704417176063786 ], [ 106.596491773723386, -5.704419322132316 ], [ 106.596487264919361, -5.704421149186059 ], [ 106.5964827527729, -5.704421726891615 ], [ 106.596482752660108, -5.704421726906061 ], [ 106.596478243444651, -5.704423405215203 ], [ 106.596474640290083, -5.70442627087894 ], [ 106.596473739864479, -5.704427121158442 ], [ 106.59647081604146, -5.704430802966509 ], [ 106.596469241064867, -5.704432565689888 ], [ 106.596465824422793, -5.70443533829347 ], [ 106.596464737902352, -5.704436432694517 ], [ 106.596461200818084, -5.704439872599187 ], [ 106.596460236567111, -5.704440960436631 ], [ 106.596457723639872, -5.704444403723615 ], [ 106.596455740063206, -5.704447235145587 ], [ 106.596454729142039, -5.704448933508627 ], [ 106.596452823273793, -5.704453460272749 ], [ 106.596451632087621, -5.70445798505367 ], [ 106.596451257913102, -5.704458700004382 ], [ 106.596446754648653, -5.704462520063726 ], [ 106.596446754620487, -5.70446252007888 ], [ 106.596442246355167, -5.70446454212036 ], [ 106.596437738616842, -5.704466754726013 ], [ 106.596437137624704, -5.704467068225763 ], [ 106.596433231462001, -5.704469178325376 ], [ 106.596429852798977, -5.704471609916039 ], [ 106.59642872694296, -5.704472555018743 ], [ 106.596425008032782, -5.704476144835323 ], [ 106.596424225193957, -5.704476933352018 ], [ 106.596420506714125, -5.704480678801555 ], [ 106.596419723701317, -5.704481404409729 ], [ 106.596415612896379, -5.704485213856913 ], [ 106.596415221469243, -5.70448560812301 ], [ 106.5964114412741, -5.704489746908241 ], [ 106.596410721336596, -5.704490570990668 ], [ 106.596406455318643, -5.704494282219233 ], [ 106.596406218265244, -5.704494471276329 ], [ 106.596401714250646, -5.704498030506273 ], [ 106.596400813660651, -5.704498819349697 ], [ 106.596397212605439, -5.704502446522613 ], [ 106.59639652067321, -5.704503352737744 ], [ 106.596394439661537, -5.704507879987841 ], [ 106.5963931666641, -5.704512404995809 ], [ 106.596392728673081, -5.704513267443639 ], [ 106.596389998256072, -5.704516935263287 ], [ 106.596388230703212, -5.704519012506492 ], [ 106.596383722516151, -5.704521063101029 ], [ 106.596382820871028, -5.704521476655103 ], [ 106.596379214592986, -5.704523209126926 ], [ 106.596374706335553, -5.704525234302899 ], [ 106.596373067116261, -5.70452602519588 ], [ 106.596370198187827, -5.704527299164341 ], [ 106.596365692279903, -5.704530173955509 ], [ 106.596365191820652, -5.704530568524133 ], [ 106.596361191312127, -5.704534835125357 ], [ 106.596360926522692, -5.704535101835221 ], [ 106.596356689992518, -5.704539369091349 ], [ 106.596356368305507, -5.70453963595909 ], [ 106.5963521870639, -5.704543321266961 ], [ 106.59635128664938, -5.704544171535389 ], [ 106.596347685587844, -5.704547798713917 ], [ 106.596346785329601, -5.704548705501345 ], [ 106.59634318309115, -5.704551907122257 ], [ 106.596342246384339, -5.704553239571686 ], [ 106.596339747523572, -5.704557767981193 ], [ 106.5963386888982, -5.704559018221265 ], [ 106.596336441051548, -5.704562298631656 ], [ 106.596334189715705, -5.704564325111681 ], [ 106.59632968147865, -5.704566357854119 ], [ 106.596328554347494, -5.704566841991276 ], [ 106.596325173346756, -5.704568428630133 ], [ 106.596321570427151, -5.704571382845803 ], [ 106.596320669968122, -5.704572218243907 ], [ 106.596316166359145, -5.704575919316557 ], [ 106.596316166344621, -5.704575919331186 ], [ 106.596311662940337, -5.704579699706516 ], [ 106.596310762256039, -5.704580455787383 ], [ 106.596307159015041, -5.704583291707831 ], [ 106.596304808662822, -5.704584993782879 ], [ 106.596302654464495, -5.704586657633719 ], [ 106.596298374255952, -5.70458953311247 ], [ 106.596298148950098, -5.7045896750367 ], [ 106.596293640596272, -5.704591665685525 ], [ 106.596289384187955, -5.704594079533282 ], [ 106.596289133861191, -5.704594241712441 ], [ 106.596284943398317, -5.704598613331034 ], [ 106.596284633181241, -5.70459900737175 ], [ 106.596281259225435, -5.704603145029372 ], [ 106.59628013457862, -5.704604524248019 ], [ 106.59627653221726, -5.70460767962127 ], [ 106.596275631953091, -5.704608586414399 ], [ 106.596271840835854, -5.704612214114295 ], [ 106.596271129631901, -5.704612758659944 ], [ 106.596266621809164, -5.704614941474127 ], [ 106.596263402645874, -5.704616759003553 ], [ 106.596262114909734, -5.70461745818702 ], [ 106.596258153319184, -5.704621295044642 ], [ 106.596257613639267, -5.704622010454543 ], [ 106.596255044840149, -5.704625825145536 ], [ 106.596253117845919, -5.704628543377848 ], [ 106.596251403297003, -5.704630356725509 ], [ 106.596248615274405, -5.70463262521668 ], [ 106.596245361544248, -5.704634894965266 ], [ 106.596244109857167, -5.704635678006166 ], [ 106.596239604224337, -5.704638652847893 ], [ 106.59623827878012, -5.704639436093438 ], [ 106.596235097395393, -5.704641195170767 ], [ 106.596230591257708, -5.704643978899547 ], [ 106.596230591234004, -5.704643978915209 ], [ 106.596226087133928, -5.704647508095045 ], [ 106.596224800239412, -5.70464851644347 ], [ 106.596221583301016, -5.704651133913745 ], [ 106.596219933522661, -5.704653051422763 ], [ 106.596217216238358, -5.704657580438155 ], [ 106.596217088102676, -5.704657882231156 ], [ 106.596214669247331, -5.704662108981045 ], [ 106.596212594773064, -5.704665306362544 ], [ 106.59620808405721, -5.70466644320233 ], [ 106.596207439784621, -5.704666650516028 ], [ 106.596203577620457, -5.704669127495221 ], [ 106.596200762149579, -5.704671190519846 ], [ 106.596199078855847, -5.704674586270349 ], [ 106.596194563743822, -5.704674133368442 ], [ 106.596192106066738, -5.70467573601301 ], [ 106.596190056736049, -5.704676611216245 ], [ 106.596185758187829, -5.704680275101774 ], [ 106.596185553553127, -5.704680472259542 ], [ 106.596182141226691, -5.70468480661334 ], [ 106.596181056293631, -5.704686475426949 ], [ 106.596179258663, -5.704689336087251 ], [ 106.596176559367123, -5.704692599044908 ], [ 106.596175126652582, -5.704693869027849 ], [ 106.59617205455865, -5.70469587232006 ], [ 106.596168332734194, -5.70469840935408 ], [ 106.596167549643795, -5.704699107137242 ], [ 106.596164801775643, -5.704702940626984 ], [ 106.596163058909994, -5.704707466938709 ], [ 106.596163058900615, -5.704707466948353 ], [ 106.596158552629007, -5.704710211169002 ], [ 106.596154041313071, -5.704711131195864 ], [ 106.596149524684165, -5.70471012986419 ], [ 106.596145011471208, -5.704710363863913 ], [ 106.596142508415738, -5.704712045433034 ], [ 106.596140506123376, -5.704713442209298 ], [ 106.596136821647349, -5.704716582687197 ], [ 106.596136003226789, -5.704717407042707 ], [ 106.59613195102186, -5.704721117676931 ], [ 106.596131500767314, -5.704721529978356 ], [ 106.596126997712346, -5.704725437582775 ], [ 106.596126772611072, -5.704725653520595 ], [ 106.596122495793935, -5.70472975623621 ], [ 106.596122021835598, -5.70473018817776 ], [ 106.596117991660762, -5.704733273964621 ], [ 106.596116276110891, -5.704734725595386 ], [ 106.596113487253646, -5.704736692639846 ], [ 106.596110542992079, -5.704739262978006 ], [ 106.596108985627325, -5.704741116994576 ], [ 106.596107819419402, -5.704743792010664 ], [ 106.596105484730373, -5.704748319964373 ], [ 106.596104494681498, -5.704749403930345 ], [ 106.596099988545149, -5.704752197309879 ], [ 106.596095476607061, -5.704752869207811 ], [ 106.596095476542615, -5.704752869220909 ], [ 106.596090966521786, -5.70475425781906 ], [ 106.596087835163019, -5.704757411884879 ], [ 106.596086467227565, -5.704759525698545 ], [ 106.596084754344687, -5.704761941908662 ], [ 106.59608196963012, -5.704765407235658 ], [ 106.596081151877968, -5.704766473379726 ], [ 106.596077470590075, -5.704770767092253 ], [ 106.596077297635588, -5.704771005549322 ], [ 106.596075008428642, -5.704775533376812 ], [ 106.596073483962783, -5.704780059082574 ], [ 106.596072984278734, -5.70478073031784 ], [ 106.596068474246621, -5.704782114940968 ], [ 106.596063959462654, -5.704781781061245 ], [ 106.596059449037838, -5.704783023684805 ], [ 106.596055584469667, -5.704784630219635 ], [ 106.596054940486411, -5.704784943838404 ], [ 106.596050434267156, -5.704787707440336 ], [ 106.596048288851222, -5.704789171936913 ], [ 106.596045929763193, -5.7047910914136 ], [ 106.596042993177804, -5.704793708105496 ], [ 106.596041426483524, -5.704794918177209 ], [ 106.596037297985021, -5.704798245382475 ], [ 106.596036922687588, -5.704798558255794 ], [ 106.596032871879345, -5.704802779138492 ], [ 106.596032422474991, -5.704803494297846 ], [ 106.596030176103895, -5.704807308093907 ], [ 106.596027928268896, -5.704810602669531 ], [ 106.596026338552889, -5.704811840217033 ], [ 106.596023422945464, -5.704813690386596 ], [ 106.596018915277341, -5.704815930144933 ], [ 106.59601816422709, -5.704816384371948 ], [ 106.596014409167481, -5.704818733478855 ], [ 106.596011089226621, -5.704820925476866 ], [ 106.59600990387672, -5.704821833064163 ], [ 106.596006689716333, -5.704825459158999 ], [ 106.596005407744997, -5.704828245157523 ], [ 106.596004509784635, -5.704829986683245 ], [ 106.596002284998633, -5.704834514331933 ], [ 106.596000914353993, -5.704835648499804 ], [ 106.595996409403554, -5.704838871246006 ], [ 106.595996159130166, -5.704839052803542 ], [ 106.59599190316122, -5.704841626780488 ], [ 106.595988820176814, -5.704843594640601 ], [ 106.595987398013193, -5.704844778107423 ], [ 106.59598445590656, -5.70484812822489 ], [ 106.595982898541081, -5.704849982241307 ], [ 106.595980649032384, -5.704852660262772 ], [ 106.595978399488928, -5.704855338284329 ], [ 106.595977388991926, -5.704857190783557 ], [ 106.595975100825513, -5.704861718608061 ], [ 106.595973906528414, -5.704862897506315 ], [ 106.595971085076187, -5.704866251225407 ], [ 106.595969405720254, -5.704867618521913 ], [ 106.595964897154559, -5.704869533904973 ], [ 106.595960385069191, -5.704870176335728 ], [ 106.595955871248762, -5.704870191258031 ], [ 106.595951358380646, -5.704870550606636 ], [ 106.59595083832302, -5.70487082887217 ], [ 106.595946853775814, -5.704873898573339 ], [ 106.595945646796963, -5.70487536475133 ], [ 106.595942354129591, -5.704879039951528 ], [ 106.59594156657765, -5.704879897547415 ], [ 106.595937852981223, -5.704883638070689 ], [ 106.595937102867836, -5.70488443140739 ], [ 106.595933350651293, -5.704887808875709 ], [ 106.595931419345732, -5.704888968651407 ], [ 106.595928845144627, -5.70489083075873 ], [ 106.59592560820721, -5.70489350624943 ], [ 106.595924342205933, -5.70489478143026 ], [ 106.595920771265867, -5.704898041144773 ], [ 106.595919839287191, -5.704898739346326 ], [ 106.595915331761049, -5.704901030889912 ], [ 106.595912784747313, -5.704902584777722 ], [ 106.595910825682964, -5.704903846180959 ], [ 106.595906319098304, -5.704906478264396 ], [ 106.595905192421938, -5.70490712731702 ], [ 106.595901812571952, -5.704909131462126 ], [ 106.595897305383147, -5.704911545074618 ], [ 106.595897080033637, -5.704911671299008 ], [ 106.595892800093267, -5.704914645512965 ], [ 106.595890752658875, -5.704916210328956 ], [ 106.59588829739522, -5.704918683394929 ], [ 106.595886566984916, -5.704920743417396 ], [ 106.59588379758398, -5.704923765417961 ], [ 106.59588208219958, -5.704925277335609 ], [ 106.595879293001914, -5.704927121926578 ], [ 106.595876124028308, -5.704929815341231 ], [ 106.595874790300726, -5.704931158739185 ], [ 106.595872481190597, -5.704934346923703 ], [ 106.595870292770599, -5.704937065883591 ], [ 106.595868214469675, -5.704938880236921 ], [ 106.595865790193727, -5.704941147716722 ], [ 106.595864626189552, -5.704943411668024 ], [ 106.595863517308658, -5.704947936220885 ], [ 106.595862574657133, -5.704952460312604 ], [ 106.595861312746862, -5.704954318779256 ], [ 106.595858658119255, -5.704956992654342 ], [ 106.595856809517301, -5.704958164614434 ], [ 106.595852747497858, -5.704961530527947 ], [ 106.595852306526837, -5.704962096937195 ], [ 106.595847803649988, -5.704966065719555 ], [ 106.595847803637128, -5.704966065731483 ], [ 106.595843298142938, -5.704969092536234 ], [ 106.595841496778647, -5.704970604692345 ], [ 106.595838798482475, -5.704974229364868 ], [ 106.595837672534557, -5.704975136777984 ], [ 106.595834293404963, -5.704977406915568 ], [ 106.595829782701898, -5.704978549767454 ], [ 106.59582527143067, -5.704979487130659 ], [ 106.59582376738949, -5.704979696829146 ], [ 106.59582075936126, -5.704980135800326 ], [ 106.595816250960482, -5.704982111406415 ], [ 106.59581384946425, -5.704984245819152 ], [ 106.595811751765339, -5.704987416676389 ], [ 106.595810627067422, -5.704988776235117 ], [ 106.595807251914962, -5.704992484973888 ], [ 106.595806689949214, -5.704993308633768 ], [ 106.595803814935877, -5.704997838086051 ], [ 106.595802757860312, -5.704999649600539 ], [ 106.59580005705503, -5.705002369987469 ], [ 106.595798253615698, -5.705003128569807 ], [ 106.595793743204041, -5.70500437694609 ], [ 106.595789234813324, -5.705006356305745 ], [ 106.595788390039743, -5.705006923829295 ], [ 106.595784729318481, -5.705009383122081 ], [ 106.595781814345699, -5.705011463547405 ], [ 106.595780224344438, -5.705012598331841 ], [ 106.595775957465889, -5.705016001271454 ], [ 106.595775720486458, -5.705016217242153 ], [ 106.595773224709049, -5.705020530329053 ], [ 106.595771226563244, -5.705023429614394 ], [ 106.595770036224906, -5.705025060650853 ], [ 106.59576672545866, -5.705028044489929 ], [ 106.595764472838113, -5.705029597560687 ], [ 106.595762219775537, -5.70503100331645 ], [ 106.595758592263905, -5.705034135350372 ], [ 106.595757716765519, -5.705034929034777 ], [ 106.595753589398896, -5.705038670705252 ], [ 106.595753214542611, -5.705039139479999 ], [ 106.595749872620488, -5.705043202492499 ], [ 106.595748715330103, -5.705044438835265 ], [ 106.595744210611116, -5.705047739675807 ], [ 106.595744210592343, -5.705047739688425 ], [ 106.59573970488853, -5.705050691133012 ], [ 106.595738751783557, -5.705052276295456 ], [ 106.595738758033676, -5.705054537016574 ] ] ] } },
{ "type": "Feature", "properties": { "fid": 28.0, "ID": 27, "ELEV": -14.0 }, "geometry": { "type": "MultiLineString", "coordinates": [ [ [ 106.596849818340942, -5.704127592580218 ], [ 106.596847563667339, -5.704128407211032 ], [ 106.596844720950216, -5.704131347947445 ], [ 106.596843062824362, -5.704133110902101 ], [ 106.59684045720121, -5.704135881255991 ], [ 106.596838563103205, -5.70413822017913 ], [ 106.596837158588556, -5.704140411885825 ], [ 106.596834067850963, -5.704144941938703 ], [ 106.596834067842295, -5.704144941948564 ], [ 106.596829565636256, -5.704149152949524 ], [ 106.596828814230335, -5.704149477994559 ], [ 106.596825056317797, -5.704150792693928 ], [ 106.59682054400696, -5.704151350643192 ], [ 106.596816034634983, -5.704152971063359 ], [ 106.596814396192357, -5.704154039485648 ], [ 106.596811528247741, -5.704155670541449 ], [ 106.59680701872702, -5.704157237217517 ], [ 106.596802507522057, -5.704158195006485 ], [ 106.596801712076626, -5.704158596164095 ], [ 106.596798002418623, -5.704161358662725 ], [ 106.596796314625635, -5.704163132618945 ], [ 106.596793503366385, -5.704166710005454 ], [ 106.596792811566814, -5.70416766381608 ], [ 106.596789488305845, -5.704172194514197 ], [ 106.596789006472761, -5.704172841770573 ], [ 106.59678621550627, -5.704176725072259 ], [ 106.596784510613446, -5.704179347497528 ], [ 106.596783071458361, -5.704181255272982 ], [ 106.59678001130338, -5.704184605720006 ], [ 106.596778660415666, -5.704185788990094 ], [ 106.596775506582389, -5.704187907768575 ], [ 106.596770999460759, -5.704190331726909 ], [ 106.596770999432593, -5.704190331741575 ], [ 106.596766490918341, -5.704192262446343 ], [ 106.596761982404075, -5.704194193152619 ], [ 106.596760656700397, -5.704194881906625 ], [ 106.596757475320132, -5.70419664098574 ], [ 106.596753754178238, -5.704199422538361 ], [ 106.596752971018034, -5.704200094560618 ], [ 106.596749835681251, -5.704203954888367 ], [ 106.596748474433682, -5.704206338392283 ], [ 106.596747438706061, -5.704208483015625 ], [ 106.596745515661112, -5.70421300982757 ], [ 106.596743985943803, -5.704215508677816 ], [ 106.59674196811136, -5.704217541148059 ], [ 106.59673948361511, -5.704219675793241 ], [ 106.596736104875347, -5.704222078895326 ], [ 106.596734979003301, -5.704223017504212 ], [ 106.59673099592392, -5.704226614549181 ], [ 106.596730476491246, -5.70422711837332 ], [ 106.596725972344501, -5.704230628260635 ], [ 106.596725127452899, -5.704231152310913 ], [ 106.59672146521163, -5.704233058576235 ], [ 106.596716958677902, -5.704235696456646 ], [ 106.596716958652891, -5.704235696474806 ], [ 106.596713330986049, -5.704240227999473 ], [ 106.596714119123021, -5.704244747287072 ], [ 106.596714922252019, -5.704249266533056 ], [ 106.596712494863539, -5.704253794744698 ], [ 106.596712494856703, -5.704253794749433 ], [ 106.596707984963629, -5.704255227228718 ], [ 106.596703472113731, -5.704255590697765 ], [ 106.596698958595439, -5.704255712528945 ], [ 106.596694446077422, -5.704256196004241 ], [ 106.596689936543129, -5.704257758232524 ], [ 106.596688848721314, -5.704258381844295 ], [ 106.596685431149453, -5.704260817490088 ], [ 106.596683345178135, -5.704262918593006 ], [ 106.596680932295129, -5.704266241039606 ], [ 106.596680290798488, -5.704267448544654 ], [ 106.596677761907969, -5.704271977037936 ], [ 106.596676441014665, -5.704274402918634 ], [ 106.596675249275052, -5.704276505486099 ], [ 106.596672239882935, -5.704281035312889 ], [ 106.59667194637845, -5.704281351576852 ], [ 106.596667440439148, -5.704284213668441 ], [ 106.596663461419624, -5.704285581150198 ], [ 106.596662930793883, -5.704285735896615 ], [ 106.596658420519105, -5.704287030527091 ], [ 106.596653911065232, -5.704288621973745 ], [ 106.596651771171508, -5.704290135068235 ], [ 106.596649407000442, -5.704292161862055 ], [ 106.596647318215588, -5.704294668901158 ], [ 106.596644906148569, -5.704296863407432 ], [ 106.596640664306861, -5.704299208842144 ], [ 106.596640399179037, -5.704299353120078 ], [ 106.596635888826299, -5.704300619642011 ], [ 106.596631379382131, -5.704302214675125 ], [ 106.596628875968747, -5.70430376303206 ], [ 106.596626873880084, -5.704305235011621 ], [ 106.596623355903617, -5.704308299826294 ], [ 106.596622374344477, -5.704310412568169 ], [ 106.596621405053384, -5.704312826715334 ], [ 106.596619657872338, -5.704317353039159 ], [ 106.596617885951147, -5.704319618711473 ], [ 106.5966155450147, -5.704321885928129 ], [ 106.596613383072082, -5.704323587481037 ], [ 106.596610381678531, -5.704326421732329 ], [ 106.59660888110065, -5.704327884440625 ], [ 106.596605831825684, -5.704330955833999 ], [ 106.596604379540196, -5.704332330013836 ], [ 106.596601656205664, -5.704335488897098 ], [ 106.596599879951725, -5.704337488594533 ], [ 106.59659779517294, -5.704340021087162 ], [ 106.596595382944159, -5.704343580364648 ], [ 106.59659467291047, -5.704344551227028 ], [ 106.59659088233316, -5.704348369299649 ], [ 106.596590087745724, -5.704349085426639 ], [ 106.596586379464298, -5.704352341906878 ], [ 106.596585109864222, -5.704353620716069 ], [ 106.596582257826881, -5.704358150106003 ], [ 106.596581884176132, -5.704359055437964 ], [ 106.596578884965908, -5.704362680941283 ], [ 106.596577386611386, -5.704364945865253 ], [ 106.5965728745403, -5.704365591362267 ], [ 106.59656836281556, -5.704366362099594 ], [ 106.596566484452381, -5.704367236829264 ], [ 106.596563854765407, -5.704368461445245 ], [ 106.596559348158124, -5.704371082498074 ], [ 106.596558347013115, -5.704371780886642 ], [ 106.596554845474444, -5.704375122215853 ], [ 106.596553945997442, -5.704376314575068 ], [ 106.596550508659703, -5.7043808455892 ], [ 106.59655034796954, -5.704381034434415 ], [ 106.596545845563213, -5.704385174478839 ], [ 106.596545564011038, -5.704385380786221 ], [ 106.596541342182064, -5.704388962086635 ], [ 106.596539840207356, -5.704389918145428 ], [ 106.596536835994698, -5.704391735072405 ], [ 106.596533657274833, -5.70439445677871 ], [ 106.596532332966433, -5.704395650316844 ], [ 106.596529182509471, -5.704398990671704 ], [ 106.596527831484778, -5.704400124794184 ], [ 106.596524455501367, -5.704403525264667 ], [ 106.596523329720981, -5.704404497280727 ], [ 106.59651920188341, -5.704408061318975 ], [ 106.596518826650396, -5.704408397291451 ], [ 106.596514322963898, -5.704412074627963 ], [ 106.596513708889105, -5.70441259803753 ], [ 106.596509819722669, -5.704415912987028 ], [ 106.596508652842104, -5.704417133543522 ], [ 106.596505321787461, -5.704421664262603 ], [ 106.596505321771986, -5.704421664292798 ], [ 106.596502730147805, -5.70442619292979 ], [ 106.596500826706816, -5.70442845897009 ], [ 106.596499328356046, -5.704430723845161 ], [ 106.596496325389182, -5.704432992926377 ], [ 106.596491817573877, -5.704435177504634 ], [ 106.596490689336548, -5.704435269293858 ], [ 106.596487304778123, -5.704435561275969 ], [ 106.596482792380812, -5.704436089120505 ], [ 106.596478285855113, -5.704438740027101 ], [ 106.596477285779258, -5.704439827963975 ], [ 106.596473786969952, -5.704444153622431 ], [ 106.596473626327096, -5.704444359594272 ], [ 106.596469769840382, -5.704448891771325 ], [ 106.59646928800673, -5.704449539027593 ], [ 106.596466396984027, -5.704453422606311 ], [ 106.596464792717669, -5.704456252976863 ], [ 106.596463976708307, -5.704457950797912 ], [ 106.59646193747767, -5.704462477932129 ], [ 106.5964603023411, -5.704464743226116 ], [ 106.596458503067083, -5.704467008937915 ], [ 106.596455801390604, -5.704469410160234 ], [ 106.596453029543056, -5.704471545602142 ], [ 106.596451297620433, -5.704473057571421 ], [ 106.596447544437709, -5.704476082298478 ], [ 106.596446794308591, -5.704476870724426 ], [ 106.596442290315267, -5.704480437490663 ], [ 106.596442025290514, -5.704480619089249 ], [ 106.596437785328817, -5.704483645171851 ], [ 106.596435382120873, -5.704485158999073 ], [ 106.596433279479655, -5.704486540931723 ], [ 106.596430005405111, -5.70448969539454 ], [ 106.59642877761739, -5.704490878322598 ], [ 106.596425944826535, -5.70449422813781 ], [ 106.596424278246829, -5.704496116712057 ], [ 106.596422179086403, -5.704498760062918 ], [ 106.596419782247892, -5.704502574277033 ], [ 106.59641928268988, -5.704503289575668 ], [ 106.596415281117061, -5.704507176230107 ], [ 106.596413993244013, -5.704507825728899 ], [ 106.596410773392009, -5.704509393799315 ], [ 106.596406883279002, -5.704512366933849 ], [ 106.596406269466328, -5.704512985198391 ], [ 106.596403103872476, -5.704516898896826 ], [ 106.596401770791459, -5.704518475284752 ], [ 106.596399898189674, -5.704521429267778 ], [ 106.596397509110488, -5.704525957372748 ], [ 106.596397278669315, -5.704526334809314 ], [ 106.596395177276619, -5.704530485318868 ], [ 106.596394183994207, -5.704535009550669 ], [ 106.596392800000217, -5.7045390589123 ], [ 106.596392408801947, -5.704539535952178 ], [ 106.596388298909801, -5.704543675652261 ], [ 106.596383784923177, -5.70454362921467 ], [ 106.596379267834635, -5.70454246113415 ], [ 106.596374752810263, -5.704542039459078 ], [ 106.596370244271654, -5.70454396301473 ], [ 106.59637008349155, -5.704544119377409 ], [ 106.59636701289952, -5.704548649373432 ], [ 106.596365752039901, -5.704551783127026 ], [ 106.596365173459773, -5.704553175953203 ], [ 106.596361253317227, -5.704557256163325 ], [ 106.596360690344127, -5.704557709868738 ], [ 106.596356746995909, -5.704559981559442 ], [ 106.596352239103467, -5.704562138857285 ], [ 106.59635197389909, -5.704562255531005 ], [ 106.596347731007398, -5.704564222535702 ], [ 106.59634322430189, -5.704566801285167 ], [ 106.596343224280432, -5.704566801297791 ], [ 106.596338720634122, -5.70457049405426 ], [ 106.596337594504448, -5.704571338382423 ], [ 106.596334216638837, -5.704574060640731 ], [ 106.596331081585689, -5.704575877930123 ], [ 106.596329710942371, -5.704577012098436 ], [ 106.596326451688057, -5.704580412252803 ], [ 106.596325210497469, -5.704581862567684 ], [ 106.596322743679437, -5.704584944017427 ], [ 106.596320711659473, -5.704587294126491 ], [ 106.596318050421004, -5.704589478515888 ], [ 106.596316207736194, -5.704590886848094 ], [ 106.596311917484229, -5.704594017009104 ], [ 106.596311702864398, -5.704594136593522 ], [ 106.596307196945347, -5.704597007663903 ], [ 106.596304860711712, -5.704598558065699 ], [ 106.596302691454412, -5.704600033563661 ], [ 106.596298637448285, -5.704603096809461 ], [ 106.596298187242368, -5.704603521943652 ], [ 106.596293683409868, -5.704607147591433 ], [ 106.5962930959939, -5.70460763366134 ], [ 106.596289181797928, -5.704611576244352 ], [ 106.596288807279791, -5.704612167037169 ], [ 106.596286688252206, -5.704616694392687 ], [ 106.596284688561497, -5.704619033608016 ], [ 106.596281617002276, -5.704621229939824 ], [ 106.596280183090471, -5.704622066818086 ], [ 106.596275676156523, -5.704624571037082 ], [ 106.596273832900849, -5.704625773014332 ], [ 106.596271172708995, -5.704628336009111 ], [ 106.596268670459708, -5.704630308814432 ], [ 106.596266668669827, -5.704631887057683 ], [ 106.59626345267263, -5.704634844768075 ], [ 106.596262165419716, -5.704635723469114 ], [ 106.596258649074272, -5.704639379572446 ], [ 106.596257664330736, -5.704640341401782 ], [ 106.596253627300555, -5.704643914982167 ], [ 106.596253161460496, -5.704644315224749 ], [ 106.596248655106336, -5.704647029221132 ], [ 106.596245900586212, -5.704648457897207 ], [ 106.596244147785455, -5.704649393648284 ], [ 106.596239641616506, -5.70465217464959 ], [ 106.596238560564316, -5.704652999739235 ], [ 106.596235139567526, -5.704656445545436 ], [ 106.596234059242803, -5.704657533704776 ], [ 106.596230641263475, -5.704662064664398 ], [ 106.596230641246862, -5.704662064699226 ], [ 106.596227393768018, -5.704666595150981 ], [ 106.596226143832382, -5.704668011587076 ], [ 106.596224941405453, -5.704671123431343 ], [ 106.596221927460874, -5.704675653269897 ], [ 106.596221651921979, -5.704675948910635 ], [ 106.596217149795265, -5.704680188002146 ], [ 106.596217149784792, -5.704680188015094 ], [ 106.596212892458453, -5.704684721290651 ], [ 106.596212652630655, -5.704686229138693 ], [ 106.596211598891003, -5.704689246355765 ], [ 106.59620939068013, -5.704693773958686 ], [ 106.59620816081619, -5.704694201256109 ], [ 106.596203650255475, -5.704695394278699 ], [ 106.59619914003143, -5.704696709061332 ], [ 106.596194625908566, -5.704696613936245 ], [ 106.596190109969797, -5.704695862124884 ], [ 106.59618560078853, -5.70469755403219 ], [ 106.596184577149188, -5.704698364282646 ], [ 106.596181096052433, -5.704700853458118 ], [ 106.5961783541523, -5.704702903024912 ], [ 106.596176591624527, -5.704704264359433 ], [ 106.596173215003716, -5.704707438759915 ], [ 106.596172089374448, -5.704708462858825 ], [ 106.596169248220619, -5.704711971242078 ], [ 106.596167588729557, -5.704713241862851 ], [ 106.596163081757282, -5.704715732700385 ], [ 106.596160827014003, -5.704716516083323 ], [ 106.596158572945996, -5.704717558506712 ], [ 106.596154064681144, -5.704719581931358 ], [ 106.596151124960528, -5.704721064478253 ], [ 106.596149558504848, -5.704722360674768 ], [ 106.596146095268267, -5.704725599909423 ], [ 106.596145057019697, -5.704726835927052 ], [ 106.596142391250595, -5.704730131662438 ], [ 106.596140560376938, -5.704733062392807 ], [ 106.596139597536919, -5.704734660889779 ], [ 106.596138054859992, -5.704739186646074 ], [ 106.596136301665481, -5.704743712986459 ], [ 106.596136077105996, -5.704744124661692 ], [ 106.596132477414898, -5.704748245073052 ], [ 106.596131576878932, -5.704749054981903 ], [ 106.596127066110142, -5.704750173018406 ], [ 106.596122553996295, -5.704750804638602 ], [ 106.59611804410882, -5.704752241414591 ], [ 106.596116917224151, -5.704752809721157 ], [ 106.596113537204062, -5.704754756877444 ], [ 106.596109933281951, -5.704757350574228 ], [ 106.59610903260625, -5.704758106648517 ], [ 106.596105060249371, -5.70476188557056 ], [ 106.596104530588292, -5.704762389436985 ], [ 106.596101652855737, -5.704766416500481 ], [ 106.596100033797839, -5.704768562742003 ], [ 106.596098368587135, -5.70477094708879 ], [ 106.596095535053735, -5.704774029555542 ], [ 106.5960937335241, -5.704775481424837 ], [ 106.59609103460528, -5.704778880020048 ], [ 106.596090217037002, -5.704780012657413 ], [ 106.596091047732727, -5.704783627516374 ], [ 106.596091182995835, -5.704784531453573 ], [ 106.596091050679789, -5.704784693305265 ], [ 106.596086547057311, -5.704788395943114 ], [ 106.596082034301972, -5.704788795714353 ], [ 106.596080530450749, -5.704789082484883 ], [ 106.596077522051019, -5.704789377909085 ], [ 106.596073012728638, -5.704791019221693 ], [ 106.596068504118136, -5.704792918004223 ], [ 106.596067001505205, -5.704793641496438 ], [ 106.59606399853206, -5.704795910582259 ], [ 106.596060995558773, -5.704798179635766 ], [ 106.596059494603296, -5.704799502559468 ], [ 106.596055666701275, -5.704802715896527 ], [ 106.596054991838955, -5.704803515668995 ], [ 106.59605128485866, -5.704807249529851 ], [ 106.596050491718174, -5.704808484853122 ], [ 106.596048930782459, -5.704811777537302 ], [ 106.596047002558905, -5.704816304363263 ], [ 106.596046002189524, -5.704817284754557 ], [ 106.596041498177556, -5.704820841110942 ], [ 106.596041498162009, -5.704820841119206 ], [ 106.596036987113749, -5.70482185840108 ], [ 106.596032478280506, -5.704823676778424 ], [ 106.596029610572387, -5.704825395568156 ], [ 106.596027971962684, -5.704826404886812 ], [ 106.596023465036865, -5.704828913118701 ], [ 106.596021609234342, -5.704829939243227 ], [ 106.596018959034069, -5.704831755193299 ], [ 106.596016362403816, -5.704834475276213 ], [ 106.596014458959573, -5.704836741315784 ], [ 106.596013085988645, -5.704839005842529 ], [ 106.59600995848713, -5.704841583542453 ], [ 106.596006390443989, -5.704843545894725 ], [ 106.596005451361208, -5.704844019488498 ], [ 106.59600094623363, -5.704847178178047 ], [ 106.59599995789192, -5.70484808521724 ], [ 106.595996848637839, -5.704852615319754 ], [ 106.595996449492645, -5.70485337000652 ], [ 106.595994203008658, -5.704857144136012 ], [ 106.595991953227824, -5.704859734080223 ], [ 106.595989450905876, -5.704861678796332 ], [ 106.595987447950748, -5.704862838770945 ], [ 106.595982941039651, -5.704865352517634 ], [ 106.595981380953759, -5.704866222661426 ], [ 106.595978434226822, -5.704867901817612 ], [ 106.595974475411452, -5.704870763296003 ], [ 106.595973929563513, -5.704871228550674 ], [ 106.595969425592088, -5.704874805526928 ], [ 106.595968385297141, -5.704875301668284 ], [ 106.595964920482714, -5.704877970969017 ], [ 106.595960411835563, -5.704879845265482 ], [ 106.595960411803361, -5.704879845280647 ], [ 106.595955902008953, -5.704881316321429 ], [ 106.595951394983686, -5.704883788894695 ], [ 106.59595072793482, -5.704884393607841 ], [ 106.595946894803959, -5.704888737319138 ], [ 106.595946739672058, -5.704888926148856 ], [ 106.595942705303671, -5.704893458817766 ], [ 106.595942394734493, -5.704893725654538 ], [ 106.595937890253609, -5.704897118523058 ], [ 106.595936764211942, -5.704897996776417 ], [ 106.595933386104818, -5.704900631522507 ], [ 106.595931134451035, -5.704902533871319 ], [ 106.595928882034386, -5.704904172878496 ], [ 106.595924897017014, -5.704907072652023 ], [ 106.595924377155598, -5.704907421897585 ], [ 106.595919870813375, -5.704910141648568 ], [ 106.595918069339746, -5.704911613070159 ], [ 106.595915369076934, -5.704914527222613 ], [ 106.595913761458249, -5.704916146497762 ], [ 106.595910868048364, -5.704919168842443 ], [ 106.595909025648751, -5.704920681112518 ], [ 106.595906366126769, -5.704923487501873 ], [ 106.595904246737959, -5.704925215846826 ], [ 106.595901863312235, -5.704927483222359 ], [ 106.595898967818627, -5.704929751968243 ], [ 106.595897358452788, -5.704930739364285 ], [ 106.595892852485363, -5.7049335947995 ], [ 106.595891725951702, -5.704934293535241 ], [ 106.595888346350677, -5.704936389742441 ], [ 106.595883838807836, -5.704938675407702 ], [ 106.59588360167966, -5.704938837550138 ], [ 106.595879336141778, -5.704942724940775 ], [ 106.595878836394746, -5.704943372246527 ], [ 106.595874835639236, -5.704947557008406 ], [ 106.595874489375703, -5.704947905782557 ], [ 106.595871238037176, -5.704952436278967 ], [ 106.595871100079762, -5.704956958138321 ], [ 106.595871427181521, -5.70496147870752 ], [ 106.595870367663139, -5.70496415342756 ], [ 106.59586585855854, -5.704965874333386 ], [ 106.595861340954201, -5.704964521006178 ], [ 106.595858997928559, -5.704966034664982 ], [ 106.595856836849165, -5.704968050207102 ], [ 106.59585519239721, -5.704970566698779 ], [ 106.595852340450719, -5.704974366814952 ], [ 106.595851614428426, -5.704975098101274 ], [ 106.595848405363853, -5.704979628480367 ], [ 106.595847843345837, -5.704980427939678 ], [ 106.595845513135458, -5.704984157980508 ], [ 106.595843349969527, -5.704987837687984 ], [ 106.595842555762957, -5.704988687661365 ], [ 106.595843359813884, -5.704991398282342 ], [ 106.595844367908555, -5.704993204110908 ], [ 106.595847514982253, -5.704997716857147 ], [ 106.595843386482613, -5.705001044057873 ], [ 106.595841132958441, -5.705002256038508 ], [ 106.595838877600883, -5.705002845710188 ], [ 106.595834363173068, -5.705002641421891 ], [ 106.595833320516988, -5.705002277711285 ], [ 106.595829842895981, -5.705000321495947 ], [ 106.595825327605766, -5.704999805278796 ], [ 106.595820819840952, -5.705002010951155 ], [ 106.595820509369702, -5.705002313250922 ], [ 106.595816883575239, -5.705006844785999 ], [ 106.59581632291831, -5.705008138187413 ], [ 106.595813676645264, -5.705011375159097 ], [ 106.595811820592616, -5.705012311195774 ], [ 106.595807310593244, -5.705013708698746 ], [ 106.595802800559866, -5.705015093907382 ], [ 106.595801047486177, -5.705015931670284 ], [ 106.595798295581986, -5.705018307689059 ], [ 106.595796044642952, -5.705020467025339 ], [ 106.595793792914677, -5.705022357221962 ], [ 106.595789285897254, -5.705024833344574 ], [ 106.595788910216697, -5.705025008293521 ], [ 106.595784777642208, -5.705026861838311 ], [ 106.595781173986978, -5.705029551231079 ], [ 106.59578027307316, -5.70503022357927 ], [ 106.595776438608979, -5.705034085844073 ], [ 106.59577577150597, -5.705034671109663 ], [ 106.595771267829377, -5.70503835568968 ], [ 106.595770737514115, -5.705038623135985 ], [ 106.595766761947701, -5.705041242709316 ], [ 106.595764153969398, -5.705043162875805 ], [ 106.59576225840766, -5.705044976724881 ], [ 106.595759803824762, -5.70504769642008 ], [ 106.595757756886869, -5.705049441132997 ], [ 106.595754755360105, -5.705052231901491 ], [ 106.595753253875543, -5.705053366435854 ], [ 106.595748749440645, -5.705056770038867 ], [ 106.595748749421873, -5.705056770054519 ], [ 106.59574649846337, -5.705058930636532 ], [ 106.595746444375422, -5.70505903717158 ] ] ] } },
{ "type": "Feature", "properties": { "fid": 29.0, "ID": 28, "ELEV": -15.0 }, "geometry": { "type": "MultiLineString", "coordinates": [ [ [ 106.596854912989755, -5.704133580396963 ], [ 106.596854351680619, -5.704134636966259 ], [ 106.596852966150863, -5.704135846537702 ], [ 106.596852100511327, -5.704136718457181 ], [ 106.596848319004096, -5.704140380910411 ], [ 106.596847598794781, -5.704141106344588 ], [ 106.596843817691578, -5.704144914878343 ], [ 106.596843097094947, -5.704145500293076 ], [ 106.596839299454118, -5.704149448893235 ], [ 106.596838595731924, -5.704150016032073 ], [ 106.596834657084685, -5.704153983252632 ], [ 106.596834094245551, -5.704154487202971 ], [ 106.596829588814416, -5.704157532291795 ], [ 106.596827012220629, -5.704158525945301 ], [ 106.596825080403619, -5.704159500195871 ], [ 106.596820572790392, -5.70416175644884 ], [ 106.596818417629876, -5.704163071273811 ], [ 106.596816070095144, -5.704165790674075 ], [ 106.596814068961066, -5.70416760481797 ], [ 106.596811568226315, -5.704170123694306 ], [ 106.596807561511255, -5.70417214435365 ], [ 106.596807061007354, -5.704172522541309 ], [ 106.596802558693042, -5.704176679713305 ], [ 106.596802558652143, -5.704176679763663 ], [ 106.596799862872487, -5.704181208670061 ], [ 106.596798062698824, -5.704183151449971 ], [ 106.596796680980333, -5.704185738975868 ], [ 106.596793568551789, -5.704190269088879 ], [ 106.59679356853222, -5.704190269111538 ], [ 106.596789477574973, -5.704194801917755 ], [ 106.596789068145242, -5.704195137985237 ], [ 106.596784562455326, -5.704198089731594 ], [ 106.59678230902361, -5.704199343288109 ], [ 106.596780055420467, -5.704200555267424 ], [ 106.596775547544397, -5.70420271669553 ], [ 106.596772541558508, -5.704203891871385 ], [ 106.596771038565549, -5.704204479457514 ], [ 106.596766528994138, -5.704206027996447 ], [ 106.596762020254772, -5.70420787736236 ], [ 106.596761162043791, -5.704208444928558 ], [ 106.596757515329273, -5.704211105570762 ], [ 106.596755879116344, -5.704212981065395 ], [ 106.596753016063914, -5.704216380121355 ], [ 106.596752317043439, -5.704217512426234 ], [ 106.596749249850888, -5.704222042413596 ], [ 106.596748521449825, -5.704223336293916 ], [ 106.596746346278081, -5.704226571946855 ], [ 106.596744029087688, -5.704231099852701 ], [ 106.596744029069001, -5.704231099897962 ], [ 106.596741892129103, -5.704235627258342 ], [ 106.596739536926066, -5.70423894954114 ], [ 106.596738537192536, -5.704240158044285 ], [ 106.596735034778163, -5.704243182088079 ], [ 106.596732608440945, -5.704244695973413 ], [ 106.596730527471379, -5.704245549529535 ], [ 106.596726017559121, -5.704246975017764 ], [ 106.596723315526759, -5.704249243239128 ], [ 106.596721514025916, -5.704250706782743 ], [ 106.596719799039349, -5.704253774473378 ], [ 106.596717015884181, -5.704256387793695 ], [ 106.596713129958218, -5.704258314457029 ], [ 106.596712508196518, -5.704258617613795 ], [ 106.596707996536594, -5.70425941131091 ], [ 106.596703484411321, -5.7042600367816 ], [ 106.596698973441292, -5.704261079926658 ], [ 106.596695169871978, -5.704262885776369 ], [ 106.596694466670584, -5.704263641309501 ], [ 106.596691790294656, -5.704267416630565 ], [ 106.596689970864404, -5.704270166865044 ], [ 106.596688669149586, -5.704271946767538 ], [ 106.596685473600104, -5.704276165278992 ], [ 106.596685242979518, -5.704276477751032 ], [ 106.596682477754641, -5.704281006900225 ], [ 106.59668097915052, -5.704283181365156 ], [ 106.596679355659731, -5.704285537039819 ], [ 106.596676480548908, -5.704288696344484 ], [ 106.596674812549509, -5.704290071123087 ], [ 106.596671975703018, -5.704291953755513 ], [ 106.596667465668261, -5.704293335178305 ], [ 106.59666295431721, -5.704294240701752 ], [ 106.596661450774519, -5.704294629680231 ], [ 106.596658444592222, -5.704295734137434 ], [ 106.596653937431441, -5.70429815467431 ], [ 106.596652629780607, -5.704299175635485 ], [ 106.596649433302304, -5.704301671317134 ], [ 106.596646899906332, -5.704303713012147 ], [ 106.596644930414229, -5.704305636684576 ], [ 106.596640649489729, -5.704308251833387 ], [ 106.596640424274284, -5.704308426365123 ], [ 106.596635920691227, -5.704312140506794 ], [ 106.59663517017421, -5.704312788514631 ], [ 106.596632023004005, -5.704317318723706 ], [ 106.59663142741509, -5.704319581170625 ], [ 106.596630945687366, -5.704321843188541 ], [ 106.596630384099228, -5.704326366222135 ], [ 106.596629201782392, -5.70433089097837 ], [ 106.596626955388658, -5.704334704775284 ], [ 106.596625828916828, -5.704335421813797 ], [ 106.596622448901343, -5.704337368971938 ], [ 106.59661793857849, -5.704338646426937 ], [ 106.596615309172378, -5.704339972483075 ], [ 106.596613432572966, -5.704341484849323 ], [ 106.596608927133602, -5.704344511669416 ], [ 106.596608927088553, -5.704344511699691 ], [ 106.596604422930255, -5.70434801803377 ], [ 106.596603351049083, -5.704349048619066 ], [ 106.596599917358589, -5.704351013379308 ], [ 106.596595974857877, -5.704353590564244 ], [ 106.596595411706545, -5.704353979679265 ], [ 106.59659141085416, -5.704358124705156 ], [ 106.596590911402643, -5.704358879670402 ], [ 106.596589185738523, -5.704362652355319 ], [ 106.596587612839087, -5.704367178195496 ], [ 106.59658682896314, -5.704371701846027 ], [ 106.59658644552546, -5.704376224385287 ], [ 106.596586445518213, -5.704376224400905 ], [ 106.596583101595328, -5.704380755140323 ], [ 106.596581946653743, -5.704381644912179 ], [ 106.596577433631225, -5.704381946454244 ], [ 106.596572918452722, -5.704381468474593 ], [ 106.596568408988773, -5.704383056670537 ], [ 106.596564546264318, -5.704385328108788 ], [ 106.596563902506858, -5.704385723075183 ], [ 106.596559398018485, -5.704389110291703 ], [ 106.596558852973146, -5.704389865383467 ], [ 106.596557607080783, -5.704394390316167 ], [ 106.596557591372246, -5.704398911834987 ], [ 106.596556889493613, -5.704403435257996 ], [ 106.596554930980062, -5.704406038139207 ], [ 106.596552836848105, -5.704407967979717 ], [ 106.596550427906053, -5.704409936811471 ], [ 106.596546775125177, -5.704412506276793 ], [ 106.596545925769419, -5.704414174436926 ], [ 106.596544186380058, -5.704417034936036 ], [ 106.596542454347343, -5.704421561217828 ], [ 106.5965414359232, -5.704422855892639 ], [ 106.596536925596141, -5.704424132179041 ], [ 106.596532405539435, -5.70442189053315 ], [ 106.59653175987988, -5.704421590895775 ], [ 106.596527882546809, -5.70441858733875 ], [ 106.596523376560967, -5.704421433296821 ], [ 106.5965232265971, -5.70442161457613 ], [ 106.596519539543465, -5.704426146283184 ], [ 106.596518877899868, -5.704426927687062 ], [ 106.596516308924649, -5.704430676723605 ], [ 106.596515200897244, -5.704435201273741 ], [ 106.596514395022751, -5.704438129160126 ], [ 106.596513868394879, -5.704439726446807 ], [ 106.596509897097931, -5.704443889842787 ], [ 106.596505383352451, -5.704443930225162 ], [ 106.596500866203755, -5.704442740084465 ], [ 106.596496353271476, -5.704443074504867 ], [ 106.596492884469782, -5.70444430615308 ], [ 106.596491844459678, -5.704444898792691 ], [ 106.596487340510407, -5.704448481286653 ], [ 106.596486980396747, -5.704448844012278 ], [ 106.596483381846852, -5.704453375473626 ], [ 106.596482842537569, -5.704454224740103 ], [ 106.596480505507827, -5.704457904930836 ], [ 106.596478347701847, -5.704461102543949 ], [ 106.59647751548485, -5.704462434703514 ], [ 106.596474494893499, -5.704466964561016 ], [ 106.596473853396276, -5.704468172069852 ], [ 106.596472402213067, -5.704471491843578 ], [ 106.596469695612583, -5.704476020829756 ], [ 106.596469362174531, -5.70447635668624 ], [ 106.596464856357272, -5.704479263880361 ], [ 106.596462352245339, -5.704480562682856 ], [ 106.596460349954725, -5.704481959459804 ], [ 106.596457456870652, -5.704485097742801 ], [ 106.596455851370209, -5.704487481924316 ], [ 106.596454456449251, -5.704489627544302 ], [ 106.596451506439124, -5.704494157205908 ], [ 106.596451356378395, -5.704494303479513 ], [ 106.596446852639659, -5.704497962323421 ], [ 106.59644572619537, -5.704498694721285 ], [ 106.596442345902844, -5.704500537127928 ], [ 106.596437837790091, -5.704502614435372 ], [ 106.596436777440303, -5.704503241029062 ], [ 106.59643333472269, -5.704506516089801 ], [ 106.596432209734999, -5.704507775179633 ], [ 106.596428834244904, -5.704511354131111 ], [ 106.596427633189322, -5.704512309354719 ], [ 106.596424328556125, -5.704514307967838 ], [ 106.596421009584759, -5.704516849210213 ], [ 106.596419823752186, -5.704517581772841 ], [ 106.596415319244144, -5.704520962590973 ], [ 106.596414818884028, -5.704521387864389 ], [ 106.596410816596531, -5.704525016145027 ], [ 106.596410022535139, -5.704525922649334 ], [ 106.596406315277477, -5.704529550119497 ], [ 106.596405486288432, -5.704530456712503 ], [ 106.596402012716865, -5.704534987826846 ], [ 106.596401818126466, -5.704535591241721 ], [ 106.596400897538928, -5.704539512396892 ], [ 106.596401839800507, -5.704543428382851 ], [ 106.596402092241064, -5.704544030557263 ], [ 106.596406364533635, -5.70454736066347 ], [ 106.59640749625153, -5.704548537037187 ], [ 106.596408508245474, -5.704553055704523 ], [ 106.596407482348326, -5.704557580026829 ], [ 106.59640639920903, -5.704559898911438 ], [ 106.596404399165934, -5.704562110057925 ], [ 106.596401894674941, -5.704563270445843 ], [ 106.596397380546975, -5.704563172950407 ], [ 106.596392863967949, -5.704562189166749 ], [ 106.596392626263253, -5.704562142726566 ], [ 106.596388347567526, -5.704561269961515 ], [ 106.596383832979768, -5.704561006209701 ], [ 106.596379317920665, -5.704560572020698 ], [ 106.596374804837936, -5.704560852481137 ], [ 106.59637308899292, -5.704562196940027 ], [ 106.596370303274554, -5.704565298305225 ], [ 106.596368714098517, -5.70456673055533 ], [ 106.596365799651537, -5.70456899940084 ], [ 106.596361290227236, -5.704570602782216 ], [ 106.596359285941077, -5.704571278192623 ], [ 106.596356780488719, -5.704572092555048 ], [ 106.596352274348931, -5.704574883639869 ], [ 106.596351148475534, -5.704575822248358 ], [ 106.596348990874432, -5.704580349710974 ], [ 106.596348608818829, -5.704584872246764 ], [ 106.59634779645603, -5.704587888834006 ], [ 106.596347123555759, -5.704589397843766 ], [ 106.596344077552516, -5.704593927771547 ], [ 106.596343301387918, -5.704594683506937 ], [ 106.596338790064635, -5.704595600316813 ], [ 106.596334273579473, -5.704594650586112 ], [ 106.596329763333415, -5.70459595693387 ], [ 106.596327022789652, -5.704598496570919 ], [ 106.596325260391964, -5.704599904680377 ], [ 106.596321343946741, -5.704603033804222 ], [ 106.59632075636334, -5.704603459319619 ], [ 106.596316248009586, -5.704605449981684 ], [ 106.596311737773078, -5.704606759844896 ], [ 106.596309805541622, -5.704607587296453 ], [ 106.596307229449039, -5.704608761277848 ], [ 106.596303086015908, -5.704612127417292 ], [ 106.596302725764048, -5.704612440248965 ], [ 106.596299443535472, -5.704616659000043 ], [ 106.596298227258629, -5.704617992225193 ], [ 106.596295049860217, -5.704621192667165 ], [ 106.596293725310019, -5.704622299143472 ], [ 106.596289736804167, -5.704625728885315 ], [ 106.596289222552926, -5.704626313727112 ], [ 106.596286260925396, -5.704630260005756 ], [ 106.596284730559319, -5.704634220533326 ], [ 106.596284450002386, -5.704634786506378 ], [ 106.596280230814244, -5.704639319689297 ], [ 106.596280230801369, -5.704639319698024 ], [ 106.596275723095545, -5.704641544832914 ], [ 106.596271213311326, -5.704643018408927 ], [ 106.596268825980914, -5.704643872810363 ], [ 106.596266704157358, -5.70464471990122 ], [ 106.596262556861262, -5.70464841168118 ], [ 106.596262202010351, -5.704648955238058 ], [ 106.596259666752459, -5.704652941176213 ], [ 106.596257711703402, -5.704657468076731 ], [ 106.596257711692175, -5.704657468092916 ], [ 106.59625320433463, -5.70465981927209 ], [ 106.596248694529308, -5.704661285300396 ], [ 106.596246960454437, -5.704662019384007 ], [ 106.596244185663153, -5.704663090958355 ], [ 106.596241332795444, -5.70466655647484 ], [ 106.596239780709226, -5.704671082257255 ], [ 106.596239695039685, -5.70467149354534 ], [ 106.596238250330174, -5.704675607979441 ], [ 106.596235201958876, -5.70467900754845 ], [ 106.596230687687353, -5.704678858590396 ], [ 106.596227840419317, -5.704680158339388 ], [ 106.596226179296906, -5.704680836357792 ], [ 106.596222578881395, -5.70468469441426 ], [ 106.596221679318901, -5.704685856266435 ], [ 106.596219988603252, -5.704689223077297 ], [ 106.596219072189143, -5.704693747095948 ], [ 106.596217253534689, -5.704698273618 ], [ 106.596217199992822, -5.704698344416204 ], [ 106.59621269674426, -5.704702181686386 ], [ 106.596211297630603, -5.704702811619461 ], [ 106.596208189196858, -5.704704464415177 ], [ 106.596203681193515, -5.704706582272024 ], [ 106.5962021787266, -5.704707358397048 ], [ 106.596199173991224, -5.70470898983055 ], [ 106.596194668198777, -5.704711900711899 ], [ 106.596194668180758, -5.704711900727546 ], [ 106.596190166263028, -5.704716219365747 ], [ 106.596189819633466, -5.704716435640778 ], [ 106.596185659556383, -5.704718806216767 ], [ 106.596181151751722, -5.704720981166723 ], [ 106.596181151710724, -5.704720981182432 ], [ 106.596176641126775, -5.704722165913444 ], [ 106.596172129830421, -5.704723093030122 ], [ 106.596167621811148, -5.70472520525151 ], [ 106.596167121190518, -5.704725541571763 ], [ 106.596163117247059, -5.704728566998361 ], [ 106.596161480027135, -5.704730078699618 ], [ 106.596158614590735, -5.704732618682757 ], [ 106.596156551259725, -5.704734613850853 ], [ 106.596154113654407, -5.704737292394547 ], [ 106.596152887723477, -5.704739145491612 ], [ 106.596150491094946, -5.704743673617254 ], [ 106.596149621197185, -5.704745032477969 ], [ 106.596146303973484, -5.704748206710716 ], [ 106.596145118140001, -5.704748939273002 ], [ 106.596141572274675, -5.704752741315118 ], [ 106.596140617374516, -5.704753674852198 ], [ 106.59613779303767, -5.704757273276859 ], [ 106.596136118741668, -5.704759181699271 ], [ 106.596131611863484, -5.704761706749918 ], [ 106.596131160763065, -5.704761813154441 ], [ 106.596127100624827, -5.704762654896407 ], [ 106.596122590088854, -5.704763857167219 ], [ 106.596118550122696, -5.704766369619054 ], [ 106.596118084250932, -5.7047667584639 ], [ 106.596114656580298, -5.704770901897859 ], [ 106.596113585328879, -5.7047721608383 ], [ 106.596109402955236, -5.704775437950202 ], [ 106.596109081532731, -5.704775800568362 ], [ 106.596105632433165, -5.704779969887661 ], [ 106.596106284396271, -5.704784489554941 ], [ 106.596105893878601, -5.704789012114585 ], [ 106.596104606714505, -5.704789919981049 ], [ 106.596100096118207, -5.704791100544069 ], [ 106.596095584896744, -5.704792055034228 ], [ 106.596091074744564, -5.704793396228378 ], [ 106.596090554415156, -5.704793576149922 ], [ 106.59608656546196, -5.704795051919699 ], [ 106.596082053743586, -5.704795826729752 ], [ 106.596077542447574, -5.704796754291976 ], [ 106.596075084170067, -5.704798140547764 ], [ 106.59607303779373, -5.70480008399909 ], [ 106.596071164176948, -5.704802672899808 ], [ 106.596070048222657, -5.704807197472189 ], [ 106.596069163744559, -5.704811721402354 ], [ 106.596068559241729, -5.704812853444715 ], [ 106.596065299984502, -5.704816253598379 ], [ 106.596064056833242, -5.704816995247281 ], [ 106.596059548216928, -5.704818892012182 ], [ 106.596055039141319, -5.704820622679483 ], [ 106.596054748420528, -5.704820804349258 ], [ 106.596050533368341, -5.704823547771089 ], [ 106.596048156022775, -5.704825344115621 ], [ 106.596046029213639, -5.704827058131032 ], [ 106.596041521695341, -5.704829352056391 ], [ 106.596040394705071, -5.704829887124996 ], [ 106.596037015590696, -5.704832157250737 ], [ 106.596034120098224, -5.704834426009574 ], [ 106.596032512326161, -5.704835989606091 ], [ 106.596029753979579, -5.704838959599218 ], [ 106.596028011529995, -5.704840714683696 ], [ 106.596024290379972, -5.704843496233685 ], [ 106.596023506794623, -5.704844015146743 ], [ 106.596019001675856, -5.704847176971911 ], [ 106.596017630270978, -5.704848036187689 ], [ 106.596014495620565, -5.704850000116124 ], [ 106.596009988910964, -5.704852578863993 ], [ 106.59600998888952, -5.704852578881435 ], [ 106.596005487581891, -5.704857112828663 ], [ 106.596005487564597, -5.704857112848368 ], [ 106.596001920141418, -5.704861644202381 ], [ 106.596000989124605, -5.704862690209346 ], [ 106.595998343552822, -5.704866175601468 ], [ 106.595996490949858, -5.704868363528572 ], [ 106.59599311205146, -5.704870711591851 ], [ 106.59599198706205, -5.704871970681276 ], [ 106.595990270215353, -5.704875240952465 ], [ 106.595990654443412, -5.704879761362873 ], [ 106.595990215562807, -5.704884284056869 ], [ 106.595988631871478, -5.704888809926964 ], [ 106.595987524953202, -5.704890687757988 ], [ 106.595983017168464, -5.70489288560335 ], [ 106.595978502533356, -5.704892605929596 ], [ 106.595973988516718, -5.704892549938736 ], [ 106.59597128248484, -5.704893379536316 ], [ 106.595969478391325, -5.704893901280546 ], [ 106.595964967974695, -5.704895147305026 ], [ 106.595960456716483, -5.704896088966142 ], [ 106.595955947056396, -5.704897608626638 ], [ 106.595955383743956, -5.704897945120706 ], [ 106.595951440886793, -5.704900390704335 ], [ 106.595948738360335, -5.704902485033376 ], [ 106.595946936676015, -5.704903881252727 ], [ 106.595942882894903, -5.704907022754549 ], [ 106.595942432429609, -5.70490735893554 ], [ 106.595937927757987, -5.704910682848507 ], [ 106.595936801716306, -5.704911561101873 ], [ 106.595933424684517, -5.704914584788324 ], [ 106.59593158228499, -5.704916097058451 ], [ 106.595928923577773, -5.704919198070241 ], [ 106.595927993623604, -5.704920628490835 ], [ 106.595927762508026, -5.704925150608526 ], [ 106.595927364333278, -5.704929673189683 ], [ 106.59592495274083, -5.704934201356581 ], [ 106.59592445265595, -5.704934728498659 ], [ 106.595919947625802, -5.704937922851406 ], [ 106.595916824915889, -5.70493874538173 ], [ 106.595915437298515, -5.704939201378979 ], [ 106.595910927524287, -5.704940679949821 ], [ 106.595906420463194, -5.704943139806117 ], [ 106.595906155369036, -5.704943296458121 ], [ 106.595901915400702, -5.704946322538463 ], [ 106.595899913427417, -5.70494783525123 ], [ 106.595897411692988, -5.704949995283492 ], [ 106.595894497539547, -5.70495237175265 ], [ 106.595892908361179, -5.704953804002052 ], [ 106.59588924942274, -5.704956907788612 ], [ 106.595888405060592, -5.704957624043622 ], [ 106.595883901788213, -5.70496144410063 ], [ 106.595883901760075, -5.704961444127304 ], [ 106.595880426305868, -5.704965975218909 ], [ 106.595879404339826, -5.704967391022219 ], [ 106.595877503238512, -5.704970504804677 ], [ 106.595874908482145, -5.7049739031051 ], [ 106.595874133358151, -5.704975035629986 ], [ 106.595873291447532, -5.704979559442231 ], [ 106.595872817877279, -5.704984082232634 ], [ 106.595870434389724, -5.70498828735229 ], [ 106.595870153162537, -5.704988611101684 ], [ 106.595865933552318, -5.704992998427069 ], [ 106.595865804986261, -5.704993144640965 ], [ 106.595861431614836, -5.704997311647059 ], [ 106.595861085413418, -5.704997679210548 ], [ 106.595856925322437, -5.705000049781843 ], [ 106.595854363088776, -5.705002219336084 ], [ 106.5958524237234, -5.705004485463582 ], [ 106.595850745709754, -5.705006750847954 ], [ 106.595849772322552, -5.705011275024963 ], [ 106.595849069604611, -5.705015798451093 ], [ 106.595847944656555, -5.705017070757786 ], [ 106.595843434819642, -5.705018526968897 ], [ 106.59583891953946, -5.705018014422032 ], [ 106.595834402340913, -5.705016808028147 ], [ 106.595831213434749, -5.705015847986746 ], [ 106.595829883116082, -5.705014868745866 ], [ 106.595828273749873, -5.705015856141811 ], [ 106.595825375045933, -5.705016964004049 ], [ 106.595821968637978, -5.705020395109693 ], [ 106.595820873234459, -5.705021322996434 ], [ 106.595816369362609, -5.705024932119464 ], [ 106.595816369349748, -5.705024932131088 ], [ 106.595811867541059, -5.70502929217797 ], [ 106.595811700839491, -5.7050294665472 ], [ 106.595808914293414, -5.705033995754125 ], [ 106.595808590218567, -5.705038518129902 ], [ 106.59580928750384, -5.705043037672317 ], [ 106.595807978681776, -5.705047562779888 ], [ 106.595807405946275, -5.705048197372705 ], [ 106.595802897604656, -5.70505019457319 ], [ 106.595798380705503, -5.705049096564544 ], [ 106.59579445146602, -5.705047600305674 ], [ 106.595793860834718, -5.705046923728013 ], [ 106.595789345904649, -5.705046537922897 ], [ 106.595784834508649, -5.705047430393807 ], [ 106.595783330442558, -5.705047631156214 ], [ 106.595780322004643, -5.705047922100002 ], [ 106.595775965505524, -5.705052173063804 ], [ 106.595775820262674, -5.705052306454317 ], [ 106.595772199313203, -5.705056704988246 ], [ 106.595771320892268, -5.705057548628622 ], [ 106.595766813828916, -5.705060008274616 ], [ 106.595764355154941, -5.705061248225127 ], [ 106.595762306698745, -5.705062443774136 ], [ 106.595758238899592, -5.705065786668683 ], [ 106.595757803152011, -5.7050661754298 ], [ 106.59575569702244, -5.705068054458354 ], [ 106.595755551605635, -5.705068123368449 ] ] ] } },
{ "type": "Feature", "properties": { "fid": 30.0, "ID": 29, "ELEV": -16.0 }, "geometry": { "type": "MultiLineString", "coordinates": [ [ [ 106.596864868408971, -5.704142595714914 ], [ 106.596864001595691, -5.704144858858062 ], [ 106.59686115958732, -5.704148058388649 ], [ 106.596860327384562, -5.704149390530469 ], [ 106.596856817605399, -5.704153921746484 ], [ 106.596856662344237, -5.704154063476863 ], [ 106.59685215722989, -5.70415722302415 ], [ 106.596849035686347, -5.704158464819794 ], [ 106.596847648745509, -5.70415916428199 ], [ 106.596843142097782, -5.704161769529682 ], [ 106.59684145283984, -5.704163007340511 ], [ 106.596838637374091, -5.704165070366964 ], [ 106.596834477598406, -5.70416754817477 ], [ 106.596834130876701, -5.704167730000212 ], [ 106.596829625215364, -5.704170691896647 ], [ 106.596828184642689, -5.704172087115319 ], [ 106.596825122102516, -5.704174575139027 ], [ 106.596823089256858, -5.704176622732025 ], [ 106.596820622108496, -5.704179585927042 ], [ 106.596819780096013, -5.70418115339113 ], [ 106.596818555643111, -5.70418567826423 ], [ 106.596816997405739, -5.704190204063733 ], [ 106.596816142634196, -5.704192015017357 ], [ 106.596814066831698, -5.704194733672089 ], [ 106.596811642571822, -5.704197001161694 ], [ 106.596809015772479, -5.704199269165727 ], [ 106.596807139815482, -5.70420101340617 ], [ 106.596803864740878, -5.70420380493681 ], [ 106.596802636112599, -5.704204683475868 ], [ 106.596798127940744, -5.70420673793264 ], [ 106.596794313002619, -5.70420835292169 ], [ 106.596793619273257, -5.704208613222693 ], [ 106.596789111939316, -5.70421097063251 ], [ 106.59678636970898, -5.704212896442368 ], [ 106.596784606042704, -5.70421384769338 ], [ 106.596780096483542, -5.704215400663682 ], [ 106.59677558650472, -5.704216801928667 ], [ 106.59677408370375, -5.704217452015697 ], [ 106.596771078640003, -5.704218967514167 ], [ 106.596766572231047, -5.704221659406552 ], [ 106.596766071611256, -5.704221995727113 ], [ 106.596762068865985, -5.704225451781152 ], [ 106.596761265813129, -5.704226530539806 ], [ 106.596758824371435, -5.704231058790522 ], [ 106.596757575339979, -5.704232801290921 ], [ 106.596755978123156, -5.704235588164724 ], [ 106.59675307957832, -5.704239342579735 ], [ 106.596752505494152, -5.704240119277358 ], [ 106.596749409479074, -5.704244649344746 ], [ 106.596748583925631, -5.704245923304119 ], [ 106.596745446924032, -5.704249181817087 ], [ 106.596744082144454, -5.704250288408198 ], [ 106.5967395762911, -5.70425318132127 ], [ 106.596738637410382, -5.704253722190715 ], [ 106.596735071880047, -5.704256595678888 ], [ 106.596733166763471, -5.704258258848486 ], [ 106.596730570461517, -5.704261091971391 ], [ 106.596728808874573, -5.704262792417957 ], [ 106.596726066636435, -5.704264718229637 ], [ 106.596721560040109, -5.704267334010723 ], [ 106.596721560016377, -5.704267334021062 ], [ 106.596717049486784, -5.704268536391944 ], [ 106.596712538829792, -5.70426969271368 ], [ 106.5967080290594, -5.704271169588522 ], [ 106.5967065264296, -5.704271897208552 ], [ 106.596703521787362, -5.70427354972359 ], [ 106.596700370081976, -5.70427643576915 ], [ 106.596699021284735, -5.704278377296219 ], [ 106.596697639565633, -5.704280964822057 ], [ 106.596695429880398, -5.704285492429505 ], [ 106.59669453102434, -5.704286907883323 ], [ 106.596692470782429, -5.704290022116786 ], [ 106.596690790613223, -5.70429454825468 ], [ 106.596690301586506, -5.704299071086822 ], [ 106.596690052129802, -5.70429954773342 ], [ 106.596685548977263, -5.704303417352321 ], [ 106.596684044891362, -5.704303609925849 ], [ 106.596681036353345, -5.704303862684452 ], [ 106.596676524201172, -5.704304478578544 ], [ 106.59667201368309, -5.704305685274314 ], [ 106.596667504132654, -5.704307241833282 ], [ 106.596665701203094, -5.704308182309318 ], [ 106.596662998526554, -5.704310224469338 ], [ 106.596660641020321, -5.704312717827554 ], [ 106.596658851314089, -5.704317244269429 ], [ 106.596658507662625, -5.704318537108342 ], [ 106.59665569546371, -5.704321774502676 ], [ 106.596654004748601, -5.704322493107134 ], [ 106.596649493560136, -5.704323457509017 ], [ 106.596644987674864, -5.704326325694234 ], [ 106.596644987637333, -5.704326325722604 ], [ 106.596641561044919, -5.704330856678919 ], [ 106.596640490229674, -5.704332272609929 ], [ 106.59663899421588, -5.704335385277471 ], [ 106.596637228556233, -5.704339911652608 ], [ 106.596637640011423, -5.704344431985795 ], [ 106.596637874348389, -5.70434895281052 ], [ 106.596637163481688, -5.704353476258389 ], [ 106.596636043626461, -5.704356587892125 ], [ 106.596635241503691, -5.704358003067355 ], [ 106.59663153946552, -5.704360093215688 ], [ 106.596627025697558, -5.704360125128062 ], [ 106.596622510071555, -5.704359485270324 ], [ 106.596617995454736, -5.704359210281749 ], [ 106.596613485096199, -5.704360474902873 ], [ 106.596610164965441, -5.70436259413471 ], [ 106.596608982321143, -5.704364481373702 ], [ 106.596605478887057, -5.704367128614498 ], [ 106.596604477265586, -5.70436766334436 ], [ 106.596599973584802, -5.704371342398637 ], [ 106.5965997487816, -5.704371665991613 ], [ 106.59659727868187, -5.704376194321672 ], [ 106.596597623790956, -5.704380714839085 ], [ 106.59660000574172, -5.704382968943747 ], [ 106.596600897060611, -5.704385227230363 ], [ 106.59660287882933, -5.704389743205748 ], [ 106.596602452854498, -5.704394265863032 ], [ 106.596600044795892, -5.70439708920489 ], [ 106.596597517371151, -5.704398801034984 ], [ 106.59659553810954, -5.70439968165319 ], [ 106.596591026121587, -5.704400357283807 ], [ 106.596586512646226, -5.704400495137263 ], [ 106.596581999810695, -5.704400864331433 ], [ 106.596577488803234, -5.704401894488485 ], [ 106.596573701298098, -5.704403388603305 ], [ 106.59657298040085, -5.704403866548043 ], [ 106.596568471515141, -5.704405663869283 ], [ 106.59656396305239, -5.704407614134213 ], [ 106.59656367272504, -5.704407937909021 ], [ 106.596559457376586, -5.704410572067365 ], [ 106.596557032115939, -5.704412477812658 ], [ 106.596554954165995, -5.704414421357217 ], [ 106.596552955170409, -5.704417010601833 ], [ 106.596550457108989, -5.704420495591225 ], [ 106.596549862576424, -5.704421540659323 ], [ 106.596546861442178, -5.704426070463 ], [ 106.596545961633495, -5.704427141672947 ], [ 106.596541562335517, -5.704430606643752 ], [ 106.596541457572528, -5.704430683571378 ], [ 106.596536945943072, -5.704431488971657 ], [ 106.596532431554877, -5.704431296905588 ], [ 106.596527922961599, -5.704433200107249 ], [ 106.596525876655789, -5.704435171647952 ], [ 106.59652342139708, -5.704437644715343 ], [ 106.596522239229003, -5.704439703217322 ], [ 106.596520113612954, -5.704444230591327 ], [ 106.596518934100445, -5.704447248200565 ], [ 106.596518359581466, -5.704448756934165 ], [ 106.596517394277058, -5.704453281088245 ], [ 106.596515900326622, -5.704457806709347 ], [ 106.596514452766314, -5.704459007589013 ], [ 106.596509944332666, -5.704460968614924 ], [ 106.596508285154798, -5.704462349317145 ], [ 106.596508124514443, -5.704466871238254 ], [ 106.596508403123721, -5.704471391940423 ], [ 106.596505471558842, -5.704475823255806 ], [ 106.596504826990085, -5.704475923339689 ], [ 106.596500958860545, -5.704476242358433 ], [ 106.596499265321029, -5.704475938773541 ], [ 106.59649644273108, -5.704475420851741 ], [ 106.596491927316293, -5.704474857749568 ], [ 106.596487414529847, -5.704475244993415 ], [ 106.596485650261883, -5.704475976555646 ], [ 106.596482908364067, -5.704478026123305 ], [ 106.596481209998089, -5.704480510352792 ], [ 106.596478847926932, -5.704485038382933 ], [ 106.596478416136449, -5.704485846991317 ], [ 106.59647595455256, -5.704489567887445 ], [ 106.596473922088904, -5.704493009854345 ], [ 106.596472331981985, -5.704494099415469 ], [ 106.596469416361543, -5.70449594958651 ], [ 106.59646598467242, -5.70449863850461 ], [ 106.596464911843384, -5.704499326554524 ], [ 106.596460403113596, -5.704501180700568 ], [ 106.596456647107132, -5.704503185891598 ], [ 106.596455895879103, -5.704503575528452 ], [ 106.596451530274464, -5.704507721566094 ], [ 106.596451394084255, -5.704507937256284 ], [ 106.596447107118081, -5.704512255315642 ], [ 106.596446892670414, -5.704512436773883 ], [ 106.596442389351012, -5.704516247295304 ], [ 106.596441980495726, -5.704516791017259 ], [ 106.596440207437723, -5.704521317412878 ], [ 106.596439731966413, -5.704525840207755 ], [ 106.596437914557015, -5.704530366726449 ], [ 106.596437914542008, -5.704530366739799 ], [ 106.596433408310645, -5.704533124407098 ], [ 106.596428895421056, -5.704533474580042 ], [ 106.596424377964979, -5.704532173569256 ], [ 106.596419865981659, -5.704532851445702 ], [ 106.596415705151799, -5.704534949831623 ], [ 106.596415358587663, -5.704535188770492 ], [ 106.596412831409054, -5.704539479281538 ], [ 106.596413907265884, -5.704543997771644 ], [ 106.596414733412445, -5.70454851695467 ], [ 106.596414162755465, -5.704553040013715 ], [ 106.596412650603938, -5.704557565685337 ], [ 106.596410916997471, -5.704561320015324 ], [ 106.596410555952687, -5.704562092973354 ], [ 106.596406417658727, -5.704566570110381 ], [ 106.596406256601824, -5.704566626379235 ], [ 106.596401907699487, -5.704567979986256 ], [ 106.596397393639108, -5.704567906936921 ], [ 106.596392877592407, -5.704567115653137 ], [ 106.596388364661834, -5.70456745114016 ], [ 106.596384152418523, -5.704571209191657 ], [ 106.596383862160593, -5.704571557810561 ], [ 106.596379707103978, -5.704575743002445 ], [ 106.596379360504343, -5.704575970043388 ], [ 106.596374851682171, -5.704577791145018 ], [ 106.596371180633611, -5.704580288137875 ], [ 106.596370346380866, -5.704580885385906 ], [ 106.596365976178305, -5.704584824055116 ], [ 106.596365843878914, -5.704584991887844 ], [ 106.596361339210404, -5.704588314986565 ], [ 106.59636016458478, -5.704589361657045 ], [ 106.596356837514108, -5.70459271285755 ], [ 106.596356088478004, -5.704593894443243 ], [ 106.596352941298278, -5.704598424651807 ], [ 106.596352341729485, -5.704599248400215 ], [ 106.596349731029051, -5.704602955035426 ], [ 106.596347842780318, -5.704604639684477 ], [ 106.59634333443411, -5.704606633028074 ], [ 106.596339725773717, -5.704607504273953 ], [ 106.596338823727208, -5.70460777275209 ], [ 106.596334317040316, -5.7046103661337 ], [ 106.596332172223498, -5.704612046709336 ], [ 106.596329814099164, -5.70461431400127 ], [ 106.596326510207561, -5.704616583896022 ], [ 106.596325308701395, -5.70461737357112 ], [ 106.59632080163388, -5.704619829367535 ], [ 106.596318343134627, -5.704621128033691 ], [ 106.596316294855384, -5.704622389692032 ], [ 106.596311786489025, -5.704624375858359 ], [ 106.596308780845277, -5.704625676042689 ], [ 106.596307277679884, -5.704626201919177 ], [ 106.596302770285462, -5.704628539572163 ], [ 106.59630072317276, -5.704630219876617 ], [ 106.596298267912232, -5.704632692943535 ], [ 106.596296661513378, -5.704634752622509 ], [ 106.596293768427657, -5.704637890905127 ], [ 106.596292710200061, -5.704639285062205 ], [ 106.596289265838919, -5.704641966399691 ], [ 106.596286562656445, -5.704643823595873 ], [ 106.596284760463774, -5.70464503432273 ], [ 106.596280255072969, -5.704648096598445 ], [ 106.59627977217454, -5.704648363913488 ], [ 106.596275750432184, -5.704651430117042 ], [ 106.596272903638862, -5.704652904447629 ], [ 106.596271243680846, -5.704654000443236 ], [ 106.596268049811272, -5.70465743939147 ], [ 106.596266743509389, -5.704658950174692 ], [ 106.596265189365994, -5.704661968804222 ], [ 106.596262248142168, -5.704665637208595 ], [ 106.596261085664878, -5.70466650166665 ], [ 106.596257741927687, -5.704668401742389 ], [ 106.596253233781425, -5.704670467723775 ], [ 106.596252057866195, -5.704671048191972 ], [ 106.596248729728018, -5.704674013774873 ], [ 106.596247718445241, -5.704675581708403 ], [ 106.596245135499572, -5.704680110351144 ], [ 106.596244235775941, -5.70468121266543 ], [ 106.596241904734327, -5.70468464079138 ], [ 106.59623973711625, -5.704686709236346 ], [ 106.596235228007401, -5.704688427212408 ], [ 106.596231167657365, -5.70468919205921 ], [ 106.596230716747158, -5.704689367217085 ], [ 106.596226212059108, -5.704692683874109 ], [ 106.596225703949685, -5.704693728695079 ], [ 106.596223346285853, -5.704698256712708 ], [ 106.596221718683424, -5.704700091350454 ], [ 106.596219906034705, -5.704702787734149 ], [ 106.596217219643805, -5.704705450656641 ], [ 106.596214877612681, -5.704707323162205 ], [ 106.59621271589792, -5.704709108098087 ], [ 106.596208747017442, -5.704711861648375 ], [ 106.596208210772915, -5.704712266840712 ], [ 106.596203705655157, -5.704715428218525 ], [ 106.596202387208152, -5.704716400770493 ], [ 106.596199202749787, -5.70471938967234 ], [ 106.596197879417986, -5.704720934753906 ], [ 106.596194702971829, -5.704724482110091 ], [ 106.596193451846858, -5.704725468514724 ], [ 106.596190197775016, -5.704727614965984 ], [ 106.596185690557661, -5.704730011525309 ], [ 106.596185690542114, -5.704730011535188 ], [ 106.596181184055325, -5.704732677937687 ], [ 106.596177615775161, -5.704734555405641 ], [ 106.596176677549792, -5.704735337576748 ], [ 106.596172173145348, -5.704738757051507 ], [ 106.596171744173603, -5.704739093172972 ], [ 106.596167671558078, -5.704743195322284 ], [ 106.596167197599769, -5.704743627263864 ], [ 106.596163169044559, -5.704747298668279 ], [ 106.596162502697027, -5.70474816176629 ], [ 106.596158668660635, -5.704752172159895 ], [ 106.596158259747213, -5.704752695014721 ], [ 106.596154165000527, -5.704755860900822 ], [ 106.596151617499018, -5.704757234920153 ], [ 106.596149657862313, -5.704758291866614 ], [ 106.596145152349322, -5.704761310583963 ], [ 106.596144723734739, -5.704761775523383 ], [ 106.596140651683484, -5.704766082218922 ], [ 106.59614039437011, -5.704766309011508 ], [ 106.596136146902978, -5.704769365872758 ], [ 106.596132711883953, -5.704770851802995 ], [ 106.59613163899823, -5.70477151970308 ], [ 106.596127132710706, -5.704774258393541 ], [ 106.596125380460919, -5.70477539362038 ], [ 106.596122628261753, -5.704777662005233 ], [ 106.596120648426151, -5.704779928225647 ], [ 106.596118132356111, -5.704784155245174 ], [ 106.596118014402066, -5.704784457009926 ], [ 106.596116841703164, -5.704788981739729 ], [ 106.596113644379528, -5.704793512086893 ], [ 106.596113644368785, -5.70479351209472 ], [ 106.596109138621244, -5.704796446159628 ], [ 106.596105435263269, -5.704798056339316 ], [ 106.596104630421209, -5.704798493331754 ], [ 106.596100119143614, -5.704799427528287 ], [ 106.596095606509522, -5.70479987116904 ], [ 106.596091097678325, -5.704801690114427 ], [ 106.596089094103235, -5.704802623153894 ], [ 106.596086591225315, -5.704804369132474 ], [ 106.596082350617948, -5.704807163339708 ], [ 106.596082085717939, -5.704807390152789 ], [ 106.596078799023417, -5.704811694669691 ], [ 106.596077588630848, -5.704813456369092 ], [ 106.596076516874291, -5.704816222477641 ], [ 106.596074401576658, -5.704820749822669 ], [ 106.596073100236609, -5.704822666364795 ], [ 106.596068593653143, -5.704825287412726 ], [ 106.596068593623087, -5.704825287426503 ], [ 106.596064083964009, -5.704826807083372 ], [ 106.596059576686329, -5.704829187989677 ], [ 106.596058710439607, -5.704829836309406 ], [ 106.596055073699148, -5.704833120572801 ], [ 106.596053688280875, -5.704834371719314 ], [ 106.596050571976846, -5.704837510620638 ], [ 106.596048451672942, -5.704838907724172 ], [ 106.596046067623021, -5.704840948998542 ], [ 106.596043461223999, -5.704843443046056 ], [ 106.5960415654353, -5.704845170778779 ], [ 106.59603890592237, -5.70484797716064 ], [ 106.59603706403631, -5.704849677828896 ], [ 106.596033508303876, -5.704852513612137 ], [ 106.596032560107048, -5.70485326981921 ], [ 106.596028055611512, -5.704856657036406 ], [ 106.596027492460223, -5.704857051778808 ], [ 106.596023552595625, -5.704860579397371 ], [ 106.596022426897008, -5.704861587308992 ], [ 106.596019052263003, -5.704865472209474 ], [ 106.59601860265775, -5.704866119395244 ], [ 106.596016057333117, -5.704870647933286 ], [ 106.596014558975313, -5.704872912895242 ], [ 106.596012953162642, -5.704875178021778 ], [ 106.596010058017839, -5.704877579779768 ], [ 106.596007656522886, -5.704879714193002 ], [ 106.596005554449775, -5.704881302543822 ], [ 106.596001650607874, -5.704884252331987 ], [ 106.596001049836119, -5.704884647180383 ], [ 106.595996752603071, -5.704888787397197 ], [ 106.595996548048873, -5.704889014042837 ], [ 106.595994610769921, -5.704893314815783 ], [ 106.595993375135166, -5.704897839720255 ], [ 106.595993093100404, -5.704902361979101 ], [ 106.595992077921437, -5.704904831050065 ], [ 106.595990411812707, -5.704906890894334 ], [ 106.595987573641068, -5.704908296318234 ], [ 106.595983060377307, -5.704908512648263 ], [ 106.595978544774155, -5.704907882914705 ], [ 106.595974032242935, -5.704908364184663 ], [ 106.595969526188, -5.704911187715545 ], [ 106.595968962727497, -5.70491147187778 ], [ 106.595965017309254, -5.704912989982434 ], [ 106.595960509543232, -5.704915194705134 ], [ 106.595959007183254, -5.704916020974028 ], [ 106.595956002534948, -5.704917673486663 ], [ 106.595951496094798, -5.704920357762399 ], [ 106.595951195735481, -5.704920564121795 ], [ 106.595946991169995, -5.70492359011098 ], [ 106.595945332351661, -5.704925101865003 ], [ 106.595942490334309, -5.704928301393464 ], [ 106.595941468153754, -5.704929634061871 ], [ 106.595938744986753, -5.704934163093193 ], [ 106.595937995810516, -5.704935295534003 ], [ 106.595935543095322, -5.704938693452625 ], [ 106.595933496794515, -5.704940665000383 ], [ 106.59592983637387, -5.704943230761132 ], [ 106.59592899166347, -5.704943822855869 ], [ 106.595924485077163, -5.704946454396386 ], [ 106.595922231817823, -5.704947773334695 ], [ 106.595919979566915, -5.704949475141211 ], [ 106.595916602014839, -5.70495231042973 ], [ 106.595915477229369, -5.70495364339323 ], [ 106.595913402743648, -5.704956840781844 ], [ 106.595911712765982, -5.704961366946805 ], [ 106.595910990409919, -5.704963424181672 ], [ 106.595910176539959, -5.704965892685222 ], [ 106.595907398662931, -5.704970421868285 ], [ 106.595906498476054, -5.704971355253385 ], [ 106.595901993649576, -5.704974623408362 ], [ 106.595901430337037, -5.704974959902407 ], [ 106.595897491042777, -5.704978694386438 ], [ 106.595896451581027, -5.704979495191203 ], [ 106.595894758209226, -5.704984021365581 ], [ 106.595895434941184, -5.704988540964751 ], [ 106.595895424303592, -5.704993062470841 ], [ 106.5958930197028, -5.704994073911679 ], [ 106.595888504168101, -5.704993469221185 ], [ 106.595887272059642, -5.704993085087007 ], [ 106.59588398492015, -5.704991521517098 ], [ 106.595880980049614, -5.704993102542385 ], [ 106.595879477053273, -5.704993690126996 ], [ 106.595874973734354, -5.704997503664128 ], [ 106.595874818460345, -5.704997641112504 ], [ 106.595870469745265, -5.705001074832474 ], [ 106.595866410349231, -5.705002185914858 ], [ 106.595865959218244, -5.705002281366061 ], [ 106.595861450086815, -5.705003992671561 ], [ 106.595857406758142, -5.705006732369092 ], [ 106.595856945885743, -5.705007487224081 ], [ 106.595855798908005, -5.705011258306205 ], [ 106.595855388962804, -5.705015780920127 ], [ 106.595853313818566, -5.7050203081536 ], [ 106.59585246985813, -5.705021171727565 ], [ 106.595847963752092, -5.705023977342988 ], [ 106.595845535630318, -5.705024851208268 ], [ 106.595843455151424, -5.705025880709963 ], [ 106.595838941684221, -5.705026023918728 ], [ 106.595834426408274, -5.705025512933219 ], [ 106.595829914681815, -5.705026285764134 ], [ 106.595825407533908, -5.705028714610631 ], [ 106.595824475617249, -5.705029431108486 ], [ 106.595820902867075, -5.705032040866161 ], [ 106.595819164202013, -5.705033967319739 ], [ 106.595817326332892, -5.705038493894947 ], [ 106.595816842527071, -5.705043016713824 ], [ 106.595816422478109, -5.705044148252773 ], [ 106.59581527115418, -5.705047542549743 ], [ 106.595812486073697, -5.705052071752634 ], [ 106.595811932280242, -5.705052707881885 ], [ 106.595807426732776, -5.705055715708522 ], [ 106.5958029147438, -5.705056393702621 ], [ 106.59579839903985, -5.705055728015259 ], [ 106.595793883742644, -5.705055209441661 ], [ 106.595789372518539, -5.705056164100365 ], [ 106.595787869280571, -5.705056661518773 ], [ 106.59578486446533, -5.705058265671943 ], [ 106.595780358745529, -5.705061203830343 ], [ 106.595780358725079, -5.705061203858661 ], [ 106.595777593489771, -5.705065732978159 ], [ 106.595775867012364, -5.705069215811295 ], [ 106.595775023539076, -5.705070261584187 ], [ 106.595771366224753, -5.705073945414556 ], [ 106.59577013750301, -5.705074796615165 ], [ 106.595766864739929, -5.705078422858207 ], [ 106.59576460928379, -5.705078956629851 ] ] ] } },
{ "type": "Feature", "properties": { "fid": 31.0, "ID": 30, "ELEV": -20.0 }, "geometry": { "type": "MultiLineString", "coordinates": [ ] } },
{ "type": "Feature", "properties": { "fid": 32.0, "ID": 31, "ELEV": -17.0 }, "geometry": { "type": "MultiLineString", "coordinates": [ [ [ 106.596872465145665, -5.704155622314884 ], [ 106.596871404504341, -5.704156141997618 ], [ 106.596870212792126, -5.704157275682872 ], [ 106.596869038408883, -5.704158409302073 ], [ 106.596865710958596, -5.704161621253149 ], [ 106.596864398080257, -5.704162943656001 ], [ 106.596861210451536, -5.704166446382524 ], [ 106.596860187438381, -5.70416747681731 ], [ 106.596856710105385, -5.704171329709178 ], [ 106.59685609644994, -5.704172009646505 ], [ 106.596852209477703, -5.704176111284988 ], [ 106.59685175927828, -5.704176543158971 ], [ 106.596847705854245, -5.704179809876507 ], [ 106.596845452478576, -5.70418108213812 ], [ 106.59684319918432, -5.70418240715107 ], [ 106.596838690812717, -5.704184389257374 ], [ 106.596835985966251, -5.704185629886959 ], [ 106.596834182677924, -5.704186456992509 ], [ 106.596829678396162, -5.704189917669773 ], [ 106.59682951190895, -5.704190169330216 ], [ 106.59682688570733, -5.704194698093831 ], [ 106.596825188721468, -5.704198659080626 ], [ 106.596824970093408, -5.704199224885231 ], [ 106.59682281311936, -5.704203752346522 ], [ 106.596820696976152, -5.704206651960841 ], [ 106.596819008791641, -5.704208284379983 ], [ 106.596816195162702, -5.704211005067014 ], [ 106.596813943278008, -5.704212819913802 ], [ 106.596811690812132, -5.704214440980005 ], [ 106.596807183418335, -5.704216776723312 ], [ 106.596805543614551, -5.704217364701352 ], [ 106.596802673864971, -5.704218331762908 ], [ 106.596798164013151, -5.704219778907878 ], [ 106.59679365423932, -5.704221254261952 ], [ 106.596791920009125, -5.704221923987482 ], [ 106.596789145385003, -5.704223062056915 ], [ 106.596784638291879, -5.704225506575292 ], [ 106.596782885580893, -5.704226470536526 ], [ 106.596780132415844, -5.704228391118241 ], [ 106.596777062024657, -5.704231008174019 ], [ 106.596775629178026, -5.704232229464501 ], [ 106.596771554392603, -5.704235544934662 ], [ 106.596771125497696, -5.704235907851278 ], [ 106.59676662118224, -5.704239356648512 ], [ 106.596765720402033, -5.70424008260105 ], [ 106.596762118891732, -5.704243537541539 ], [ 106.596761181503638, -5.704244616673032 ], [ 106.59675762057509, -5.704249148030763 ], [ 106.596757620555536, -5.704249148054618 ], [ 106.596754570111202, -5.704253677971759 ], [ 106.596753123743738, -5.704255309719661 ], [ 106.59675045689832, -5.70425821086227 ], [ 106.596748623908624, -5.704260378392346 ], [ 106.596746463784683, -5.70426274341945 ], [ 106.596744122219434, -5.704264776780015 ], [ 106.596740989067129, -5.7042672800886 ], [ 106.596739618217043, -5.704268338902077 ], [ 106.596735112847611, -5.704271406819363 ], [ 106.596734361665185, -5.704271819956817 ], [ 106.596730606215331, -5.7042740181881 ], [ 106.596726098511468, -5.704276242160202 ], [ 106.596725848076346, -5.704276365059789 ], [ 106.596721592903023, -5.704279223720306 ], [ 106.596718942337347, -5.704280905700368 ], [ 106.596717087361824, -5.704282229607542 ], [ 106.596712833172703, -5.70428544413015 ], [ 106.596712583024896, -5.70428567090245 ], [ 106.596709164392252, -5.704289975787075 ], [ 106.596708085774651, -5.704291674320191 ], [ 106.596706537100047, -5.704294504553539 ], [ 106.596704261004618, -5.704299032345325 ], [ 106.596703595611245, -5.704300239933964 ], [ 106.596701892639274, -5.704303560393187 ], [ 106.596699102809254, -5.704307851633593 ], [ 106.596698947815398, -5.704308090040898 ], [ 106.596694599373407, -5.704311618814507 ], [ 106.596692194777461, -5.704312630257525 ], [ 106.596690091155381, -5.704313657071209 ], [ 106.596685582175326, -5.7043154198315 ], [ 106.596681420417355, -5.704317181634391 ], [ 106.596681073695493, -5.704317363459777 ], [ 106.596676566148119, -5.704319644225116 ], [ 106.596673468607804, -5.704321725177786 ], [ 106.596672060777522, -5.704322712001193 ], [ 106.596669268886757, -5.7043262583081 ], [ 106.596667562034554, -5.704328175985715 ], [ 106.596665739321296, -5.70433078957855 ], [ 106.596663062668441, -5.704333414700604 ], [ 106.596660393084079, -5.704335325890708 ], [ 106.596658560093815, -5.704337493420654 ], [ 106.596656483303704, -5.704339858216326 ], [ 106.596654426417047, -5.704344385399708 ], [ 106.596654067089645, -5.704345032330736 ], [ 106.596651820916989, -5.704348914105624 ], [ 106.596649572324708, -5.704351934678664 ], [ 106.596648702856669, -5.704353444234016 ], [ 106.596645803203444, -5.704357973756272 ], [ 106.59664507749342, -5.704358813072199 ], [ 106.596642778284874, -5.704362503626166 ], [ 106.596640580959644, -5.704365075963056 ], [ 106.596637697524471, -5.704367039201481 ], [ 106.596636079166629, -5.704369437417865 ], [ 106.596631571286451, -5.7043715776782 ], [ 106.596632712218067, -5.704376095986937 ], [ 106.596631584697732, -5.704376446929486 ], [ 106.596630763026653, -5.704376101396365 ], [ 106.59663157107957, -5.704371577678775 ], [ 106.596627055532451, -5.70437091197618 ], [ 106.59662254249919, -5.704371209553431 ], [ 106.596621979345485, -5.704371604297818 ], [ 106.596618038518912, -5.704374780271257 ], [ 106.596616811235393, -5.704376140115427 ], [ 106.596613537976936, -5.704379594144491 ], [ 106.59661260058833, -5.704380673275876 ], [ 106.596610428503908, -5.704385200778925 ], [ 106.596610283188468, -5.704389722657316 ], [ 106.596609938286051, -5.704394245089598 ], [ 106.596611334111074, -5.704398762691031 ], [ 106.596613593477983, -5.70439966070207 ], [ 106.596617364988873, -5.704403267429247 ], [ 106.596614136825266, -5.704407797863159 ], [ 106.596613616516606, -5.70440799035947 ], [ 106.596609102656615, -5.704407989150703 ], [ 106.596608779743732, -5.704407812730119 ], [ 106.596606713962416, -5.704403296987936 ], [ 106.596604572952685, -5.704402259508891 ], [ 106.596600061856279, -5.70440325747983 ], [ 106.596599888404256, -5.704403315930095 ], [ 106.596595552660872, -5.704404942773314 ], [ 106.596591040296275, -5.704405482239447 ], [ 106.596586526127354, -5.70440536934628 ], [ 106.59658201555591, -5.704406557155168 ], [ 106.596580056699395, -5.704407892441385 ], [ 106.596577513342154, -5.704410766780105 ], [ 106.596575637156079, -5.704412426181419 ], [ 106.596573011192802, -5.704414999707711 ], [ 106.596569733813666, -5.704416964039173 ], [ 106.596568505779615, -5.704418052591515 ], [ 106.596564000961266, -5.704421320560614 ], [ 106.596563735936584, -5.704421502159237 ], [ 106.596559495334802, -5.704424296368591 ], [ 106.596557243255987, -5.704426041652398 ], [ 106.596554990788448, -5.704427662718019 ], [ 106.596552097086814, -5.704430577408806 ], [ 106.596550489039188, -5.704432040419778 ], [ 106.596547709559104, -5.704435111059882 ], [ 106.596545989709085, -5.704437292836877 ], [ 106.596543123764405, -5.704439645261156 ], [ 106.59654148904032, -5.704442061254967 ], [ 106.596539064351177, -5.704444178001653 ], [ 106.596536985002587, -5.704445611603941 ], [ 106.596534199293544, -5.704448712977872 ], [ 106.596532484738276, -5.704450526317382 ], [ 106.596530486087389, -5.704453244757595 ], [ 106.596527986945034, -5.704456334518737 ], [ 106.596527201007675, -5.704457775349222 ], [ 106.596524005483104, -5.704462305692325 ], [ 106.596523491331283, -5.704462930783207 ], [ 106.59651961089736, -5.704466839362897 ], [ 106.596518990212729, -5.704467536712225 ], [ 106.596516163530396, -5.704471370404864 ], [ 106.596514499488748, -5.70447589649799 ], [ 106.596514499476257, -5.704475896513624 ], [ 106.596510148622087, -5.704480430047216 ], [ 106.596509998436346, -5.704480530943353 ], [ 106.596505488216522, -5.704481846199138 ], [ 106.596500974532304, -5.704481908840971 ], [ 106.596496459680353, -5.704481549260668 ], [ 106.596491947356128, -5.704482103645636 ], [ 106.596488064157754, -5.704485012807784 ], [ 106.59648744321656, -5.704485617405792 ], [ 106.596484902766093, -5.704489543056073 ], [ 106.596482948046642, -5.70449237439919 ], [ 106.596482018834905, -5.7044940725344 ], [ 106.59647845089674, -5.704498415511559 ], [ 106.59647827440115, -5.704498604400629 ], [ 106.596473948344496, -5.704502503288081 ], [ 106.596473181788866, -5.704503140008049 ], [ 106.596469444542322, -5.704506139145339 ], [ 106.596467008873091, -5.704507678613282 ], [ 106.596464939386905, -5.704509285714211 ], [ 106.596460707211079, -5.704512217575743 ], [ 106.596460434532929, -5.70451254130155 ], [ 106.596457778886148, -5.70451674717722 ], [ 106.596455938941347, -5.70451914600831 ], [ 106.596453938687546, -5.704521279309128 ], [ 106.596451439070165, -5.704524203324645 ], [ 106.596450364111121, -5.704525810703928 ], [ 106.596449118494661, -5.704530335635924 ], [ 106.596447038284353, -5.704534862883897 ], [ 106.596446954953791, -5.704534957314794 ], [ 106.596442450071393, -5.704538202741952 ], [ 106.596440594750277, -5.704539402239951 ], [ 106.596437944454863, -5.704541182728028 ], [ 106.596434620430429, -5.704543940293914 ], [ 106.596433440983233, -5.704544938296947 ], [ 106.596428933787138, -5.704547347176182 ], [ 106.596425325865951, -5.704548487561333 ], [ 106.596424424590339, -5.704549032651794 ], [ 106.596421598330224, -5.704553019380513 ], [ 106.59641992915968, -5.704555695784418 ], [ 106.596419195647215, -5.704557547523306 ], [ 106.596416512352278, -5.704562076444779 ], [ 106.596415436886005, -5.704563500470618 ], [ 106.596413639933857, -5.704566605891054 ], [ 106.596410939016451, -5.704569281799541 ], [ 106.596407809546719, -5.704571143545466 ], [ 106.596406432912744, -5.704572085788953 ], [ 106.596401926279782, -5.70457469841548 ], [ 106.596400472917864, -5.704575685379532 ], [ 106.596397426591309, -5.704579822126795 ], [ 106.596396782837928, -5.704580217094713 ], [ 106.596392919412352, -5.704582237370683 ], [ 106.596388407950386, -5.704583103932498 ], [ 106.596384593156046, -5.704584772395392 ], [ 106.596383900378697, -5.704585377196508 ], [ 106.59637939498711, -5.704588438788404 ], [ 106.596377986841944, -5.704589312202724 ], [ 106.596374892737515, -5.704592636521928 ], [ 106.596374331833928, -5.704593843820514 ], [ 106.596372974087231, -5.704598369063688 ], [ 106.596371075985218, -5.70460289580628 ], [ 106.596370409638155, -5.704603758904405 ], [ 106.596365902645886, -5.704606241774039 ], [ 106.59636139215749, -5.704607444153215 ], [ 106.596361392112385, -5.704607444162572 ], [ 106.596356884141201, -5.704609573094186 ], [ 106.596353666635736, -5.704611987066031 ], [ 106.596352379876095, -5.704613042145819 ], [ 106.596347874775631, -5.704616209154401 ], [ 106.59634712332803, -5.704616526698326 ], [ 106.596343365814434, -5.704617980147397 ], [ 106.596338858900495, -5.704620491437948 ], [ 106.596338266587054, -5.704621072749948 ], [ 106.596335438579644, -5.704625602072842 ], [ 106.596334369763454, -5.704629430892452 ], [ 106.596334098115747, -5.704630127268069 ], [ 106.596330161586607, -5.704634659666909 ], [ 106.59632987082145, -5.70463482489444 ], [ 106.59632536046513, -5.704636091489315 ], [ 106.596320850600819, -5.704637536001527 ], [ 106.596316341076729, -5.704639103553731 ], [ 106.596315890006309, -5.704639220743474 ], [ 106.596311831740834, -5.704640739162881 ], [ 106.596307563826656, -5.704643765322586 ], [ 106.59630732687738, -5.704643992058171 ], [ 106.596302824335993, -5.704648084637084 ], [ 106.596302524002127, -5.704648300782723 ], [ 106.596298320831906, -5.704651829127628 ], [ 106.596297119908698, -5.7046528372536 ], [ 106.596293821247656, -5.704656991086736 ], [ 106.596293475067284, -5.704657368842941 ], [ 106.596291013693289, -5.704661897148437 ], [ 106.59628932385418, -5.704662945270138 ], [ 106.596284811520249, -5.704663496876647 ], [ 106.596280302321873, -5.704665182337933 ], [ 106.596278048942736, -5.704666454598185 ], [ 106.596275795976524, -5.704667899499194 ], [ 106.596271572797676, -5.704670994043587 ], [ 106.596271291334986, -5.704671232801767 ], [ 106.59626678881196, -5.704675332202873 ], [ 106.596266488426295, -5.704675529627155 ], [ 106.596262282532678, -5.704678073312766 ], [ 106.596259367309131, -5.704680070862094 ], [ 106.596257777471109, -5.704681254780729 ], [ 106.596254298744739, -5.704684606401742 ], [ 106.596253275729538, -5.70468563683599 ], [ 106.596249631358148, -5.704689140828215 ], [ 106.596248774198685, -5.70469009511534 ], [ 106.596245559903167, -5.704693673601143 ], [ 106.596244273654719, -5.704694910292752 ], [ 106.596240999959136, -5.704698207729464 ], [ 106.596239773090787, -5.704699718276298 ], [ 106.596237524532654, -5.704702738848572 ], [ 106.596235275936891, -5.704705759420949 ], [ 106.596233345616909, -5.704707271919634 ], [ 106.596230770628438, -5.704708851753303 ], [ 106.596226262783034, -5.704711026691443 ], [ 106.596224623538106, -5.704711817596481 ], [ 106.596221755110633, -5.704713264205066 ], [ 106.596217248976743, -5.704716058096862 ], [ 106.596216819914375, -5.704716360724834 ], [ 106.596212746313711, -5.704720107146927 ], [ 106.596211845705938, -5.704720896002477 ], [ 106.596208246430578, -5.704725161490007 ], [ 106.596208009591535, -5.704725428122289 ], [ 106.596203745185761, -5.704729723453243 ], [ 106.596203480318735, -5.704729962165358 ], [ 106.59619924111162, -5.704733262280899 ], [ 106.596197651421576, -5.704734499814394 ], [ 106.596194737934738, -5.704737125602021 ], [ 106.596192486314635, -5.704739035621626 ], [ 106.596190235625286, -5.704741302632697 ], [ 106.596188117726527, -5.704743569218794 ], [ 106.596185733973684, -5.704745717582192 ], [ 106.596183688818897, -5.70474810298331 ], [ 106.5961812329802, -5.704750370554145 ], [ 106.596179304726178, -5.704752636623469 ], [ 106.596176734932129, -5.704756088699476 ], [ 106.596175902023631, -5.70475716754064 ], [ 106.596172233568339, -5.704760607805434 ], [ 106.59617065674513, -5.704761703570219 ], [ 106.596167727839841, -5.704763548536282 ], [ 106.596164006463908, -5.704766243498084 ], [ 106.596163223051022, -5.704766829098759 ], [ 106.59615871530599, -5.704769040620554 ], [ 106.596154205720637, -5.704770586640122 ], [ 106.59615375489777, -5.704770793417949 ], [ 106.596149697577928, -5.704772654378941 ], [ 106.596146037502578, -5.70477533630646 ], [ 106.596145192926201, -5.704775984586679 ], [ 106.59614092739146, -5.704779871960847 ], [ 106.596140690511518, -5.704780123816522 ], [ 106.596136865580519, -5.704784404706646 ], [ 106.596136193852018, -5.704786344345858 ], [ 106.596135298214037, -5.704788930531471 ], [ 106.596134407934358, -5.704793454477689 ], [ 106.5961317027988, -5.704794592343268 ], [ 106.59612719209845, -5.704795735251487 ], [ 106.596122682380354, -5.704797233384403 ], [ 106.596121330380115, -5.70479801223802 ], [ 106.596118176532073, -5.704800131006824 ], [ 106.596114170920842, -5.70480255357826 ], [ 106.59611367051059, -5.704802966017062 ], [ 106.596109167216838, -5.70480678749978 ], [ 106.596108666503497, -5.704807090326502 ], [ 106.596104662225756, -5.70480999517839 ], [ 106.596101541790418, -5.704811631570235 ], [ 106.596100155678812, -5.704812640209784 ], [ 106.596096215818363, -5.704816167823311 ], [ 106.596095653047527, -5.704816701335035 ], [ 106.596091902573093, -5.704820701266559 ], [ 106.596091152459124, -5.704821501273213 ], [ 106.596087836768334, -5.704825234023274 ], [ 106.596086652401695, -5.704826493266898 ], [ 106.596084110149448, -5.70482976583891 ], [ 106.596082152814176, -5.704831655226898 ], [ 106.596079412567178, -5.704834300348453 ], [ 106.596077650448194, -5.70483581239614 ], [ 106.596073144063539, -5.704838516247266 ], [ 106.596072392640195, -5.704838841301252 ], [ 106.596068637710204, -5.704841231445889 ], [ 106.596065518695866, -5.704843381848971 ], [ 106.596064132931375, -5.704844516076248 ], [ 106.596061434003474, -5.704847914658001 ], [ 106.596059634364849, -5.704850047401544 ], [ 106.596057794409361, -5.704852446232116 ], [ 106.59605513618645, -5.704855719125828 ], [ 106.596053729108618, -5.70485697898732 ], [ 106.596050634427897, -5.704860096108469 ], [ 106.596049133744998, -5.704861513213141 ], [ 106.596046132842858, -5.704864535875616 ], [ 106.59604472645951, -5.704866046917133 ], [ 106.596041633762127, -5.704869881351946 ], [ 106.596041370160393, -5.704870577705226 ], [ 106.596039980037204, -5.704875103038302 ], [ 106.596039280669586, -5.70487962645493 ], [ 106.596038496796623, -5.704884150106014 ], [ 106.596037169366937, -5.704887770952656 ], [ 106.596036655990247, -5.704888676689484 ], [ 106.596032669113711, -5.70489269247565 ], [ 106.596030664354686, -5.704893214789116 ], [ 106.596028158136164, -5.704893735540307 ], [ 106.596025335613916, -5.704893229573258 ], [ 106.596023642035959, -5.704892925982783 ], [ 106.596019126621869, -5.70489236456076 ], [ 106.596015846299295, -5.70489325590044 ], [ 106.596014616484425, -5.704893711468694 ], [ 106.596010110460242, -5.704896545983339 ], [ 106.596007534570489, -5.704897800436743 ], [ 106.596005602860117, -5.70489881056502 ], [ 106.596002101825874, -5.704902336985589 ], [ 106.596001101882166, -5.704903470119919 ], [ 106.595999606649571, -5.704906865384502 ], [ 106.595996607007336, -5.704910336961992 ], [ 106.595995553502547, -5.704911398105802 ], [ 106.595992103484207, -5.704914076091556 ], [ 106.595987594022887, -5.704915667630241 ], [ 106.595986466310293, -5.704915944793337 ], [ 106.595983084525216, -5.704917246034795 ], [ 106.595978577246385, -5.704919626924126 ], [ 106.595977242200874, -5.704920491860622 ], [ 106.595974072786575, -5.704923027367022 ], [ 106.595971000690639, -5.704925030653087 ], [ 106.595969567840427, -5.704926251942491 ], [ 106.595965063172613, -5.704929568602137 ], [ 106.59596506314891, -5.704929568621861 ], [ 106.595960558822654, -5.704933017430402 ], [ 106.595958968722329, -5.704934106986532 ], [ 106.595956053725459, -5.704936187430489 ], [ 106.595952972086408, -5.70493864509952 ], [ 106.595951549930831, -5.704939828552466 ], [ 106.595948717135116, -5.704943178380515 ], [ 106.595947053157104, -5.704946008933161 ], [ 106.595945974536178, -5.704947707465781 ], [ 106.595942553518739, -5.704951153288483 ], [ 106.595941473210061, -5.704952241430274 ], [ 106.595938049677528, -5.704954777641562 ], [ 106.595936273419397, -5.704956777332491 ], [ 106.595933552424171, -5.704960784637487 ], [ 106.595933117036566, -5.704961307565694 ], [ 106.595930272495735, -5.704965836933755 ], [ 106.595929058222879, -5.704967895515522 ], [ 106.595925679684427, -5.704970371152002 ], [ 106.595924553297607, -5.704971127868307 ], [ 106.595921220132155, -5.704974905000531 ], [ 106.595921352057687, -5.704979426111057 ], [ 106.595923505409473, -5.704983941613589 ], [ 106.59592459448848, -5.704986025422387 ], [ 106.595925816475116, -5.704988456678562 ], [ 106.595924607470948, -5.704990720803227 ], [ 106.595923349855269, -5.704992984998177 ], [ 106.595920111737072, -5.704997277480909 ], [ 106.595919951183618, -5.704997515903564 ], [ 106.595915747854249, -5.705002049041285 ], [ 106.595915611323548, -5.705002141697253 ], [ 106.595911098923111, -5.705002670595785 ], [ 106.595906583672487, -5.70500216866483 ], [ 106.595905454954973, -5.705002077596501 ], [ 106.595902068889288, -5.705001835791834 ], [ 106.595899361286897, -5.705002094501856 ], [ 106.595897556323848, -5.705002305035377 ], [ 106.595893047056137, -5.705003966984927 ], [ 106.595888538706319, -5.705005960940903 ], [ 106.595887130049277, -5.70500664991076 ], [ 106.595884030816691, -5.705008121346844 ], [ 106.595879523257381, -5.705010401234557 ], [ 106.595877770078033, -5.705011197353965 ], [ 106.595875015783847, -5.705012712162544 ], [ 106.595870507789371, -5.705014834696142 ], [ 106.595868898225589, -5.70501574344292 ], [ 106.595866003961902, -5.705018464369649 ], [ 106.595864203442446, -5.705020277943799 ], [ 106.595861500025649, -5.705022054723577 ], [ 106.595858874577374, -5.705024814203721 ], [ 106.595856997378277, -5.705026111265416 ], [ 106.59585249198885, -5.70502917607004 ], [ 106.595852191551458, -5.705029354220297 ], [ 106.595847985651147, -5.705031897921333 ], [ 106.595843476913132, -5.705033751624469 ], [ 106.595842656612675, -5.705033902148496 ], [ 106.595838966535197, -5.705035012203385 ], [ 106.595834456749699, -5.705036487073971 ], [ 106.595831202171411, -5.705038455401555 ], [ 106.595829951314471, -5.705039535401946 ], [ 106.595826521719729, -5.705042989862498 ], [ 106.595825449727869, -5.705043975753036 ], [ 106.595823202609381, -5.705047520546883 ], [ 106.595820952941054, -5.705050152170312 ], [ 106.59581991033599, -5.705052051156811 ], [ 106.595816897237128, -5.705056580992271 ], [ 106.595816458137548, -5.705057045960664 ], [ 106.595811953309479, -5.705060313983234 ], [ 106.595809472917182, -5.705061123064985 ], [ 106.595807444092273, -5.705061994510602 ], [ 106.595802934272399, -5.70506345707302 ], [ 106.595798426563988, -5.705065675185526 ], [ 106.595798426541521, -5.705065675220369 ], [ 106.595796605309218, -5.705070201714644 ], [ 106.595794063100669, -5.705074730243762 ], [ 106.595793938011525, -5.705074838247432 ], [ 106.595789433528239, -5.705078231085121 ], [ 106.59578779498959, -5.705079269108868 ], [ 106.595784928390088, -5.705081387079735 ], [ 106.595781794998828, -5.705083807230144 ], [ 106.59578042503253, -5.705085187128919 ], [ 106.595779358411136, -5.705086074727834 ], [ 106.595778172051908, -5.705086616289279 ] ] ] } },
{ "type": "Feature", "properties": { "fid": 33.0, "ID": 32, "ELEV": -18.0 }, "geometry": { "type": "MultiLineString", "coordinates": [ [ [ 106.596882005330158, -5.704165155523742 ], [ 106.596881521964278, -5.70416614593159 ], [ 106.59688029442782, -5.704167421009717 ], [ 106.596879271550065, -5.704168500378588 ], [ 106.596876141027764, -5.704171954012237 ], [ 106.596874772123726, -5.704173716152263 ], [ 106.596872940796402, -5.704176484369188 ], [ 106.596870942241154, -5.704181011390834 ], [ 106.596870281928773, -5.704182269180728 ], [ 106.596867496698266, -5.704185542428651 ], [ 106.59686578059231, -5.704186794498176 ], [ 106.596861272123661, -5.704188741487113 ], [ 106.596858696495104, -5.704190088328468 ], [ 106.596856764511102, -5.704190997979905 ], [ 106.596852257570248, -5.704193497305779 ], [ 106.59684985332261, -5.70419463434745 ], [ 106.596847750119736, -5.70419581241197 ], [ 106.596843242785056, -5.704198169401065 ], [ 106.596841740973701, -5.704199178337936 ], [ 106.596838744278031, -5.704203708129895 ], [ 106.596838744251684, -5.704203708205327 ], [ 106.596837628312429, -5.704208232701899 ], [ 106.596836806723616, -5.704212756456862 ], [ 106.596834265607299, -5.704216437187656 ], [ 106.596833421590986, -5.704217287326927 ], [ 106.596829759738938, -5.704219324352153 ], [ 106.596825518344048, -5.704221830736944 ], [ 106.596825253340398, -5.704222019871719 ], [ 106.596820748379358, -5.704225235090855 ], [ 106.596819058836971, -5.704226370139826 ], [ 106.59681624215267, -5.704227992772029 ], [ 106.596811733871263, -5.704230007655521 ], [ 106.596809274281767, -5.704230918771201 ], [ 106.596807224506591, -5.704231630930575 ], [ 106.596802714338693, -5.704232963839822 ], [ 106.596798204738761, -5.704234502085821 ], [ 106.596795950546252, -5.704235477225229 ], [ 106.596793696725172, -5.704236613840266 ], [ 106.596789191242678, -5.704239640661398 ], [ 106.596788717136405, -5.704240018775795 ], [ 106.596784687708677, -5.704243371926907 ], [ 106.596783401314156, -5.704244555004196 ], [ 106.596780186084217, -5.704247793558499 ], [ 106.596778900000402, -5.704249088971975 ], [ 106.596775685710682, -5.704252667459186 ], [ 106.596774867634849, -5.704253621638216 ], [ 106.596771186371583, -5.704257915352851 ], [ 106.596770972082084, -5.704258153924735 ], [ 106.596767137106539, -5.704262686043116 ], [ 106.596766687279228, -5.70426325248939 ], [ 106.596763538543712, -5.704267217505349 ], [ 106.596762189091748, -5.704268916790187 ], [ 106.596759689224953, -5.704271749663522 ], [ 106.596757688973156, -5.704273882964858 ], [ 106.596754987290382, -5.70427628418802 ], [ 106.596753185525529, -5.704277645626744 ], [ 106.596748679801124, -5.704280585191375 ], [ 106.596748442885087, -5.70428082382605 ], [ 106.596745307589487, -5.7042853540025 ], [ 106.596744181863812, -5.704286340043081 ], [ 106.596739677855751, -5.704289891101922 ], [ 106.59673967783074, -5.704289891117587 ], [ 106.59673516869978, -5.70429159917402 ], [ 106.596730659284603, -5.704293204484145 ], [ 106.596728579398572, -5.704294443378942 ], [ 106.596726155127783, -5.704296710876855 ], [ 106.596724498406118, -5.704298976179975 ], [ 106.596722304909491, -5.704303503742558 ], [ 106.59672166204092, -5.704304219458161 ], [ 106.596717871474397, -5.704308037521725 ], [ 106.596717160252297, -5.70430858208501 ], [ 106.596712655805447, -5.704311983704454 ], [ 106.596712068667699, -5.70431257510133 ], [ 106.596708352379864, -5.704317106890143 ], [ 106.596708156857559, -5.704317373407856 ], [ 106.59670472951457, -5.70432163841967 ], [ 106.59670365809805, -5.704322831245452 ], [ 106.59670034133012, -5.704326172073189 ], [ 106.596699157170207, -5.704327505184288 ], [ 106.596694999399034, -5.704330708373632 ], [ 106.596694653313875, -5.704331120384421 ], [ 106.596690148360551, -5.704334339005186 ], [ 106.59668864622283, -5.704335247480556 ], [ 106.59668564240026, -5.704337193583222 ], [ 106.596681134943651, -5.704339507202581 ], [ 106.596680759567548, -5.70433979084328 ], [ 106.596676633367807, -5.704343946974051 ], [ 106.596676396835662, -5.704344324426066 ], [ 106.596674578067748, -5.704348850948635 ], [ 106.596672840049948, -5.7043533772471 ], [ 106.596672151158927, -5.704355388745997 ], [ 106.596670653518572, -5.704357904790315 ], [ 106.596668032948855, -5.704362433538107 ], [ 106.596667658577701, -5.704363080519687 ], [ 106.596663150665563, -5.70436522954923 ], [ 106.596658640462877, -5.704366550455275 ], [ 106.59665751317165, -5.704366984208291 ], [ 106.596654130958797, -5.704368123954572 ], [ 106.596649622668664, -5.704370136360922 ], [ 106.596648381321387, -5.704371531026493 ], [ 106.596645125214934, -5.704376061538015 ], [ 106.596645125200851, -5.704376061553129 ], [ 106.596642429420513, -5.704380590494534 ], [ 106.596640628604121, -5.704382301713528 ], [ 106.596636610559784, -5.704385128118287 ], [ 106.596636123478532, -5.704385458311443 ], [ 106.596631614410185, -5.704387189439537 ], [ 106.596627104798372, -5.704388724083286 ], [ 106.596626013172099, -5.704389679003461 ], [ 106.596623763505804, -5.704394206721846 ], [ 106.596624251282819, -5.704398726843243 ], [ 106.596625113726347, -5.704403245924857 ], [ 106.596624336309631, -5.704407769557438 ], [ 106.596622650197631, -5.704410148003095 ], [ 106.596619797386808, -5.704412303629019 ], [ 106.596618144400168, -5.704413061799942 ], [ 106.596613633434359, -5.704414106996518 ], [ 106.596609122264525, -5.704415078436718 ], [ 106.596604608573813, -5.704415138456098 ], [ 106.596600091649321, -5.704414029293405 ], [ 106.596595577113646, -5.704413783812673 ], [ 106.596591068387553, -5.704415638825054 ], [ 106.596589213265375, -5.704416909980848 ], [ 106.596586565882916, -5.70441974326321 ], [ 106.596585216430071, -5.704421442547868 ], [ 106.596582067048814, -5.70442517483777 ], [ 106.596581424412236, -5.704425974546477 ], [ 106.596577567280718, -5.704430268748613 ], [ 106.596577330364539, -5.704430507383255 ], [ 106.596573065371487, -5.704434588538269 ], [ 106.596572421781502, -5.704435042480473 ], [ 106.596568559052486, -5.704437313956515 ], [ 106.596564696323313, -5.704439585394876 ], [ 106.596564053756495, -5.704440409278742 ], [ 106.596560939054527, -5.704444117296991 ], [ 106.596559560169965, -5.704447738303744 ], [ 106.596559152316431, -5.704448643730629 ], [ 106.596555057780904, -5.704451884701037 ], [ 106.596554158572175, -5.704453179064105 ], [ 106.59655055806212, -5.704456996599692 ], [ 106.59654971367479, -5.704457712874446 ], [ 106.596546055776926, -5.704461180600362 ], [ 106.596544996619656, -5.704462247440038 ], [ 106.596542507699567, -5.704466775822305 ], [ 106.596541750464297, -5.704471299398962 ], [ 106.596541582428074, -5.704475821340533 ], [ 106.596541582412712, -5.704475821415935 ], [ 106.596539902247684, -5.704480347478467 ], [ 106.596537087676722, -5.704482735015412 ], [ 106.596532576366997, -5.704483656161302 ], [ 106.596530117685205, -5.704484896106873 ], [ 106.596528069245508, -5.70448609164384 ], [ 106.596523563901414, -5.704489169794386 ], [ 106.596523188479154, -5.704489436811313 ], [ 106.596519056794904, -5.704491610720145 ], [ 106.596514549534035, -5.704493982260346 ], [ 106.596514549496462, -5.704493982276047 ], [ 106.596510038799778, -5.704495125146761 ], [ 106.596505526852638, -5.704495815895878 ], [ 106.59650101517343, -5.70449660352504 ], [ 106.596496506051551, -5.704498315830167 ], [ 106.596496055318809, -5.704498555058142 ], [ 106.596491999920786, -5.704501109648644 ], [ 106.596489372316285, -5.704503095079065 ], [ 106.596487495736895, -5.704504607425923 ], [ 106.596483400605152, -5.704507633126088 ], [ 106.596482990945205, -5.704507885461304 ], [ 106.596478485359441, -5.704510876397129 ], [ 106.596476796262024, -5.704512172928639 ], [ 106.5964739824649, -5.704514840437317 ], [ 106.596472671086644, -5.704516705851434 ], [ 106.596470292326615, -5.704521233927907 ], [ 106.596469489421693, -5.704522366514045 ], [ 106.596466421191778, -5.704525766145726 ], [ 106.596464988624291, -5.70452708888027 ], [ 106.596461160744951, -5.704530302218869 ], [ 106.596460485534294, -5.704530982326816 ], [ 106.596457008196438, -5.704534835217579 ], [ 106.596455985466108, -5.704535968413722 ], [ 106.596453487175637, -5.704539366463798 ], [ 106.59645148556848, -5.704541016202987 ], [ 106.596447847737878, -5.704543903588575 ], [ 106.596446982018193, -5.704544743292916 ], [ 106.596442854544662, -5.704548438920011 ], [ 106.596442480307559, -5.704549135580317 ], [ 106.596439877614969, -5.70455296865636 ], [ 106.596437987068498, -5.704556591065691 ], [ 106.596437425328062, -5.704557496936839 ], [ 106.596434308959914, -5.70456202706012 ], [ 106.596433490524092, -5.704562851431955 ], [ 106.596428986981593, -5.704566563303874 ], [ 106.596428986931514, -5.704566563327812 ], [ 106.596424483230464, -5.704570236027985 ], [ 106.596423535314585, -5.704571099907478 ], [ 106.596419980720427, -5.704574339402513 ], [ 106.596418558877502, -5.704575635192319 ], [ 106.596415478597308, -5.70457858269683 ], [ 106.596413624349481, -5.704580170360842 ], [ 106.596410975731388, -5.704582557436933 ], [ 106.596408950438132, -5.704584704806152 ], [ 106.596406480353949, -5.704589233135986 ], [ 106.596406480335247, -5.70458923317082 ], [ 106.596405244341341, -5.704593758041361 ], [ 106.596401991529689, -5.704598288543205 ], [ 106.596401991520111, -5.704598288553069 ], [ 106.596397586241665, -5.704602822243075 ], [ 106.596397490491341, -5.704602927661695 ], [ 106.596392986745997, -5.704606584525677 ], [ 106.596391935657195, -5.704607359398519 ], [ 106.596388485708658, -5.704611220584938 ], [ 106.596387956511137, -5.704611891915849 ], [ 106.596383982668712, -5.704615132559486 ], [ 106.596382857780881, -5.704616427539902 ], [ 106.596379960056964, -5.704620957056369 ], [ 106.596379486552536, -5.704621548123898 ], [ 106.596374978207649, -5.704623541922561 ], [ 106.596370459148801, -5.704621661636278 ], [ 106.596369031857392, -5.704620987380895 ], [ 106.596365936675909, -5.704618546850484 ], [ 106.59636142564618, -5.704619569837598 ], [ 106.59635945483339, -5.704621013955888 ], [ 106.596356920693481, -5.704622790267362 ], [ 106.596352414512637, -5.704625554967402 ], [ 106.59635241448045, -5.704625554989017 ], [ 106.596347908613239, -5.704628444769702 ], [ 106.596346012609715, -5.704630094207348 ], [ 106.596343406575059, -5.704632719142273 ], [ 106.596342349765052, -5.704634625846815 ], [ 106.596338907867164, -5.704638197776245 ], [ 106.596337820976728, -5.704639159889122 ], [ 106.596334403748642, -5.704641719943393 ], [ 106.596330146147977, -5.70464370266112 ], [ 106.596329895855575, -5.704643877262378 ], [ 106.596325389886118, -5.704646730176014 ], [ 106.596323255929079, -5.704648243255906 ], [ 106.596320887176205, -5.704650761765015 ], [ 106.596319322705924, -5.704652775645552 ], [ 106.596316388780338, -5.704656353353603 ], [ 106.596315669184321, -5.704657307259073 ], [ 106.596312078172545, -5.704661838699136 ], [ 106.596311890786708, -5.704662090417512 ], [ 106.596307639544563, -5.704666372491149 ], [ 106.596307389396415, -5.704666599263359 ], [ 106.596302885294506, -5.704670127603378 ], [ 106.596302019414736, -5.704670909561561 ], [ 106.596298382095839, -5.704673982581438 ], [ 106.596295878443584, -5.704675448077162 ], [ 106.596293876653689, -5.704677026320529 ], [ 106.596289369941459, -5.704679610813899 ], [ 106.596288769124854, -5.704679989279661 ], [ 106.596284866720211, -5.704683457683165 ], [ 106.596283741192636, -5.70468452470676 ], [ 106.596280364173239, -5.704687548410335 ], [ 106.596278562822604, -5.704689060551265 ], [ 106.596275860438922, -5.704691209799005 ], [ 106.596272105510934, -5.70469359994448 ], [ 106.596271354584118, -5.704694104424959 ], [ 106.596266850484085, -5.704697633604775 ], [ 106.596266287631806, -5.704698137563392 ], [ 106.596262347261529, -5.704701480120193 ], [ 106.596261022977146, -5.704702673647226 ], [ 106.596257844623835, -5.704705538147182 ], [ 106.59625609386454, -5.704707208799996 ], [ 106.596253343046286, -5.704709979567523 ], [ 106.596251592542899, -5.704711742765745 ], [ 106.596248842174077, -5.704714676072999 ], [ 106.596247341994584, -5.704716276035655 ], [ 106.596244343479029, -5.704720159897597 ], [ 106.59624370042431, -5.704720807615817 ], [ 106.596239840817546, -5.704724209418512 ], [ 106.596237837756334, -5.704725345358852 ], [ 106.596235333591281, -5.704726608264683 ], [ 106.59623082810154, -5.704729635085958 ], [ 106.596230506371285, -5.704729887177089 ], [ 106.59622632512972, -5.704733572457674 ], [ 106.596225481111716, -5.7047344225965 ], [ 106.5962218244849, -5.704738351339597 ], [ 106.596221396256112, -5.704738955406574 ], [ 106.596218614488464, -5.70474348460099 ], [ 106.596217328580863, -5.704744844607431 ], [ 106.596213826601257, -5.704748019361725 ], [ 106.596212825682173, -5.704748808495617 ], [ 106.596208320480343, -5.704751939539699 ], [ 106.596207475822879, -5.704752558458935 ], [ 106.596203814611414, -5.704754829372896 ], [ 106.596199629462248, -5.70475710170582 ], [ 106.596199307558322, -5.704757290998307 ], [ 106.596194801736573, -5.704760197927339 ], [ 106.59619269926668, -5.704761642410603 ], [ 106.596190296890384, -5.704763457658084 ], [ 106.596186693343185, -5.704766180550821 ], [ 106.596185792271541, -5.704766799626564 ], [ 106.596181288201919, -5.704770340225402 ], [ 106.596180725002199, -5.704770718586723 ], [ 106.596176783028596, -5.704773481720464 ], [ 106.596174079614144, -5.704775258501133 ], [ 106.596172277846165, -5.704776619938833 ], [ 106.596168337014106, -5.704779795910615 ], [ 106.596167774161657, -5.704780299869181 ], [ 106.596163536974601, -5.704784330704837 ], [ 106.596163272184967, -5.704784597414665 ], [ 106.596159035651596, -5.704788864670222 ], [ 106.596158770907934, -5.704789148003769 ], [ 106.596154799853664, -5.704793397898868 ], [ 106.596154270366284, -5.704793964565958 ], [ 106.596149766646704, -5.704797631900578 ], [ 106.596149579399679, -5.704797933859511 ], [ 106.596146125949048, -5.704802464917441 ], [ 106.596145270703602, -5.704804111492015 ], [ 106.596144291263784, -5.704806991483981 ], [ 106.596141562362845, -5.704811520531589 ], [ 106.596140779420423, -5.704812276295248 ], [ 106.59613627184558, -5.704814549527891 ], [ 106.5961327652807, -5.704816066415766 ], [ 106.59613176531272, -5.70481719958621 ], [ 106.596127259901678, -5.704820255355896 ], [ 106.596126696621695, -5.7048206047297 ], [ 106.596122752871736, -5.70482272569018 ], [ 106.596119476778426, -5.704825146237605 ], [ 106.596118248214097, -5.704826053953032 ], [ 106.596114091612336, -5.704829682655075 ], [ 106.596113745223377, -5.704829985055549 ], [ 106.596109242232544, -5.704833916146562 ], [ 106.596108942136652, -5.704834218418592 ], [ 106.596104740179385, -5.704838186355179 ], [ 106.596104139883408, -5.704838753218707 ], [ 106.596100239525285, -5.704842962545089 ], [ 106.596099893195827, -5.704843286477375 ], [ 106.596095737308275, -5.704847173550133 ], [ 106.596094986777985, -5.704847821566459 ], [ 106.596091233081907, -5.704850657917198 ], [ 106.596088980894635, -5.704852359705992 ], [ 106.596086728632102, -5.70485406149499 ], [ 106.596083915291103, -5.704856895236687 ], [ 106.596082227307946, -5.704858595460083 ], [ 106.596079579920925, -5.704861428741333 ], [ 106.596077727546643, -5.704863694651115 ], [ 106.596076070820899, -5.70486595995349 ], [ 106.596073229347823, -5.704869358930794 ], [ 106.596072372681306, -5.704870491690128 ], [ 106.596068946097105, -5.704875022673331 ], [ 106.596068731744424, -5.704875238580352 ], [ 106.596064228931553, -5.704879234268026 ], [ 106.596063627965705, -5.704879558904576 ], [ 106.59605972276978, -5.70488201885891 ], [ 106.596056181934927, -5.70488410103957 ], [ 106.596055220031261, -5.704886041483871 ], [ 106.596053421610222, -5.704888630174227 ], [ 106.596053885503864, -5.704893150363422 ], [ 106.596055249054572, -5.704896537687487 ], [ 106.596055393240619, -5.70489766765651 ], [ 106.596055253141898, -5.704898015856174 ], [ 106.596050742959193, -5.704899346353629 ], [ 106.596047578699981, -5.704897689337629 ], [ 106.596046220775278, -5.704896336636368 ], [ 106.596041710849391, -5.704897705617668 ], [ 106.596041710699012, -5.70489770564069 ], [ 106.596037208893222, -5.704902065677586 ], [ 106.596036971799464, -5.70490224024215 ], [ 106.596032706798894, -5.704906321395136 ], [ 106.596031704955195, -5.704906776330941 ], [ 106.596028197587913, -5.70490800337604 ], [ 106.596023688548328, -5.704909747359102 ], [ 106.596020683702662, -5.704911328384831 ], [ 106.596019181153395, -5.70491208614489 ], [ 106.596014674334867, -5.704914633410805 ], [ 106.596012743255883, -5.704915871891179 ], [ 106.596010168265749, -5.704917451724279 ], [ 106.596005660805901, -5.704919767080107 ], [ 106.596004695330038, -5.704920415695642 ], [ 106.596001156854143, -5.704923351188827 ], [ 106.595999226777906, -5.704924952343864 ], [ 106.59599665369025, -5.704927220249032 ], [ 106.595993882185908, -5.704929488648148 ], [ 106.595992150578638, -5.704931108247665 ], [ 106.595989901726995, -5.704934021167795 ], [ 106.595987652825173, -5.704936934088064 ], [ 106.595986528843966, -5.704938552001797 ], [ 106.595983154493609, -5.704942550889519 ], [ 106.595982403647909, -5.70494308492298 ], [ 106.595978650471508, -5.704946109672391 ], [ 106.595976146999263, -5.704947623757553 ], [ 106.595974145811965, -5.704949437934602 ], [ 106.595972347793392, -5.704952155774292 ], [ 106.595972661205607, -5.704956676381193 ], [ 106.595972673714812, -5.704961197822904 ], [ 106.595970340778578, -5.704965725771705 ], [ 106.5959696790744, -5.704966481177328 ], [ 106.595965169198365, -5.704967922899135 ], [ 106.59596065308574, -5.704967109087298 ], [ 106.595957941072967, -5.704965760172695 ], [ 106.595956132173569, -5.704964559448797 ], [ 106.595951615428831, -5.704963517012112 ], [ 106.595947104910138, -5.704964726334982 ], [ 106.595945302286211, -5.704965795236704 ], [ 106.595942599381758, -5.704967740502211 ], [ 106.595940801003039, -5.704970329201111 ], [ 106.595938105227518, -5.704974858156485 ], [ 106.595938105199949, -5.704974858382607 ], [ 106.595937756586423, -5.704979380600208 ], [ 106.595938119973994, -5.704980201692954 ], [ 106.59594026832923, -5.704983895108356 ], [ 106.595939598785819, -5.704988418442358 ], [ 106.595938151038695, -5.704991436795667 ], [ 106.595937590985429, -5.704992945489098 ], [ 106.595933790665256, -5.704997477508832 ], [ 106.595933654134569, -5.704997570164802 ], [ 106.595929146542531, -5.704999838084648 ], [ 106.595926465750935, -5.705002019306818 ], [ 106.595924645366239, -5.70500442639486 ], [ 106.595923076640233, -5.705006550185703 ], [ 106.595920145935807, -5.705009646162666 ], [ 106.595915634588223, -5.705010555864694 ], [ 106.595911121201397, -5.705010728045025 ], [ 106.595909510179226, -5.705011109299352 ], [ 106.595906611629573, -5.705012280006798 ], [ 106.59590210542116, -5.705015048443593 ], [ 106.595900718197427, -5.705015655167148 ], [ 106.595897597010165, -5.705017020274821 ], [ 106.595893088360953, -5.705018905964728 ], [ 106.595890835046774, -5.705020204062007 ], [ 106.595888582866806, -5.705021932783218 ], [ 106.595884923140304, -5.70502474193961 ], [ 106.595884078482044, -5.705025360858573 ], [ 106.595879573745393, -5.705028661680954 ], [ 106.595878823129439, -5.705029280339018 ], [ 106.595875068566755, -5.705031802675805 ], [ 106.595871887870146, -5.705033821055546 ], [ 106.595870562449718, -5.705034604288244 ], [ 106.595866055841725, -5.705037228342273 ], [ 106.595864200340657, -5.705038363858967 ], [ 106.595861549449197, -5.705039930343964 ], [ 106.595857043834741, -5.70504290518916 ], [ 106.595857043811037, -5.705042905207315 ], [ 106.595852538316421, -5.705045932006087 ], [ 106.595850111955215, -5.705047445896137 ], [ 106.595848031780022, -5.705048582027104 ], [ 106.595843525152986, -5.705051199288953 ], [ 106.595842138436353, -5.705051989492746 ], [ 106.595839019123829, -5.705054032806432 ], [ 106.595836543389268, -5.70505652649102 ], [ 106.595834520825093, -5.705059662334619 ], [ 106.595833574372776, -5.705061056204245 ], [ 106.595830023368833, -5.705065587531989 ], [ 106.595830023343837, -5.705065587560322 ], [ 106.595825522044024, -5.705070121496059 ], [ 106.595825522015886, -5.705070121521253 ], [ 106.595821017802933, -5.705073612035179 ], [ 106.595818763848555, -5.705074661720989 ], [ 106.595816509359054, -5.705075572282101 ], [ 106.595812004488977, -5.705078825153378 ], [ 106.595811629372335, -5.70507920298972 ], [ 106.595807499341134, -5.705081977582275 ], [ 106.59580299043796, -5.705083748431936 ], [ 106.595802990373528, -5.705083748448856 ], [ 106.595798480116031, -5.705085052788708 ], [ 106.595793975246139, -5.705088294917835 ], [ 106.595793975216125, -5.705088294944514 ], [ 106.595789473914181, -5.705092828881765 ], [ 106.595789473887706, -5.705092828910103 ], [ 106.595787787452039, -5.70509509429857 ], [ 106.595787224116307, -5.705095418823942 ] ] ] } },
{ "type": "Feature", "properties": { "fid": 34.0, "ID": 33, "ELEV": -32.0 }, "geometry": { "type": "MultiLineString", "coordinates": [ [ [ 106.597546646001433, -5.704739798347892 ], [ 106.597544389090416, -5.704739804705692 ], [ 106.597539888006565, -5.704744338452092 ], [ 106.597539887781537, -5.704744338678761 ], [ 106.597535386697615, -5.704748872425145 ], [ 106.597535386472359, -5.704748872576488 ], [ 106.597530875777863, -5.704750015373974 ], [ 106.597526361955232, -5.704750027908664 ], [ 106.597522986027045, -5.704753428334357 ], [ 106.597521860646097, -5.704754561881653 ], [ 106.597519161806346, -5.704757960427096 ], [ 106.597517368872332, -5.704762486879062 ], [ 106.597521891929674, -5.704765865369684 ], [ 106.597526408880682, -5.70476698313545 ], [ 106.597526409106649, -5.704766983247844 ], [ 106.597527926002201, -5.70477150050855 ], [ 106.597526434058665, -5.704776026124694 ], [ 106.597526433908627, -5.704776026275828 ], [ 106.597521932749387, -5.704780560097736 ], [ 106.597521932599562, -5.704780560324195 ], [ 106.597518935897241, -5.70478508989295 ], [ 106.597517435460787, -5.704786601217283 ], [ 106.597514434587836, -5.704789623865968 ], [ 106.597512934151354, -5.704791135190296 ], [ 106.597510685695056, -5.704794155749548 ], [ 106.597508434927761, -5.704796422849379 ], [ 106.597506936576536, -5.704798687633745 ], [ 106.597505444482337, -5.704803213250315 ], [ 106.597504855152778, -5.704807736359961 ], [ 106.597503965052113, -5.704812260304831 ], [ 106.597503964902913, -5.704812260757384 ], [ 106.597502472998784, -5.704816785921293 ], [ 106.597502485512308, -5.704821307359659 ], [ 106.597502498025833, -5.704825828798024 ], [ 106.597501758157009, -5.704830352325716 ], [ 106.597501018253823, -5.704834875853504 ], [ 106.597502535566505, -5.704839393113114 ], [ 106.597504044153638, -5.704840895889883 ], [ 106.59750856631959, -5.704843897688336 ], [ 106.597508566470452, -5.704843897838636 ], [ 106.597508578984076, -5.704848419276984 ], [ 106.597508578834052, -5.704848419428118 ], [ 106.59750520603346, -5.704852950116657 ], [ 106.597504081694979, -5.704854460396603 ], [ 106.597502284507982, -5.704857479702735 ], [ 106.597501093335296, -5.704862004483688 ], [ 106.597499601391505, -5.704866530099872 ], [ 106.597499601241665, -5.704866530326333 ], [ 106.597496604538875, -5.704871059895131 ], [ 106.597495106189001, -5.704873325234211 ], [ 106.597492855973641, -5.704875591777861 ], [ 106.597490611360101, -5.70488011948418 ], [ 106.597490611135058, -5.704880119710849 ], [ 106.597486110049886, -5.70488465345723 ], [ 106.597486109824843, -5.7048846536839 ], [ 106.597483113121882, -5.704889183252682 ], [ 106.597481614771908, -5.70489144859175 ], [ 106.597480116610825, -5.704893713046972 ], [ 106.597477119867534, -5.704898242841904 ], [ 106.597477119717695, -5.704898243068364 ], [ 106.597472618632281, -5.704902776814706 ], [ 106.597472618407252, -5.704902777041376 ], [ 106.597472617955248, -5.704902776816586 ], [ 106.597468101454737, -5.704901659151993 ], [ 106.59746359121003, -5.70490280188318 ], [ 106.597463590759915, -5.704902802336568 ], [ 106.59746247497749, -5.704907326456053 ], [ 106.59746361578425, -5.704911844309175 ], [ 106.597463616236865, -5.704911844760056 ], [ 106.597466637706319, -5.704916357842844 ], [ 106.597467252009423, -5.704920877610145 ], [ 106.59746636162032, -5.704925401555872 ], [ 106.597463665929553, -5.704929930514801 ], [ 106.597463665839896, -5.704929930741094 ], [ 106.597461872823061, -5.704934456967316 ], [ 106.597460982640555, -5.704938980912478 ], [ 106.597459189668257, -5.704943507364623 ], [ 106.597459189556048, -5.70494350759098 ], [ 106.597456192852661, -5.704948037159757 ], [ 106.597454692415681, -5.704949548484085 ], [ 106.597451691541721, -5.704952571132754 ], [ 106.597450191104713, -5.704954082457075 ], [ 106.5974456858482, -5.704957109283272 ], [ 106.597445685623171, -5.704957109509941 ], [ 106.597441180140862, -5.704960136302347 ], [ 106.597438927840116, -5.704961649522859 ], [ 106.597436676744834, -5.704963916952206 ], [ 106.597435178583439, -5.704966181407408 ], [ 106.597433310198994, -5.70497070806896 ], [ 106.597432194315189, -5.704975232640898 ], [ 106.597432194203606, -5.704975233093347 ], [ 106.597429950244262, -5.704979760345697 ], [ 106.597427705629983, -5.704984288052007 ], [ 106.59742770540494, -5.704984288278675 ], [ 106.597423197837472, -5.704986561747942 ], [ 106.597421699675962, -5.704988826203138 ], [ 106.597420207389646, -5.704993351820313 ], [ 106.597418709039232, -5.704995617159356 ], [ 106.597417210877694, -5.70499788161455 ], [ 106.597415342493079, -5.705002408276107 ], [ 106.597415355006319, -5.705006929714638 ], [ 106.597414239122386, -5.705011454286594 ], [ 106.597414239010803, -5.705011454739042 ], [ 106.597413123227994, -5.705015978858583 ], [ 106.597409750361521, -5.705020509697919 ], [ 106.597409750212307, -5.705020510150471 ], [ 106.597408258307283, -5.705025035314462 ], [ 106.597405261562926, -5.705029565109347 ], [ 106.597405261413101, -5.705029565335808 ], [ 106.597400760326224, -5.705034099082014 ], [ 106.597400760101806, -5.705034099534775 ], [ 106.597398516142079, -5.705038626787127 ], [ 106.597396271452226, -5.705043154493647 ], [ 106.597396271302173, -5.705043154644783 ], [ 106.597391765819154, -5.705046181512378 ], [ 106.597389513517967, -5.705047694732821 ], [ 106.597387260335438, -5.705049208147357 ], [ 106.597382755077874, -5.70505223497335 ], [ 106.597382754852518, -5.705052235086999 ], [ 106.597378249369442, -5.705055261992224 ], [ 106.597377350912609, -5.705056771453225 ], [ 106.597375256836074, -5.705061298741496 ], [ 106.597373764853501, -5.705065824357848 ], [ 106.597373777404187, -5.705070345796356 ], [ 106.597373789992474, -5.705074867234757 ], [ 106.597373789768056, -5.705074867687517 ], [ 106.597369275942526, -5.705074880221687 ], [ 106.597367031982458, -5.705079407474025 ], [ 106.597364787367439, -5.705083935180321 ], [ 106.597364787143036, -5.70508393563308 ], [ 106.597363295237585, -5.705088460797091 ], [ 106.597364812166603, -5.705092977606068 ], [ 106.597364812393522, -5.705092978057577 ], [ 106.597364825132289, -5.705097499495577 ], [ 106.597369351018486, -5.70510200794913 ], [ 106.597371607932232, -5.705102001998511 ] ] ] } },
{ "type": "Feature", "properties": { "fid": 35.0, "ID": 34, "ELEV": -19.0 }, "geometry": { "type": "MultiLineString", "coordinates": [ [ [ 106.596895096422074, -5.704178037685781 ], [ 106.596893808537317, -5.704178687186801 ], [ 106.596892843979148, -5.704179658733816 ], [ 106.596891458664771, -5.704180954446319 ], [ 106.596888341237531, -5.704183675995183 ], [ 106.596886262944139, -5.704185490341955 ], [ 106.59688383789269, -5.704187475211224 ], [ 106.596881136624759, -5.704190026044937 ], [ 106.596879335798548, -5.704191726582725 ], [ 106.596876835932662, -5.704194559456324 ], [ 106.596874836049579, -5.704196825772655 ], [ 106.596872718155609, -5.704199092360004 ], [ 106.596870334111557, -5.70420113363628 ], [ 106.59686582721173, -5.70420363296072 ], [ 106.59686582717076, -5.70420363298236 ], [ 106.596861318214721, -5.704205403816194 ], [ 106.596859416156065, -5.704208172229436 ], [ 106.596856821418484, -5.704211570547943 ], [ 106.59685609651963, -5.704212702917793 ], [ 106.596852320579401, -5.704216275775914 ], [ 106.596851270009651, -5.704217237788509 ], [ 106.596847821398356, -5.704221580435558 ], [ 106.596847654737431, -5.704221769297391 ], [ 106.596843319713145, -5.704225979834875 ], [ 106.596842910252121, -5.704226303940414 ], [ 106.596838817662089, -5.704230247006733 ], [ 106.596838142207531, -5.704230838648804 ], [ 106.596834317285499, -5.704235119541179 ], [ 106.596834052455563, -5.704235371474575 ], [ 106.596829814165716, -5.704239000400423 ], [ 106.596827810482338, -5.704239910273813 ], [ 106.596825305452526, -5.704240859186908 ], [ 106.596820795280237, -5.704242190499136 ], [ 106.596816285308236, -5.704243594229712 ], [ 106.596814030848392, -5.704244469993619 ], [ 106.596811776394446, -5.704245380531928 ], [ 106.596807268250359, -5.704247445110552 ], [ 106.596804733548993, -5.704249017272644 ], [ 106.596802762928249, -5.704250529900248 ], [ 106.596799260538191, -5.704253553937451 ], [ 106.596798261019146, -5.704254848579078 ], [ 106.596795260719759, -5.704258086513464 ], [ 106.59679376030094, -5.70425959781688 ], [ 106.596790544498916, -5.704262621077799 ], [ 106.596789258391752, -5.704263916514828 ], [ 106.596786612127602, -5.704267153466592 ], [ 106.596784761463297, -5.704270035876586 ], [ 106.596783762918761, -5.704271682849132 ], [ 106.596781214994465, -5.704276211395475 ], [ 106.596780271844025, -5.704278797712984 ], [ 106.596779374428436, -5.704280737978597 ], [ 106.596777006953403, -5.704285266024118 ], [ 106.596775778391418, -5.704286173740355 ], [ 106.596771271002623, -5.70428851155105 ], [ 106.59676998489536, -5.704289806988063 ], [ 106.5967667696885, -5.704293045518848 ], [ 106.596765268631032, -5.704294341552432 ], [ 106.596762264205509, -5.704296072363388 ], [ 106.596757752915764, -5.704296999929567 ], [ 106.596753242221581, -5.704298142814228 ], [ 106.596751438743254, -5.704298901410702 ], [ 106.596748734058451, -5.704300200761326 ], [ 106.596744981490204, -5.704303440806886 ], [ 106.596744231145522, -5.704304156820797 ], [ 106.596741232463273, -5.704307972686689 ], [ 106.596739733414708, -5.704309986386161 ], [ 106.596738068573643, -5.70431250294251 ], [ 106.596735236665936, -5.704316171028 ], [ 106.59673428875098, -5.704317034907766 ], [ 106.596730735649075, -5.704320812648664 ], [ 106.596729834957827, -5.704321568743527 ], [ 106.596726235456757, -5.704325752397446 ], [ 106.596725970893957, -5.704326100942562 ], [ 106.596722988935255, -5.704330630693434 ], [ 106.596721740788695, -5.704332689366205 ], [ 106.5967201545119, -5.704335160034838 ], [ 106.596717241881535, -5.704338093793546 ], [ 106.596715440778468, -5.70433969459198 ], [ 106.596712736803354, -5.704341267223638 ], [ 106.596708230696052, -5.704344068611723 ], [ 106.596708005463881, -5.704344236702409 ], [ 106.59670372525855, -5.704347112179294 ], [ 106.596700809121373, -5.704348778149547 ], [ 106.596699218524066, -5.704349686853206 ], [ 106.596694713318072, -5.704352814145531 ], [ 106.596694173036695, -5.704353318041734 ], [ 106.596691503059191, -5.704357846926699 ], [ 106.596690221208789, -5.70436067641955 ], [ 106.59668937956377, -5.704362374295007 ], [ 106.596686669337487, -5.704366903291674 ], [ 106.596685729273034, -5.704368601458246 ], [ 106.596683621238867, -5.704371433226037 ], [ 106.596681229520897, -5.704373700614568 ], [ 106.596677399038455, -5.704375971969481 ], [ 106.596676723124773, -5.7043763977412 ], [ 106.596672218205029, -5.704379628652423 ], [ 106.596670784422543, -5.704380511801951 ], [ 106.596667713283722, -5.704382859021242 ], [ 106.596663204205669, -5.70438458656616 ], [ 106.59666151277591, -5.704385059008365 ], [ 106.596658694178856, -5.704385971111938 ], [ 106.596654184677405, -5.704387545608458 ], [ 106.596649676585287, -5.704389613331937 ], [ 106.59664967654021, -5.704389613357176 ], [ 106.59664517007478, -5.704392285538789 ], [ 106.596642542149539, -5.704394154606816 ], [ 106.596640667086859, -5.704396215019372 ], [ 106.596639169316902, -5.704398685442294 ], [ 106.596638107081446, -5.704403209865304 ], [ 106.596636862184226, -5.704407734795248 ], [ 106.596636188508768, -5.704408969815797 ], [ 106.596634556210503, -5.704412262669934 ], [ 106.596631691740114, -5.704415147918264 ], [ 106.596630191680362, -5.704416796257603 ], [ 106.59662718818258, -5.704418871548823 ], [ 106.596622679204046, -5.704420635242221 ], [ 106.596618166795125, -5.704421158697347 ], [ 106.596616361798468, -5.704421356113697 ], [ 106.596613655005925, -5.704421906215045 ], [ 106.596609147295212, -5.704424128331152 ], [ 106.59660625042838, -5.704425905649925 ], [ 106.596604641492988, -5.704427040473036 ], [ 106.596600668099867, -5.70443044261709 ], [ 106.596600138521325, -5.704430976036964 ], [ 106.596597441269196, -5.704434973047284 ], [ 106.596595648253086, -5.704439499498373 ], [ 106.596595648239045, -5.704439499522212 ], [ 106.596593796338496, -5.704444026112917 ], [ 106.596591157473853, -5.704447848441009 ], [ 106.596590646499678, -5.70444855632944 ], [ 106.596586656443591, -5.704452486018181 ], [ 106.596585724221825, -5.704453091464789 ], [ 106.596582151303863, -5.704455637813432 ], [ 106.596577641957666, -5.704457268755941 ], [ 106.596576796609753, -5.704457637715577 ], [ 106.596573136217444, -5.704460203478746 ], [ 106.596570992217281, -5.70446217529886 ], [ 106.596568640362619, -5.704466703300805 ], [ 106.596569217084266, -5.704471223175507 ], [ 106.596573172501451, -5.704473322216523 ], [ 106.596575854021808, -5.704475726232119 ], [ 106.596577694780166, -5.704476367051923 ], [ 106.596582151949804, -5.704480230229439 ], [ 106.596582219577058, -5.704480322318926 ], [ 106.596585371881204, -5.704484742768691 ], [ 106.596586756154736, -5.704488536949638 ], [ 106.596587403000683, -5.704489258607098 ], [ 106.596588340688243, -5.704493777479978 ], [ 106.596586773692991, -5.704494877943096 ], [ 106.596583256739564, -5.704498313064081 ], [ 106.596582270803168, -5.704498843303034 ], [ 106.596577767803666, -5.704502769029512 ], [ 106.596577699634153, -5.704502849961255 ], [ 106.596573372919721, -5.704507383443845 ], [ 106.596573267106749, -5.704507527279431 ], [ 106.596570820793275, -5.70451191200163 ], [ 106.596568775055772, -5.704515411548479 ], [ 106.596567524059111, -5.704516442625829 ], [ 106.596564267885256, -5.704517829298399 ], [ 106.596559755134308, -5.704518229419516 ], [ 106.596555240947154, -5.704518110277951 ], [ 106.596550722702275, -5.70451652403361 ], [ 106.596550670721925, -5.704516489396512 ], [ 106.596546202343205, -5.704514173370965 ], [ 106.596542306703768, -5.704511991132562 ], [ 106.596541680976884, -5.704511458515584 ], [ 106.596537157433019, -5.704507956337989 ], [ 106.596536102903073, -5.704507486873606 ], [ 106.596532636050981, -5.704505235766709 ], [ 106.596528122049349, -5.704505183689777 ], [ 106.596523612733719, -5.704506825908231 ], [ 106.596522552557815, -5.704507524477201 ], [ 106.596519108575933, -5.704510333037208 ], [ 106.596516856456503, -5.704512061759671 ], [ 106.596514604518816, -5.70451387659047 ], [ 106.596510445421089, -5.704516601026102 ], [ 106.596510098767254, -5.704516807515044 ], [ 106.596505590059863, -5.704518669712564 ], [ 106.596501081352429, -5.704520531911825 ], [ 106.59649985199367, -5.704521151898884 ], [ 106.596496578329038, -5.704524449307808 ], [ 106.596494889015489, -5.704525687146759 ], [ 106.596496583615334, -5.704526360678384 ], [ 106.596501103690983, -5.704528608857486 ], [ 106.596502236523563, -5.704530188232329 ], [ 106.596505628988425, -5.704532745056969 ], [ 106.596506818347351, -5.704534696992765 ], [ 106.596508365454, -5.704539214174736 ], [ 106.596507523807247, -5.70454373798569 ], [ 106.596505671286081, -5.704548038522746 ], [ 106.596505541073, -5.704548264963255 ], [ 106.596501169888583, -5.704552543832483 ], [ 106.596496656051059, -5.704552551243911 ], [ 106.596494920699101, -5.704552815910893 ], [ 106.596492144462104, -5.704553371672351 ], [ 106.596487635034379, -5.704554973551187 ], [ 106.596483115299563, -5.704552848683726 ], [ 106.596483115283405, -5.70455284867156 ], [ 106.596479064120047, -5.704548338438325 ], [ 106.596478585123464, -5.70454694852395 ], [ 106.596474065977588, -5.704545036575029 ], [ 106.596469559761246, -5.704547799615272 ], [ 106.596468959465966, -5.704548366479002 ], [ 106.59646505911256, -5.704552575806606 ], [ 106.596464822431358, -5.704552899434735 ], [ 106.596460824212087, -5.704557432005242 ], [ 106.596460559468667, -5.704557715338859 ], [ 106.59645680968822, -5.704561964620984 ], [ 106.596456060494589, -5.704563097086825 ], [ 106.596454715720299, -5.704566491907173 ], [ 106.596452471313256, -5.704571019610831 ], [ 106.596451570974537, -5.704571897227272 ], [ 106.596447065498623, -5.704574928111993 ], [ 106.596445879396569, -5.704575559378801 ], [ 106.596442559247194, -5.704577678610218 ], [ 106.596438764815971, -5.704580100597105 ], [ 106.596438053879069, -5.704580748506742 ], [ 106.596434002164543, -5.704584635288817 ], [ 106.596433552162978, -5.704585138934371 ], [ 106.596429762177706, -5.70458916853013 ], [ 106.596429051428828, -5.704589884433956 ], [ 106.596425049681756, -5.704593703082625 ], [ 106.59642454927193, -5.70459411552159 ], [ 106.596420045184757, -5.70459764867794 ], [ 106.596419144039558, -5.70459824094603 ], [ 106.596415538994123, -5.704600421273276 ], [ 106.596411031707191, -5.704602784932841 ], [ 106.596411031672531, -5.704602784953486 ], [ 106.596406528178235, -5.704606532548778 ], [ 106.596405808124601, -5.704607320903485 ], [ 106.596402027032639, -5.704611129418648 ], [ 106.596401497983351, -5.704611854339369 ], [ 106.596399190697994, -5.704616382217458 ], [ 106.596397536466867, -5.704619551845018 ], [ 106.596396456910028, -5.704620911279062 ], [ 106.596393032188786, -5.704623016107015 ], [ 106.596388519390473, -5.70462339956919 ], [ 106.596386190335551, -5.70462546124352 ], [ 106.59638401625179, -5.704627275866625 ], [ 106.596380377965659, -5.704629998847874 ], [ 106.596379511666854, -5.704630629227172 ], [ 106.5963750027054, -5.704632400100662 ], [ 106.596370492933374, -5.704633877890943 ], [ 106.596369291084102, -5.704634551088382 ], [ 106.596365988603083, -5.704637323387009 ], [ 106.596363887018271, -5.70463908755963 ], [ 106.596361485198855, -5.704641103763775 ], [ 106.596358670991947, -5.704643623509067 ], [ 106.596356982489255, -5.704645135337008 ], [ 106.59635360547054, -5.704648159040846 ], [ 106.596352480127052, -5.704649292545905 ], [ 106.596349480272849, -5.704652691963338 ], [ 106.596347980682253, -5.704654504703253 ], [ 106.596346221899083, -5.704657222480505 ], [ 106.596343482696284, -5.704660244398502 ], [ 106.596342113094877, -5.704661755357488 ], [ 106.596338982133631, -5.70466505239849 ], [ 106.596338051654172, -5.704666288103033 ], [ 106.596334481990382, -5.704670012086399 ], [ 106.596333296384174, -5.704670822773829 ], [ 106.596329976650608, -5.704673092739542 ], [ 106.596325467941114, -5.704674954921777 ], [ 106.596324867219252, -5.704675367639043 ], [ 106.596320966863928, -5.704679576966184 ], [ 106.596320702232035, -5.704679900671849 ], [ 106.59631674855703, -5.70468443311829 ], [ 106.596316467269872, -5.704684735338187 ], [ 106.596311965147592, -5.704688967867077 ], [ 106.596311965115433, -5.70468896789543 ], [ 106.59630817651788, -5.704693499855525 ], [ 106.596307467204582, -5.704694734974854 ], [ 106.5963056707769, -5.704698028284198 ], [ 106.59630297247638, -5.704701652940536 ], [ 106.596301282252469, -5.70470256193722 ], [ 106.596298465320089, -5.70470407689306 ], [ 106.596293956705011, -5.704705973352941 ], [ 106.596292455190778, -5.704707107906236 ], [ 106.596289451364697, -5.704709054007725 ], [ 106.596285847466888, -5.704711647716992 ], [ 106.596284946351872, -5.704712253096146 ], [ 106.5962804408625, -5.704715279888212 ], [ 106.596279089189906, -5.704716187945448 ], [ 106.596275936270899, -5.704718631339977 ], [ 106.59627385874299, -5.704720723934496 ], [ 106.596271434468562, -5.704722991431461 ], [ 106.596268281068461, -5.704725260886987 ], [ 106.596266929239562, -5.704726112434904 ], [ 106.596262423649776, -5.704729102993803 ], [ 106.596261924026663, -5.704729800001995 ], [ 106.596262194081461, -5.704734320728481 ], [ 106.59626160423619, -5.704738843840974 ], [ 106.596258359616186, -5.704743374319794 ], [ 106.596257950330696, -5.704743763018976 ], [ 106.596253443390353, -5.704746265267404 ], [ 106.596248932325452, -5.70474727603581 ], [ 106.596246426473357, -5.704747928906943 ], [ 106.596244423228256, -5.70474899836594 ], [ 106.596239918130621, -5.704752167002251 ], [ 106.596239542806089, -5.704752469483058 ], [ 106.596235413734874, -5.70475558947492 ], [ 106.59623353689345, -5.704757007623607 ], [ 106.596230909651496, -5.704759124931676 ], [ 106.59622790712686, -5.704761544720426 ], [ 106.596226405828688, -5.704762754628305 ], [ 106.596222595617064, -5.704766080934149 ], [ 106.596221902958391, -5.704766728789997 ], [ 106.596217399016254, -5.704770315389621 ], [ 106.596216835608175, -5.704770618392292 ], [ 106.596212891858997, -5.704772739353206 ], [ 106.596208384758114, -5.70477516331661 ], [ 106.596208384701796, -5.704775163351549 ], [ 106.596203879211487, -5.704778190154459 ], [ 106.596201375740705, -5.704779704240242 ], [ 106.596199373721205, -5.70478121697778 ], [ 106.596196099295526, -5.704784240356529 ], [ 106.596194871116168, -5.704785287197148 ], [ 106.596190366014966, -5.704788454768972 ], [ 106.596189956553147, -5.704788778876461 ], [ 106.596185861417652, -5.704791804575478 ], [ 106.596184360995792, -5.704793315878112 ], [ 106.596181362178584, -5.704797092083415 ], [ 106.596180862715627, -5.704797847060555 ], [ 106.596177659514993, -5.704802377424254 ], [ 106.596176865618844, -5.704803348527935 ], [ 106.596173056061588, -5.704806911673129 ], [ 106.596172363700489, -5.704807667185488 ], [ 106.596168612609873, -5.704811445478044 ], [ 106.596167862566901, -5.704812269659933 ], [ 106.596164487444938, -5.704815978399819 ], [ 106.596163362380437, -5.70481721467264 ], [ 106.596160362279932, -5.70482051132158 ], [ 106.59615886320428, -5.704822525068429 ], [ 106.596156989401294, -5.704825042156032 ], [ 106.596154691251954, -5.704829570008528 ], [ 106.596154369963656, -5.704829981950374 ], [ 106.596149866367, -5.704833693821312 ], [ 106.596149365956762, -5.704834106260148 ], [ 106.596145362012507, -5.704837131662878 ], [ 106.596143724760353, -5.704838643388237 ], [ 106.596140859086177, -5.704841085985372 ], [ 106.596138402762477, -5.704843179630651 ], [ 106.596136356239796, -5.704845069245291 ], [ 106.596133491126594, -5.704847714734457 ], [ 106.596131853874368, -5.704849226459796 ], [ 106.59612885301577, -5.704852249079328 ], [ 106.596127352550681, -5.704853760425135 ], [ 106.596123749841794, -5.704856784714528 ], [ 106.596122849332531, -5.70485760931387 ], [ 106.596119166445419, -5.704861318907552 ], [ 106.596118348008702, -5.704862143279175 ], [ 106.596114665121533, -5.704865852872842 ], [ 106.596113846684815, -5.704866677244464 ], [ 106.596109794478863, -5.704870387862811 ], [ 106.596109344129502, -5.704870765907994 ], [ 106.596104837916513, -5.704873531847302 ], [ 106.596102262433973, -5.704874930236921 ], [ 106.596100331062502, -5.704876065982587 ], [ 106.596095825650877, -5.704879121761174 ], [ 106.596095325065676, -5.704879470961017 ], [ 106.596091319930181, -5.704882065782833 ], [ 106.596089068412596, -5.704884009796407 ], [ 106.596086817231935, -5.704886102872391 ], [ 106.596084567082897, -5.704888543761588 ], [ 106.596082317430387, -5.704891187543018 ], [ 106.59608027090735, -5.704893077157554 ], [ 106.596077814583182, -5.704895170802695 ], [ 106.596073306706899, -5.704897335356939 ], [ 106.596072805941347, -5.704897619345311 ], [ 106.596069602739362, -5.704902149708785 ], [ 106.596068810852316, -5.704903847499874 ], [ 106.596068090639477, -5.704906675380308 ], [ 106.596064315674582, -5.704910604455132 ], [ 106.596062675921473, -5.704911211879601 ], [ 106.59605980688049, -5.704912437153859 ], [ 106.596055298211681, -5.704914315175384 ], [ 106.596052429782674, -5.704915761783512 ], [ 106.596050792209439, -5.704917157570787 ], [ 106.596047107747737, -5.704920298025569 ], [ 106.596046289121389, -5.704921053888175 ], [ 106.596041785757819, -5.704924834267475 ], [ 106.596041785712799, -5.704924834305277 ], [ 106.596037280977896, -5.704928135090772 ], [ 106.59603502754922, -5.704929374494062 ], [ 106.596032774727817, -5.704930887935098 ], [ 106.596028914085252, -5.704933912931799 ], [ 106.596028270371775, -5.704934325768161 ], [ 106.596023767955131, -5.704938448685695 ], [ 106.596023767910296, -5.704938448798842 ], [ 106.596022959702069, -5.704942972404446 ], [ 106.596021806819294, -5.704947497079348 ], [ 106.596019288810766, -5.704951020747888 ], [ 106.596018470878946, -5.704952027810994 ], [ 106.596014786763106, -5.704955293500766 ], [ 106.596012815470857, -5.704956564977814 ], [ 106.596010280763764, -5.704958137137842 ], [ 106.596005773026917, -5.704960352422997 ], [ 106.596004270520496, -5.704961110161374 ], [ 106.596001267534021, -5.704963379253653 ], [ 106.595997170312373, -5.704965651336559 ], [ 106.595996760738686, -5.704965935071889 ], [ 106.595992253630811, -5.704968377874681 ], [ 106.595987744879054, -5.704970198962755 ], [ 106.595987744803921, -5.704970198997746 ], [ 106.595983237707884, -5.704972646113597 ], [ 106.595981160177956, -5.704974738707591 ], [ 106.595979007677357, -5.704979266155827 ], [ 106.595978743193982, -5.704979643685292 ], [ 106.595975833927014, -5.704983796437388 ], [ 106.595974244576738, -5.70498515728544 ], [ 106.595969738956583, -5.704988138232645 ], [ 106.5959695514195, -5.704988335343761 ], [ 106.595967728568056, -5.704992861877426 ], [ 106.595965246871017, -5.704996014140701 ], [ 106.595963814459694, -5.704997394212982 ], [ 106.59596074142172, -5.704999056933765 ], [ 106.595956230072133, -5.704999965827188 ], [ 106.59595171738259, -5.705000390120049 ], [ 106.595947207270115, -5.705001746451114 ], [ 106.595946860642798, -5.705001962725087 ], [ 106.595942701933183, -5.70500482994399 ], [ 106.595940276011092, -5.705006502469448 ], [ 106.595938196658778, -5.705007936070524 ], [ 106.595934293243445, -5.705011040544004 ], [ 106.595933692700356, -5.705011518164546 ], [ 106.595930215915388, -5.705015573332259 ], [ 106.595929192372878, -5.705016413474058 ], [ 106.595924686892687, -5.705019445235368 ], [ 106.595923434897912, -5.705020113621339 ], [ 106.595920181403613, -5.705022473800094 ], [ 106.595917336553526, -5.705024652016437 ], [ 106.595915677553805, -5.705026095268821 ], [ 106.595912122547944, -5.705029187958094 ], [ 106.595911174249494, -5.705029914041742 ], [ 106.595906668422032, -5.705032820284372 ], [ 106.595904790172398, -5.705033729776658 ], [ 106.595902159916733, -5.705034758049573 ], [ 106.595897651078758, -5.705036575501862 ], [ 106.595894044715479, -5.705038281063918 ], [ 106.595893143231578, -5.705038751313046 ], [ 106.595888635193916, -5.705040858248998 ], [ 106.595884449207702, -5.70504282916079 ], [ 106.595884127245611, -5.705042997519642 ], [ 106.595879620825201, -5.705045689407943 ], [ 106.595876970253087, -5.705047371385752 ], [ 106.595875116002162, -5.705048959048839 ], [ 106.595871672400506, -5.705051907559793 ], [ 106.59587061342468, -5.705053040880256 ], [ 106.595866456194571, -5.705056443507304 ], [ 106.595866110222033, -5.7050568966234 ], [ 106.595862059035852, -5.705060977182583 ], [ 106.595861608780851, -5.705061389482136 ], [ 106.595857105275002, -5.705065135606262 ], [ 106.595856759094076, -5.705065513362349 ], [ 106.595852604027485, -5.705069698554984 ], [ 106.595852322868083, -5.705070047145973 ], [ 106.595848100089654, -5.705073288492832 ], [ 106.595845641565788, -5.705074587157846 ], [ 106.595843592808905, -5.705075669371802 ], [ 106.595839086123434, -5.705078265571206 ], [ 106.59583769961381, -5.705079130666928 ], [ 106.595834580926265, -5.705081400082165 ], [ 106.595831201822904, -5.705083670169598 ], [ 106.595830075553835, -5.705084471219616 ], [ 106.595825570314972, -5.705087590693314 ], [ 106.595824775443731, -5.705088209474114 ], [ 106.595821066524593, -5.705091234081045 ], [ 106.595818964241815, -5.705092747071993 ], [ 106.595816564005887, -5.705095337440398 ], [ 106.595814763843222, -5.705097280201244 ], [ 106.595813572628941, -5.705101804982581 ], [ 106.595813705517344, -5.705106326090671 ], [ 106.595812939373261, -5.705110849692804 ], [ 106.595812097203932, -5.705112359172045 ], [ 106.59581030000048, -5.705115378491549 ], [ 106.595809850230538, -5.705115961067771 ], [ 106.595809121376888, -5.705117642499594 ] ] ] } },
{ "type": "Feature", "properties": { "fid": 36.0, "ID": 35, "ELEV": -20.0 }, "geometry": { "type": "MultiLineString", "coordinates": [ [ [ 106.596909493511461, -5.704192208075193 ], [ 106.596908681812266, -5.704193881293194 ], [ 106.596908119202809, -5.704194472626988 ], [ 106.596906431224141, -5.704196172851619 ], [ 106.59690361789059, -5.704199006595366 ], [ 106.596901929911894, -5.704200706819992 ], [ 106.596899282532064, -5.704203540103109 ], [ 106.596897429381329, -5.704205523385074 ], [ 106.596894897386392, -5.704208073749024 ], [ 106.596892928068939, -5.704210057353415 ], [ 106.596890396073974, -5.704212607717356 ], [ 106.596888426434575, -5.70421447495894 ], [ 106.596884961638025, -5.704217144275632 ], [ 106.596883921848132, -5.704217825395765 ], [ 106.596879414281844, -5.704220098629045 ], [ 106.596876259011268, -5.704221689904979 ], [ 106.596874907046669, -5.70422249158263 ], [ 106.596870400583782, -5.704225163739747 ], [ 106.59686814667316, -5.704226233895849 ], [ 106.596865893042036, -5.704227445892807 ], [ 106.596861388434945, -5.704230774128276 ], [ 106.596861388394004, -5.704230774166069 ], [ 106.596857234303044, -5.70423530713285 ], [ 106.596856888043121, -5.704235655904747 ], [ 106.596853514236543, -5.704239838932647 ], [ 106.596852389616458, -5.704241233297443 ], [ 106.596850141390192, -5.704244369768714 ], [ 106.596847892495376, -5.704247282690445 ], [ 106.596846709124264, -5.704248900769698 ], [ 106.596843392357712, -5.704252241597915 ], [ 106.596841514902536, -5.704253436661025 ], [ 106.596838885808268, -5.704254882607376 ], [ 106.596834376165219, -5.704256405260897 ], [ 106.596830368241385, -5.704257989073392 ], [ 106.596829867353435, -5.704258228440745 ], [ 106.596825359823143, -5.70426051490996 ], [ 106.596821754342713, -5.704262534455928 ], [ 106.596820853124825, -5.704263102155062 ], [ 106.596816349414112, -5.704266769492625 ], [ 106.596816027823394, -5.704267071824503 ], [ 106.596811848966624, -5.704271604897539 ], [ 106.596811848934493, -5.704271604938727 ], [ 106.596808551321544, -5.70427613552478 ], [ 106.59680735216881, -5.704277783054134 ], [ 106.596805253681879, -5.704280666152001 ], [ 106.596802855402913, -5.704283961132221 ], [ 106.596802012452386, -5.70428519662265 ], [ 106.596798658429194, -5.704289727406351 ], [ 106.596798358542415, -5.704290105034229 ], [ 106.596794823446771, -5.70429425952493 ], [ 106.596793859313053, -5.7042953925875 ], [ 106.596790743760678, -5.704298792322664 ], [ 106.596789358207559, -5.704300001910125 ], [ 106.596785548002529, -5.70430332821799 ], [ 106.596784855225991, -5.704303933019381 ], [ 106.596780351462613, -5.70430758151655 ], [ 106.596779976086594, -5.704307865157295 ], [ 106.596775847595012, -5.704311192348509 ], [ 106.596774045367383, -5.704312403092405 ], [ 106.596771341523365, -5.704314006396448 ], [ 106.596766833587921, -5.704316146657741 ], [ 106.596764901300332, -5.70431694994588 ], [ 106.596762325100769, -5.704318087478085 ], [ 106.596757817324573, -5.704320285339714 ], [ 106.596756179241794, -5.704321495628002 ], [ 106.596753313092066, -5.704323764352424 ], [ 106.596751344555273, -5.704326030521026 ], [ 106.596748814904061, -5.704329428629962 ], [ 106.596748021456207, -5.704330561218774 ], [ 106.596745113290723, -5.704335090764912 ], [ 106.596744320127101, -5.704336326117131 ], [ 106.596742072340319, -5.704339620679577 ], [ 106.596739823739128, -5.704342641212918 ], [ 106.596738699439271, -5.704344151515532 ], [ 106.596735325631215, -5.704348334543141 ], [ 106.596735004168679, -5.704348683246181 ], [ 106.596730821804456, -5.704351960371442 ], [ 106.596728568412928, -5.7043532225827 ], [ 106.596726314299474, -5.704354256434161 ], [ 106.596721805248379, -5.704355993548557 ], [ 106.596717296370983, -5.704357775341618 ], [ 106.596717296320904, -5.704357775364362 ], [ 106.5967127890504, -5.704360156244586 ], [ 106.596709322850742, -5.704362318945834 ], [ 106.596708283268782, -5.704363075426158 ], [ 106.596704061989769, -5.704366855021433 ], [ 106.596703780702967, -5.704367157241422 ], [ 106.59669984279509, -5.704371388206035 ], [ 106.596699280827863, -5.704372211866289 ], [ 106.596696901386991, -5.704375917844344 ], [ 106.596694789769955, -5.704380445179709 ], [ 106.596694789745001, -5.704380445224987 ], [ 106.596692426553133, -5.704384973213346 ], [ 106.596690298661784, -5.704388678493267 ], [ 106.596689699077487, -5.704389502257919 ], [ 106.596685799652434, -5.704394034555026 ], [ 106.596685799620275, -5.704394034585266 ], [ 106.59668129517803, -5.704397438149109 ], [ 106.596679292119077, -5.70439857409044 ], [ 106.596676788161048, -5.704399910864393 ], [ 106.596672630389307, -5.704403114053751 ], [ 106.596672284000903, -5.704403416454411 ], [ 106.596670116588896, -5.704407642505281 ], [ 106.596667787368759, -5.704409643731971 ], [ 106.596663896067412, -5.70441218124405 ], [ 106.596663281672505, -5.704412594001851 ], [ 106.596658776395728, -5.704415695952074 ], [ 106.596657725996451, -5.704416719842766 ], [ 106.59665629725049, -5.704421245282948 ], [ 106.596655795017057, -5.704425768151798 ], [ 106.596654403225003, -5.704430293489426 ], [ 106.596654303273056, -5.704430422954641 ], [ 106.596649801004105, -5.704434612423671 ], [ 106.596648798506806, -5.704434830519101 ], [ 106.59664528952834, -5.704435473261216 ], [ 106.59664077482789, -5.704435168245699 ], [ 106.596636260868863, -5.704435131289446 ], [ 106.596631749760959, -5.704436125140353 ], [ 106.596627239013671, -5.704437249384325 ], [ 106.59662272992189, -5.704438972184952 ], [ 106.596621828390838, -5.704439426843048 ], [ 106.596618222908376, -5.704441446388241 ], [ 106.596614757700337, -5.704443967940898 ], [ 106.596613719160246, -5.704445101209823 ], [ 106.596610603605981, -5.704448500944517 ], [ 106.596609218290297, -5.704449796656688 ], [ 106.596605755067145, -5.70445303587535 ], [ 106.596604715745414, -5.704453886556482 ], [ 106.596601058445714, -5.704457570384561 ], [ 106.596600214763654, -5.704458541626677 ], [ 106.596597466131811, -5.704462101829084 ], [ 106.596596368116195, -5.704466626351429 ], [ 106.596596165674015, -5.704471148388379 ], [ 106.59659574831872, -5.704475671021758 ], [ 106.596598947038245, -5.70448018361978 ], [ 106.596599677149499, -5.70448470306869 ], [ 106.596599332371596, -5.704489225500648 ], [ 106.596598298268461, -5.704493749845631 ], [ 106.596595808093824, -5.704497295300516 ], [ 106.596594974917593, -5.70449828054377 ], [ 106.596591304044196, -5.704500841307787 ], [ 106.596586924641784, -5.704502824360085 ], [ 106.596586795843919, -5.704502886656988 ], [ 106.596582289017661, -5.704505428799252 ], [ 106.596579256204805, -5.704507367116648 ], [ 106.596577783658987, -5.70450850157203 ], [ 106.596575235202991, -5.704511899750847 ], [ 106.596573290299801, -5.704515912825721 ], [ 106.596573040956642, -5.704516427315458 ], [ 106.596568790413741, -5.70452096058666 ], [ 106.596568790403495, -5.704520960594101 ], [ 106.596564278344104, -5.704521610755352 ], [ 106.59655976445579, -5.704521599665085 ], [ 106.596555249123981, -5.70452106667477 ], [ 106.596555098470859, -5.704520998584069 ], [ 106.596550732321816, -5.704520002061709 ], [ 106.59654621196627, -5.704517652687731 ], [ 106.596543461245176, -5.704516509403802 ], [ 106.596541693787728, -5.704516090420134 ], [ 106.596538570026084, -5.704516522977555 ], [ 106.59653718447187, -5.704517732564696 ], [ 106.596534435184353, -5.704521055927494 ], [ 106.596532684968537, -5.704522922559526 ], [ 106.596529871171725, -5.704525590068419 ], [ 106.596528182669886, -5.70452710189665 ], [ 106.596524805652862, -5.704530125601059 ], [ 106.596523680126097, -5.704531192624921 ], [ 106.596520022227693, -5.704534660350839 ], [ 106.596519178366734, -5.704535566999194 ], [ 106.596516179139442, -5.704539192491073 ], [ 106.596514679549671, -5.7045410052312 ], [ 106.596513948424899, -5.704543720156813 ], [ 106.59651176556747, -5.704548247689748 ], [ 106.596510191570403, -5.704550362075712 ], [ 106.596509051871578, -5.704552776695806 ], [ 106.596505695719216, -5.704556872732908 ], [ 106.596504944627284, -5.704557309569078 ], [ 106.596501189110271, -5.704559493775241 ], [ 106.596496675811551, -5.704559696016812 ], [ 106.596492166868998, -5.704561473323722 ], [ 106.596491382930623, -5.704561868679114 ], [ 106.596487661557816, -5.704564563642241 ], [ 106.596483152333462, -5.704566239088113 ], [ 106.59648280559216, -5.704566413957067 ], [ 106.596478647327586, -5.704569439829331 ], [ 106.596476568197772, -5.70457095274149 ], [ 106.59647414282135, -5.704572821247031 ], [ 106.596470926035067, -5.704575489874085 ], [ 106.596469639479864, -5.704576623826641 ], [ 106.596465482257145, -5.704580026456128 ], [ 106.596465135816416, -5.704580310016459 ], [ 106.596460632152869, -5.704583996192783 ], [ 106.596459939271412, -5.704584563313444 ], [ 106.596456127983686, -5.704587499565311 ], [ 106.596454439726656, -5.704589100050181 ], [ 106.596451625929134, -5.704591767558877 ], [ 106.596449772453752, -5.704593634477332 ], [ 106.596447124610108, -5.704596301525495 ], [ 106.596445374393795, -5.704598168157396 ], [ 106.596442624026579, -5.70460110146516 ], [ 106.596441035340561, -5.704602701673704 ], [ 106.596438122257879, -5.704605472892022 ], [ 106.596436020673451, -5.704607237064818 ], [ 106.596433618854476, -5.704609253269156 ], [ 106.596430153644533, -5.704611774821195 ], [ 106.596429114061706, -5.704612531301235 ], [ 106.596424609341895, -5.70461583572764 ], [ 106.596423916213539, -5.704616313605395 ], [ 106.5964201049254, -5.704619249857126 ], [ 106.596418303820599, -5.704620850655092 ], [ 106.596415602134726, -5.704623251877481 ], [ 106.596413028682377, -5.704625386768894 ], [ 106.596411099196885, -5.704627200701842 ], [ 106.596408204937958, -5.704629921630076 ], [ 106.596406597341328, -5.704631540886164 ], [ 106.596403480445147, -5.704634456215818 ], [ 106.596402094890351, -5.704635665802786 ], [ 106.596398284680703, -5.70463899210929 ], [ 106.596397591903312, -5.704639596910434 ], [ 106.596393088082522, -5.704643226565685 ], [ 106.59639271275816, -5.70464352904655 ], [ 106.596388583688679, -5.704646649039074 ], [ 106.596386851525239, -5.704648066786595 ], [ 106.596384080440913, -5.704650485933598 ], [ 106.596381829396307, -5.704652602198162 ], [ 106.596379579184998, -5.704655043088109 ], [ 106.596377501657727, -5.704657135682836 ], [ 106.596375077384025, -5.704659403180055 ], [ 106.596372450559855, -5.704661671174748 ], [ 106.596370574620906, -5.704663415394055 ], [ 106.596366570038043, -5.704666208968203 ], [ 106.596366070992218, -5.704667114648119 ], [ 106.596365077902263, -5.704670734584328 ], [ 106.596365964530733, -5.704675253599629 ], [ 106.596365688063145, -5.704679775842401 ], [ 106.596364222710491, -5.704684301384213 ], [ 106.596361612238567, -5.704687040353232 ], [ 106.596358186671722, -5.704688839609204 ], [ 106.59635710514975, -5.704689488529532 ], [ 106.5963525973538, -5.704691681036702 ], [ 106.596348086998148, -5.704692947982479 ], [ 106.59634447715824, -5.704693399127105 ], [ 106.596343575087971, -5.704693652828648 ], [ 106.596339067301471, -5.70469584878458 ], [ 106.596336816197777, -5.704697941860888 ], [ 106.596334566068165, -5.704700414371263 ], [ 106.596332835680613, -5.704702474381921 ], [ 106.59633006793014, -5.704706099225315 ], [ 106.59632916764879, -5.704707006035841 ], [ 106.596325564300884, -5.70470979849647 ], [ 106.596322748009825, -5.704711545325032 ], [ 106.596321058170687, -5.70471259344685 ], [ 106.596316554009235, -5.70471608398807 ], [ 106.596316553964172, -5.704716084022979 ], [ 106.596312050856696, -5.704719972025354 ], [ 106.596311407802062, -5.704720619743626 ], [ 106.596307550359995, -5.704724804112141 ], [ 106.596307250392513, -5.704725152755422 ], [ 106.596303397223039, -5.704729684922994 ], [ 106.596303051137369, -5.704730096933687 ], [ 106.596300407304312, -5.704734214695199 ], [ 106.596298554149769, -5.704736197976253 ], [ 106.596295852876594, -5.704738748808614 ], [ 106.596294051306543, -5.704740181639687 ], [ 106.596289543404069, -5.704742335883166 ], [ 106.596287539849413, -5.704743293351366 ], [ 106.596285037894702, -5.7047453555029 ], [ 106.596282035529967, -5.704747830100473 ], [ 106.596280535057645, -5.704749341454503 ], [ 106.596277835132597, -5.704752363231453 ], [ 106.596276034569613, -5.704754176852424 ], [ 106.596273579978032, -5.704756896514357 ], [ 106.596271533456161, -5.704758786129274 ], [ 106.596268030018123, -5.704761433390036 ], [ 106.596267028848217, -5.704762131789912 ], [ 106.596262523816435, -5.704765324210347 ], [ 106.596261622820364, -5.704765972644316 ], [ 106.596258020112828, -5.70476899693421 ], [ 106.596256218716093, -5.704770509115216 ], [ 106.596253517275358, -5.70477298287772 ], [ 106.596251471226992, -5.704775043764147 ], [ 106.596249015953319, -5.704777516843589 ], [ 106.596246764769049, -5.704779578299209 ], [ 106.596244512620075, -5.704781323562194 ], [ 106.596240006545301, -5.704784118527353 ], [ 106.596240006488969, -5.704784118559799 ], [ 106.596235501832325, -5.704787446760354 ], [ 106.596233863746988, -5.704788657047814 ], [ 106.596230997175795, -5.704790775019993 ], [ 106.596227994651031, -5.704793194808787 ], [ 106.596226493352788, -5.704794404716688 ], [ 106.596222364854214, -5.704797731905741 ], [ 106.596221989589182, -5.704798055918364 ], [ 106.596217486480441, -5.704801943946318 ], [ 106.596217111215438, -5.704802267958938 ], [ 106.596212985009032, -5.704806424088179 ], [ 106.596212638828518, -5.704806801844374 ], [ 106.596208831950861, -5.704811333883213 ], [ 106.596208485865063, -5.704811745893879 ], [ 106.596205273087833, -5.704815865233877 ], [ 106.596203988407112, -5.704817677423327 ], [ 106.596201912609743, -5.70482039603408 ], [ 106.596199490835147, -5.704823567761017 ], [ 106.59619836611175, -5.704824927350424 ], [ 106.596194990989986, -5.704828636090452 ], [ 106.596194240947028, -5.704829460272371 ], [ 106.596190490803735, -5.704833581103355 ], [ 106.596190040549175, -5.704833993403053 ], [ 106.596185989367044, -5.704838073963471 ], [ 106.596185426375655, -5.70483852768181 ], [ 106.596181486515761, -5.704842055295822 ], [ 106.59618036081082, -5.704843063213007 ], [ 106.596176983803332, -5.704846086868411 ], [ 106.59617548333047, -5.704847598222311 ], [ 106.596172482480128, -5.704850620833997 ], [ 106.596171132474169, -5.7048521317704 ], [ 106.596167982546106, -5.704855657192584 ], [ 106.596167233008273, -5.704856664066027 ], [ 106.596163482864597, -5.704860784896937 ], [ 106.596163073646295, -5.704861197082763 ], [ 106.596158980593941, -5.704864976324181 ], [ 106.596158079895304, -5.704865732414605 ], [ 106.596154477944339, -5.704869030733498 ], [ 106.596153352879739, -5.704870267006335 ], [ 106.596149978780417, -5.704874345687987 ], [ 106.596149478483824, -5.704874799232352 ], [ 106.596145476206445, -5.704878427500727 ], [ 106.596144475613244, -5.70487933458944 ], [ 106.596140974604879, -5.704882860985675 ], [ 106.596139848899782, -5.70488386890282 ], [ 106.596136469808215, -5.704886139054171 ], [ 106.596133767797951, -5.704888407251522 ], [ 106.596131966400506, -5.704889919432329 ], [ 106.596128363691477, -5.704892943721805 ], [ 106.596127463182185, -5.704893768321167 ], [ 106.596122959635053, -5.704897480191919 ], [ 106.596122959585003, -5.704897480229738 ], [ 106.596118454413769, -5.704900622924286 ], [ 106.596116452073019, -5.704902019723764 ], [ 106.596113949643382, -5.704903910603346 ], [ 106.596111084529838, -5.704906556092506 ], [ 106.596109447277399, -5.704908067817841 ], [ 106.596105443332476, -5.704911093220491 ], [ 106.596104942827424, -5.70491147140484 ], [ 106.596100437335465, -5.704914498199039 ], [ 106.59609893582028, -5.704915632752077 ], [ 106.596095932885561, -5.704917901859619 ], [ 106.596092929950601, -5.704920170891792 ], [ 106.5960914284354, -5.704921305444818 ], [ 106.596086924035333, -5.704924709031594 ], [ 106.596086923985283, -5.704924709069413 ], [ 106.596082419534909, -5.704928112618626 ], [ 106.596081068486612, -5.704929246754164 ], [ 106.596077916126589, -5.704931893040206 ], [ 106.596075664467477, -5.704933783223922 ], [ 106.596073413760124, -5.704936050251855 ], [ 106.596071163142753, -5.704938317189114 ], [ 106.596068911866908, -5.704940378644631 ], [ 106.59606590950014, -5.704942853241603 ], [ 106.596064407744365, -5.704943900841136 ], [ 106.596059903579373, -5.704947391381259 ], [ 106.596059903534325, -5.704947391413675 ], [ 106.596055399324044, -5.704950881921614 ], [ 106.596054171144075, -5.704951928762096 ], [ 106.596050896075653, -5.704954720310963 ], [ 106.596048849151572, -5.704956465004135 ], [ 106.596046392827049, -5.704958558649244 ], [ 106.596043766481102, -5.704961000582152 ], [ 106.596041890940867, -5.704962889722262 ], [ 106.59603902582667, -5.704965535211235 ], [ 106.596037388573876, -5.70496704693646 ], [ 106.596034387714198, -5.704970069555797 ], [ 106.596032886928, -5.704971464963559 ], [ 106.596029202465871, -5.704974605418347 ], [ 106.596028383679169, -5.704975303311971 ], [ 106.596023879468547, -5.704978793852082 ], [ 106.596023378883231, -5.704979143051898 ], [ 106.596019374296247, -5.704981936624681 ], [ 106.596016871465167, -5.704983682582677 ], [ 106.596014869123849, -5.704985079381946 ], [ 106.596010364001486, -5.704988222113535 ], [ 106.59601036395145, -5.704988222154773 ], [ 106.596005861375417, -5.704992303925817 ], [ 106.596005361078596, -5.704992757470116 ], [ 106.59600135789016, -5.704996056901701 ], [ 106.595999856658693, -5.704997294218034 ], [ 106.595996853723108, -5.704999563325281 ], [ 106.595993474629964, -5.70500183340077 ], [ 106.595992348069487, -5.705002532148256 ], [ 106.595987841934985, -5.705005327071571 ], [ 106.595986152094241, -5.705006375192803 ], [ 106.595983336674777, -5.705008438213295 ], [ 106.595980334307256, -5.705010912810017 ], [ 106.595978832791545, -5.705012047362874 ], [ 106.595974328390014, -5.705015450949142 ], [ 106.595974328339963, -5.705015450986959 ], [ 106.59596982360398, -5.705018751772221 ], [ 106.59596813428773, -5.705019989610324 ], [ 106.595965320999056, -5.705022823297766 ], [ 106.595963068848491, -5.705024525140145 ], [ 106.595960816547475, -5.705026226982933 ], [ 106.595956310623023, -5.705029065366335 ], [ 106.595956310532884, -5.705029065416829 ], [ 106.595951800871816, -5.705030585068736 ], [ 106.595947292599703, -5.705032607068087 ], [ 106.595945489846599, -5.705033616863384 ], [ 106.595942785300181, -5.705034980835523 ], [ 106.595938279086411, -5.705037747294478 ], [ 106.595937715980952, -5.705038159907154 ], [ 106.595933773687236, -5.705040808384279 ], [ 106.595930957793826, -5.705042700133037 ], [ 106.595929268193274, -5.70504383520762 ], [ 106.595924762779319, -5.70504689098547 ], [ 106.595924118890778, -5.7050472405828 ], [ 106.595920255682444, -5.705049338130726 ], [ 106.595915746799577, -5.705051139352009 ], [ 106.595914243976026, -5.705051789455308 ], [ 106.595911238090764, -5.705053003536909 ], [ 106.595906727960525, -5.705054353644189 ], [ 106.595902219665774, -5.705056344290707 ], [ 106.595902219601385, -5.705056344321036 ], [ 106.595897712916397, -5.705058940503353 ], [ 106.595894709086906, -5.70506088660364 ], [ 106.595893207570867, -5.705062021156358 ], [ 106.595888703168342, -5.705065424742197 ], [ 106.59588870311832, -5.705065424792581 ], [ 106.595884200540681, -5.705069506553924 ], [ 106.595883750399352, -5.705069959959017 ], [ 106.59587969921327, -5.705074040518315 ], [ 106.595879399533857, -5.70507449350599 ], [ 106.595875521561084, -5.705079025741028 ], [ 106.595875200097609, -5.705079374443839 ], [ 106.595871600585667, -5.705083558095358 ], [ 106.595870700487282, -5.705084529493487 ], [ 106.595866196521811, -5.705088094564104 ], [ 106.595866196480856, -5.705088094594367 ], [ 106.595861690986027, -5.705091121400383 ], [ 106.595859643419729, -5.705092634220504 ], [ 106.595857187093856, -5.705094727865149 ], [ 106.595854560746403, -5.705097169797582 ], [ 106.595852685678608, -5.705099230208944 ], [ 106.59584968330995, -5.705101704805266 ], [ 106.595848182077845, -5.705102942121366 ], [ 106.595843677396843, -5.705106242943544 ], [ 106.59584367734054, -5.705106242988911 ], [ 106.595839173928837, -5.70511002332229 ], [ 106.595838273229333, -5.70511077941243 ], [ 106.595834673295258, -5.705114808479066 ], [ 106.595834264329071, -5.705115312010562 ], [ 106.595830549514559, -5.705119843792834 ], [ 106.595830174492619, -5.705120255883671 ], [ 106.595826424344736, -5.705124376713496 ], [ 106.595825674111438, -5.705125132386208 ], [ 106.595824085155485, -5.705126643941171 ], [ 106.595823422256672, -5.705126968737516 ] ] ] } },
{ "type": "Feature", "properties": { "fid": 37.0, "ID": 36, "ELEV": -21.0 }, "geometry": { "type": "MultiLineString", "coordinates": [ [ [ 106.596926777232767, -5.704208342228288 ], [ 106.596924521259709, -5.704208687146057 ], [ 106.596920712467295, -5.704212523570716 ], [ 106.596920019810113, -5.704213171427011 ], [ 106.596916161551277, -5.704217057676884 ], [ 106.596915518795726, -5.704217813052001 ], [ 106.596912305079215, -5.704221589855516 ], [ 106.596911023737206, -5.704224607728377 ], [ 106.596910125125206, -5.704226117380747 ], [ 106.596911040413374, -5.704230636088688 ], [ 106.596911040448717, -5.704230636314632 ], [ 106.596913761179138, -5.704235150237353 ], [ 106.596915576747691, -5.704238762377567 ], [ 106.596915775507142, -5.704239666120773 ], [ 106.596915579944095, -5.704239917861936 ], [ 106.5969110750504, -5.704243157209536 ], [ 106.596909573298248, -5.704244204810362 ], [ 106.596907298852102, -5.704248732597883 ], [ 106.5969079683601, -5.704253252214063 ], [ 106.596907265426239, -5.704257775639641 ], [ 106.596906603478899, -5.704258442389237 ], [ 106.596902090678256, -5.704258823480623 ], [ 106.596898805062423, -5.704257799122501 ], [ 106.596897571497664, -5.704256898240009 ], [ 106.596893048505351, -5.704253595065294 ], [ 106.596891919216461, -5.704253296760465 ], [ 106.596888529682076, -5.704251798978359 ], [ 106.59688401775702, -5.704252496591251 ], [ 106.596882214503069, -5.704253323696893 ], [ 106.596879509337839, -5.704254461591935 ], [ 106.596875002973874, -5.704257169566014 ], [ 106.59687387641614, -5.704257868314538 ], [ 106.596870496080768, -5.704259686275258 ], [ 106.596866441155555, -5.70426241042624 ], [ 106.596865990546632, -5.704262694275837 ], [ 106.596861486106718, -5.704266097857198 ], [ 106.596860359978862, -5.704266948779535 ], [ 106.596856981666889, -5.70426950149244 ], [ 106.596853827490335, -5.704271488385433 ], [ 106.596852475998546, -5.704272461037182 ], [ 106.596847971171357, -5.704275724675241 ], [ 106.596847561650762, -5.704276027251188 ], [ 106.596843468607346, -5.704279806495136 ], [ 106.596842567910585, -5.704280562586141 ], [ 106.596838965967464, -5.70428386090727 ], [ 106.596837464739821, -5.704285098224801 ], [ 106.596834463062194, -5.70428781940634 ], [ 106.596832662502464, -5.704289633028187 ], [ 106.596829962582518, -5.704292654806364 ], [ 106.59682873568832, -5.7042941654018 ], [ 106.596825465479114, -5.704298695952985 ], [ 106.596825465438243, -5.70429869600961 ], [ 106.596822195187812, -5.704303226504392 ], [ 106.596820968814711, -5.704304925501631 ], [ 106.596818719766262, -5.704307757625135 ], [ 106.59681647062753, -5.704310589748887 ], [ 106.596815244254401, -5.704312288746125 ], [ 106.596811972614276, -5.704316316904532 ], [ 106.59681156364951, -5.704316820436341 ], [ 106.596807471553092, -5.704320942218368 ], [ 106.596807021299398, -5.704321354518321 ], [ 106.596802968249378, -5.704324756855586 ], [ 106.596801466737304, -5.704325891409666 ], [ 106.596798463327644, -5.704327986574961 ], [ 106.596795310413285, -5.704330429971162 ], [ 106.596793958921253, -5.704331402622838 ], [ 106.596789452425625, -5.704334063398145 ], [ 106.596787520432315, -5.704334973066783 ], [ 106.596784944232752, -5.704336110599099 ], [ 106.596780435883431, -5.704338101263787 ], [ 106.596777618693935, -5.70433952202342 ], [ 106.596775928856886, -5.704340570146051 ], [ 106.596771835010799, -5.704344059550507 ], [ 106.596771425906994, -5.704344512842058 ], [ 106.596768051815104, -5.704348591525326 ], [ 106.596766927093952, -5.704349951115232 ], [ 106.596764302774247, -5.70435312340534 ], [ 106.596762428975424, -5.704355640493791 ], [ 106.596760793116047, -5.704357654620957 ], [ 106.5967579316561, -5.704361618839714 ], [ 106.596757431673154, -5.704362185425206 ], [ 106.596753431949949, -5.70436671800095 ], [ 106.596753431904929, -5.704366718046283 ], [ 106.596748927179107, -5.704370018827527 ], [ 106.596746222297213, -5.704371259485574 ], [ 106.596744418332023, -5.70437182969015 ], [ 106.596739907637158, -5.704372972550924 ], [ 106.596735398505672, -5.704374680618637 ], [ 106.596732822305768, -5.704375818150795 ], [ 106.596730890312188, -5.704376727819305 ], [ 106.596726383160743, -5.704379151754828 ], [ 106.596724580932786, -5.704380362498654 ], [ 106.596721878446488, -5.704382456828524 ], [ 106.59671962830221, -5.704384897718947 ], [ 106.596717380113589, -5.704388068965049 ], [ 106.596716537503852, -5.704389427771946 ], [ 106.596714475648994, -5.704393954969242 ], [ 106.596712895083328, -5.704398480830785 ], [ 106.596712895056953, -5.704398480895454 ], [ 106.596710932772908, -5.704403007751811 ], [ 106.596708404997187, -5.704407084086093 ], [ 106.596708059025701, -5.704407537202409 ], [ 106.596704281090226, -5.704412069162455 ], [ 106.596703906069379, -5.704412481253569 ], [ 106.596699402574728, -5.704416227381426 ], [ 106.596698902070543, -5.704416605566069 ], [ 106.596694896941557, -5.70441920039047 ], [ 106.59669151696184, -5.704421147537245 ], [ 106.596690390147003, -5.704421753543191 ], [ 106.59668588359051, -5.704424392779124 ], [ 106.596683630309215, -5.704425690900306 ], [ 106.596681376915058, -5.704426989021798 ], [ 106.596676869346069, -5.704429262238454 ], [ 106.59667493753085, -5.704430236500551 ], [ 106.596672362372757, -5.704431750829717 ], [ 106.596668358434471, -5.704434776234583 ], [ 106.596667863141747, -5.70443703857271 ], [ 106.596666364786827, -5.704439303242554 ], [ 106.59666787064485, -5.704439751219461 ], [ 106.596671944331689, -5.704443809232544 ], [ 106.596672408227462, -5.704448328968003 ], [ 106.596672408243762, -5.704448329420011 ], [ 106.596672408228898, -5.704448329484649 ], [ 106.596670314288374, -5.704452856706385 ], [ 106.596667910362697, -5.704454110684567 ], [ 106.596663393090509, -5.704452875930489 ], [ 106.596663393062272, -5.704452875914971 ], [ 106.596659619077784, -5.704448364913934 ], [ 106.596658858424732, -5.704445352708301 ], [ 106.596654346205852, -5.704445944902215 ], [ 106.596649837646353, -5.704447860110082 ], [ 106.596648549419058, -5.704448395635459 ], [ 106.596645328973622, -5.704449734397806 ], [ 106.596640820071116, -5.704451525620823 ], [ 106.596638316342634, -5.704452945510079 ], [ 106.596636314325579, -5.704454458248517 ], [ 106.596632711622163, -5.704457482539696 ], [ 106.596631813009111, -5.704458992191927 ], [ 106.596629242019304, -5.704462013643792 ], [ 106.596627311692728, -5.704463526191239 ], [ 106.596624611770878, -5.704466547968963 ], [ 106.596622811765741, -5.704468562551495 ], [ 106.596620561847232, -5.704471080683573 ], [ 106.596618311838427, -5.704473598815897 ], [ 106.596614706338684, -5.704475618409098 ], [ 106.596613805658549, -5.704476374511837 ], [ 106.596612080009677, -5.704480147172871 ], [ 106.596609312262004, -5.704483772016848 ], [ 106.596609056824875, -5.70448467703801 ], [ 106.596607822652757, -5.704489201938226 ], [ 106.5966066314881, -5.704493726719089 ], [ 106.596604831636569, -5.704495786926487 ], [ 106.596603484306797, -5.704498256928346 ], [ 106.596600333849963, -5.704501597283627 ], [ 106.596599083298642, -5.704502790617247 ], [ 106.59659583165535, -5.704505813965388 ], [ 106.596592575832801, -5.704507330152006 ], [ 106.59659132440602, -5.704508203131781 ], [ 106.596586817392975, -5.704510677744948 ], [ 106.596584444985311, -5.704511874191929 ], [ 106.596582313113956, -5.704514140870987 ], [ 106.596581088321727, -5.704516404982493 ], [ 106.596579021737455, -5.70452093219283 ], [ 106.596577822596927, -5.704522579697034 ], [ 106.596575971930989, -5.704525462131799 ], [ 106.596573323491853, -5.704527913526138 ], [ 106.596568813747226, -5.704529400612742 ], [ 106.596564299667648, -5.704529320393175 ], [ 106.596559787843731, -5.704530028520727 ], [ 106.59655978776857, -5.704530028542464 ], [ 106.596555280527269, -5.704532420755453 ], [ 106.596552161516811, -5.704534571160222 ], [ 106.596550776475667, -5.704535966247485 ], [ 106.596547660199121, -5.704539105127288 ], [ 106.596546274436449, -5.704540239355269 ], [ 106.596541769210674, -5.704543360351932 ], [ 106.596541359637598, -5.704543644087495 ], [ 106.596537265101418, -5.70454688505798 ], [ 106.596536064972923, -5.704548180256164 ], [ 106.59653276543257, -5.704552015266301 ], [ 106.59653216549809, -5.704552712552974 ], [ 106.596528910879186, -5.704557243060219 ], [ 106.596528268817522, -5.7045582496356 ], [ 106.596525118893283, -5.704561775058719 ], [ 106.596523768472082, -5.704563135274758 ], [ 106.596520266495418, -5.704566309999974 ], [ 106.596519265676022, -5.704567134878036 ], [ 106.59651476094723, -5.704570435703442 ], [ 106.596514260537504, -5.704570848142462 ], [ 106.596510259376316, -5.704574878324608 ], [ 106.596509759219231, -5.704575382109389 ], [ 106.596505758057958, -5.704579412291521 ], [ 106.596505308056493, -5.704579915937112 ], [ 106.596501256878497, -5.704583996498664 ], [ 106.596500806738064, -5.704584449904006 ], [ 106.596496754536844, -5.704588160523866 ], [ 106.596495854028589, -5.704588985123532 ], [ 106.596492251323539, -5.704592009414259 ], [ 106.596490249305589, -5.704593522152424 ], [ 106.59648774735237, -5.704595584304466 ], [ 106.596484744989397, -5.704598058902649 ], [ 106.596483243760119, -5.704599296219683 ], [ 106.596479641812806, -5.704602594539657 ], [ 106.59647874111505, -5.704603350630357 ], [ 106.59647464806676, -5.704607129872967 ], [ 106.596474238754112, -5.704607507804437 ], [ 106.596469736434159, -5.704611664978384 ], [ 106.596469736393232, -5.704611665019596 ], [ 106.59646523511519, -5.704616198945144 ], [ 106.596465235074291, -5.704616198990465 ], [ 106.596461144109881, -5.704620731773249 ], [ 106.59646073500565, -5.704621185064699 ], [ 106.59645623248619, -5.704625266878587 ], [ 106.59645623243614, -5.704625266919823 ], [ 106.596451728843192, -5.704628978751047 ], [ 106.596450728023584, -5.704629803629044 ], [ 106.596447225250316, -5.704632690623349 ], [ 106.596445223611028, -5.704634340379336 ], [ 106.596442721657468, -5.704636402531271 ], [ 106.596440020218225, -5.704638876294264 ], [ 106.596438219656122, -5.704640689915509 ], [ 106.596435970284404, -5.704643409008312 ], [ 106.596433720837453, -5.704646128101322 ], [ 106.596432084420357, -5.704647941267056 ], [ 106.596429219972677, -5.704650826489951 ], [ 106.596427719887913, -5.704652474854094 ], [ 106.596424717841188, -5.704655066893832 ], [ 106.596422466325762, -5.704657010908163 ], [ 106.596420215628413, -5.70465927792924 ], [ 106.596417759787514, -5.704661545444226 ], [ 106.596415715871558, -5.704664376997812 ], [ 106.596414366387762, -5.70466607633634 ], [ 106.596411219282146, -5.704670606544988 ], [ 106.596411219241276, -5.704670606601612 ], [ 106.59640762070336, -5.704675138006457 ], [ 106.596406721047472, -5.704676270898803 ], [ 106.596403721241373, -5.704679670302858 ], [ 106.596402221290617, -5.704681370058917 ], [ 106.59639972146806, -5.704684202877612 ], [ 106.59639772153372, -5.704686469221627 ], [ 106.596395470929934, -5.704688736148213 ], [ 106.596393220213614, -5.704691003188133 ], [ 106.596391585046476, -5.704693268406903 ], [ 106.59638936998644, -5.704697796029134 ], [ 106.596388727229666, -5.704698551403991 ], [ 106.596385513507087, -5.704702328206217 ], [ 106.596384226951457, -5.704703462158703 ], [ 106.596379719170386, -5.704705660018586 ], [ 106.596376111445082, -5.70470687577193 ], [ 106.59637521024321, -5.704707443470626 ], [ 106.596370705573264, -5.704710766305736 ], [ 106.596369804594673, -5.704711414748563 ], [ 106.596366200680123, -5.704714008449477 ], [ 106.59636427154274, -5.70471595157793 ], [ 106.596361699359548, -5.70471854241586 ], [ 106.596360200078351, -5.704720484351496 ], [ 106.59635720027174, -5.704723883755443 ], [ 106.596356200304413, -5.704725016926115 ], [ 106.596352698325802, -5.704728191650825 ], [ 106.59635134790382, -5.704729551866675 ], [ 106.596348197005014, -5.704732725617161 ], [ 106.596346508031587, -5.704734086772449 ], [ 106.596343694746295, -5.70473692046086 ], [ 106.596341764939012, -5.704738621409654 ], [ 106.596339191167885, -5.704740638138902 ], [ 106.596335436617466, -5.704743160445656 ], [ 106.596334685539787, -5.704743614686002 ], [ 106.596330180467405, -5.7047467921941 ], [ 106.596329179874743, -5.704747699282994 ], [ 106.596325678868396, -5.704751225679828 ], [ 106.596324860937415, -5.704752232743147 ], [ 106.596321180366999, -5.704756764431908 ], [ 106.596321180326115, -5.704756764488533 ], [ 106.596317910069345, -5.704761294982212 ], [ 106.59631668317283, -5.704762805577187 ], [ 106.596313983247981, -5.704765827354267 ], [ 106.596312182230378, -5.704767476553321 ], [ 106.596309030535437, -5.704770362573004 ], [ 106.59630767977221, -5.70477159947228 ], [ 106.596303676587269, -5.704774898905081 ], [ 106.596303176290903, -5.704775352449526 ], [ 106.59629867376907, -5.704779434262806 ], [ 106.596298673719033, -5.704779434304044 ], [ 106.596294172438334, -5.704783968228967 ], [ 106.596294172397421, -5.704783968274289 ], [ 106.596290423391849, -5.704788500107658 ], [ 106.596289674201685, -5.704789632582414 ], [ 106.596287426704336, -5.704793029898681 ], [ 106.596285177256121, -5.704795748991454 ], [ 106.596283540838144, -5.704797562157006 ], [ 106.596280676388986, -5.704800447379561 ], [ 106.596278875371183, -5.704802096578566 ], [ 106.596276173930448, -5.704804570341186 ], [ 106.596272955487819, -5.704806634480862 ], [ 106.596271668288963, -5.704807542364983 ], [ 106.596267158214332, -5.704808911361519 ], [ 106.596262643495152, -5.704808600869837 ], [ 106.59625925276697, -5.70480667250301 ], [ 106.596258123268498, -5.704806298841474 ], [ 106.596253608400602, -5.704805934573551 ], [ 106.596252105875962, -5.70480669233399 ], [ 106.596253616736135, -5.704808948766599 ], [ 106.596254912688011, -5.704811206021567 ], [ 106.596257826895297, -5.704815719411121 ], [ 106.59625815181883, -5.704816622821937 ], [ 106.596259967343599, -5.704820234947659 ], [ 106.596260773203028, -5.704824754187384 ], [ 106.596260101778, -5.704829277526255 ], [ 106.596258195165262, -5.704832297133915 ], [ 106.596257180084834, -5.704833807109146 ], [ 106.596253695187443, -5.704837317279082 ], [ 106.596249183827453, -5.704838221584978 ], [ 106.59624467080981, -5.70483836329541 ], [ 106.596244670358658, -5.704838363341871 ], [ 106.596240161221345, -5.704840071402316 ], [ 106.596235655300077, -5.704842909787133 ], [ 106.596235655209952, -5.704842909837628 ], [ 106.59623114832992, -5.704845434181286 ], [ 106.596227542826185, -5.704847453773064 ], [ 106.5962266416239, -5.704848021471624 ], [ 106.596222138802688, -5.704851990243693 ], [ 106.596222138738341, -5.704851990294115 ], [ 106.596217637465543, -5.704856524209585 ], [ 106.596217637415521, -5.704856524254931 ], [ 106.596213133591775, -5.704860153870072 ], [ 106.596212007609026, -5.704861061306787 ], [ 106.59620862908622, -5.704863536947956 ], [ 106.596206127130742, -5.704865599099362 ], [ 106.59620412594461, -5.704867413276934 ], [ 106.596200748103612, -5.704870135500522 ], [ 106.596199623787882, -5.704871645778805 ], [ 106.596197375266641, -5.704874666335081 ], [ 106.596196420500249, -5.704879190460213 ], [ 106.59619513496817, -5.704880701185822 ], [ 106.596192134086024, -5.704883723829669 ], [ 106.596190632255727, -5.704884732790522 ], [ 106.596186692395634, -5.704888260404644 ], [ 106.596186129543142, -5.704888764363252 ], [ 106.596182857895499, -5.704892792520148 ], [ 106.596181630581569, -5.704894152394222 ], [ 106.59617900625625, -5.704897324683198 ], [ 106.59617713175885, -5.704899590667524 ], [ 106.596174881142119, -5.704901857605041 ], [ 106.596172629866857, -5.704903919060821 ], [ 106.596169928425169, -5.704906392823194 ], [ 106.596168127027809, -5.704907905004101 ], [ 106.596164123083284, -5.704910930407073 ], [ 106.596163622498139, -5.704911279606973 ], [ 106.596159117086785, -5.704914335386037 ], [ 106.596157185715356, -5.704915471131896 ], [ 106.596154610932345, -5.704917122477632 ], [ 106.596151108155752, -5.704920009471007 ], [ 106.596150107562508, -5.704920916559745 ], [ 106.596146105284902, -5.704924544828208 ], [ 106.596145604874593, -5.704924957267062 ], [ 106.596141101372012, -5.704928703392616 ], [ 106.596140600866988, -5.704929081576993 ], [ 106.59613659692215, -5.704932106979853 ], [ 106.596134594901997, -5.704933619717353 ], [ 106.596132092472317, -5.704935510597033 ], [ 106.59612858903256, -5.704938157857409 ], [ 106.5961275882119, -5.704938982735116 ], [ 106.596123536005692, -5.704942693353667 ], [ 106.596123085576139, -5.704943042414386 ], [ 106.596118581366497, -5.70494653295501 ], [ 106.596117680507376, -5.704947231076439 ], [ 106.596114076607307, -5.704949824785242 ], [ 106.596111072779337, -5.704951770886304 ], [ 106.596109571023661, -5.704952818485936 ], [ 106.596105064729997, -5.704955555440927 ], [ 106.59610377711374, -5.704956312604858 ], [ 106.596100558195914, -5.704958205472408 ], [ 106.596096615903718, -5.704960853950293 ], [ 106.596096052703757, -5.704961232308599 ], [ 106.596091547211415, -5.704964259102845 ], [ 106.596089857611489, -5.704965394177751 ], [ 106.596087041719102, -5.704967285927033 ], [ 106.596082535249337, -5.704969935970198 ], [ 106.596082535184962, -5.704969936008056 ], [ 106.596078029313475, -5.704972825746624 ], [ 106.596075454529938, -5.704974477092136 ], [ 106.596073523158111, -5.704975612837815 ], [ 106.596069017665499, -5.704978639631948 ], [ 106.596068517160376, -5.704979017816289 ], [ 106.596064513972507, -5.704982317248187 ], [ 106.596063163208214, -5.704983554147165 ], [ 106.596060011510772, -5.704986440166142 ], [ 106.596058210491719, -5.704988089364782 ], [ 106.596055509049094, -5.704990563126859 ], [ 106.596053257863289, -5.704992624582133 ], [ 106.596051006587217, -5.704994686037651 ], [ 106.596048305144535, -5.704997159799712 ], [ 106.596046503746535, -5.704998671980402 ], [ 106.596042901036384, -5.705001696269644 ], [ 106.596042000337363, -5.705002452359987 ], [ 106.596037496973267, -5.705006232739426 ], [ 106.596037496928233, -5.705006232777232 ], [ 106.59603299247695, -5.705009636326309 ], [ 106.596031490961408, -5.705010770879274 ], [ 106.596028488025937, -5.705013039986668 ], [ 106.596025108932906, -5.705015310062332 ], [ 106.596023982949518, -5.705016217498841 ], [ 106.596019980670363, -5.705019845766818 ], [ 106.596019480373542, -5.705020299311135 ], [ 106.596014975524326, -5.705023559028841 ], [ 106.596013688097187, -5.705024384701611 ], [ 106.596010469652214, -5.705026448840408 ], [ 106.596006607493649, -5.705028925822705 ], [ 106.596005963780073, -5.705029338659075 ], [ 106.596001460180929, -5.705033050529529 ], [ 106.596000897075541, -5.705033463142254 ], [ 106.595996955445159, -5.705036351352659 ], [ 106.595994703133769, -5.70503800180327 ], [ 106.595992450330669, -5.705039515236254 ], [ 106.59598794489348, -5.705042542029846 ], [ 106.595987944837162, -5.705042542064786 ], [ 106.595983438510018, -5.705045267429741 ], [ 106.595980058166461, -5.705047085387255 ], [ 106.59597893134945, -5.705047691392346 ], [ 106.595974424679099, -5.705050292668089 ], [ 106.595971920716167, -5.705051629440192 ], [ 106.595969918374522, -5.705053026239399 ], [ 106.595965412308203, -5.705055846002052 ], [ 106.595964911654093, -5.705056170362468 ], [ 106.595960909374256, -5.705059798630214 ], [ 106.595960009091783, -5.705060705440467 ], [ 106.595956407138431, -5.705064003758755 ], [ 106.595955056373711, -5.705065240657595 ], [ 106.595951904675218, -5.705068126676246 ], [ 106.595949903032874, -5.705069776431302 ], [ 106.595947401075478, -5.705071838582077 ], [ 106.595944398707488, -5.705074313178742 ], [ 106.595942897191563, -5.705075447731568 ], [ 106.595938389854098, -5.705077807892925 ], [ 106.595935007367643, -5.705078860710075 ], [ 106.595933880696478, -5.705079509778656 ], [ 106.595932537267942, -5.705083389039459 ], [ 106.595930679744811, -5.705087915669346 ], [ 106.59592939403322, -5.705089347068646 ], [ 106.595926957609905, -5.705092447472298 ], [ 106.595924895009162, -5.705094713953438 ], [ 106.595920387472134, -5.705096987176535 ], [ 106.595920387431178, -5.705096987204913 ], [ 106.595915877769372, -5.705098506830771 ], [ 106.595911366805453, -5.705099555540021 ], [ 106.595906857612491, -5.705101244749727 ], [ 106.595906106117212, -5.705101548274036 ], [ 106.595902349425245, -5.705103297710355 ], [ 106.595897842247737, -5.705105715881313 ], [ 106.59589719843926, -5.705106094463128 ], [ 106.595893336279588, -5.705108571444941 ], [ 106.595890117833591, -5.705110635583313 ], [ 106.595888830911179, -5.705111643947464 ], [ 106.595884891047504, -5.705115171560442 ], [ 106.595884328368129, -5.705115738319515 ], [ 106.595880389719838, -5.705119705524929 ], [ 106.595879827263715, -5.705120353028158 ], [ 106.595876452634215, -5.705124237924045 ], [ 106.595875328317163, -5.705125748202057 ], [ 106.595872757320464, -5.705128769652413 ], [ 106.595870830323065, -5.705131487884374 ], [ 106.595869706839395, -5.705133299591843 ], [ 106.595866898237858, -5.705137828860234 ], [ 106.595866336079368, -5.705138584023199 ], [ 106.595863525394137, -5.70514235969397 ], [ 106.595861837355898, -5.705144059971168 ], [ 106.595860434617634, -5.705146889745178 ], [ 106.595860440868321, -5.705149150466154 ] ] ] } },
{ "type": "Feature", "properties": { "fid": 38.0, "ID": 37, "ELEV": -22.0 }, "geometry": { "type": "MultiLineString", "coordinates": [ [ [ 106.596947025931826, -5.704228275693797 ], [ 106.596946945794315, -5.704230536653436 ], [ 106.596946561623213, -5.704235059194185 ], [ 106.5969434144844, -5.704239589404095 ], [ 106.596942664670735, -5.704240495797474 ], [ 106.596939665487568, -5.704244121284571 ], [ 106.596938165405376, -5.704245769649363 ], [ 106.596935540291184, -5.70424865420925 ], [ 106.596933666493456, -5.704251171297961 ], [ 106.596931665867842, -5.704253186437851 ], [ 106.59692916518118, -5.7042557052666 ], [ 106.596925559684223, -5.704257724861079 ], [ 106.596924657962518, -5.70425810415949 ], [ 106.596920147269358, -5.704259247066256 ], [ 106.596917898725891, -5.704262267599798 ], [ 106.596915646335859, -5.704263918027767 ], [ 106.596912494616831, -5.70426680407422 ], [ 106.596911143476888, -5.704267892968731 ], [ 106.596906637145139, -5.704270612546786 ], [ 106.596904758415974, -5.704271347021671 ], [ 106.596902130492367, -5.704273216090504 ], [ 106.596898376344825, -5.704275886210486 ], [ 106.596897626114114, -5.704276641883917 ], [ 106.596893875032052, -5.704280420178976 ], [ 106.596893125496223, -5.70428142705282 ], [ 106.59689026282156, -5.704284951679637 ], [ 106.59688862696288, -5.704286965806991 ], [ 106.596886126275876, -5.704289484635643 ], [ 106.596884127238084, -5.704292073883938 ], [ 106.596881875763415, -5.704294017907967 ], [ 106.596879624138296, -5.704295961932408 ], [ 106.59687511757771, -5.704298558140589 ], [ 106.596875117465061, -5.704298558205497 ], [ 106.596870613024805, -5.704301961722395 ], [ 106.596869111544876, -5.704303096285487 ], [ 106.596866106879361, -5.704304748826301 ], [ 106.596861599975583, -5.704307261813558 ], [ 106.596860956168797, -5.704307640396035 ], [ 106.596857094019427, -5.704310117381738 ], [ 106.596854592068908, -5.704312179534685 ], [ 106.596852591442769, -5.70431419467443 ], [ 106.596850090755481, -5.704316713503002 ], [ 106.59684809082421, -5.704318979847758 ], [ 106.596846090892612, -5.704321246079494 ], [ 106.596843591073835, -5.704324078899105 ], [ 106.596842241592086, -5.704325778238081 ], [ 106.596839091671129, -5.704329303662053 ], [ 106.596838342135129, -5.70433031053587 ], [ 106.596834593182038, -5.704334842415917 ], [ 106.596834593137032, -5.704334842466288 ], [ 106.596830543213869, -5.704339375131437 ], [ 106.596830093212873, -5.704339878777156 ], [ 106.596826092055636, -5.704343908960465 ], [ 106.596825591899048, -5.704344412745392 ], [ 106.596821991976881, -5.704348441815045 ], [ 106.596821091696924, -5.704349348625978 ], [ 106.596817490662929, -5.704352975783252 ], [ 106.596816590155569, -5.704353800383196 ], [ 106.596812085430443, -5.704357101210014 ], [ 106.59681118380324, -5.704357514762774 ], [ 106.596807576081559, -5.704358730517977 ], [ 106.596803065960344, -5.704360080630212 ], [ 106.596798556777117, -5.704361769844605 ], [ 106.596798056064614, -5.704362072673644 ], [ 106.596794051486341, -5.704364866249632 ], [ 106.596792175549766, -5.704366610469705 ], [ 106.596789550434281, -5.704369495029271 ], [ 106.596788166093859, -5.704371143072635 ], [ 106.596785052417232, -5.704375221033229 ], [ 106.596784643313427, -5.704375674324794 ], [ 106.596780552398613, -5.704380207153792 ], [ 106.596780552353636, -5.704380207210427 ], [ 106.596776051095361, -5.704384741121798 ], [ 106.596776051039114, -5.70438474118655 ], [ 106.596772113965471, -5.704389273523944 ], [ 106.596771551511054, -5.704389921027581 ], [ 106.596767047158934, -5.704393356905346 ], [ 106.596765919954251, -5.704393812189966 ], [ 106.596762537474305, -5.704394865010466 ], [ 106.596758027020016, -5.704396094871504 ], [ 106.596753517527532, -5.704397672465357 ], [ 106.596752014844483, -5.704398372257669 ], [ 106.596749009478344, -5.704399771842302 ], [ 106.596744504365262, -5.704402914577305 ], [ 106.596744504315225, -5.704402914618544 ], [ 106.59674000304112, -5.704407448545211 ], [ 106.596740003000235, -5.704407448601837 ], [ 106.596737237754979, -5.704411977694873 ], [ 106.596735512107102, -5.704415750356007 ], [ 106.596735191766982, -5.704416504848182 ], [ 106.596733269819566, -5.704421031657226 ], [ 106.596731347807648, -5.70442555846645 ], [ 106.596731027169724, -5.704426205298931 ], [ 106.596728329630935, -5.704430088317987 ], [ 106.596726529070452, -5.704431901939712 ], [ 106.59672266760164, -5.704434625507284 ], [ 106.596722023889342, -5.704435038344135 ], [ 106.596717516626754, -5.704437422264685 ], [ 106.596714297313483, -5.704439170213033 ], [ 106.596713009401569, -5.704439819721278 ], [ 106.596708502130582, -5.704442200632656 ], [ 106.596705998662941, -5.704443714719874 ], [ 106.596703996050607, -5.704445012145444 ], [ 106.596699491206763, -5.704448254255407 ], [ 106.596699491161729, -5.704448254293213 ], [ 106.596694987761452, -5.704452034637903 ], [ 106.59669423753023, -5.704452790311204 ], [ 106.596691133370612, -5.704457320401293 ], [ 106.596690491309332, -5.704458326976749 ], [ 106.59668839458989, -5.704461849477322 ], [ 106.596685999752793, -5.704466377598784 ], [ 106.596685999720719, -5.704466377663469 ], [ 106.596683379151926, -5.70447090634682 ], [ 106.596681504657866, -5.704473172331883 ], [ 106.596679003274332, -5.704475439966361 ], [ 106.596677001257362, -5.704476952704931 ], [ 106.596672997318862, -5.704479978109907 ], [ 106.596672496734442, -5.704480327310065 ], [ 106.596667992371806, -5.704483759884142 ], [ 106.596667091674519, -5.70448451597502 ], [ 106.596663488329924, -5.704487308436941 ], [ 106.596661236273846, -5.704489053700656 ], [ 106.596658984528318, -5.704490943885915 ], [ 106.596656119419549, -5.704493589376557 ], [ 106.59665448355949, -5.704495603503625 ], [ 106.596652609759772, -5.704498120591968 ], [ 106.596649987627458, -5.704502084146358 ], [ 106.59664957883615, -5.704502650478732 ], [ 106.596645487915268, -5.704507183307308 ], [ 106.596645487874341, -5.704507183345101 ], [ 106.596640983671548, -5.704510673850336 ], [ 106.596639632384964, -5.70451172103319 ], [ 106.596636479468927, -5.704514164428974 ], [ 106.596633099900743, -5.704516260637779 ], [ 106.596631973502525, -5.704517017355013 ], [ 106.596627467827489, -5.704519975642798 ], [ 106.59662634161873, -5.704520800868972 ], [ 106.596622964615733, -5.704523824525848 ], [ 106.596621276060546, -5.704525336402352 ], [ 106.596618461214689, -5.704527604997051 ], [ 106.596615646368562, -5.704529873501327 ], [ 106.596613957055368, -5.704531111340559 ], [ 106.596609450243193, -5.704533658581102 ], [ 106.596608323844904, -5.704534415298308 ], [ 106.596604946007986, -5.704537137523223 ], [ 106.596602694155322, -5.704538952397201 ], [ 106.596600443440451, -5.704541219437551 ], [ 106.596597870365756, -5.704543487259499 ], [ 106.596595940038839, -5.704544999806935 ], [ 106.596592079402271, -5.704548024805908 ], [ 106.596591435942386, -5.704548528988433 ], [ 106.59658693329186, -5.704552560562671 ], [ 106.596586933235585, -5.704552560613073 ], [ 106.596582429644187, -5.704556272435789 ], [ 106.596581142219065, -5.704557098109322 ], [ 106.596577923779137, -5.70455916225003 ], [ 106.596574061626654, -5.704561639234623 ], [ 106.596573418027774, -5.704562093176889 ], [ 106.596568912958361, -5.704565270686113 ], [ 106.596567625760599, -5.704566178570623 ], [ 106.596564407889147, -5.704568448283645 ], [ 106.596561906504704, -5.704570715917851 ], [ 106.596559904487066, -5.704572228656189 ], [ 106.596556903632361, -5.704575251276951 ], [ 106.596555403548194, -5.704576899641275 ], [ 106.596552778430564, -5.704579784200337 ], [ 106.596550904630135, -5.704582301288543 ], [ 106.59654940555653, -5.704584315035871 ], [ 106.596546407480758, -5.704588342434485 ], [ 106.596545907323716, -5.704588846219292 ], [ 106.596541905051083, -5.704592474489209 ], [ 106.596541004770287, -5.704593381299927 ], [ 106.596537402823458, -5.70459667962016 ], [ 106.5965363645672, -5.704597915652477 ], [ 106.596533701490898, -5.704602444518177 ], [ 106.596532910275371, -5.704604384489035 ], [ 106.596532222971646, -5.70460697009655 ], [ 106.596530283899369, -5.70461149695303 ], [ 106.596528422924209, -5.704613968380311 ], [ 106.596526171719148, -5.704616029840213 ], [ 106.596523917991192, -5.704617195447842 ], [ 106.596519406171439, -5.704617932565601 ], [ 106.596514891465787, -5.704617626271818 ], [ 106.596510377726773, -5.70461766947057 ], [ 106.596505868421616, -5.704619315792159 ], [ 106.596503615139071, -5.704620613912954 ], [ 106.596501362718129, -5.704622264365027 ], [ 106.596497859945245, -5.704625151359557 ], [ 106.596496859630989, -5.704626158929125 ], [ 106.596493358626489, -5.704629685326501 ], [ 106.596492358312233, -5.704630692896066 ], [ 106.596489208387439, -5.704634218319151 ], [ 106.596487858903956, -5.704635917657771 ], [ 106.596485609852678, -5.704638749780759 ], [ 106.596483361827651, -5.704641985609282 ], [ 106.59648246261861, -5.70464327998996 ], [ 106.596479315472678, -5.704647810198916 ], [ 106.596478865868136, -5.704648457389253 ], [ 106.596476168326689, -5.704652340407864 ], [ 106.59647436990835, -5.704654929098825 ], [ 106.596472870627721, -5.704656871034605 ], [ 106.596469873993641, -5.704661400825866 ], [ 106.596469873948678, -5.7046614008825 ], [ 106.596466275411359, -5.704665932287568 ], [ 106.596465375755614, -5.704667065179971 ], [ 106.596462375949969, -5.704670464584224 ], [ 106.596460875478414, -5.704671975938541 ], [ 106.596457874630616, -5.704674998551061 ], [ 106.596456373742157, -5.704676359184609 ], [ 106.596453510090313, -5.704679532138313 ], [ 106.596451873673232, -5.704681345304108 ], [ 106.596449419082916, -5.704684064966481 ], [ 106.596447374298705, -5.704686582529048 ], [ 106.596445373669823, -5.704688597668111 ], [ 106.596442873847508, -5.704691430486943 ], [ 106.59644137389688, -5.704693130243078 ], [ 106.596438373048883, -5.704696152855554 ], [ 106.596436684492687, -5.704697664731784 ], [ 106.596433869645196, -5.704699933326005 ], [ 106.596431054797435, -5.704702201829802 ], [ 106.596429365824363, -5.704703562985256 ], [ 106.596424860817422, -5.704706740493688 ], [ 106.596424860753075, -5.704706740539076 ], [ 106.596420358182499, -5.704710822307858 ], [ 106.596419795191451, -5.704711276026344 ], [ 106.596415854361481, -5.704714451969138 ], [ 106.59641416538831, -5.704715813124567 ], [ 106.596411350540635, -5.704718081718726 ], [ 106.596408849154926, -5.704720349352606 ], [ 106.596406848525774, -5.704722364491604 ], [ 106.596404347834735, -5.704724883319242 ], [ 106.596402347205583, -5.704726898458234 ], [ 106.596400097285169, -5.704729416589978 ], [ 106.59639784727446, -5.704731934721969 ], [ 106.596396047267774, -5.704733949304226 ], [ 106.596393347343536, -5.70473697108153 ], [ 106.596391658787084, -5.704738482957692 ], [ 106.596388845502062, -5.704741316646267 ], [ 106.59638734555115, -5.70474301640234 ], [ 106.596384344702599, -5.70474603901468 ], [ 106.596382844230632, -5.704747550368901 ], [ 106.596379843382024, -5.704750572981231 ], [ 106.596378154825516, -5.704752084857373 ], [ 106.596375340671969, -5.704754604554799 ], [ 106.596373340042604, -5.704756619693743 ], [ 106.596370840219635, -5.704759452512437 ], [ 106.596369490735526, -5.704761151850951 ], [ 106.59636634202505, -5.704765116866112 ], [ 106.596365842041365, -5.704765683451461 ], [ 106.596361840877876, -5.704769713633215 ], [ 106.596361197417522, -5.704770217815603 ], [ 106.596357335262525, -5.704772694799378 ], [ 106.596354116820464, -5.704774758939378 ], [ 106.59635282939449, -5.704775584612623 ], [ 106.59634832454941, -5.704778844331907 ], [ 106.596347761558221, -5.704779298050354 ], [ 106.596343821699946, -5.704782825665094 ], [ 106.59634282138515, -5.704783833234543 ], [ 106.596339319406169, -5.704787007959286 ], [ 106.596338092092864, -5.704788367833534 ], [ 106.596334820446899, -5.704792395990852 ], [ 106.596334411481394, -5.704792899522523 ], [ 106.596330822061773, -5.704797430958456 ], [ 106.596330322078032, -5.704797997543792 ], [ 106.596326822287196, -5.704801963533072 ], [ 106.596325821972343, -5.704802971102504 ], [ 106.596321882113756, -5.704806498717174 ], [ 106.596321319261477, -5.704807002675863 ], [ 106.596316816606958, -5.704811034249045 ], [ 106.596316816550669, -5.704811034299444 ], [ 106.596312315279079, -5.704815568215365 ], [ 106.596312315229085, -5.704815568272013 ], [ 106.596308716689634, -5.704820099676687 ], [ 106.596307817033349, -5.704821232568991 ], [ 106.596305364317431, -5.704824630454784 ], [ 106.596303318837684, -5.704826896913779 ], [ 106.596301068221777, -5.704829163851575 ], [ 106.596298818210258, -5.704831681983399 ], [ 106.596296566911178, -5.704833697817794 ], [ 106.596294317086958, -5.704836287761141 ], [ 106.596292817805278, -5.704838229696744 ], [ 106.596292328762516, -5.704842752529502 ], [ 106.596290397869666, -5.704847279363183 ], [ 106.596289835414296, -5.704847926866614 ], [ 106.596285977155731, -5.704851813105735 ], [ 106.596285333695221, -5.704852317288081 ], [ 106.596280831040119, -5.704856348861143 ], [ 106.596280830983829, -5.704856348911544 ], [ 106.596276329711614, -5.704860882827353 ], [ 106.596276329661606, -5.704860882877735 ], [ 106.596272279730414, -5.704865415541136 ], [ 106.596271829728522, -5.70486591918666 ], [ 106.596268229799293, -5.704869948254768 ], [ 106.59626732951763, -5.70487085506529 ], [ 106.596263327241246, -5.70487448333427 ], [ 106.596262826831094, -5.704874895773191 ], [ 106.596258322098365, -5.704878196597638 ], [ 106.596257321278031, -5.704879021475491 ], [ 106.596253818502305, -5.704881908469287 ], [ 106.59625124371982, -5.704883559815337 ], [ 106.596249312632935, -5.70488479832486 ], [ 106.596244806649636, -5.7048876469965 ], [ 106.596244163050102, -5.704888100938567 ], [ 106.596240302409242, -5.704891125936301 ], [ 106.596238801936522, -5.704892637290349 ], [ 106.596235801086422, -5.704895659902336 ], [ 106.596234300613659, -5.70489717125638 ], [ 106.596231299763502, -5.704900193868354 ], [ 106.596229369434354, -5.704901706415145 ], [ 106.596226795662133, -5.704903723144193 ], [ 106.59622304111015, -5.704906245450634 ], [ 106.596222290171113, -5.704906749931166 ], [ 106.596217784957901, -5.704909877198646 ], [ 106.596216497758732, -5.704910785082728 ], [ 106.596213279883827, -5.704913054794681 ], [ 106.59621046503409, -5.704915323297916 ], [ 106.596208776476615, -5.704916835173811 ], [ 106.596205399469014, -5.704919858829456 ], [ 106.596204274111344, -5.704920992347954 ], [ 106.596200898145668, -5.704924392795351 ], [ 106.596199772440642, -5.704925400712605 ], [ 106.59619583258042, -5.704928928326847 ], [ 106.596195269588975, -5.704929382045218 ], [ 106.596190764514333, -5.704932559552824 ], [ 106.596189638531428, -5.704933466989543 ], [ 106.596186260690033, -5.704936189213169 ], [ 106.596184259503644, -5.704938003390751 ], [ 106.596181758116288, -5.70494027111456 ], [ 106.596179256728661, -5.704942538747944 ], [ 106.59617725609796, -5.704944553886569 ], [ 106.596174441942551, -5.704947073583502 ], [ 106.596172752627069, -5.704948311422029 ], [ 106.596168247949592, -5.70495161224591 ], [ 106.596168247893289, -5.704951612291275 ], [ 106.596163744068562, -5.704955241906311 ], [ 106.596162456869195, -5.704956149790326 ], [ 106.596159238425301, -5.704958213929703 ], [ 106.596154731493201, -5.704960692701737 ], [ 106.59615473141811, -5.704960692747154 ], [ 106.596150225092501, -5.704963418056615 ], [ 106.596147650763967, -5.704965233824405 ], [ 106.59614572043435, -5.704966746371033 ], [ 106.596142343426095, -5.704969770026476 ], [ 106.59614121772087, -5.704970777943666 ], [ 106.596137277859938, -5.704974305557688 ], [ 106.596136714868393, -5.704974759276025 ], [ 106.596132212343861, -5.70497884108874 ], [ 106.596132212293838, -5.704978841134087 ], [ 106.596127708190764, -5.704982370268434 ], [ 106.596126421269147, -5.704983378632925 ], [ 106.596123204087775, -5.704985899447967 ], [ 106.596120200426412, -5.704987917369521 ], [ 106.596118698595717, -5.704988926330294 ], [ 106.596114193103347, -5.704991953116756 ], [ 106.596113291727079, -5.70499245801461 ], [ 106.596109686916591, -5.704994728811114 ], [ 106.596106683949458, -5.704996997824709 ], [ 106.596105182466033, -5.704998132386706 ], [ 106.596100678090664, -5.705001535964678 ], [ 106.596100678015588, -5.705001536021397 ], [ 106.596096173912088, -5.705005065144295 ], [ 106.596094672081307, -5.705006074105028 ], [ 106.596091667864016, -5.705007891065429 ], [ 106.596087161613013, -5.705010616419577 ], [ 106.596087161537909, -5.705010616464995 ], [ 106.596082654655817, -5.705013140813059 ], [ 106.596079650994128, -5.705015158734478 ], [ 106.596078148885439, -5.705016067214654 ], [ 106.596073642786394, -5.705018874779955 ], [ 106.596072516575774, -5.705019700005526 ], [ 106.596069138733242, -5.70502242222875 ], [ 106.596066886876855, -5.705024237101602 ], [ 106.596064634907606, -5.705026051974762 ], [ 106.596061257064989, -5.70502877419796 ], [ 106.596060131359508, -5.705029782115062 ], [ 106.596055627320141, -5.705033311294102 ], [ 106.596055627255808, -5.705033311350791 ], [ 106.596051124367307, -5.705037280065897 ], [ 106.596050481079999, -5.705037847048716 ], [ 106.596046621478877, -5.705041248837492 ], [ 106.596045496120666, -5.70504238235583 ], [ 106.596042119111374, -5.705045406010948 ], [ 106.59604018878116, -5.70504691855737 ], [ 106.596037614451859, -5.705048734324862 ], [ 106.596033752975174, -5.705051457889815 ], [ 106.59603310937527, -5.705051911831742 ], [ 106.596028604298624, -5.705055089338584 ], [ 106.596027478315179, -5.705055996775118 ], [ 106.596024100472206, -5.705058718998194 ], [ 106.596021848615507, -5.705060533870946 ], [ 106.596019596645959, -5.705062348744007 ], [ 106.596016218802902, -5.705065070967057 ], [ 106.596015092819414, -5.705065978403578 ], [ 106.596010589049229, -5.705069608062971 ], [ 106.596010588992925, -5.705069608104227 ], [ 106.596006083499148, -5.705072634857055 ], [ 106.596003508336082, -5.705074149184488 ], [ 106.596001577588893, -5.70507551101004 ], [ 106.595997071375265, -5.705078277469461 ], [ 106.595996427661632, -5.705078690305837 ], [ 106.595992568059899, -5.705082092094412 ], [ 106.595990765654079, -5.705083227491124 ], [ 106.595988061524395, -5.705084742184303 ], [ 106.595983556105665, -5.705087768969926 ], [ 106.595983556030617, -5.705087769034731 ], [ 106.595979618945961, -5.705092301369674 ], [ 106.595979056093086, -5.705092805328182 ], [ 106.595974553433763, -5.705096836899939 ], [ 106.595974553377474, -5.705096836950339 ], [ 106.595970048299975, -5.705100014406661 ], [ 106.595968117552616, -5.705101376232147 ], [ 106.59596554447306, -5.705103644165638 ], [ 106.595963293865935, -5.705105911091433 ], [ 106.595961043146261, -5.705108178130558 ], [ 106.595958792539122, -5.705110445056343 ], [ 106.595956540569148, -5.705112259929264 ], [ 106.595953162725465, -5.705114982152103 ], [ 106.595952037366899, -5.705116115670348 ], [ 106.595948661398495, -5.705119516116975 ], [ 106.595947536039915, -5.705120649635215 ], [ 106.595943676437571, -5.705124051423614 ], [ 106.59594303315005, -5.70512461840637 ], [ 106.595938530324631, -5.70512858717733 ], [ 106.595938530260284, -5.705128587227754 ], [ 106.59593402615468, -5.705132116356186 ], [ 106.595932739232339, -5.705133124720428 ], [ 106.595929522917359, -5.705135959526026 ], [ 106.595927834879376, -5.705137659803359 ], [ 106.595925021590034, -5.705140493490809 ], [ 106.595923091780094, -5.705142194438896 ], [ 106.59592051800557, -5.705144211167156 ], [ 106.595917703847988, -5.705146730863402 ], [ 106.595916014531284, -5.705147968701483 ], [ 106.595911508657565, -5.705150858477047 ], [ 106.595910945551978, -5.705151271089732 ], [ 106.595907004715912, -5.705154447030616 ], [ 106.595905503824824, -5.705155807663417 ], [ 106.595902502971512, -5.705158830274509 ], [ 106.595901002497143, -5.705160341628103 ], [ 106.595898001643789, -5.705163364239185 ], [ 106.595896501169392, -5.705164875592774 ], [ 106.595893500315995, -5.705167898203844 ], [ 106.595891999841569, -5.705169409557429 ], [ 106.59589124965207, -5.705170165186169 ], [ 106.595890501498502, -5.70517167445258 ] ] ] } },
{ "type": "Feature", "properties": { "fid": 39.0, "ID": 38, "ELEV": -25.0 }, "geometry": { "type": "MultiLineString", "coordinates": [ [ [ 106.596694572978052, -5.705180746834182 ], [ 106.596692492457521, -5.705181757377741 ], [ 106.596687980540594, -5.705182460690417 ], [ 106.596683465524436, -5.705182043672614 ], [ 106.596678950047405, -5.705181460061072 ], [ 106.596676942006098, -5.705180795772429 ], [ 106.596674431961105, -5.705179933232763 ], [ 106.596669913468943, -5.705178259676548 ], [ 106.596666898793018, -5.705176302174234 ], [ 106.596666026536425, -5.705171783120443 ], [ 106.596669891573114, -5.705170344552264 ], [ 106.596674404028306, -5.705169835833118 ], [ 106.59667891742501, -5.705169667465295 ], [ 106.596683432917303, -5.705170256632178 ], [ 106.596687948824027, -5.705170995603705 ], [ 106.596692464101949, -5.705171507279458 ], [ 106.596693177386001, -5.705171707758303 ], [ 106.596696986828491, -5.705174711500943 ], [ 106.596699398376487, -5.705176211965434 ], [ 106.596696997668772, -5.705178630086183 ], [ 106.596694572978052, -5.705180746834182 ] ] ] } },
{ "type": "Feature", "properties": { "fid": 40.0, "ID": 39, "ELEV": -23.0 }, "geometry": { "type": "MultiLineString", "coordinates": [ [ [ 106.596956184931472, -5.704232771745522 ], [ 106.596956191185441, -5.704235032465355 ], [ 106.596959849414176, -5.704239543785525 ], [ 106.596959704101124, -5.704244065663251 ], [ 106.596958807976449, -5.704248589625021 ], [ 106.596957666567349, -5.704253114267641 ], [ 106.596956251873976, -5.704256993726311 ], [ 106.596955931236366, -5.704257640558823 ], [ 106.596951750003484, -5.704261325842489 ], [ 106.596950521285592, -5.704262177049723 ], [ 106.596947246225923, -5.704264968601451 ], [ 106.596945199307314, -5.704266713296411 ], [ 106.596942744038998, -5.704269186377418 ], [ 106.596939525602252, -5.70427125051936 ], [ 106.596938239031246, -5.704272384486051 ], [ 106.59693523923049, -5.704275783891461 ], [ 106.596934157454129, -5.70428030836857 ], [ 106.596933749601305, -5.704281213795529 ], [ 106.596931502753861, -5.704284837211643 ], [ 106.596929249635906, -5.704286234708924 ], [ 106.596924740566124, -5.704287964515268 ], [ 106.596922236839291, -5.70428938440537 ], [ 106.596920233781361, -5.704290520347308 ], [ 106.596916632117328, -5.704293921436728 ], [ 106.596915732022026, -5.70429489283568 ], [ 106.596913128577881, -5.704298452635869 ], [ 106.596911235726168, -5.70430124035094 ], [ 106.596910259284499, -5.704302982074546 ], [ 106.596907416310003, -5.70430751144017 ], [ 106.596906741904263, -5.704308482212682 ], [ 106.596903831009399, -5.704312042866238 ], [ 106.596902241038038, -5.704313177639102 ], [ 106.596897733679754, -5.704315526256019 ], [ 106.596896521345158, -5.704316584629838 ], [ 106.596893234093969, -5.704320684604151 ], [ 106.596892888060566, -5.70432111618906 ], [ 106.596889185362798, -5.704325647940943 ], [ 106.596888735288729, -5.704326125144425 ], [ 106.596884232033574, -5.704329957086071 ], [ 106.596883950538441, -5.704330183945441 ], [ 106.596879728712523, -5.704333765229722 ], [ 106.596878602877084, -5.704334720263106 ], [ 106.596875226905539, -5.70433812072597 ], [ 106.596874279735303, -5.704339253737067 ], [ 106.596871203867678, -5.704343783749059 ], [ 106.59687073064336, -5.704344480684218 ], [ 106.596867982769865, -5.704348314164148 ], [ 106.596866233242494, -5.704350429037792 ], [ 106.596864233775818, -5.704352846044469 ], [ 106.596861734430533, -5.704355867317211 ], [ 106.596860328050738, -5.704357378359804 ], [ 106.59685723337752, -5.704360495483376 ], [ 106.59685590971246, -5.704361912097938 ], [ 106.596852732845477, -5.704365312008111 ], [ 106.596851532271444, -5.704366445722544 ], [ 106.596848230244305, -5.704369380562578 ], [ 106.596846429141635, -5.704370981361347 ], [ 106.596843727091212, -5.70437324962354 ], [ 106.596841343671784, -5.704375516951111 ], [ 106.596839225777344, -5.704377783595069 ], [ 106.596836652695714, -5.704380051445903 ], [ 106.596834723212567, -5.704381865379683 ], [ 106.596830668286415, -5.70438458953069 ], [ 106.596830217789076, -5.704384913752356 ], [ 106.596825709328073, -5.704386864069595 ], [ 106.596821846609416, -5.704389135490437 ], [ 106.596821203149943, -5.704389639673115 ], [ 106.59681720199238, -5.70439366985647 ], [ 106.596816702009477, -5.704394236442005 ], [ 106.596813553304059, -5.704398201458242 ], [ 106.596812203300928, -5.704399712395405 ], [ 106.59680882629975, -5.704402736052914 ], [ 106.596807699134033, -5.704403215135661 ], [ 106.596803190874866, -5.70440523850962 ], [ 106.596800071570044, -5.704407281826633 ], [ 106.59679868652988, -5.704408676914246 ], [ 106.596795570255537, -5.704411815794835 ], [ 106.596794185536055, -5.704413326820352 ], [ 106.596789677707264, -5.704415505827686 ], [ 106.596787423216782, -5.704416359881769 ], [ 106.596785169641777, -5.70441759928743 ], [ 106.596780662029744, -5.704419856689633 ], [ 106.596778408080368, -5.704420906378024 ], [ 106.596776154221075, -5.704422043020251 ], [ 106.596771646893217, -5.70442440318581 ], [ 106.59676995705594, -5.704425451308492 ], [ 106.596767142211249, -5.704427719903626 ], [ 106.596764327366301, -5.704429988408338 ], [ 106.596762640896387, -5.704432253901836 ], [ 106.596761142510459, -5.704434518722594 ], [ 106.596758647381009, -5.704439047122532 ], [ 106.596758148961314, -5.704440178874576 ], [ 106.596756653702258, -5.70444357413071 ], [ 106.596754660119146, -5.704448101138623 ], [ 106.596753662029087, -5.704449912498698 ], [ 106.596751735038026, -5.704452630731877 ], [ 106.596749161964709, -5.704454898667253 ], [ 106.596746588891065, -5.704457166489603 ], [ 106.596744659086056, -5.704458867439167 ], [ 106.596741442779162, -5.704461702247206 ], [ 106.596740155859891, -5.704462710612464 ], [ 106.596735649491166, -5.704465417700395 ], [ 106.596734147157761, -5.704466243970622 ], [ 106.596731142945742, -5.704468060933046 ], [ 106.59672728147676, -5.704470784500708 ], [ 106.596726637878135, -5.704471238443086 ], [ 106.596722131559773, -5.70447396380044 ], [ 106.596720200816591, -5.704475325627397 ], [ 106.596717627743033, -5.704477593562695 ], [ 106.596715627810411, -5.704479859794259 ], [ 106.596713132725597, -5.704484388194022 ], [ 106.596713132680776, -5.704484388307169 ], [ 106.596711503768631, -5.704488914189927 ], [ 106.596708643916386, -5.704493443602069 ], [ 106.596708643871423, -5.704493443666788 ], [ 106.596705145648272, -5.704497974786071 ], [ 106.596704145682054, -5.704499107957052 ], [ 106.596700286088733, -5.704502509748192 ], [ 106.596699642490051, -5.704502963690554 ], [ 106.596695136512409, -5.704505812364302 ], [ 106.596693447199499, -5.704507050203702 ], [ 106.596690631311731, -5.704508941954789 ], [ 106.596686124849057, -5.70451159200095 ], [ 106.596686124784668, -5.70451159203591 ], [ 106.596681617696163, -5.704514039155446 ], [ 106.596677754495033, -5.704516136706727 ], [ 106.596677111035291, -5.704516640889317 ], [ 106.596673839393219, -5.704520669047506 ], [ 106.596672613689194, -5.70452261022426 ], [ 106.596670979417112, -5.704525198459926 ], [ 106.596668117955915, -5.704529162678618 ], [ 106.596667617972756, -5.704529729264095 ], [ 106.596663616813117, -5.704533759446933 ], [ 106.596663116656245, -5.704534263231801 ], [ 106.59665911549655, -5.704538293414626 ], [ 106.59665855264484, -5.70453879737349 ], [ 106.596654614006184, -5.704542764581693 ], [ 106.596654051328187, -5.704543331341164 ], [ 106.59665011268946, -5.704547298549352 ], [ 106.596649550011449, -5.704547865308822 ], [ 106.596645611372679, -5.704551832516997 ], [ 106.596645048694668, -5.704552399276463 ], [ 106.5966411078672, -5.704555575220168 ], [ 106.596639177123521, -5.70455693704698 ], [ 106.59663660335444, -5.704558953777055 ], [ 106.596632096569323, -5.704561478172763 ], [ 106.596632096479226, -5.704561478237608 ], [ 106.596627590472096, -5.704564316560031 ], [ 106.596624886868071, -5.704566019656909 ], [ 106.596623085507488, -5.704567531814565 ], [ 106.596620084629393, -5.704570554459593 ], [ 106.59661858419031, -5.704572065782096 ], [ 106.596615583312158, -5.704575088427116 ], [ 106.596614082277654, -5.704576384478129 ], [ 106.596609577477352, -5.704579626570074 ], [ 106.596609577387241, -5.704579626626836 ], [ 106.596605072943149, -5.704583030150759 ], [ 106.59660378637075, -5.704584164117068 ], [ 106.596600568499412, -5.70458643383028 ], [ 106.596597350627803, -5.704588703453062 ], [ 106.596596063430056, -5.704589611337636 ], [ 106.596591558360643, -5.704592788847062 ], [ 106.596590995369866, -5.704593242565645 ], [ 106.59658705551449, -5.704596770181303 ], [ 106.596585768594622, -5.704597778546372 ], [ 106.596582550723127, -5.704600048259521 ], [ 106.596579735876531, -5.704602316763753 ], [ 106.596578047321017, -5.704603828640223 ], [ 106.596575046474271, -5.70460685125309 ], [ 106.596573546524283, -5.704608551009406 ], [ 106.596571046702991, -5.704611383828527 ], [ 106.596569047662769, -5.704613973076407 ], [ 106.596567360298124, -5.704615915534293 ], [ 106.596564547014623, -5.704618749223331 ], [ 106.596562294867724, -5.704620451067144 ], [ 106.596560042049276, -5.704621964509536 ], [ 106.596555536637737, -5.704624991297836 ], [ 106.596555536562661, -5.70462499134829 ], [ 106.596551032465243, -5.70462852047946 ], [ 106.596549745545232, -5.704629528844485 ], [ 106.596546527673411, -5.704631798557519 ], [ 106.596544026288669, -5.704634066191741 ], [ 106.596542025104512, -5.704635880369978 ], [ 106.596539023423688, -5.704638601550846 ], [ 106.596537522952431, -5.704640112905284 ], [ 106.596534145948297, -5.70464313656195 ], [ 106.596533020591849, -5.704644270080774 ], [ 106.596529160996454, -5.7046476718713 ], [ 106.596528517536413, -5.704648176053799 ], [ 106.596524013438781, -5.704651705235098 ], [ 106.596523450586844, -5.704652209193891 ], [ 106.596519510730616, -5.704655736809308 ], [ 106.596518385026727, -5.704656744726893 ], [ 106.596515010404417, -5.704660629624627 ], [ 106.596514367341356, -5.704661277351861 ], [ 106.596510509085647, -5.70466516359174 ], [ 106.59650994663069, -5.704665811095274 ], [ 106.596506009617798, -5.704670343496341 ], [ 106.596506009553522, -5.704670343571878 ], [ 106.596503012874393, -5.70467487328802 ], [ 106.596501513593836, -5.704676815223864 ], [ 106.596499514553088, -5.704679404471645 ], [ 106.596497017336461, -5.704683179273888 ], [ 106.596496517874073, -5.704683934263136 ], [ 106.596493082343159, -5.704688465272498 ], [ 106.596492519888173, -5.704689112776025 ], [ 106.596489521422541, -5.704692996629825 ], [ 106.596488020951, -5.704694507984207 ], [ 106.596484160312897, -5.704697532982877 ], [ 106.596483516852757, -5.704698037165352 ], [ 106.596479012893397, -5.704701616586725 ], [ 106.596478512597258, -5.704702070131265 ], [ 106.596474512874721, -5.704706602706275 ], [ 106.596474512824727, -5.704706602762926 ], [ 106.596470513051827, -5.704711135281552 ], [ 106.596470013291636, -5.704711782611086 ], [ 106.596466638668687, -5.70471566750871 ], [ 106.596465513311969, -5.704716801027474 ], [ 106.596462513506168, -5.704720200431794 ], [ 106.596461014225369, -5.704722142367599 ], [ 106.596459015184308, -5.704724731615329 ], [ 106.596456515361965, -5.704727564434242 ], [ 106.596454585555122, -5.70472926538331 ], [ 106.596452013372399, -5.704731856221546 ], [ 106.596449761894505, -5.704733800244741 ], [ 106.596447510266159, -5.70473574426835 ], [ 106.59644493808338, -5.704738335106572 ], [ 106.596443008946267, -5.704740278235237 ], [ 106.596440436763459, -5.704742869073447 ], [ 106.596438506956517, -5.704744570022489 ], [ 106.596435290646454, -5.704747404829654 ], [ 106.596434004073345, -5.704748538795774 ], [ 106.596429499702168, -5.704751942375262 ], [ 106.596429499627092, -5.704751942431983 ], [ 106.596424996743636, -5.704755911148718 ], [ 106.596424434065185, -5.704756477908082 ], [ 106.596420495423402, -5.704760445115518 ], [ 106.596419995439803, -5.7047610117009 ], [ 106.596415995722694, -5.704765544275717 ], [ 106.596415995666419, -5.704765544332385 ], [ 106.596411995892666, -5.704770076850838 ], [ 106.596411495735367, -5.704770580635602 ], [ 106.596406991774955, -5.704774160056684 ], [ 106.596406348175705, -5.704774613998865 ], [ 106.596402487536594, -5.704777638997248 ], [ 106.596400798980099, -5.704779150873462 ], [ 106.596397985694978, -5.704781984562121 ], [ 106.596396485744023, -5.704783684318237 ], [ 106.596393485937469, -5.704787083722399 ], [ 106.596392485970156, -5.704788216893141 ], [ 106.596388986179889, -5.704792182882663 ], [ 106.596388536351867, -5.704792749328853 ], [ 106.596385489515825, -5.70479727925934 ], [ 106.596384490590466, -5.704798789189859 ], [ 106.59638224207059, -5.704801809746514 ], [ 106.596379991353871, -5.704804076786509 ], [ 106.596377418277143, -5.704806344608022 ], [ 106.596375487948762, -5.704807857155112 ], [ 106.596371627309253, -5.704810882153394 ], [ 106.596370984245866, -5.704811529880556 ], [ 106.596367125988195, -5.704815416120004 ], [ 106.596366483222539, -5.704816171506879 ], [ 106.596362732145451, -5.70481994978835 ], [ 106.596361982943392, -5.704821082236256 ], [ 106.596359735484157, -5.70482447957956 ], [ 106.59635749109087, -5.704829007283256 ], [ 106.596357491001015, -5.704829007434207 ], [ 106.596354795209649, -5.704833536239811 ], [ 106.596352998015661, -5.70483655554402 ], [ 106.596352357333998, -5.704838064480413 ], [ 106.596349629345852, -5.70484259352606 ], [ 106.596348505864256, -5.704844405233905 ], [ 106.596346578870126, -5.704847123466593 ], [ 106.59634400954458, -5.704850747776834 ], [ 106.59634325971723, -5.704851654152685 ], [ 106.596339508639772, -5.704855432434107 ], [ 106.5963386079587, -5.704856188536674 ], [ 106.596335004043226, -5.70485878223767 ], [ 106.596332752564422, -5.704860726260648 ], [ 106.596330503078789, -5.704863445388207 ], [ 106.596329003471837, -5.704865258139762 ], [ 106.596326004257904, -5.704868883642883 ], [ 106.596325254430496, -5.704869790018725 ], [ 106.596321501864153, -5.704873030022074 ], [ 106.596319699906417, -5.70487432690774 ], [ 106.596316997863042, -5.704876595218872 ], [ 106.596314747277063, -5.704878862126524 ], [ 106.59631249654106, -5.704881129185308 ], [ 106.596310568295991, -5.704883395198488 ], [ 106.596307997302844, -5.704886416649876 ], [ 106.596306711771106, -5.704887927375657 ], [ 106.596303496576056, -5.704891165887797 ], [ 106.596302210448968, -5.704892461342059 ], [ 106.596298995253875, -5.704895699854188 ], [ 106.596297709126745, -5.704896995308444 ], [ 106.596294492815133, -5.704899830115238 ], [ 106.596292563007239, -5.704901531064049 ], [ 106.596289989930028, -5.704903798998401 ], [ 106.596287416852505, -5.704906066819727 ], [ 106.596285487714312, -5.70490800994816 ], [ 106.596282485641794, -5.70491060197894 ], [ 106.596280984159037, -5.704911736541241 ], [ 106.596277124560345, -5.704915138330962 ], [ 106.596276481273435, -5.704915705313938 ], [ 106.596271978452251, -5.704919674086439 ], [ 106.596271978387932, -5.704919674143127 ], [ 106.596267475675731, -5.704923705659897 ], [ 106.596266832215122, -5.704924209842247 ], [ 106.596262972616273, -5.704927611631919 ], [ 106.596261686042396, -5.704928745597853 ], [ 106.596258469730401, -5.704931580404542 ], [ 106.596256539922308, -5.70493328135329 ], [ 106.596253966844799, -5.704935549287558 ], [ 106.596251393766977, -5.704937817108799 ], [ 106.596249463958813, -5.704939518057533 ], [ 106.596245710275113, -5.704942354355294 ], [ 106.596244959509747, -5.704942921636485 ], [ 106.596240453497572, -5.704945760021798 ], [ 106.596239166923624, -5.704946893987705 ], [ 106.596235950611415, -5.704949728794326 ], [ 106.596234020803166, -5.704951429743032 ], [ 106.596231447725486, -5.704953697677245 ], [ 106.596228444759191, -5.704955966691285 ], [ 106.596226943722769, -5.704957262741789 ], [ 106.596223728526866, -5.70496050125371 ], [ 106.596222442399423, -5.704961796707885 ], [ 106.596218689831858, -5.704965036710882 ], [ 106.596217939289716, -5.704965684736195 ], [ 106.596213436255169, -5.704969572764278 ], [ 106.596213436180122, -5.704969572829082 ], [ 106.596209499098265, -5.704974105164887 ], [ 106.596208936642697, -5.704974752668297 ], [ 106.596205078382823, -5.704978638907249 ], [ 106.596204435319066, -5.704979286634326 ], [ 106.596201060692863, -5.704983171531294 ], [ 106.596199935781669, -5.704984466538109 ], [ 106.596196183213834, -5.704987706541034 ], [ 106.596195432671635, -5.704988354566332 ], [ 106.596190929636748, -5.704992242594328 ], [ 106.596190929561672, -5.704992242651048 ], [ 106.596186423548659, -5.704995080979604 ], [ 106.596184171399074, -5.704996782822637 ], [ 106.596181919099038, -5.704998484666081 ], [ 106.596177413176335, -5.705001323050853 ], [ 106.59617741308621, -5.705001323107614 ], [ 106.59617290707304, -5.705004161436103 ], [ 106.596170203465391, -5.70500586453177 ], [ 106.596168400712941, -5.705006874327633 ], [ 106.596163893484189, -5.705009273120193 ], [ 106.596162091079051, -5.705010408517286 ], [ 106.596159388141032, -5.705012353792569 ], [ 106.596156386067364, -5.705014945822993 ], [ 106.596154884584038, -5.705016080385106 ], [ 106.596150380208954, -5.705019483963423 ], [ 106.596150380133878, -5.70501948402014 ], [ 106.596145874120396, -5.705022322348493 ], [ 106.596143621970569, -5.705024024191428 ], [ 106.596141370339993, -5.705025968214425 ], [ 106.596138368266139, -5.705028560244798 ], [ 106.596136867229319, -5.705029856295174 ], [ 106.596133114660773, -5.705033096297864 ], [ 106.596132364118432, -5.705033744323115 ], [ 106.59612785944455, -5.705037067157392 ], [ 106.596126732550488, -5.705037635482119 ], [ 106.596123352538015, -5.705039582635948 ], [ 106.596119748620268, -5.705042176336171 ], [ 106.596118847640881, -5.705042824778822 ], [ 106.59611434244583, -5.705045959209158 ], [ 106.596113216072737, -5.705046715937743 ], [ 106.596109838203546, -5.705049438195766 ], [ 106.596107586403562, -5.705051253034116 ], [ 106.596105333544358, -5.705052766443662 ], [ 106.596101730817196, -5.705055790757292 ], [ 106.596100829837766, -5.705056439199927 ], [ 106.596096326801629, -5.7050603272275 ], [ 106.596096326726553, -5.70506032728422 ], [ 106.596091821828793, -5.705063569317669 ], [ 106.596090019869862, -5.705064866202918 ], [ 106.596087316261617, -5.70506656929834 ], [ 106.596082810337819, -5.705069407682643 ], [ 106.596082810247722, -5.705069407747488 ], [ 106.596078304233416, -5.705072246067424 ], [ 106.596074923550844, -5.705073951041411 ], [ 106.596073796879907, -5.705074600110218 ], [ 106.596069291982033, -5.705077842200065 ], [ 106.59606854143955, -5.705078490225269 ], [ 106.596064790358724, -5.705082268505786 ], [ 106.596064040113944, -5.705083024190717 ], [ 106.596060287544603, -5.705086264193136 ], [ 106.596058485585516, -5.705087561078325 ], [ 106.596055782646729, -5.705089506353314 ], [ 106.596051276075443, -5.705092102557737 ], [ 106.596051275962822, -5.70509210263341 ], [ 106.596046774711979, -5.705096636523221 ], [ 106.596046774636932, -5.705096636588025 ], [ 106.596042271226963, -5.705100416891241 ], [ 106.596041520982126, -5.705101172576158 ], [ 106.596037768412515, -5.705104412578496 ], [ 106.596035966453329, -5.705105709463644 ], [ 106.596033262844699, -5.705107412558908 ], [ 106.596029509158683, -5.705110248855845 ], [ 106.596028758219177, -5.705110753336244 ], [ 106.596024253940925, -5.705114219714811 ], [ 106.596023503175076, -5.705114786995832 ], [ 106.596019748620705, -5.70511730930156 ], [ 106.596016744958277, -5.705119327222858 ], [ 106.596015243127042, -5.705120336183502 ], [ 106.596010737459423, -5.705123300168955 ], [ 106.596009986693545, -5.705123867449965 ], [ 106.596006235612023, -5.705127645730284 ], [ 106.596005485367087, -5.705128401415175 ], [ 106.596001734285508, -5.705132179695481 ], [ 106.596001091519042, -5.705132935082172 ], [ 106.595997235117963, -5.705137467258019 ], [ 106.595997235042987, -5.705137467348662 ], [ 106.595993486044847, -5.705141999136078 ], [ 106.595992735502193, -5.705142647161227 ], [ 106.59598823060324, -5.705145889250709 ], [ 106.59598710393206, -5.705146538319411 ], [ 106.595983723918351, -5.705148485472721 ], [ 106.595980721843091, -5.705151077502635 ], [ 106.595979221400796, -5.705152588824331 ], [ 106.595975618672284, -5.705155613137521 ], [ 106.595974717692528, -5.705156261580039 ], [ 106.595970212793361, -5.705159503669437 ], [ 106.595969086122125, -5.705160152738115 ], [ 106.595965707001483, -5.705162422926839 ], [ 106.595963004954783, -5.705164691086332 ], [ 106.595961202995213, -5.705165987971343 ], [ 106.595956698186157, -5.705169230060423 ], [ 106.595956698096089, -5.705169230136032 ], [ 106.595952196843868, -5.705173764025468 ], [ 106.59595219676882, -5.705173764090272 ], [ 106.595947693878529, -5.705177732796968 ], [ 106.595947050590979, -5.705178299779743 ], [ 106.595943189946482, -5.705181324776432 ], [ 106.595940937274406, -5.70518283821702 ], [ 106.595938684972793, -5.705184540059904 ], [ 106.595934931285754, -5.705187376356486 ], [ 106.595934180519691, -5.705187943637442 ], [ 106.595929676066547, -5.705191347214956 ], [ 106.595929113387172, -5.705191913974082 ], [ 106.595925677848953, -5.705196444982069 ], [ 106.595925177690845, -5.705196948766623 ], [ 106.595923288250972, -5.705200973088211 ], [ 106.595923294501986, -5.705203233809113 ] ] ] } },
{ "type": "Feature", "properties": { "fid": 41.0, "ID": 40, "ELEV": -24.0 }, "geometry": { "type": "MultiLineString", "coordinates": [ [ [ 106.596754843026773, -5.70520318691209 ], [ 106.596751234924824, -5.705204260802454 ], [ 106.596747949219079, -5.705203206048078 ], [ 106.596746716178686, -5.705202495539374 ], [ 106.596742192264145, -5.70519886203812 ], [ 106.596742041353608, -5.705198700972488 ], [ 106.596738860319419, -5.705194188327689 ], [ 106.596737661849673, -5.705192878963694 ], [ 106.596734815706057, -5.70518967807997 ], [ 106.596733417856697, -5.70518516048537 ], [ 106.596735915810441, -5.705180632076861 ], [ 106.596737624024883, -5.705179206293976 ], [ 106.596742132803485, -5.705177368635656 ], [ 106.596746648498964, -5.705178031243536 ], [ 106.596751167354583, -5.705179836158187 ], [ 106.596752771121942, -5.705180585289895 ], [ 106.596755689084972, -5.705182680208174 ], [ 106.596759540873904, -5.705185087972957 ], [ 106.596760211527723, -5.70518578173813 ], [ 106.596762248722996, -5.705189601931097 ], [ 106.59676133800474, -5.70519412593377 ], [ 106.596760238667258, -5.705195591822849 ], [ 106.596756094415539, -5.705198661963768 ], [ 106.596755739555618, -5.705200923799161 ], [ 106.596754843026773, -5.70520318691209 ] ] ] } },
{ "type": "Feature", "properties": { "fid": 42.0, "ID": 41, "ELEV": -25.0 }, "geometry": { "type": "MultiLineString", "coordinates": [ [ [ 106.596762047870328, -5.705212209861967 ], [ 106.596760287373854, -5.705213197678429 ], [ 106.596755773261194, -5.705213107299625 ], [ 106.596752795797883, -5.705212235544217 ], [ 106.596751254890492, -5.705211477776626 ], [ 106.59674673576275, -5.705209574598346 ], [ 106.596742217951075, -5.705208147136045 ], [ 106.596740604750636, -5.705207747909641 ], [ 106.59673769969524, -5.705206559111055 ], [ 106.59673317975421, -5.70520436193198 ], [ 106.596731614189764, -5.705203251390892 ], [ 106.596728870525538, -5.705198737531975 ], [ 106.596728649016995, -5.705198262192573 ], [ 106.59672685328924, -5.705194221656635 ], [ 106.596724118916001, -5.705192392394149 ], [ 106.596720382675727, -5.705189718142811 ], [ 106.596719595159726, -5.705188816033819 ], [ 106.59671557287237, -5.705185210018891 ], [ 106.59671506576602, -5.705183201839552 ], [ 106.596712801858118, -5.705180696235755 ], [ 106.596715055690154, -5.705179559621775 ], [ 106.596719564171707, -5.705177614538819 ], [ 106.596723321647957, -5.705176145560653 ], [ 106.596724073157546, -5.705175851761211 ], [ 106.596728580843248, -5.705173619026623 ], [ 106.596732186328992, -5.705171599479615 ], [ 106.596733088435627, -5.705171352566488 ], [ 106.596737600769643, -5.705170800112152 ], [ 106.596742115135612, -5.705170982163137 ], [ 106.596744451507632, -5.705171565434121 ], [ 106.596746632498252, -5.705172247427569 ], [ 106.596751151128032, -5.705173970719732 ], [ 106.596755670622628, -5.705176006619148 ], [ 106.596755761037215, -5.705176055515754 ], [ 106.596760191882893, -5.705178680741707 ], [ 106.596762968747882, -5.705180556983091 ], [ 106.596764715222292, -5.705182106388716 ], [ 106.59676783130989, -5.705185064960075 ], [ 106.596769243682104, -5.705187382879146 ], [ 106.596770603917136, -5.705189578738397 ], [ 106.596771626654146, -5.70519409737408 ], [ 106.596769270138537, -5.705196945988718 ], [ 106.596767807798614, -5.705198629449306 ], [ 106.596764769400068, -5.705201689886917 ], [ 106.596763884383563, -5.705203161814763 ], [ 106.596763406751734, -5.705207684615258 ], [ 106.596762047870328, -5.705212209861967 ] ] ] } },
{ "type": "Feature", "properties": { "fid": 43.0, "ID": 42, "ELEV": -27.0 }, "geometry": { "type": "MultiLineString", "coordinates": [ [ [ 106.596773161572216, -5.705216700486583 ], [ 106.596769330837475, -5.705218886548733 ], [ 106.596764818774318, -5.705219537006743 ], [ 106.59676030397479, -5.705219198366888 ], [ 106.596755787648476, -5.705218307841935 ], [ 106.596751270954925, -5.705217284570478 ], [ 106.596748704835278, -5.70521676837471 ], [ 106.596746754174958, -5.705216230066208 ], [ 106.59674223690952, -5.705215000067414 ], [ 106.596737720251596, -5.705213989665365 ], [ 106.596733204172807, -5.705213188603902 ], [ 106.596729297827849, -5.705212300770092 ], [ 106.596728687213883, -5.705212069402708 ], [ 106.59672417160364, -5.705211437704081 ], [ 106.596722078329122, -5.705212320809848 ], [ 106.59671966231069, -5.705213089561066 ], [ 106.596715152181901, -5.705214439287721 ], [ 106.59671063771286, -5.705214220127706 ], [ 106.596706118828095, -5.705212404772612 ], [ 106.596706044719568, -5.705212365315332 ], [ 106.596701598248799, -5.70520997687527 ], [ 106.596697079882404, -5.705208348884115 ], [ 106.596693892301673, -5.705207877572442 ], [ 106.596692563903147, -5.705207583798141 ], [ 106.596688048336077, -5.705206967707942 ], [ 106.596683531526566, -5.70520590249679 ], [ 106.596679014857315, -5.705204887985656 ], [ 106.596674499433959, -5.7052043238437 ], [ 106.596669984674435, -5.705203999671333 ], [ 106.596665470361387, -5.705203836897017 ], [ 106.596660957120065, -5.70520406154543 ], [ 106.596656442900127, -5.705203932436347 ], [ 106.596655005377102, -5.70520346403563 ], [ 106.596651924530491, -5.705202303242856 ], [ 106.596647404123374, -5.705199937511578 ], [ 106.596645362931781, -5.705198969324729 ], [ 106.596642882538717, -5.705197146088093 ], [ 106.596638363052406, -5.705195113201346 ], [ 106.596636254816332, -5.705194473130532 ], [ 106.596633844578648, -5.705193446342554 ], [ 106.596629327057883, -5.705192123975481 ], [ 106.596624810019364, -5.705190975942783 ], [ 106.596622417597146, -5.705189990062231 ], [ 106.596620290666309, -5.705188991196154 ], [ 106.59661577107596, -5.705186920664919 ], [ 106.596612315383183, -5.705185496626771 ], [ 106.596611251718713, -5.705184934384566 ], [ 106.596606733389933, -5.705183319891248 ], [ 106.596603238976272, -5.705181000343906 ], [ 106.596602534976157, -5.705176480822879 ], [ 106.596604935645132, -5.705171952684683 ], [ 106.596606699537134, -5.705171081971816 ], [ 106.596611208568447, -5.705169335428392 ], [ 106.596614539568563, -5.705167404553414 ], [ 106.596615715413122, -5.705166798430271 ], [ 106.596620225981553, -5.705165607594332 ], [ 106.596624740854978, -5.705165973024639 ], [ 106.59662925454424, -5.705165910380681 ], [ 106.596633767581807, -5.705165612150519 ], [ 106.596638281378631, -5.705165588403088 ], [ 106.596642796636971, -5.705166092986669 ], [ 106.596647310272132, -5.705166010797081 ], [ 106.596651820423304, -5.705164669177796 ], [ 106.596654974871399, -5.705162770846181 ], [ 106.596656327356342, -5.705162164225657 ], [ 106.596660834083565, -5.705159584891949 ], [ 106.596664920992978, -5.705158221764404 ], [ 106.596665343856557, -5.705158106601367 ], [ 106.596668729542714, -5.705158211193187 ], [ 106.596669858127271, -5.705158254199195 ], [ 106.596674374491073, -5.705159158429549 ], [ 106.596678889577035, -5.705159600745769 ], [ 106.596683404485944, -5.70515997905032 ], [ 106.596687920314935, -5.705160689954526 ], [ 106.59669243726367, -5.705161805630696 ], [ 106.596695147942754, -5.705162659338977 ], [ 106.596696955199079, -5.705163277973754 ], [ 106.596701470856473, -5.705163926840275 ], [ 106.596704949399324, -5.705162632132939 ], [ 106.596705979829707, -5.705162159509859 ], [ 106.596710486286554, -5.705159482560603 ], [ 106.596714998115928, -5.705158747686396 ], [ 106.596719514342439, -5.70515960230031 ], [ 106.596724031347307, -5.705160738280763 ], [ 106.596728547374511, -5.705161520846798 ], [ 106.59673306341449, -5.705162308029024 ], [ 106.596734228954858, -5.705162550860278 ], [ 106.596737579948822, -5.705163273908704 ], [ 106.596742095919893, -5.705164036181546 ], [ 106.596746612536364, -5.705165031743664 ], [ 106.596751129170272, -5.705166033615268 ], [ 106.59675539496817, -5.705167013582523 ], [ 106.596755645967065, -5.705167094355629 ], [ 106.596760165350517, -5.705169090097526 ], [ 106.596764684838789, -5.705171123716206 ], [ 106.596765678953005, -5.705171506510684 ], [ 106.596769204922765, -5.705173372653958 ], [ 106.596773725934767, -5.705175957029097 ], [ 106.596773777363879, -5.705176005505443 ], [ 106.596776547180269, -5.705180519291486 ], [ 106.596778260000093, -5.705183259721817 ], [ 106.596779606859201, -5.705185032272883 ], [ 106.596782787189341, -5.70518807690897 ], [ 106.596786682469116, -5.705189534106532 ], [ 106.596787305825146, -5.705189802321097 ], [ 106.596791820847073, -5.705190221452416 ], [ 106.596796340030551, -5.705192144823587 ], [ 106.59679844470385, -5.70519402293048 ], [ 106.596800868061038, -5.705197266009966 ], [ 106.596801526812456, -5.705198535849428 ], [ 106.596800880960771, -5.705201928730219 ], [ 106.596800613252185, -5.705203059859971 ], [ 106.59679644546263, -5.705207592903949 ], [ 106.596796382878821, -5.70520763274066 ], [ 106.596791870609081, -5.705208208465598 ], [ 106.596787356269658, -5.70520803608816 ], [ 106.59678284476017, -5.705208886623724 ], [ 106.596778601643322, -5.705212163911014 ], [ 106.59677834039401, -5.705212319220068 ], [ 106.596773837083532, -5.705216133425624 ], [ 106.596773161572216, -5.705216700486583 ] ] ] } },
{ "type": "Feature", "properties": { "fid": 44.0, "ID": 43, "ELEV": -26.0 }, "geometry": { "type": "MultiLineString", "coordinates": [ [ [ 106.59676203325597, -5.7052167313772 ], [ 106.596760297782424, -5.705216960030798 ], [ 106.596758792553842, -5.705216740372886 ], [ 106.596755781656171, -5.705216141819665 ], [ 106.59675126364381, -5.705214641831146 ], [ 106.596746746258205, -5.70521336839519 ], [ 106.596742449534531, -5.705212264263586 ], [ 106.596742229119315, -5.705212184133016 ], [ 106.596737711698538, -5.70521089797995 ], [ 106.596733194159512, -5.705209569068596 ], [ 106.596729356681308, -5.705207779131991 ], [ 106.596728673998058, -5.7052072922192 ], [ 106.59672415106084, -5.70520401198687 ], [ 106.596722456324059, -5.705203276811115 ], [ 106.596719626657702, -5.705200201840141 ], [ 106.596715117188609, -5.705201790000616 ], [ 106.596713992887629, -5.705203300303626 ], [ 106.596710615430013, -5.705206165358845 ], [ 106.596706101128802, -5.705206006844942 ], [ 106.596701580384604, -5.705203519311889 ], [ 106.59670118735751, -5.705203335848529 ], [ 106.596697054625665, -5.705199219026575 ], [ 106.596692543149686, -5.705200081775403 ], [ 106.596688029341607, -5.705200101511171 ], [ 106.596683512525956, -5.705199034059458 ], [ 106.596682609271127, -5.70519886594124 ], [ 106.596678995898856, -5.705198034767647 ], [ 106.596674482222582, -5.705198102155162 ], [ 106.59666996834622, -5.705198097212909 ], [ 106.596665453406331, -5.705197707827502 ], [ 106.596660937285193, -5.705196891426696 ], [ 106.596656417253996, -5.705194661576042 ], [ 106.596656040416576, -5.705194418212921 ], [ 106.596654448085673, -5.705189901157774 ], [ 106.59665465547647, -5.705185379107228 ], [ 106.596654874445434, -5.705180857024543 ], [ 106.596654912937751, -5.7051763354428 ], [ 106.59665531238042, -5.705171812859187 ], [ 106.596656349197673, -5.705170059728527 ], [ 106.596657959698845, -5.705167284036278 ], [ 106.596660848916159, -5.70516494677061 ], [ 106.596665219893794, -5.705162742409642 ], [ 106.596665356551995, -5.705162695891755 ], [ 106.596666485136566, -5.705162738897765 ], [ 106.596669870994731, -5.705162905665059 ], [ 106.596674386467171, -5.70516348767106 ], [ 106.59667890074607, -5.70516363822157 ], [ 106.59668341546508, -5.705163947870524 ], [ 106.596687931561831, -5.705164755557345 ], [ 106.596692448133666, -5.705165734975096 ], [ 106.59669696598182, -5.705167175763557 ], [ 106.596696965995932, -5.705167175767409 ], [ 106.596701484256855, -5.705168770860638 ], [ 106.596705997806652, -5.705168657855904 ], [ 106.596710173100334, -5.705167139108156 ], [ 106.596710506854848, -5.705166917616868 ], [ 106.596715013430469, -5.705164283599292 ], [ 106.596719527332354, -5.705164297889656 ], [ 106.59672404333547, -5.705165071740618 ], [ 106.596728558523012, -5.705165550772725 ], [ 106.596733073527687, -5.705165963706368 ], [ 106.596737588757492, -5.705166458021225 ], [ 106.596742104258794, -5.705167050471868 ], [ 106.596742104272465, -5.705167050474844 ], [ 106.596746621555127, -5.705168291789283 ], [ 106.596751139155785, -5.705169643092513 ], [ 106.596755657235931, -5.705171167722725 ], [ 106.596756561015667, -5.705171531820477 ], [ 106.596760177253714, -5.705173392738865 ], [ 106.596764698274953, -5.705175980467764 ], [ 106.596764796542672, -5.705176030434772 ], [ 106.596769220642898, -5.705179054970339 ], [ 106.596770729355072, -5.705180535440898 ], [ 106.596773748584766, -5.705184144236561 ], [ 106.596774308977601, -5.705185046979053 ], [ 106.596777557823714, -5.705189559435357 ], [ 106.596778280480549, -5.70519066268298 ], [ 106.596781700374947, -5.70519406941082 ], [ 106.596782816267933, -5.705198587746768 ], [ 106.596782816300276, -5.705198587787776 ], [ 106.596782816268089, -5.705198587802453 ], [ 106.596778309389492, -5.705201112224471 ], [ 106.596774703872867, -5.705203131781444 ], [ 106.596773803622767, -5.705204038561544 ], [ 106.596771664180082, -5.705207661693853 ], [ 106.596769849662678, -5.705212188205345 ], [ 106.596769313468684, -5.705212608343182 ], [ 106.596764808391981, -5.705215784148086 ], [ 106.59676203325597, -5.7052167313772 ] ] ] } },
{ "type": "Feature", "properties": { "fid": 45.0, "ID": 44, "ELEV": -28.0 }, "geometry": { "type": "MultiLineString", "coordinates": [ [ [ 106.596771845010053, -5.705221225615826 ], [ 106.596769341080432, -5.705222589011085 ], [ 106.5967648274288, -5.705222665302268 ], [ 106.596760310274604, -5.705221475536799 ], [ 106.596759707829008, -5.705221259306896 ], [ 106.596755793040103, -5.705220256738722 ], [ 106.596751276745906, -5.705219377829873 ], [ 106.596746760956179, -5.705218681266381 ], [ 106.596742244469183, -5.705217732663628 ], [ 106.596738278481723, -5.705216797316343 ], [ 106.596737727653021, -5.705216665075821 ], [ 106.596733211941967, -5.705215996950673 ], [ 106.596728696532296, -5.705215437768955 ], [ 106.596724184106748, -5.705215957267554 ], [ 106.596722169727954, -5.705216842030898 ], [ 106.596719676098488, -5.705218073518544 ], [ 106.596715165372856, -5.70521920751955 ], [ 106.596710650238208, -5.705218747769115 ], [ 106.596707125795362, -5.705216883789323 ], [ 106.596706129800168, -5.705216370950228 ], [ 106.596701609130321, -5.705213910328865 ], [ 106.596697201158122, -5.705212389862764 ], [ 106.596697090951494, -5.705212350154742 ], [ 106.596692575831298, -5.705211895617349 ], [ 106.596688060600442, -5.705211401072529 ], [ 106.596683544200587, -5.705210483962366 ], [ 106.596679028219398, -5.705209718191321 ], [ 106.596674513007869, -5.705209230636834 ], [ 106.596669998848455, -5.705209123409863 ], [ 106.596665485850878, -5.705209436175076 ], [ 106.59666097418318, -5.70521022968811 ], [ 106.596656461681576, -5.705210721754167 ], [ 106.596651944988977, -5.70520969882374 ], [ 106.596649408129551, -5.705208001046542 ], [ 106.596647423084505, -5.705206791829803 ], [ 106.596642903134992, -5.705204591531484 ], [ 106.596639336579486, -5.705203507526594 ], [ 106.596638385473838, -5.705203218452174 ], [ 106.596633868814081, -5.70520220736432 ], [ 106.596629352611231, -5.705201361454166 ], [ 106.596624838281954, -5.70520119283116 ], [ 106.596620322724519, -5.705200580232814 ], [ 106.596617094291787, -5.705199047787495 ], [ 106.596615802708243, -5.705198355765955 ], [ 106.596611282763803, -5.705196157250962 ], [ 106.596607516789362, -5.705194552895601 ], [ 106.596606763615938, -5.705194246697021 ], [ 106.596602244496623, -5.705192346454531 ], [ 106.596598147484087, -5.705190057425648 ], [ 106.596597723389934, -5.705189727755403 ], [ 106.596595784548356, -5.705185542509058 ], [ 106.596595536416913, -5.705181021722725 ], [ 106.596595778876051, -5.705176499574739 ], [ 106.596596058801453, -5.705171977322764 ], [ 106.596597551673042, -5.705167451704214 ], [ 106.596597661378098, -5.70516731010068 ], [ 106.596602167886985, -5.705164651681901 ], [ 106.596606678503036, -5.705163478042163 ], [ 106.59660803107171, -5.705162901143142 ], [ 106.596611184637297, -5.705160684229439 ], [ 106.596614098939938, -5.70515836282642 ], [ 106.596615689432952, -5.705157406518452 ], [ 106.596620199818929, -5.705156149749439 ], [ 106.596624711952018, -5.705155524574575 ], [ 106.596629225083021, -5.705155260146416 ], [ 106.596633739978643, -5.705155633639086 ], [ 106.596638256657045, -5.70515665159891 ], [ 106.596642774328373, -5.705158028498929 ], [ 106.596643837133996, -5.705158280285443 ], [ 106.59664729115093, -5.705159098569829 ], [ 106.59665180393938, -5.70515871032011 ], [ 106.596653006377935, -5.705158254835089 ], [ 106.596656313353535, -5.705157102296829 ], [ 106.596660822415174, -5.705155366849453 ], [ 106.596665333345882, -5.705154307073523 ], [ 106.596669847324932, -5.705154349246061 ], [ 106.596674363452578, -5.705155168130251 ], [ 106.596678879300327, -5.705155885822546 ], [ 106.596683394596923, -5.705156404287671 ], [ 106.596687910234806, -5.705157046117969 ], [ 106.596692145017229, -5.705158146199381 ], [ 106.596692427336734, -5.705158217186818 ], [ 106.596696943745414, -5.705159137650837 ], [ 106.596701456559401, -5.705158758683306 ], [ 106.596702714474304, -5.705158116861663 ], [ 106.596705964623794, -5.705156662834217 ], [ 106.596710475025375, -5.705155411844308 ], [ 106.596714988401018, -5.705155235937631 ], [ 106.59671950459682, -5.705156079457919 ], [ 106.596724022283396, -5.705157461863728 ], [ 106.596726581775059, -5.705158050612313 ], [ 106.59672853886552, -5.70515844503582 ], [ 106.596733054905471, -5.705159232218053 ], [ 106.596737571234385, -5.705160123849298 ], [ 106.59674208731488, -5.705160925687203 ], [ 106.596746604138247, -5.705161996052197 ], [ 106.596748557507283, -5.705162511087288 ], [ 106.59675112110034, -5.70516311655579 ], [ 106.596755638127846, -5.705164260704648 ], [ 106.596760155937801, -5.705165687679492 ], [ 106.596763383731869, -5.705166991407161 ], [ 106.596764675142268, -5.705167618726491 ], [ 106.596769194122587, -5.705169468737661 ], [ 106.596773712808258, -5.705171212241842 ], [ 106.596774148628015, -5.705171483000225 ], [ 106.596778238049041, -5.705175325181792 ], [ 106.596778884725353, -5.70517599132816 ], [ 106.596782023455319, -5.70518050409011 ], [ 106.59678276889899, -5.70518146560965 ], [ 106.596787288263315, -5.705183454380552 ], [ 106.596791802168966, -5.705183470033953 ], [ 106.59679631951424, -5.705184728982317 ], [ 106.596796642636818, -5.705184984983647 ], [ 106.596800843968154, -5.705188557416121 ], [ 106.596801760074456, -5.705189492252751 ], [ 106.596805371416707, -5.705193468264045 ], [ 106.596805749051001, -5.705194002654297 ], [ 106.596807183287282, -5.705198520147549 ], [ 106.59680593527483, -5.705203045086501 ], [ 106.596805399890926, -5.705203760488764 ], [ 106.596802097527217, -5.705207577214337 ], [ 106.596800899835841, -5.705208751280789 ], [ 106.596796393851506, -5.705211598918099 ], [ 106.596791881033099, -5.705211976329767 ], [ 106.596787366781257, -5.70521183561577 ], [ 106.59678652784163, -5.705212141908831 ], [ 106.596782856582848, -5.705213160073166 ], [ 106.596778351085234, -5.705216183698373 ], [ 106.596777788249696, -5.705216687643523 ], [ 106.596773847610052, -5.705219938377308 ], [ 106.596771845010053, -5.705221225615826 ] ] ] } },
{ "type": "Feature", "properties": { "fid": 46.0, "ID": 45, "ELEV": -24.0 }, "geometry": { "type": "MultiLineString", "coordinates": [ [ [ 106.596993122794473, -5.704259798061257 ], [ 106.596993129048627, -5.704262058781048 ], [ 106.596992380898882, -5.704263568047803 ], [ 106.596989680980059, -5.704266589826465 ], [ 106.596987881671893, -5.704268855614624 ], [ 106.596985881741105, -5.704271121846648 ], [ 106.596983838004661, -5.704275648993931 ], [ 106.596983389741098, -5.704276780606794 ], [ 106.596982357456199, -5.704280174577932 ], [ 106.596980128873582, -5.704284702238311 ], [ 106.596978902501064, -5.704286401235748 ], [ 106.59697568619643, -5.704289236044522 ], [ 106.596974400667747, -5.704290746770964 ], [ 106.596971399793034, -5.704293769416937 ], [ 106.596969899355656, -5.704295280739913 ], [ 106.596967901509558, -5.704298300601703 ], [ 106.596965816736699, -5.704302827862893 ], [ 106.596965408467042, -5.70430358259917 ], [ 106.59696368282097, -5.704307355260495 ], [ 106.596960917612918, -5.70431188441041 ], [ 106.596960917578315, -5.704311884455715 ], [ 106.596956415015001, -5.704315966226826 ], [ 106.596955287810715, -5.704316421511733 ], [ 106.596951906614777, -5.704317938087158 ], [ 106.59694739755902, -5.70431967300243 ], [ 106.596944391919138, -5.704320973230317 ], [ 106.596942888702088, -5.704321479799539 ], [ 106.596938376378176, -5.704322033360319 ], [ 106.596933863519737, -5.70432239369758 ], [ 106.596929353355122, -5.704323727823353 ], [ 106.596927552795705, -5.704325541445445 ], [ 106.596925824306126, -5.704330067717663 ], [ 106.596925563997743, -5.704334589914639 ], [ 106.596924875807872, -5.704336852675096 ], [ 106.596920368466414, -5.704339125810344 ], [ 106.596920368240916, -5.704339125867483 ], [ 106.596915866984276, -5.704343659779558 ], [ 106.596915879473343, -5.704348181219348 ], [ 106.59691587943604, -5.704348181332474 ], [ 106.596913635089606, -5.704352708923536 ], [ 106.596911384376824, -5.704354975964572 ], [ 106.596908811304345, -5.70435724378735 ], [ 106.59690688217016, -5.704359186916804 ], [ 106.596904309991231, -5.704361777756064 ], [ 106.596902388060755, -5.704366304565217 ], [ 106.59690238800475, -5.704366304716075 ], [ 106.596900707788919, -5.704370830703605 ], [ 106.596899188897211, -5.704375356394053 ], [ 106.596897905453119, -5.704377620806753 ], [ 106.596896407099663, -5.704379885589929 ], [ 106.596893406224098, -5.704382908235727 ], [ 106.596891153595593, -5.704384421646453 ], [ 106.596888899699167, -5.704385558298104 ], [ 106.596884392479126, -5.704387957094164 ], [ 106.596882138460884, -5.70438896814397 ], [ 106.596879884216975, -5.704389979194392 ], [ 106.596875377622254, -5.704392604072098 ], [ 106.596873875516735, -5.704393512553567 ], [ 106.596870870850836, -5.704395165094528 ], [ 106.596866362209283, -5.704397050088943 ], [ 106.5968648603817, -5.704398059050889 ], [ 106.596862365221369, -5.704402587451099 ], [ 106.59686232757339, -5.704407109030161 ], [ 106.596861888746659, -5.704411631722748 ], [ 106.59686188869054, -5.704411631835926 ], [ 106.596858891983516, -5.704416161515232 ], [ 106.596857391545527, -5.704417672838078 ], [ 106.596852886175199, -5.704420699659695 ], [ 106.596852886062493, -5.704420699705217 ], [ 106.596848373804278, -5.704421277382119 ], [ 106.596843866757538, -5.704423739010539 ], [ 106.596842065398064, -5.704425251168602 ], [ 106.596839369677014, -5.704429780125469 ], [ 106.596839369612866, -5.704429780238669 ], [ 106.596835771062658, -5.704434311588406 ], [ 106.596834870799796, -5.704435218382096 ], [ 106.596831871591263, -5.704438843886393 ], [ 106.596831382584213, -5.704443366718306 ], [ 106.596830843389682, -5.704447889689519 ], [ 106.596830404551469, -5.704452412382185 ], [ 106.596830404506534, -5.70445241245767 ], [ 106.59682654804115, -5.704456944560936 ], [ 106.596825904328952, -5.704457357397889 ], [ 106.596821398466204, -5.704460247177868 ], [ 106.596819145041621, -5.704461486583267 ], [ 106.596816891807691, -5.704462849305575 ], [ 106.596812378923801, -5.704463200956583 ], [ 106.596807868749664, -5.704464532197913 ], [ 106.596805616120591, -5.704466045608449 ], [ 106.596803363265821, -5.704467559019609 ], [ 106.596798857894782, -5.704470585840984 ], [ 106.596798857782119, -5.704470585905894 ], [ 106.596794920708291, -5.704475118243543 ], [ 106.596794360636153, -5.70447662695628 ], [ 106.59679354826514, -5.704479643527527 ], [ 106.596792876842258, -5.704484166865799 ], [ 106.596791169865185, -5.704488693078305 ], [ 106.596789884335621, -5.704490203804584 ], [ 106.596786281615948, -5.704493228120575 ], [ 106.596785380241215, -5.704493733019106 ], [ 106.596780874409504, -5.704496634207576 ], [ 106.596779587837702, -5.704497768174133 ], [ 106.596776372647597, -5.704501006687609 ], [ 106.596774871613704, -5.70450230273889 ], [ 106.596771869545719, -5.704504894771055 ], [ 106.596768489539087, -5.704506841927228 ], [ 106.596767362870253, -5.704507490996878 ], [ 106.596762856194545, -5.70451008715229 ], [ 106.596760602969695, -5.70451138529126 ], [ 106.59675835094842, -5.704513200131659 ], [ 106.596755650159139, -5.704515920512578 ], [ 106.596753849632918, -5.704517734099842 ], [ 106.596751922641729, -5.704520452333077 ], [ 106.59674935588599, -5.704524980931886 ], [ 106.596749355821757, -5.704524981022497 ], [ 106.596745606833537, -5.704529512812145 ], [ 106.596744856590405, -5.704530268497527 ], [ 106.596740351105566, -5.704533295271053 ], [ 106.596738848582547, -5.704534053044371 ], [ 106.596735842940902, -5.704535353271603 ], [ 106.596731335967007, -5.704537841767166 ], [ 106.596729833443959, -5.704538599540467 ], [ 106.596726829231528, -5.704540416468477 ], [ 106.596723451368518, -5.704543138728511 ], [ 106.596722324997359, -5.704543895457804 ], [ 106.596717821687065, -5.704547675828282 ], [ 106.596717821596982, -5.704547675903891 ], [ 106.596713318196137, -5.704551456199241 ], [ 106.596712417516088, -5.704552212302129 ], [ 106.596708814795576, -5.704555236617851 ], [ 106.596707013435307, -5.704556748775698 ], [ 106.59670431452156, -5.704560147372517 ], [ 106.59670367279881, -5.704561279522297 ], [ 106.596700944814586, -5.704565808568515 ], [ 106.596699820500803, -5.704567318847259 ], [ 106.596696819623219, -5.704570341492576 ], [ 106.596695319184406, -5.704571852815222 ], [ 106.596692318306765, -5.704574875460529 ], [ 106.596690817867938, -5.70457638678317 ], [ 106.596686312495365, -5.704579413604058 ], [ 106.596686312382701, -5.704579413668966 ], [ 106.596681804812789, -5.704581686908685 ], [ 106.596677297355527, -5.704583960099637 ], [ 106.596677297242849, -5.704583960156461 ], [ 106.596672791235903, -5.704586798487306 ], [ 106.596670539089558, -5.704588500331419 ], [ 106.596668288356142, -5.70459076739091 ], [ 106.59666636011346, -5.704593033404643 ], [ 106.596663789123483, -5.704596054856768 ], [ 106.596662288684527, -5.704597566179371 ], [ 106.59665928780656, -5.704600588824586 ], [ 106.59665748644602, -5.704602100982353 ], [ 106.596654784405374, -5.704604369294364 ], [ 106.596651405290785, -5.704606639334775 ], [ 106.596650279336188, -5.7046075467547 ], [ 106.596646678282497, -5.70461117392892 ], [ 106.596645778019067, -5.704612080722468 ], [ 106.596642778808459, -5.704615706226347 ], [ 106.59664127836939, -5.704617217548924 ], [ 106.596637675648068, -5.704620241864411 ], [ 106.596636774967791, -5.704620997967238 ], [ 106.596632271656276, -5.704624778337359 ], [ 106.596632271566222, -5.70462477841297 ], [ 106.596627766079862, -5.704627805158538 ], [ 106.596624761032814, -5.704629320656876 ], [ 106.596623258926144, -5.704630229120716 ], [ 106.59661875522022, -5.704633858799999 ], [ 106.596618755107627, -5.704633858890745 ], [ 106.596614250663265, -5.704637262407864 ], [ 106.59661312533386, -5.704638395899771 ], [ 106.596609747469685, -5.704641118159438 ], [ 106.596607495673055, -5.704642932998887 ], [ 106.596605243650743, -5.704644747838956 ], [ 106.596602542860069, -5.704647468219518 ], [ 106.596600742332953, -5.704649281806543 ], [ 106.596598041542251, -5.704652002187097 ], [ 106.596596241015092, -5.704653815774118 ], [ 106.596591734845205, -5.704656541165099 ], [ 106.596591734695011, -5.704656541255949 ], [ 106.596587233467034, -5.704661075132805 ], [ 106.596587233377022, -5.704661075223487 ], [ 106.596582732148988, -5.704665609100325 ], [ 106.596582732059019, -5.704665609213595 ], [ 106.59657823085341, -5.704670143067767 ], [ 106.596578230740818, -5.704670143158515 ], [ 106.596573729512656, -5.704674677035317 ], [ 106.596573729422587, -5.704674677110927 ], [ 106.596569223935475, -5.704677703856227 ], [ 106.596566218887972, -5.704679219354372 ], [ 106.596564716066496, -5.704679869467695 ], [ 106.596560209388301, -5.704682465622133 ], [ 106.596558708353413, -5.70468376167311 ], [ 106.596555706283411, -5.704686353704666 ], [ 106.596553777146909, -5.704688296833554 ], [ 106.596551210388995, -5.704692825432095 ], [ 106.596551210324819, -5.704692825545297 ], [ 106.596548643502089, -5.704697354030992 ], [ 106.59654671650938, -5.704700072263964 ], [ 106.59654543181243, -5.704701884419364 ], [ 106.596542220283268, -5.704706414807283 ], [ 106.596542220193413, -5.704706414958233 ], [ 106.596539524404051, -5.704710943764157 ], [ 106.596537725127419, -5.704713209608173 ], [ 106.59653547458052, -5.704715476478515 ], [ 106.596533222557696, -5.704717291318438 ], [ 106.596530521766354, -5.704720011698848 ], [ 106.596528721238769, -5.70472182528577 ], [ 106.596525343373685, -5.704724547545182 ], [ 106.596524217001857, -5.704725304274255 ], [ 106.59651971368875, -5.704729084643917 ], [ 106.596519713598724, -5.7047290847346 ], [ 106.596515212369624, -5.704733618611196 ], [ 106.59651521227957, -5.704733618686806 ], [ 106.59651070887584, -5.704737398981321 ], [ 106.596509808195208, -5.704738155084044 ], [ 106.59650620547238, -5.704741179399099 ], [ 106.596504705032615, -5.704742690721504 ], [ 106.59650170415307, -5.704745713366326 ], [ 106.596500203713276, -5.704747224688726 ], [ 106.596497204501063, -5.704750850192282 ], [ 106.59649645467411, -5.704751756568232 ], [ 106.596492705757925, -5.704756288447387 ], [ 106.596492705682962, -5.704756288538031 ], [ 106.596488956691246, -5.704760820326952 ], [ 106.596488206864251, -5.704761726702899 ], [ 106.596485637539999, -5.704765351013428 ], [ 106.596483712422611, -5.704768747462416 ], [ 106.59648307069925, -5.704769879612127 ], [ 106.596480718837654, -5.704774407614226 ], [ 106.596479222566217, -5.704777426083496 ], [ 106.596478474406581, -5.704778935318192 ], [ 106.596475477742999, -5.704783465109706 ], [ 106.596474727915961, -5.704784371485649 ], [ 106.596471728703435, -5.704787996989165 ], [ 106.596470227668064, -5.704789293040039 ], [ 106.596466475103199, -5.704792533043971 ], [ 106.596465724338259, -5.704793100325335 ], [ 106.596461217881995, -5.704795777223495 ], [ 106.596458964655199, -5.704797075361774 ], [ 106.596456711202705, -5.704798373500674 ], [ 106.596452206399803, -5.704801615592095 ], [ 106.596452206309749, -5.704801615667705 ], [ 106.596447705064563, -5.704806149559183 ], [ 106.596447704989643, -5.704806149672413 ], [ 106.596445138165706, -5.704810678158 ], [ 106.596443968502456, -5.704815202879347 ], [ 106.596445485705132, -5.704819720144362 ], [ 106.596443241335194, -5.704824247848138 ], [ 106.596443241185057, -5.704824247961576 ], [ 106.596439642629463, -5.704828779310334 ], [ 106.596438742365365, -5.704829686103738 ], [ 106.596434235417533, -5.70483218542244 ], [ 106.596432733935259, -5.704833319958048 ], [ 106.596429729720171, -5.704835136885181 ], [ 106.59642635185395, -5.704837859144318 ], [ 106.596425225898528, -5.704838766564024 ], [ 106.59642162484198, -5.704842393737603 ], [ 106.596420724161064, -5.704843149840261 ], [ 106.596416973084303, -5.704846928122033 ], [ 106.596416223257094, -5.704847834497944 ], [ 106.596413976404619, -5.704851457913494 ], [ 106.596411729439311, -5.704855081329353 ], [ 106.596410829175127, -5.704855988122739 ], [ 106.596407225260108, -5.704858581824094 ], [ 106.596405296122541, -5.704860524952775 ], [ 106.596402723046069, -5.70486279288746 ], [ 106.596400723111003, -5.704865059118621 ], [ 106.59639822440441, -5.704868295642819 ], [ 106.596397407267489, -5.704869589795751 ], [ 106.596395080829893, -5.70487411772723 ], [ 106.596393734159221, -5.704876834349616 ], [ 106.596392234552482, -5.704878647101287 ], [ 106.596389233671673, -5.704881669745872 ], [ 106.596387948140205, -5.704883180471772 ], [ 106.596384732945765, -5.704886418984233 ], [ 106.596383446818905, -5.704887714438623 ], [ 106.596380230507876, -5.704890549245766 ], [ 106.596378300700337, -5.704892250194783 ], [ 106.596375726928855, -5.704894266924343 ], [ 106.596371972377852, -5.704896789231558 ], [ 106.596371221612685, -5.704897356512863 ], [ 106.596366715601718, -5.704900194898896 ], [ 106.596365214119189, -5.704901329461364 ], [ 106.596362211154144, -5.7049035985889 ], [ 106.59635860634522, -5.704905869273523 ], [ 106.596357705664118, -5.704906625376132 ], [ 106.596353200471754, -5.704909759807694 ], [ 106.596352299492892, -5.704910408250582 ], [ 106.596348698435449, -5.70491403542395 ], [ 106.596347798171067, -5.704914942217286 ], [ 106.596344199689739, -5.704919473678614 ], [ 106.596344199614748, -5.704919473769256 ], [ 106.59633969838282, -5.704924007645248 ], [ 106.596339698292766, -5.704924007720857 ], [ 106.596335194886365, -5.704927788014714 ], [ 106.596334294205192, -5.704928544117303 ], [ 106.596330691480247, -5.70493156843183 ], [ 106.596328890117746, -5.704933080589079 ], [ 106.596326189324444, -5.704935800969058 ], [ 106.596324689717363, -5.704937613720652 ], [ 106.596321690503146, -5.704941239223857 ], [ 106.596320940675668, -5.704942145599718 ], [ 106.596317191772016, -5.70494667747839 ], [ 106.596317191681962, -5.704946677554 ], [ 106.596312688572965, -5.704950565507485 ], [ 106.59631178759399, -5.704951213950339 ], [ 106.596308182784853, -5.704953484747803 ], [ 106.596305179818955, -5.704955753762157 ], [ 106.5963036779888, -5.704956762723299 ], [ 106.596299172101013, -5.704959645966117 ], [ 106.596298421558998, -5.704960293991507 ], [ 106.596294667875526, -5.704963130289558 ], [ 106.596292415726481, -5.704964832132892 ], [ 106.596290164096729, -5.70496677615627 ], [ 106.596287162024012, -5.70496936818715 ], [ 106.596285660987732, -5.704970664237782 ], [ 106.596282848817694, -5.704973901631604 ], [ 106.596281161451145, -5.704975844089192 ], [ 106.596278589266646, -5.704978434927155 ], [ 106.596276659458496, -5.704980135875994 ], [ 106.596272905774782, -5.704982972173964 ], [ 106.596272155009387, -5.704983539455199 ], [ 106.596267648997156, -5.704986377840772 ], [ 106.596265846592374, -5.704987513238114 ], [ 106.596263142464153, -5.704989027932266 ], [ 106.596258637048081, -5.704992054719441 ], [ 106.596258636973005, -5.70499205477616 ], [ 106.596254133863283, -5.704995942748238 ], [ 106.596253383321155, -5.704996590773598 ], [ 106.596249630753647, -5.704999830776807 ], [ 106.596248505842581, -5.705001125783694 ], [ 106.596245128834866, -5.705004149439642 ], [ 106.596243778828921, -5.705005660376254 ], [ 106.59624063171718, -5.705010190584818 ], [ 106.596240631679763, -5.705010190660282 ], [ 106.596237634997138, -5.705014720376067 ], [ 106.596236137858483, -5.705017437415892 ], [ 106.596234638250905, -5.705019250167386 ], [ 106.596231639035722, -5.705022875670385 ], [ 106.596230513079604, -5.70502378308989 ], [ 106.596227135211251, -5.70502650534841 ], [ 106.596224883411836, -5.705028320187095 ], [ 106.596222631386723, -5.7050301350264 ], [ 106.596219253518314, -5.705032857284894 ], [ 106.596218127562153, -5.705033764704384 ], [ 106.596214526503076, -5.705037391877347 ], [ 106.596213625821562, -5.705038147979837 ], [ 106.596209122503865, -5.70504192834828 ], [ 106.596209122413768, -5.705041928413127 ], [ 106.596204616921639, -5.705044955167634 ], [ 106.596202815558442, -5.705046467324675 ], [ 106.596200112620494, -5.705048412600155 ], [ 106.596195606050429, -5.705051008805442 ], [ 106.596195605937766, -5.705051008870352 ], [ 106.596191101040816, -5.705054250896317 ], [ 106.596189299082212, -5.705055547781805 ], [ 106.596186597037502, -5.705057816092692 ], [ 106.596184346450372, -5.705060083000162 ], [ 106.596182094819852, -5.705062027023318 ], [ 106.596179092746127, -5.705064619053898 ], [ 106.596177591709335, -5.705065915104381 ], [ 106.596173086902596, -5.705069157194611 ], [ 106.596173086812499, -5.705069157259456 ], [ 106.596168581319944, -5.705072184013792 ], [ 106.59616557626903, -5.705073699510693 ], [ 106.596164073743623, -5.705074457283097 ], [ 106.596159566167145, -5.705076730504473 ], [ 106.596156561116175, -5.705078246001339 ], [ 106.596155058590753, -5.705079003773727 ], [ 106.596150553098028, -5.705082030544643 ], [ 106.596149652416358, -5.705082786647075 ], [ 106.596146047605615, -5.705085057443918 ], [ 106.596141540141701, -5.705087330632325 ], [ 106.596141540028995, -5.705087330677846 ], [ 106.596137032452347, -5.705089603923048 ], [ 106.596133277204189, -5.705091875035538 ], [ 106.596132526661791, -5.705092523060809 ], [ 106.596128668400695, -5.705096409299596 ], [ 106.596128025634457, -5.705097164686371 ], [ 106.596124274554043, -5.705100942967199 ], [ 106.596123524726053, -5.705101849342944 ], [ 106.59611992366591, -5.705105476515593 ], [ 106.596119022984141, -5.705106232617997 ], [ 106.596114519665221, -5.705110012986012 ], [ 106.596114519575124, -5.705110013050858 ], [ 106.596110014677166, -5.705113255076438 ], [ 106.596107761448138, -5.705114553213894 ], [ 106.596105508588721, -5.705116066623507 ], [ 106.596101003208375, -5.705119093441792 ], [ 106.596101003095725, -5.7051190935067 ], [ 106.596096497602304, -5.705122120260679 ], [ 106.596094244968498, -5.705123633669636 ], [ 106.59609199210901, -5.705125147079216 ], [ 106.596088389381421, -5.705128171392902 ], [ 106.596087488699595, -5.705128927495277 ], [ 106.596082985380249, -5.705132707863151 ], [ 106.596082985290181, -5.705132707938759 ], [ 106.596078481880298, -5.705136488231504 ], [ 106.596077581198429, -5.705137244333872 ], [ 106.596073978470685, -5.705140268647508 ], [ 106.596072177106791, -5.705141780804316 ], [ 106.596069475061142, -5.705144049114884 ], [ 106.596067224473188, -5.705146316022113 ], [ 106.596064973735182, -5.70514858308047 ], [ 106.596062271689064, -5.705150851240306 ], [ 106.596060469729821, -5.705152148125554 ], [ 106.596055963045174, -5.705154744277665 ], [ 106.59605483637408, -5.705155393346483 ], [ 106.596051456360655, -5.705157340500142 ], [ 106.596048454285764, -5.705159932530336 ], [ 106.59604695467722, -5.705161745281601 ], [ 106.596044253881445, -5.705164465660905 ], [ 106.596042452517395, -5.70516597781766 ], [ 106.596039881521662, -5.705168999268564 ], [ 106.596037952381778, -5.705170942396627 ], [ 106.596034950306759, -5.705173534426787 ], [ 106.596033449864592, -5.705175045748602 ], [ 106.596028944483336, -5.705178072566548 ], [ 106.596028944370687, -5.705178072631456 ], [ 106.596024437685628, -5.705180668771609 ], [ 106.596021057671919, -5.705182615925157 ], [ 106.596019931000725, -5.705183264993934 ], [ 106.596015426101758, -5.705186507083669 ], [ 106.596014525122015, -5.705187155526249 ], [ 106.596010924060622, -5.705190782698546 ], [ 106.596010174232319, -5.705191689074221 ], [ 106.596006423150484, -5.705195467354657 ], [ 106.596005672905491, -5.705196223039571 ], [ 106.596001919218835, -5.705199059336518 ], [ 106.595999667067872, -5.705200761179191 ], [ 106.595997414766458, -5.705202463022276 ], [ 106.595992908841154, -5.705205301406282 ], [ 106.595992908751072, -5.705205301481892 ], [ 106.595988405637669, -5.705209189433978 ], [ 106.595987504657856, -5.705209837876534 ], [ 106.595983900738418, -5.705212431576358 ], [ 106.595980520724368, -5.705214378729757 ], [ 106.59597939405306, -5.705215027798483 ], [ 106.595974891014905, -5.705218915825659 ], [ 106.595974890939843, -5.705218915890462 ], [ 106.595970386486655, -5.7052223194037 ], [ 106.595969099911542, -5.705223453369312 ], [ 106.595965884712712, -5.705226691880583 ], [ 106.595964598584118, -5.705227987334495 ], [ 106.595961383385244, -5.705231225845752 ], [ 106.595959128256425, -5.705231878051177 ] ] ] } },
{ "type": "Feature", "properties": { "fid": 47.0, "ID": 46, "ELEV": -25.0 }, "geometry": { "type": "MultiLineString", "coordinates": [ [ [ 106.597041269824004, -5.704313922103514 ], [ 106.597041175761504, -5.704316183101717 ], [ 106.597037677598806, -5.704320714286455 ], [ 106.597037677542701, -5.704320714399633 ], [ 106.59703511072523, -5.704325242886028 ], [ 106.597033188795947, -5.704329769695301 ], [ 106.597033188739829, -5.70432976980848 ], [ 106.597030944394476, -5.704334297399726 ], [ 106.597028699992975, -5.70433882510415 ], [ 106.597028699936814, -5.70433882519474 ], [ 106.59702495095209, -5.704343356985284 ], [ 106.597024201126487, -5.704344263361555 ], [ 106.597019697425679, -5.70434789304268 ], [ 106.597019697313058, -5.704347893118352 ], [ 106.597015193499161, -5.704351522724412 ], [ 106.597012939316215, -5.704352433276576 ], [ 106.597010685307367, -5.704353569901969 ], [ 106.597009553725044, -5.704352442674525 ], [ 106.597009165064691, -5.70434792227914 ], [ 106.597009754398826, -5.704343399168978 ], [ 106.597009140047462, -5.704338879400073 ], [ 106.597006124579764, -5.704336627146461 ], [ 106.59700312162002, -5.704338896106329 ], [ 106.597001619514856, -5.70433980457079 ], [ 106.596998018465186, -5.704343431746156 ], [ 106.596997118828185, -5.704344564611973 ], [ 106.596994871374463, -5.704347961956249 ], [ 106.596992621893989, -5.704350681085012 ], [ 106.59699112229049, -5.704352493837369 ], [ 106.596988121415649, -5.704355516483489 ], [ 106.596986620978214, -5.704357027806537 ], [ 106.596983621771116, -5.704360653311255 ], [ 106.596983060031761, -5.704361559165402 ], [ 106.596980412658652, -5.704366087988344 ], [ 106.596979127129885, -5.704367598714839 ], [ 106.596974621760793, -5.704370625537126 ], [ 106.596974621648116, -5.704370625602036 ], [ 106.596970114974667, -5.704373221746713 ], [ 106.596966734969683, -5.704375168903657 ], [ 106.596965608078037, -5.70437573722945 ], [ 106.596961100511066, -5.704378010424804 ], [ 106.596959170707066, -5.704379711374844 ], [ 106.596957506670506, -5.704384237468217 ], [ 106.596956612227928, -5.704387254267245 ], [ 106.596956240239635, -5.704388762457922 ], [ 106.596954748158822, -5.704393288073986 ], [ 106.596952537947317, -5.704397815683429 ], [ 106.596952130094479, -5.70439872111041 ], [ 106.59695013391584, -5.704402343830874 ], [ 106.596947636703391, -5.704406118633949 ], [ 106.596946886460714, -5.70440687431948 ], [ 106.596943133901277, -5.704410114325118 ], [ 106.596940880677352, -5.704411412464578 ], [ 106.596938627823263, -5.70441292587611 ], [ 106.596934118171333, -5.70441444555199 ], [ 106.596931113126487, -5.704415961051404 ], [ 106.596929610604136, -5.704416718825065 ], [ 106.596925104704511, -5.704419594908838 ], [ 106.59692397875078, -5.704420502329084 ], [ 106.596920602765792, -5.704423902805781 ], [ 106.596919853565325, -5.704425035253976 ], [ 106.596917394277853, -5.704429563554762 ], [ 106.596916109582651, -5.704431375710509 ], [ 106.596914182592556, -5.704434093944004 ], [ 106.596911613272411, -5.70443771825532 ], [ 106.59691097092481, -5.704438624333192 ], [ 106.596908619067676, -5.704443152335773 ], [ 106.596907119463694, -5.704444965088048 ], [ 106.596904418675521, -5.704447685469386 ], [ 106.596902615926467, -5.704448695266723 ], [ 106.596898106829869, -5.704450415839505 ], [ 106.596893596760623, -5.704451784826365 ], [ 106.596892695247092, -5.704452239484786 ], [ 106.596889089748899, -5.704454259079402 ], [ 106.596885872574362, -5.704456779896996 ], [ 106.596884587045153, -5.7044582906234 ], [ 106.596882016056995, -5.704461312076026 ], [ 106.596880089066644, -5.704464030309474 ], [ 106.596878288541049, -5.704465843896977 ], [ 106.596875586502051, -5.704468112209613 ], [ 106.596872207389339, -5.704470382250866 ], [ 106.59687108049738, -5.704470950576551 ], [ 106.596866572259231, -5.7044729815919 ], [ 106.59686464312459, -5.704474924721352 ], [ 106.596863079398318, -5.704479450536291 ], [ 106.596862084644016, -5.704482467613774 ], [ 106.596861587266872, -5.704483976152508 ], [ 106.596858151740179, -5.704488507162945 ], [ 106.596857590000525, -5.704489413017055 ], [ 106.596855343152086, -5.704493036433207 ], [ 106.596853096190785, -5.704496659849669 ], [ 106.59685219592788, -5.704497566643402 ], [ 106.59684859320862, -5.704500590959706 ], [ 106.596846791848961, -5.704502103117844 ], [ 106.596844091060234, -5.704504823499047 ], [ 106.596842290534411, -5.704506637086501 ], [ 106.596839588495087, -5.70450890539906 ], [ 106.596836886455321, -5.704511173560893 ], [ 106.596835085095606, -5.704512685719012 ], [ 106.596832084219116, -5.704515708364762 ], [ 106.59683059218375, -5.704520233980721 ], [ 106.596830604677024, -5.704524755420661 ], [ 106.596830604627186, -5.704524755533821 ], [ 106.59682610342486, -5.7045292893891 ], [ 106.596826103312154, -5.704529289439657 ], [ 106.596821590879301, -5.704529804310954 ], [ 106.596817079836228, -5.704530821593372 ], [ 106.596813477116555, -5.704533845909561 ], [ 106.596812580606411, -5.704536109361293 ], [ 106.596811942010163, -5.70453837164507 ], [ 106.596809590151977, -5.704542899647563 ], [ 106.596808089713591, -5.704544410970404 ], [ 106.59680448699379, -5.704547435286572 ], [ 106.59680358601608, -5.704548083729875 ], [ 106.596799082989236, -5.704551971760583 ], [ 106.596799082914217, -5.704551971836151 ], [ 106.596794581673919, -5.704556505729075 ], [ 106.596794581598928, -5.704556505819718 ], [ 106.596790078496468, -5.704560393760164 ], [ 106.596789327955577, -5.704561041785905 ], [ 106.596785579043072, -5.704565573666009 ], [ 106.596785578968039, -5.704565573741577 ], [ 106.596781075567677, -5.70456935403737 ], [ 106.596780174887726, -5.704570110140346 ], [ 106.596776570083208, -5.704572380939593 ], [ 106.596772965278348, -5.704574651625802 ], [ 106.596772064300552, -5.704575300069077 ], [ 106.596767561273268, -5.704579188099655 ], [ 106.596767561198291, -5.704579188190296 ], [ 106.596764349581107, -5.704583718488612 ], [ 106.596763064885138, -5.704585530644241 ], [ 106.596761137893864, -5.704588248877553 ], [ 106.596758568572156, -5.704591873188628 ], [ 106.596757926224143, -5.704592779266441 ], [ 106.596754714607087, -5.704597309655178 ], [ 106.596754071842227, -5.70459806504228 ], [ 106.596749568531877, -5.704601845413062 ], [ 106.596749568441822, -5.70460184548867 ], [ 106.596745067200743, -5.704606379381416 ], [ 106.596745067125724, -5.704606379456984 ], [ 106.59674121065882, -5.704610911560131 ], [ 106.596740568936113, -5.704612043709944 ], [ 106.596738643820728, -5.704615440159239 ], [ 106.596736074498779, -5.704619064470284 ], [ 106.596735324672366, -5.704619970846396 ], [ 106.59673157575908, -5.704624502726365 ], [ 106.596731575684103, -5.704624502817008 ], [ 106.596728364066436, -5.704629033115267 ], [ 106.596727079370268, -5.704630845270872 ], [ 106.596724830037957, -5.704633564398807 ], [ 106.596722579304696, -5.704635831458495 ], [ 106.596719200190321, -5.70463810149928 ], [ 106.596718073521188, -5.704638750568919 ], [ 106.596713565057698, -5.704640700839451 ], [ 106.596709054509645, -5.704641897530241 ], [ 106.596706799908048, -5.704642657390941 ], [ 106.596704546939534, -5.704644170802281 ], [ 106.596702749748005, -5.704647190106924 ], [ 106.596700054050942, -5.704651719063627 ], [ 106.596700053960973, -5.704651719176899 ], [ 106.596695549517079, -5.704655122671971 ], [ 106.596693295957579, -5.704656259295359 ], [ 106.596691042988965, -5.704657772706672 ], [ 106.596688794527779, -5.704660793263781 ], [ 106.596686543756746, -5.704663060361164 ], [ 106.596684293210743, -5.704665327231874 ], [ 106.596682040354906, -5.704666840642853 ], [ 106.596679469364801, -5.704669862095108 ], [ 106.596677541122432, -5.70467212825965 ], [ 106.596675290538855, -5.704674395168112 ], [ 106.596673039805211, -5.704676662227704 ], [ 106.596670789221605, -5.704678929136156 ], [ 106.596668537594397, -5.704680873160365 ], [ 106.596664031029874, -5.704683469367962 ], [ 106.596664030917239, -5.704683469443636 ], [ 106.596659524239641, -5.704686065576166 ], [ 106.596656144231559, -5.704688012732069 ], [ 106.596655017562242, -5.704688661801629 ], [ 106.596650510884601, -5.70469125795668 ], [ 106.596648257658771, -5.704692556095472 ], [ 106.596646004802707, -5.704694069506366 ], [ 106.596641499429055, -5.704697096327211 ], [ 106.596641499316419, -5.704697096402886 ], [ 106.596636995914025, -5.704700876698084 ], [ 106.596636245670553, -5.704701632383422 ], [ 106.596632494596236, -5.704705410665966 ], [ 106.596631744352749, -5.704706166351301 ], [ 106.596627991789504, -5.70470940635589 ], [ 106.596626705663624, -5.704710701810568 ], [ 106.596623491960472, -5.704714478601681 ], [ 106.596622849195313, -5.704715233988718 ], [ 106.596619637576566, -5.704719764377172 ], [ 106.596618995228212, -5.704720670454925 ], [ 106.596615394173753, -5.704724297629186 ], [ 106.596614493910138, -5.704725204422745 ], [ 106.596611494698891, -5.704728829926668 ], [ 106.59660999509326, -5.704730642678617 ], [ 106.596606617228659, -5.704733364938415 ], [ 106.596605491273777, -5.704734272358338 ], [ 106.596601890219162, -5.704737899532561 ], [ 106.59660098995549, -5.70473880632611 ], [ 106.596597388900818, -5.704742433500318 ], [ 106.596596489262453, -5.704743566365888 ], [ 106.596594241805036, -5.704746963709648 ], [ 106.596591992321208, -5.704749682837773 ], [ 106.59658974052418, -5.704751497677279 ], [ 106.596587488501456, -5.704753312517406 ], [ 106.596584110636599, -5.704756034777136 ], [ 106.596582984681646, -5.704756942197036 ], [ 106.596579383626732, -5.704760569371194 ], [ 106.596578483988324, -5.704761702236753 ], [ 106.596575107999286, -5.704765102712511 ], [ 106.596573982669597, -5.704766236204428 ], [ 106.59657060668053, -5.704769636680174 ], [ 106.596569481350812, -5.704770770172088 ], [ 106.596566782435431, -5.704774168768743 ], [ 106.596564985242836, -5.704777188073257 ], [ 106.596564237083456, -5.704778697308 ], [ 106.596561992700941, -5.704783225011977 ], [ 106.596560496429973, -5.704786243481344 ], [ 106.596559748270565, -5.704787752716087 ], [ 106.596557288979085, -5.704792281016499 ], [ 106.59655600428205, -5.704794093171966 ], [ 106.59655330349058, -5.704796813552543 ], [ 106.596551502129188, -5.704798325710216 ], [ 106.596548501249742, -5.704801348355288 ], [ 106.596547000810006, -5.704802859677815 ], [ 106.59654339808715, -5.704805883993154 ], [ 106.596542497406489, -5.704806640095943 ], [ 106.596538746330907, -5.704810418378226 ], [ 106.596537996087164, -5.704811174063508 ], [ 106.596534245011512, -5.704814952345775 ], [ 106.596533494469995, -5.704815600371351 ], [ 106.596528991439143, -5.704819488401002 ], [ 106.596528991364067, -5.704819488457721 ], [ 106.596524485354578, -5.704822326788102 ], [ 106.596522555547764, -5.704824027737426 ], [ 106.596519982472017, -5.704826295672464 ], [ 106.596517409395929, -5.704828563494474 ], [ 106.596515480258915, -5.704830506623393 ], [ 106.596512478188089, -5.704833098654981 ], [ 106.596510977152747, -5.704834394705967 ], [ 106.596506472350057, -5.704837636797802 ], [ 106.596506472259946, -5.704837636862648 ], [ 106.59650196781341, -5.704841040378383 ], [ 106.596500466331378, -5.704842174941088 ], [ 106.596497464260395, -5.704844766972633 ], [ 106.596495212782372, -5.70484671099608 ], [ 106.59649296204735, -5.704848978055338 ], [ 106.596490711462351, -5.704851244963459 ], [ 106.596488460727286, -5.70485351202271 ], [ 106.596486532483155, -5.704855778036263 ], [ 106.596483960300219, -5.704858368874748 ], [ 106.596482031162992, -5.704860312003613 ], [ 106.596479458980014, -5.704862902842089 ], [ 106.596477529842758, -5.704864845970946 ], [ 106.596474956766627, -5.70486711390588 ], [ 106.596472706162729, -5.704869380832867 ], [ 106.596470456339389, -5.704871970776719 ], [ 106.596468527202077, -5.704873913905562 ], [ 106.596465956209983, -5.704876935357412 ], [ 106.596464455769834, -5.704878446679835 ], [ 106.596461454889493, -5.704881469324691 ], [ 106.596459653527575, -5.704882981482212 ], [ 106.596456951484896, -5.704885249793858 ], [ 106.596452444061782, -5.704887522964984 ], [ 106.596452443911545, -5.70488752304076 ], [ 106.596447937231176, -5.704890119172326 ], [ 106.596445234294961, -5.704892064448531 ], [ 106.596443432932972, -5.704893576606024 ], [ 106.596440432052432, -5.70489659925082 ], [ 106.596438931612155, -5.704898110573208 ], [ 106.596435328888077, -5.704901134888186 ], [ 106.596434428207132, -5.704901890990885 ], [ 106.596430677130186, -5.70490566927282 ], [ 106.596429926886174, -5.704906424958034 ], [ 106.596426175809185, -5.704910203239955 ], [ 106.596425425565158, -5.704910958925168 ], [ 106.596420922250076, -5.704914739294619 ], [ 106.596420922160007, -5.704914739370229 ], [ 106.59641706568857, -5.704919271472442 ], [ 106.596416422401845, -5.704919838455536 ], [ 106.596412922611236, -5.704923804445367 ], [ 106.596411923685835, -5.704925314375967 ], [ 106.596410126457613, -5.704928333680437 ], [ 106.596408183017715, -5.704932860549143 ], [ 106.59640743427434, -5.704934154512307 ], [ 106.596405186338373, -5.704937390340688 ], [ 106.596402935632653, -5.704939657369553 ], [ 106.596400434246164, -5.704941925003654 ], [ 106.596398432605881, -5.704943574759799 ], [ 106.596395280910784, -5.704946460780086 ], [ 106.596393929863282, -5.704947594916197 ], [ 106.596389425465503, -5.704950998504897 ], [ 106.596389425415467, -5.704950998546135 ], [ 106.596384920245896, -5.704954141239056 ], [ 106.596382917905927, -5.704955538039332 ], [ 106.596380415076482, -5.704957283998572 ], [ 106.596375909001523, -5.704960078964981 ], [ 106.596375908945234, -5.704960079010346 ], [ 106.596371403454853, -5.704963105761163 ], [ 106.596368828293606, -5.704964620089831 ], [ 106.596366897547924, -5.704965981916272 ], [ 106.596362392538865, -5.704969159424857 ], [ 106.596362392474518, -5.704969159475281 ], [ 106.596357887741846, -5.7049724602503 ], [ 106.596356198426861, -5.704973698089275 ], [ 106.596353384272376, -5.704976217786903 ], [ 106.596350380612193, -5.704978235709421 ], [ 106.596348879129465, -5.704979370271907 ], [ 106.596344371902049, -5.704981769065613 ], [ 106.596342117880255, -5.704982780114194 ], [ 106.596339864426767, -5.704984078252904 ], [ 106.59633535962179, -5.704987320343982 ], [ 106.596335359531736, -5.70498732041959 ], [ 106.596330858284318, -5.704991854310787 ], [ 106.596330858209413, -5.704991854424017 ], [ 106.596327861495695, -5.704996384102477 ], [ 106.596326361888501, -5.704998196854115 ], [ 106.596323661094956, -5.705000917234165 ], [ 106.596321860565936, -5.70500273082085 ], [ 106.596318482698251, -5.705005453079755 ], [ 106.596317356742347, -5.705006360499382 ], [ 106.596312853031549, -5.70500999017758 ], [ 106.59631285291897, -5.705009990268327 ], [ 106.596308349095025, -5.705013619856386 ], [ 106.596306846986806, -5.705014528319809 ], [ 106.596303844021136, -5.705016797503774 ], [ 106.596300841054799, -5.705019066461687 ], [ 106.596299339571772, -5.705020200997149 ], [ 106.596294835273142, -5.70502360460311 ], [ 106.596294835123004, -5.705023604716549 ], [ 106.596291838408845, -5.705028134394943 ], [ 106.596290338801467, -5.705029947146539 ], [ 106.596288653578455, -5.705032664708361 ], [ 106.596286409222927, -5.705037192412025 ], [ 106.596285847481923, -5.705038098265959 ], [ 106.596283851297358, -5.705041720985823 ], [ 106.596281356212444, -5.705046249385242 ], [ 106.596281356162507, -5.705046249460739 ], [ 106.596277499689108, -5.705050781562551 ], [ 106.59627685692314, -5.705051536949426 ], [ 106.59627310584419, -5.705055315230872 ], [ 106.596272355078725, -5.705055882512132 ], [ 106.596267850629118, -5.705059286091466 ], [ 106.59626720734208, -5.705059853074477 ], [ 106.596263350933185, -5.705064385251427 ], [ 106.596263350868881, -5.705064385316201 ], [ 106.596258847758747, -5.705068273280371 ], [ 106.596257946779531, -5.705068921723206 ], [ 106.596254344053378, -5.705071946037598 ], [ 106.59625254269028, -5.70507345819478 ], [ 106.59624983975246, -5.70507540347048 ], [ 106.596246235835338, -5.705077997171397 ], [ 106.596245335153839, -5.70507875327394 ], [ 106.59624083183617, -5.705082533642657 ], [ 106.596240831746101, -5.705082533718266 ], [ 106.596236975272163, -5.705087065819957 ], [ 106.596236332922828, -5.705087971897556 ], [ 106.596233763595819, -5.70509159620777 ], [ 106.596231836600523, -5.705094314440433 ], [ 106.596230036070921, -5.705096128026987 ], [ 106.596227335276467, -5.705098848406831 ], [ 106.59622433105929, -5.705100665333441 ], [ 106.596222828950687, -5.705101573796743 ], [ 106.596218322624864, -5.705104299186647 ], [ 106.596216820516233, -5.705105207649938 ], [ 106.596213816298985, -5.705107024576511 ], [ 106.596209310123498, -5.70510974996595 ], [ 106.596209309973375, -5.70510975007939 ], [ 106.596204808761527, -5.705114283932359 ], [ 106.596204808648935, -5.705114284023105 ], [ 106.596200304198248, -5.705117687538659 ], [ 106.596199178867124, -5.705118821030229 ], [ 106.596195800998146, -5.705121543288755 ], [ 106.596194301390227, -5.705123356040246 ], [ 106.596191302174361, -5.705126981543246 ], [ 106.596190659824913, -5.705127887620825 ], [ 106.59618736759252, -5.705132418232065 ], [ 106.59618680513681, -5.705133065735499 ], [ 106.596182302100999, -5.705136953763741 ], [ 106.596182302025952, -5.705136953828545 ], [ 106.596177795342172, -5.705139549969618 ], [ 106.596174415329443, -5.70514149712386 ], [ 106.596173288435281, -5.705142065448723 ], [ 106.59616877929561, -5.705143773557133 ], [ 106.596164271831441, -5.705146046745815 ], [ 106.596164271718763, -5.705146046802639 ], [ 106.596159761462431, -5.705147351146525 ], [ 106.596155252992176, -5.705149301361498 ], [ 106.596152999763206, -5.705150599499142 ], [ 106.596150746308524, -5.705151897637407 ], [ 106.596146241501032, -5.705155139727646 ], [ 106.596146241410963, -5.705155139803254 ], [ 106.596141738299224, -5.70515902775615 ], [ 106.596140987756769, -5.705159675781453 ], [ 106.596137235187626, -5.705162915784387 ], [ 106.596135734150522, -5.705164211834854 ], [ 106.5961327320761, -5.705166803865392 ], [ 106.596130480595505, -5.705168747888085 ], [ 106.596128228964417, -5.705170691911192 ], [ 106.596125226889939, -5.70517328394171 ], [ 106.596123725852777, -5.705174579992159 ], [ 106.59611922104493, -5.705177822082278 ], [ 106.596119220954876, -5.705177822157887 ], [ 106.596114717545021, -5.705181602450941 ], [ 106.596113816863166, -5.705182358553371 ], [ 106.596110214135464, -5.705185382867256 ], [ 106.596108412771585, -5.705186895024187 ], [ 106.596105710725979, -5.705189163334941 ], [ 106.596103008679918, -5.705191431494974 ], [ 106.596101207316025, -5.705192943651891 ], [ 106.596096701935139, -5.705195970470307 ], [ 106.596096701822518, -5.70519597054598 ], [ 106.596092193351566, -5.705197920755652 ], [ 106.596087684880743, -5.705199871023055 ], [ 106.5960867839011, -5.70520051946573 ], [ 106.596083181173114, -5.705203543779516 ], [ 106.596080928538996, -5.705205057188516 ], [ 106.596078675679209, -5.705206570598136 ], [ 106.596075072951137, -5.705209594911894 ], [ 106.596074172685903, -5.705210501705041 ], [ 106.5960711734688, -5.705214127207741 ], [ 106.596069673026676, -5.70521563852965 ], [ 106.596066070298519, -5.70521866284338 ], [ 106.596065169616523, -5.705219418945765 ], [ 106.596060666296452, -5.70522319931369 ], [ 106.596060666206384, -5.705223199389299 ], [ 106.596056162795747, -5.705226979682096 ], [ 106.596055262113751, -5.705227735784473 ], [ 106.596051661052485, -5.705231362957019 ], [ 106.596050760787165, -5.705232269750149 ], [ 106.596047159725842, -5.705235896922683 ], [ 106.596046033769028, -5.705236804342015 ], [ 106.596042654648443, -5.705239074531224 ], [ 106.59603995260187, -5.705241342691092 ], [ 106.596038151237636, -5.705242854847898 ], [ 106.596035580241633, -5.705245876298878 ], [ 106.59603365110155, -5.705247819426997 ], [ 106.596030649026204, -5.705250411457246 ], [ 106.596029147542041, -5.705251546019261 ], [ 106.59602464152637, -5.705254384403825 ], [ 106.59602374032329, -5.705254952102297 ], [ 106.5960201348163, -5.705256971693664 ], [ 106.596015628022542, -5.705259496086761 ], [ 106.596015627932402, -5.705259496137255 ], [ 106.59601112035385, -5.70526176938824 ], [ 106.596006612887919, -5.705264042576108 ], [ 106.596006612775284, -5.70526404265178 ], [ 106.596002107280214, -5.705267069394695 ], [ 106.595999852326372, -5.705267784893406 ] ] ] } },
{ "type": "Feature", "properties": { "fid": 48.0, "ID": 47, "ELEV": -31.0 }, "geometry": { "type": "MultiLineString", "coordinates": [ [ [ 106.597031276952706, -5.705270241171608 ], [ 106.597035777819613, -5.705265707653636 ], [ 106.597035778270268, -5.705265707426341 ], [ 106.597040279362105, -5.70526117368172 ], [ 106.597040266851238, -5.705256652242397 ], [ 106.597035740739003, -5.705252143560434 ], [ 106.597031226911326, -5.705252156092341 ], [ 106.597028230203023, -5.705256685660228 ], [ 106.597026731849795, -5.705258950783236 ], [ 106.597025233495316, -5.705261215454158 ], [ 106.597026750614091, -5.705265732264166 ], [ 106.597026751066622, -5.705265732714965 ], [ 106.597031276952706, -5.705270241171608 ] ] ] } },
{ "type": "Feature", "properties": { "fid": 49.0, "ID": 48, "ELEV": -31.0 }, "geometry": { "type": "MultiLineString", "coordinates": [ [ [ 106.596792046567472, -5.705271810054106 ], [ 106.596793548675137, -5.705270901589452 ], [ 106.596796551639216, -5.705268632403116 ], [ 106.596799554603905, -5.705266363442814 ], [ 106.596801056711527, -5.705265454978146 ], [ 106.596805569914352, -5.705265216376021 ], [ 106.596810083742625, -5.705265203845856 ], [ 106.596814597570884, -5.705265191315657 ], [ 106.596819110356705, -5.70526480199878 ], [ 106.596823624184935, -5.705264789468511 ], [ 106.596828133843417, -5.705263269791598 ], [ 106.596830386362114, -5.70526175638047 ], [ 106.596832639332121, -5.705260242968086 ], [ 106.596835640211381, -5.705257220321325 ], [ 106.59683713856549, -5.705254955198607 ], [ 106.596838260768507, -5.705252691572172 ], [ 106.596838248259246, -5.705248170132402 ], [ 106.596838611902314, -5.705243647648437 ], [ 106.596839351584876, -5.705239124120587 ], [ 106.596841595952, -5.705234596415745 ], [ 106.596841583480341, -5.705230074975877 ], [ 106.596841570993647, -5.705225553536049 ], [ 106.596841558499449, -5.705221032096242 ], [ 106.59684090121533, -5.705216512446362 ], [ 106.596840243856008, -5.705211992796684 ], [ 106.596839828321251, -5.705207472475704 ], [ 106.596839000898271, -5.705202953298112 ], [ 106.596838110684772, -5.705198434294818 ], [ 106.596836969692433, -5.705193916213718 ], [ 106.596836969466139, -5.705193915988303 ], [ 106.59683244335568, -5.705189407304147 ], [ 106.596832443129387, -5.705189407078731 ], [ 106.596827921188051, -5.70518640531507 ], [ 106.59682642491822, -5.705189423784994 ], [ 106.596826587862353, -5.705193944807198 ], [ 106.596826449904441, -5.705198466664689 ], [ 106.596823450099578, -5.705201866070944 ], [ 106.596822888984988, -5.705202998024152 ], [ 106.596818948155487, -5.705206174000161 ], [ 106.596817984663758, -5.70520753311281 ], [ 106.596814447569969, -5.705210973016738 ], [ 106.596813732484407, -5.705212066391146 ], [ 106.596809947525088, -5.705215967475136 ], [ 106.596809254840551, -5.705216600295342 ], [ 106.596805444416447, -5.705219854545049 ], [ 106.596801996224627, -5.705221141919282 ], [ 106.596800936398026, -5.705221966961818 ], [ 106.59679642780101, -5.705223870255748 ], [ 106.596791916819924, -5.705224911818052 ], [ 106.596787405238871, -5.705225703897102 ], [ 106.596787405148746, -5.705225703953865 ], [ 106.596782898269794, -5.705228228295709 ], [ 106.596780646971766, -5.705230244131932 ], [ 106.596778398340504, -5.705233264690296 ], [ 106.596777499727253, -5.705234774342946 ], [ 106.596776408830522, -5.705239298845777 ], [ 106.596774916793663, -5.705243824462131 ], [ 106.596773922038651, -5.705246841539883 ], [ 106.596773424661151, -5.70524835007875 ], [ 106.596772649016671, -5.705252873706485 ], [ 106.596771694386888, -5.705257397831064 ], [ 106.596772158203265, -5.705261918018199 ], [ 106.596773976242773, -5.705266434220114 ], [ 106.596773976393848, -5.705266434445738 ], [ 106.596778502580179, -5.705270943205434 ], [ 106.596778503031871, -5.705270943354884 ], [ 106.596783018910742, -5.705271835114146 ], [ 106.596787534406971, -5.705272425442792 ], [ 106.596792046567472, -5.705271810054106 ] ] ] } },
{ "type": "Feature", "properties": { "fid": 50.0, "ID": 49, "ELEV": -31.0 }, "geometry": { "type": "MultiLineString", "coordinates": [ [ [ 106.597017817684019, -5.705299991535113 ], [ 106.597022324250219, -5.705297395323892 ], [ 106.597022324362896, -5.705297395267069 ], [ 106.597026828807955, -5.705293991712137 ], [ 106.597027954137246, -5.705292858219313 ], [ 106.597029822388038, -5.705288331558325 ], [ 106.597030411720908, -5.705283808448061 ], [ 106.597031301749979, -5.70527928450296 ], [ 106.597026775637559, -5.705274775820957 ], [ 106.597022261809485, -5.7052747882775 ], [ 106.597017747981511, -5.70527480077167 ], [ 106.597013234153621, -5.705274813303485 ], [ 106.597013233927655, -5.705274813191091 ], [ 106.597008711984969, -5.705271811429311 ], [ 106.597007805049188, -5.705270306789204 ], [ 106.597004181476578, -5.705265795488209 ], [ 106.597004181363445, -5.705265795375502 ], [ 106.596999655138177, -5.705261286580488 ], [ 106.596999654912196, -5.705261286468095 ], [ 106.596995132969695, -5.705258284706156 ], [ 106.596990619141891, -5.705258297237756 ], [ 106.596986113880035, -5.705261324061662 ], [ 106.596986113655618, -5.705261324514338 ], [ 106.596984621555535, -5.705265849678914 ], [ 106.596983129456689, -5.705270375295541 ], [ 106.596983141967158, -5.705274896734986 ], [ 106.596983906895133, -5.705279416085522 ], [ 106.596985047749797, -5.705283934392379 ], [ 106.596986188716045, -5.705288452246863 ], [ 106.596986188942964, -5.705288452698288 ], [ 106.596988458367534, -5.705292967871906 ], [ 106.596990727565228, -5.705297482594081 ], [ 106.596995241393969, -5.705297470288403 ], [ 106.596999755222072, -5.70529745775668 ], [ 106.59700426905016, -5.705297445224923 ], [ 106.597004269201221, -5.705297445450547 ], [ 106.597008795389172, -5.705301954207855 ], [ 106.597013307132499, -5.70530118822953 ], [ 106.597017817684019, -5.705299991535113 ] ] ] } },
{ "type": "Feature", "properties": { "fid": 51.0, "ID": 50, "ELEV": -26.0 }, "geometry": { "type": "MultiLineString", "coordinates": [ [ [ 106.597089688895451, -5.704357589495358 ], [ 106.597087436029668, -5.704359008689759 ], [ 106.597087435894892, -5.704359008916178 ], [ 106.597085937542019, -5.704361273586604 ], [ 106.597082934583227, -5.704363542772879 ], [ 106.597080684040051, -5.704365809644401 ], [ 106.597078433271818, -5.704368076742585 ], [ 106.597076633997844, -5.704370342361381 ], [ 106.597073938289839, -5.704374871318739 ], [ 106.597073938215033, -5.704374871469649 ], [ 106.597071693888651, -5.704379399023274 ], [ 106.597069449487449, -5.704383926727811 ], [ 106.59706944941253, -5.70438392684104 ], [ 106.597065850864723, -5.704388458191638 ], [ 106.597064950602388, -5.704389364985569 ], [ 106.597060446901665, -5.704392994667034 ], [ 106.59706044678903, -5.704392994742705 ], [ 106.597055941307332, -5.70439602149052 ], [ 106.597053688679381, -5.704397534901775 ], [ 106.597051434783424, -5.704398671553988 ], [ 106.597046927216823, -5.70440094474997 ], [ 106.597045425737164, -5.704402079313493 ], [ 106.597042423671155, -5.704404671346595 ], [ 106.597040172196884, -5.70440661537121 ], [ 106.597037922716524, -5.70440933450015 ], [ 106.597036423113082, -5.704411147252623 ], [ 106.597033426483208, -5.704415677045268 ], [ 106.597033426408302, -5.704415677158499 ], [ 106.597029827860013, -5.704420208509 ], [ 106.597028927597563, -5.704421115302902 ], [ 106.597025326547751, -5.704424742478523 ], [ 106.597024426285287, -5.704425649272422 ], [ 106.597019922583996, -5.704429278953716 ], [ 106.597019922471418, -5.704429279044462 ], [ 106.597015421249026, -5.704433812923265 ], [ 106.597015421159071, -5.704433813036535 ], [ 106.59701182261054, -5.704438344386993 ], [ 106.597010922348034, -5.704439251180882 ], [ 106.597007321297994, -5.704442878356453 ], [ 106.597006421660922, -5.704444011222318 ], [ 106.597004174207044, -5.704447408566713 ], [ 106.597001929786302, -5.704451936271251 ], [ 106.597001929730126, -5.70445193636184 ], [ 106.596998180744663, -5.704456468152457 ], [ 106.596997430918904, -5.704457374528742 ], [ 106.59699382986868, -5.704461001704279 ], [ 106.596992929606103, -5.704461908498157 ], [ 106.596989328555821, -5.704465535673681 ], [ 106.596988427876354, -5.704466291776865 ], [ 106.596983922691564, -5.704469426211495 ], [ 106.596982796023156, -5.704470075281479 ], [ 106.596979414826535, -5.704471591857291 ], [ 106.59697490465301, -5.704472923067888 ], [ 106.596971523977558, -5.704474628045456 ], [ 106.596970397309136, -5.704475277115424 ], [ 106.596965894284196, -5.704479165146974 ], [ 106.596965894209276, -5.704479165260205 ], [ 106.596963649863056, -5.704483692851475 ], [ 106.596962533886654, -5.704488217423589 ], [ 106.596961411658882, -5.704490481388911 ], [ 106.596960128214306, -5.704492745575703 ], [ 106.596956914514664, -5.704496522367755 ], [ 106.596956013835111, -5.704497278470912 ], [ 106.596952409925279, -5.704499872174407 ], [ 106.596947899677104, -5.704501176526314 ], [ 106.596945644778742, -5.704501828728026 ], [ 106.596943389031935, -5.704502337386268 ], [ 106.596938877989643, -5.704503354701475 ], [ 106.596934367815692, -5.704504685911848 ], [ 106.596930987139899, -5.704506390889263 ], [ 106.596929861811475, -5.704507524381548 ], [ 106.5969276143569, -5.704510921725833 ], [ 106.596926122206568, -5.704515447342147 ], [ 106.596925376133754, -5.704517710376343 ], [ 106.596924630059689, -5.704519972958455 ], [ 106.596922686602326, -5.704524499827509 ], [ 106.596920886076759, -5.704526313415158 ], [ 106.596917508215057, -5.704529035676053 ], [ 106.596916382261156, -5.704529943096344 ], [ 106.596911875943832, -5.70453266848957 ], [ 106.596910373838043, -5.704533576953968 ], [ 106.59690736962645, -5.704535393882755 ], [ 106.596902863459476, -5.704538119275517 ], [ 106.596902863309282, -5.704538119366368 ], [ 106.596898355741047, -5.704540392638131 ], [ 106.596893845045372, -5.704541535414319 ], [ 106.596889334801247, -5.704542678302245 ], [ 106.596889334350593, -5.704542678529539 ], [ 106.596884833261271, -5.704547212271851 ], [ 106.596884845694149, -5.704551733711837 ], [ 106.596884845544949, -5.704551734164304 ], [ 106.596883729596172, -5.704556258284333 ], [ 106.596881485192966, -5.704560785988714 ], [ 106.596880362991982, -5.704563050066946 ], [ 106.596878864637873, -5.704565314737193 ], [ 106.596875868156488, -5.704569844529146 ], [ 106.596875867931459, -5.704569844755814 ], [ 106.596871354108771, -5.704569857284972 ], [ 106.59686684445478, -5.704571376734651 ], [ 106.596862335843724, -5.704573273197007 ], [ 106.596860834363127, -5.704574407733319 ], [ 106.596857831402247, -5.70457667691896 ], [ 106.596854828440712, -5.70457894587855 ], [ 106.596853326960087, -5.704580080414852 ], [ 106.59684995097389, -5.704583480891493 ], [ 106.596848825645154, -5.704584614383704 ], [ 106.596846126732345, -5.704588012980988 ], [ 106.596844329541767, -5.704591032285824 ], [ 106.596843205255311, -5.70459254256468 ], [ 106.596839827392827, -5.704595264825326 ], [ 106.596837575597306, -5.704597079665425 ], [ 106.596835322146731, -5.704598377805359 ], [ 106.596830815470895, -5.704600973961409 ], [ 106.596829914493156, -5.704601622404765 ], [ 106.596826311773242, -5.704604646721132 ], [ 106.596824510413256, -5.704606158879302 ], [ 106.596821809624046, -5.70460887926056 ], [ 106.596820310019439, -5.704610692012794 ], [ 106.596817310810181, -5.704614317517273 ], [ 106.596816560983953, -5.704615223893454 ], [ 106.596813456845695, -5.704619753984099 ], [ 106.596812814497767, -5.704620660061956 ], [ 106.59680981528841, -5.704624285566425 ], [ 106.596808316934812, -5.70462655057567 ], [ 106.596806517659019, -5.704628816194123 ], [ 106.596803816869624, -5.704631536575344 ], [ 106.596802016343347, -5.704633350162812 ], [ 106.596799315553895, -5.704636070544024 ], [ 106.596797063758089, -5.704637885384042 ], [ 106.59679481090275, -5.704639398795353 ], [ 106.596790305530547, -5.704642425617034 ], [ 106.596790305417898, -5.704642425681942 ], [ 106.596785800528124, -5.704645667710785 ], [ 106.596784299493976, -5.704646963762184 ], [ 106.596781298616648, -5.704649986407926 ], [ 106.596780013086814, -5.704651497134281 ], [ 106.596776801544991, -5.704656027522967 ], [ 106.596776801469971, -5.704656027598533 ], [ 106.596772298366801, -5.704659915554157 ], [ 106.59677165530411, -5.704660563281598 ], [ 106.596767798901922, -5.704665095460138 ], [ 106.596767798837647, -5.704665095535673 ], [ 106.596763942370686, -5.704669627639024 ], [ 106.596763299605811, -5.704670383026156 ], [ 106.596759548532702, -5.704674161309242 ], [ 106.59675879799164, -5.704674809334992 ], [ 106.596754291761499, -5.704677566978941 ], [ 106.596752489358906, -5.704678702377284 ], [ 106.596749790445102, -5.704682100974385 ], [ 106.596748890807177, -5.704683233840084 ], [ 106.596745289753926, -5.704686861014872 ], [ 106.596743787647426, -5.704687769479014 ], [ 106.596740782600591, -5.704689284977958 ], [ 106.59673627175458, -5.704690374039673 ], [ 106.596731761901154, -5.704691821935161 ], [ 106.596729506604547, -5.704692330591567 ], [ 106.596727251968346, -5.704693241144355 ], [ 106.596724252758094, -5.704696866648623 ], [ 106.596722760721718, -5.704701392264642 ], [ 106.596722760658494, -5.704701392716871 ], [ 106.596722128314823, -5.704705915494733 ], [ 106.596720528834737, -5.704710441408969 ], [ 106.596718281227808, -5.704713838753396 ], [ 106.59671738158977, -5.704714971619076 ], [ 106.596713783127825, -5.704719503081543 ], [ 106.596713783037814, -5.704719503172226 ], [ 106.596709277551412, -5.704722529903437 ], [ 106.596706272504264, -5.704724045402275 ], [ 106.596704769980761, -5.704724803175649 ], [ 106.596700263005417, -5.704727291671406 ], [ 106.59669800977963, -5.704728589810399 ], [ 106.596695759008455, -5.704730856907876 ], [ 106.596693959731908, -5.704733122526183 ], [ 106.596691264034547, -5.704737651482965 ], [ 106.596691263944578, -5.704737651596237 ], [ 106.596686762739665, -5.704742185451165 ], [ 106.596686762627073, -5.704742185541912 ], [ 106.59668225922475, -5.704745965822399 ], [ 106.596681358544416, -5.704746721925332 ], [ 106.596678888447869, -5.704751250255947 ], [ 106.596677766245818, -5.704753514334096 ], [ 106.596676644042518, -5.704755777960162 ], [ 106.596673268054246, -5.704759178436325 ], [ 106.596672142724813, -5.704760311928376 ], [ 106.596668764860468, -5.704763034188503 ], [ 106.596666964333366, -5.704764847775771 ], [ 106.596664262292194, -5.704767116088018 ], [ 106.596661560250567, -5.704769384249539 ], [ 106.596659757500049, -5.704770394046505 ], [ 106.59665524871258, -5.704772227648339 ], [ 106.596651868034172, -5.704773932624768 ], [ 106.596650742704668, -5.704775066116798 ], [ 106.596648817588388, -5.704778462566074 ], [ 106.596646250841886, -5.704782991164899 ], [ 106.596646250766867, -5.704782991240466 ], [ 106.596641747363989, -5.704786771535871 ], [ 106.596640997120431, -5.704787527221243 ], [ 106.596637246045773, -5.704791305503954 ], [ 106.596636495802215, -5.704792061189322 ], [ 106.596632744727486, -5.704795839472021 ], [ 106.596631844046996, -5.704796595574913 ], [ 106.59662824013364, -5.704799189277279 ], [ 106.596626310997195, -5.70480113240644 ], [ 106.596623738815225, -5.704803723245313 ], [ 106.596622239534952, -5.70480566518144 ], [ 106.596620245950206, -5.704810192189478 ], [ 106.59661925119444, -5.704813209267022 ], [ 106.596618691121691, -5.70481471797979 ], [ 106.596616043744177, -5.704819246802369 ], [ 106.596614759047313, -5.704821058957929 ], [ 106.596612058256127, -5.704823779338738 ], [ 106.596610257728642, -5.704825592925929 ], [ 106.596606879863614, -5.704828315185874 ], [ 106.596605753908591, -5.704829222605849 ], [ 106.596601250201317, -5.704832852285432 ], [ 106.596601250088682, -5.704832852361103 ], [ 106.596596743766995, -5.704835577677554 ], [ 106.596594491969725, -5.704837392517162 ], [ 106.596592239946773, -5.704839207357392 ], [ 106.59658773377565, -5.704841932748738 ], [ 106.596587733625512, -5.704841932862176 ], [ 106.596583229179529, -5.704845336356946 ], [ 106.596582103849755, -5.704846469848918 ], [ 106.596578727860404, -5.704849870324819 ], [ 106.596577602530616, -5.704851003816784 ], [ 106.596574226541208, -5.704854404292674 ], [ 106.596573101211391, -5.704855537784637 ], [ 106.596569725221926, -5.704858938260514 ], [ 106.596568599892095, -5.704860071752472 ], [ 106.596565223902573, -5.704863472228339 ], [ 106.596563722420584, -5.704864606764239 ], [ 106.596560719456903, -5.704866875949056 ], [ 106.596557716492583, -5.70486914490782 ], [ 106.596556215010565, -5.704870279443712 ], [ 106.596553516094772, -5.704873678040445 ], [ 106.596551716817885, -5.70487594388462 ], [ 106.596549466270602, -5.704878210755163 ], [ 106.596547215498262, -5.704880477852377 ], [ 106.596544964950951, -5.704882744722915 ], [ 106.596542712927643, -5.704884559563041 ], [ 106.596539335061905, -5.70488728182277 ], [ 106.59653820868985, -5.704888038551949 ], [ 106.59653370537589, -5.704891818922028 ], [ 106.596533705285822, -5.704891818997638 ], [ 106.59652920188131, -5.704895599292593 ], [ 106.596528301200522, -5.704896355395403 ], [ 106.596524698477083, -5.704899379710806 ], [ 106.596523198037076, -5.704900891033352 ], [ 106.596520197157048, -5.704903913678457 ], [ 106.596518696717041, -5.704905425000999 ], [ 106.59651569583697, -5.704908447646095 ], [ 106.596514195396907, -5.704909958968631 ], [ 106.596511196184252, -5.704913584472451 ], [ 106.596510295920226, -5.70491449126597 ], [ 106.596506694864019, -5.704918118440057 ], [ 106.596505794599963, -5.704919025233574 ], [ 106.596502191876255, -5.704922049548906 ], [ 106.596500691436134, -5.704923560871427 ], [ 106.596497692223323, -5.70492718637522 ], [ 106.596496942396215, -5.70492809275123 ], [ 106.596493189830838, -5.704931332755529 ], [ 106.596491903704234, -5.704932628210119 ], [ 106.596488692148, -5.704937158598254 ], [ 106.596488692083781, -5.704937158688866 ], [ 106.596484190853204, -5.704941692565708 ], [ 106.596484190763178, -5.704941692656392 ], [ 106.596479687357899, -5.704945472936076 ], [ 106.596478786676954, -5.704946229038845 ], [ 106.596475182761907, -5.704948822740694 ], [ 106.596472479825593, -5.704950768017077 ], [ 106.59647067786814, -5.704952064903186 ], [ 106.5964661730644, -5.704955306995015 ], [ 106.596466172974374, -5.704955307085698 ], [ 106.596461671743469, -5.70495984096245 ], [ 106.596461671653444, -5.704959841053136 ], [ 106.596457170422468, -5.704964374929872 ], [ 106.596457170332499, -5.704964375043143 ], [ 106.596452669123963, -5.704968908897213 ], [ 106.596452669011384, -5.70496890898796 ], [ 106.596448165188875, -5.704972538576783 ], [ 106.596447039233297, -5.704973445996591 ], [ 106.59644366136655, -5.704976168256018 ], [ 106.5964414095682, -5.704977983095309 ], [ 106.596439156710474, -5.70497949650584 ], [ 106.596435553986012, -5.704982520820952 ], [ 106.596434653721744, -5.704983427614415 ], [ 106.596431052664627, -5.704987054788274 ], [ 106.596430153025608, -5.704988187653772 ], [ 106.596427454108564, -5.70499158625026 ], [ 106.596425653579971, -5.704993399837172 ], [ 106.596422952787037, -5.704996120217555 ], [ 106.596421151424707, -5.704997632375078 ], [ 106.596418150543656, -5.705000655019931 ], [ 106.596416650936803, -5.705002467771728 ], [ 106.596414401601734, -5.705005186899229 ], [ 106.596412153991992, -5.705008584243251 ], [ 106.596411254352915, -5.705009717108737 ], [ 106.5964076532955, -5.705013344282532 ], [ 106.596406527339781, -5.705014251702299 ], [ 106.596403149472593, -5.705016973961609 ], [ 106.596400145256581, -5.705018790888867 ], [ 106.596398642731785, -5.705019548661763 ], [ 106.596394136199208, -5.70502219867133 ], [ 106.596393236560075, -5.705023331536803 ], [ 106.596389635502447, -5.70502695871054 ], [ 106.596388735238037, -5.705027865503968 ], [ 106.596385132512992, -5.705030889818919 ], [ 106.596383331150463, -5.705032401976381 ], [ 106.596380629106832, -5.705034670287938 ], [ 106.596378700861763, -5.705036936301402 ], [ 106.596376129868588, -5.70503995775317 ], [ 106.596374844336864, -5.705041468479142 ], [ 106.596371632789896, -5.705045998867002 ], [ 106.596371632714934, -5.705045998957645 ], [ 106.596367883720802, -5.705050530746526 ], [ 106.596367133893324, -5.705051437122465 ], [ 106.596363532835355, -5.705055064296128 ], [ 106.596362633196122, -5.705056197161585 ], [ 106.596359934278368, -5.705059595757951 ], [ 106.596358133749362, -5.705061409344766 ], [ 106.596355432955789, -5.705064129725001 ], [ 106.596353631593075, -5.70506564188242 ], [ 106.59635002886759, -5.705068666197264 ], [ 106.596349128603052, -5.705069572990664 ], [ 106.596346129388579, -5.705073198494127 ], [ 106.596344628947662, -5.705074709816458 ], [ 106.596341026222078, -5.705077734131274 ], [ 106.596340125540749, -5.705078490233931 ], [ 106.596335622223904, -5.705082270603216 ], [ 106.596335622133807, -5.705082270668062 ], [ 106.59633111612122, -5.705085108989658 ], [ 106.596329186313, -5.705086809938723 ], [ 106.596326614128415, -5.705089400776969 ], [ 106.5963243626489, -5.705091344800159 ], [ 106.596322113162614, -5.70509406392793 ], [ 106.596320312633367, -5.705095877514688 ], [ 106.596317610589182, -5.705098145826093 ], [ 106.596314908544571, -5.705100413986775 ], [ 106.596313106586251, -5.705101710872613 ], [ 106.596308601780336, -5.705104952963767 ], [ 106.596308601690282, -5.705104953039376 ], [ 106.596304096793816, -5.705108195055397 ], [ 106.596302294835453, -5.705109491941217 ], [ 106.596299591897733, -5.705111437217147 ], [ 106.596295085327924, -5.705114033423222 ], [ 106.596295085215289, -5.705114033498894 ], [ 106.59629058031868, -5.70511727551485 ], [ 106.596288327090249, -5.705118573652905 ], [ 106.5962860742315, -5.705120087063098 ], [ 106.596281566655463, -5.705122360285392 ], [ 106.596280440282555, -5.705123117014282 ], [ 106.596277062414075, -5.705125839273185 ], [ 106.59627481061456, -5.705127654112123 ], [ 106.596272561923925, -5.705130674669304 ], [ 106.596271813763479, -5.705132183903991 ], [ 106.596269569377753, -5.705136711607801 ], [ 106.596268077337314, -5.705141237223889 ], [ 106.596268077273237, -5.705141237374768 ], [ 106.596266155279451, -5.705145764033256 ], [ 106.596263588528643, -5.705150292631615 ], [ 106.596263588453724, -5.705150292744845 ], [ 106.596259989895088, -5.70515482409339 ], [ 106.59625909129754, -5.705156333745532 ], [ 106.596256842832403, -5.705159354302078 ], [ 106.596254592057804, -5.705161621398751 ], [ 106.596252341508233, -5.705163888268749 ], [ 106.596250090733591, -5.705166155365415 ], [ 106.596247087766358, -5.705168424323312 ], [ 106.59624558628289, -5.705169558858769 ], [ 106.596241081982882, -5.705172962464704 ], [ 106.596241081832687, -5.705172962555555 ], [ 106.596236576935254, -5.705176204556221 ], [ 106.596234774976494, -5.705177501441926 ], [ 106.596232072931585, -5.705179769753126 ], [ 106.596227565505103, -5.705182042923358 ], [ 106.596227565354909, -5.705182043014209 ], [ 106.596223059861956, -5.705185069743289 ], [ 106.596220807228434, -5.705186583152713 ], [ 106.596218553773866, -5.705187881291238 ], [ 106.596214043517449, -5.705189185621728 ], [ 106.596209535197843, -5.705191135907136 ], [ 106.596209535047606, -5.705191135982913 ], [ 106.596205029554511, -5.70519416272697 ], [ 106.596203228190959, -5.705195674884134 ], [ 106.596200527396007, -5.705198395264009 ], [ 106.596198726866035, -5.705200208850579 ], [ 106.596196026071055, -5.705202929230444 ], [ 106.596194225541041, -5.705204742817006 ], [ 106.596191524746033, -5.705207463196862 ], [ 106.596189272945907, -5.705209278035624 ], [ 106.596187020920112, -5.705211092875009 ], [ 106.596182514743774, -5.70521381826449 ], [ 106.596182514593636, -5.705213818377929 ], [ 106.596178010142083, -5.705217221870964 ], [ 106.596175756579115, -5.705218358493203 ], [ 106.596173501939603, -5.70521926904462 ], [ 106.596168995612672, -5.705221994434451 ], [ 106.596167493503671, -5.705222902897717 ], [ 106.596164487856754, -5.705224203123297 ], [ 106.596159981172335, -5.705226799276242 ], [ 106.596159080192763, -5.70522744771902 ], [ 106.596155476274305, -5.705230041419735 ], [ 106.596153224793611, -5.70523198544256 ], [ 106.596150973162466, -5.705233929465799 ], [ 106.596147369243923, -5.705236523166483 ], [ 106.596146468264322, -5.70523717160925 ], [ 106.596141963365994, -5.705240413699889 ], [ 106.596141062386394, -5.70524106214265 ], [ 106.596137458467766, -5.705243655843296 ], [ 106.596134755528752, -5.705245601118777 ], [ 106.596132954998424, -5.705247414705235 ], [ 106.596129577128437, -5.705250136963659 ], [ 106.596128451171765, -5.705251044383124 ], [ 106.596123947457883, -5.705254674060679 ], [ 106.596123947345362, -5.705254674174014 ], [ 106.596119446131851, -5.705259208026797 ], [ 106.596119446019316, -5.705259208140132 ], [ 106.596114942192159, -5.70526283770494 ], [ 106.596113440082974, -5.705263746168118 ], [ 106.596110435864546, -5.705265563094465 ], [ 106.596107057994331, -5.705268285352811 ], [ 106.596105932037588, -5.705269192772253 ], [ 106.596101428323422, -5.70527282244971 ], [ 106.596101428210829, -5.705272822540457 ], [ 106.596096922716356, -5.705275849268921 ], [ 106.596093917664234, -5.705277364765785 ], [ 106.596092415138244, -5.705278122538173 ], [ 106.59608790922708, -5.705280998618351 ], [ 106.59608678327028, -5.70528190603777 ], [ 106.596083404149709, -5.705284176227241 ], [ 106.596081153561428, -5.705286443134653 ], [ 106.596078902823095, -5.705288710193192 ], [ 106.596076652234785, -5.705290977100594 ], [ 106.596074404622044, -5.70529437444413 ], [ 106.596073504981874, -5.705295507309388 ], [ 106.596069903920466, -5.705299134482127 ], [ 106.596068401811067, -5.705300042945229 ], [ 106.596065396758732, -5.705301558442001 ], [ 106.596060891376908, -5.705304585260415 ], [ 106.596060891264273, -5.705304585336088 ], [ 106.596056387436462, -5.705308214938295 ], [ 106.596055487171057, -5.705309121731464 ], [ 106.596054136773049, -5.705310481955719 ], [ 106.596053687913539, -5.705311387461889 ] ] ] } },
{ "type": "Feature", "properties": { "fid": 52.0, "ID": 51, "ELEV": -27.0 }, "geometry": { "type": "MultiLineString", "coordinates": [ [ [ 106.597136310241211, -5.70440408775252 ], [ 106.597135413743388, -5.70440635097828 ], [ 106.597132712956736, -5.704409071360343 ], [ 106.597131213353663, -5.70441088411298 ], [ 106.597128214147503, -5.70441450961827 ], [ 106.597127464322043, -5.704415415994654 ], [ 106.597125219945184, -5.704419943699252 ], [ 106.597123723677981, -5.704422962169034 ], [ 106.597122825083673, -5.70442447182161 ], [ 106.5971192240346, -5.704428098997659 ], [ 106.597118098081268, -5.704429006418205 ], [ 106.597114718970502, -5.70443127661127 ], [ 106.59711021155448, -5.70443354978587 ], [ 106.597110211404242, -5.704433549861646 ], [ 106.597105705088666, -5.704436275180575 ], [ 106.597103453294764, -5.704438090021318 ], [ 106.597101200441202, -5.704439603433396 ], [ 106.597097597723945, -5.704442627750796 ], [ 106.597096697461595, -5.704443534544784 ], [ 106.597093096412237, -5.704447161720747 ], [ 106.597092196775364, -5.704448294586701 ], [ 106.597089497864701, -5.704451693184562 ], [ 106.597087700675843, -5.704454712489697 ], [ 106.597086802081407, -5.704456222142256 ], [ 106.597083203624067, -5.704460753605809 ], [ 106.597083203534098, -5.704460753719082 ], [ 106.597079604986121, -5.704465285069858 ], [ 106.597078704723714, -5.704466191863833 ], [ 106.597075103674101, -5.704469819039752 ], [ 106.597074202994776, -5.704470575143041 ], [ 106.597069697512751, -5.704473601918541 ], [ 106.59706857114233, -5.70447435864835 ], [ 106.597065192031067, -5.704476628841249 ], [ 106.597062489992609, -5.704478897003855 ], [ 106.59706068946771, -5.704480710591781 ], [ 106.597057988680348, -5.704483430973681 ], [ 106.597056191491234, -5.704486450278788 ], [ 106.59705529289667, -5.704487959931334 ], [ 106.597053198955848, -5.704492487218264 ], [ 106.597051702688148, -5.704495505688008 ], [ 106.597050804093556, -5.704497015340555 ], [ 106.597047205635704, -5.704501546804027 ], [ 106.597047205545735, -5.704501546917297 ], [ 106.597042704345725, -5.70450608077375 ], [ 106.597042704233132, -5.704506080864496 ], [ 106.597038200418424, -5.704509710455949 ], [ 106.597036698312976, -5.704510618920603 ], [ 106.597033693268116, -5.704512134420613 ], [ 106.597029185700748, -5.704514407646661 ], [ 106.597028059330199, -5.704515164376426 ], [ 106.597024681469222, -5.704517886637793 ], [ 106.597022880944081, -5.704519700225665 ], [ 106.597020185235223, -5.704524229183062 ], [ 106.597020185160616, -5.704524229409312 ], [ 106.597018907970508, -5.704528754202909 ], [ 106.597017630851312, -5.704533279222354 ], [ 106.597015708940447, -5.704537806031717 ], [ 106.597015708865527, -5.704537806144948 ], [ 106.597012110316584, -5.704542337495574 ], [ 106.597011210679412, -5.704543470361483 ], [ 106.59700783469458, -5.704546870838737 ], [ 106.597006708026072, -5.704547519908802 ], [ 106.597002198671461, -5.704549147277679 ], [ 106.596997686412578, -5.704549724890787 ], [ 106.596993175717628, -5.704550867807691 ], [ 106.596992048825697, -5.704551436133621 ], [ 106.596988670964336, -5.70455415839488 ], [ 106.596987171360468, -5.704555971147366 ], [ 106.596985464353139, -5.704560497360159 ], [ 106.596984187238604, -5.704565022379603 ], [ 106.596984187163798, -5.704565022530512 ], [ 106.596981491378827, -5.704569551337372 ], [ 106.596979694189102, -5.704572570642419 ], [ 106.596978569903101, -5.704574080921433 ], [ 106.596976325500719, -5.704578608625993 ], [ 106.596975201214718, -5.704580118905003 ], [ 106.596970695957054, -5.704583145727398 ], [ 106.596970695731599, -5.704583145803382 ], [ 106.596966186078419, -5.704584665404481 ], [ 106.596961674340818, -5.704585431583011 ], [ 106.59695716468751, -5.704586951160096 ], [ 106.596956038316705, -5.704587707889782 ], [ 106.596952660454946, -5.704590430150934 ], [ 106.59695085992935, -5.704592243738704 ], [ 106.596948161017252, -5.704595642336306 ], [ 106.596947261379881, -5.704596775202172 ], [ 106.59694456559491, -5.704601304159678 ], [ 106.596943669085306, -5.704603567611495 ], [ 106.596942923011312, -5.704605830193636 ], [ 106.596940979553992, -5.704610357062779 ], [ 106.596939180279492, -5.70461262290753 ], [ 106.596936929734909, -5.704614889778901 ], [ 106.59693467771406, -5.704616704619941 ], [ 106.596931299852045, -5.704619426881038 ], [ 106.596930173481141, -5.704620183610703 ], [ 106.596925670172197, -5.704623963982583 ], [ 106.596925670082243, -5.704623964095855 ], [ 106.596922071532077, -5.704628495446253 ], [ 106.596921171894621, -5.704629628312106 ], [ 106.596917795908709, -5.704633028789109 ], [ 106.596916669537762, -5.704633785518758 ], [ 106.596912163636645, -5.704636661602901 ], [ 106.596911037682574, -5.704637569023239 ], [ 106.596907659820303, -5.70464029128426 ], [ 106.596904655608242, -5.704642108213188 ], [ 106.596903153502197, -5.704643016677647 ], [ 106.596898647184048, -5.704645742071023 ], [ 106.596897145077989, -5.704646650535471 ], [ 106.596894139436415, -5.70464795076359 ], [ 106.596889631420424, -5.704650062470803 ], [ 106.596886625332075, -5.704651201210655 ], [ 106.596885122511253, -5.704651851324697 ], [ 106.596880615239868, -5.704654232209728 ], [ 106.596877610193729, -5.704655747709237 ], [ 106.596876108713005, -5.704656882245639 ], [ 106.596873409800182, -5.704660280843092 ], [ 106.596871616854287, -5.70466480729441 ], [ 106.596871616779381, -5.70466480740764 ], [ 106.596868018228534, -5.704669338757881 ], [ 106.596867118590893, -5.704670471623696 ], [ 106.596863742604427, -5.704673872100534 ], [ 106.596862616650185, -5.704674779520817 ], [ 106.596858106579418, -5.704676148595071 ], [ 106.59685359923526, -5.704678421730587 ], [ 106.596853599009847, -5.704678421821647 ], [ 106.596849092690874, -5.704681147124342 ], [ 106.596846088478372, -5.704682964053069 ], [ 106.596844586372114, -5.70468387251743 ], [ 106.596840080470159, -5.704686748601212 ], [ 106.596838954098985, -5.704687505330764 ], [ 106.596835576236018, -5.704690227591537 ], [ 106.596833324440198, -5.704692042431722 ], [ 106.596831075754153, -5.704695062989839 ], [ 106.596829951467541, -5.70469657326873 ], [ 106.596826578697957, -5.704701104105172 ], [ 106.596826578607988, -5.704701104218443 ], [ 106.596823581899741, -5.70470563389802 ], [ 106.596822085630436, -5.704708652367637 ], [ 106.596821187034976, -5.704710162020072 ], [ 106.59681849124857, -5.704714690977396 ], [ 106.596817591610758, -5.704715823843179 ], [ 106.596813087318182, -5.704719227451713 ], [ 106.596813087168044, -5.704719227565151 ], [ 106.596808585964453, -5.704723761420727 ], [ 106.596808585852031, -5.704723761571742 ], [ 106.596805212991441, -5.704728292257694 ], [ 106.596804087662392, -5.704729425749917 ], [ 106.596799583369616, -5.704732829358395 ], [ 106.596799583219479, -5.704732829471834 ], [ 106.59679507773356, -5.70473585618103 ], [ 106.596792825216411, -5.704737369591499 ], [ 106.596790571205602, -5.704738506216554 ], [ 106.596786066912657, -5.704741909824969 ], [ 106.596786066762846, -5.704741910051427 ], [ 106.596783822470684, -5.704746437529463 ], [ 106.596781578066256, -5.70475096523385 ], [ 106.596781577953848, -5.704750965384863 ], [ 106.596778882166547, -5.704755494191433 ], [ 106.596777082890981, -5.704757760035973 ], [ 106.596775283614775, -5.704760025654465 ], [ 106.596772584700901, -5.704763424251735 ], [ 106.596771685062933, -5.704764557117489 ], [ 106.596768086601315, -5.704769088580255 ], [ 106.59676808651129, -5.70476908867094 ], [ 106.596763583109521, -5.704772868951974 ], [ 106.596762456738062, -5.70477362568145 ], [ 106.596759077623673, -5.704775895873356 ], [ 106.59675637558253, -5.70477816403523 ], [ 106.596754575055741, -5.704779977622709 ], [ 106.596751874265522, -5.704782698003942 ], [ 106.59675007373869, -5.704784511591412 ], [ 106.596747372948428, -5.704787231972635 ], [ 106.596745573672649, -5.704789497817133 ], [ 106.596743323126574, -5.704791764688138 ], [ 106.596741070270554, -5.704793278099437 ], [ 106.596736564896972, -5.704796304921097 ], [ 106.596736564784379, -5.704796305011843 ], [ 106.596732059297665, -5.70479933174336 ], [ 106.596730257936898, -5.704800843901465 ], [ 106.596727557146465, -5.704803564282638 ], [ 106.596725305349835, -5.704805379122612 ], [ 106.596723053327523, -5.704807193963208 ], [ 106.596718547157508, -5.704809919355338 ], [ 106.596718547007242, -5.704809919420351 ], [ 106.596714039436037, -5.704812192679619 ], [ 106.596710660320781, -5.704814462720638 ], [ 106.596709534991376, -5.704815596212772 ], [ 106.596707609875423, -5.704818992662181 ], [ 106.596706547662478, -5.70482351708526 ], [ 106.596705048057046, -5.704825329837437 ], [ 106.596702347266373, -5.704828050218556 ], [ 106.596700544237848, -5.704828959535179 ], [ 106.596696035207174, -5.704830705276978 ], [ 106.596691525551066, -5.704832224934054 ], [ 106.596690021984955, -5.704832605902825 ], [ 106.59668701526968, -5.704833518560292 ], [ 106.596682505196725, -5.704834887548563 ], [ 106.596677997715247, -5.70483716075142 ], [ 106.596677997625193, -5.70483716082703 ], [ 106.596673493805426, -5.704840790432023 ], [ 106.596672743978715, -5.704841696808155 ], [ 106.596668995078915, -5.704846228688184 ], [ 106.59666899498896, -5.704846228801454 ], [ 106.596664493783194, -5.704850762656477 ], [ 106.596664493670616, -5.704850762747225 ], [ 106.596659986098828, -5.704853036018038 ], [ 106.596657735552157, -5.704855302888867 ], [ 106.596655483529418, -5.704857117729309 ], [ 106.596653556536978, -5.70485983596263 ], [ 106.596650987213707, -5.704863460273719 ], [ 106.59665042547347, -5.704864366127809 ], [ 106.596647778096127, -5.70486889495052 ], [ 106.596646494650329, -5.704871159363205 ], [ 106.596645211203892, -5.704873423549846 ], [ 106.596641997500271, -5.704877200341262 ], [ 106.596641354735041, -5.704877955728359 ], [ 106.596637496479346, -5.704881841969229 ], [ 106.596636745937914, -5.704882489994929 ], [ 106.596632994862759, -5.70488626827778 ], [ 106.596632094182169, -5.704887024380709 ], [ 106.596628491459498, -5.704890048696599 ], [ 106.59662699101986, -5.704891560019334 ], [ 106.596623990140571, -5.704894582664815 ], [ 106.596622489700906, -5.704896093987545 ], [ 106.596619490489132, -5.704899719491722 ], [ 106.596618740662279, -5.704900625867829 ], [ 106.596615743999649, -5.704905155659926 ], [ 106.596614994798117, -5.70490628810805 ], [ 106.596612295882636, -5.704909686705004 ], [ 106.596610496605962, -5.704911952549327 ], [ 106.596608697328634, -5.704914218167605 ], [ 106.596605996537079, -5.704916938548507 ], [ 106.596604196009366, -5.704918752135762 ], [ 106.596601497093786, -5.704922150732697 ], [ 106.596600597455236, -5.704923283598343 ], [ 106.596596996399725, -5.70492691077285 ], [ 106.596595870444546, -5.704927818192861 ], [ 106.596592492578949, -5.704930540452896 ], [ 106.596590240781367, -5.70493235529259 ], [ 106.596587988758102, -5.704934170132907 ], [ 106.596584610892435, -5.704936892392917 ], [ 106.596583484937213, -5.704937799812913 ], [ 106.596578981229086, -5.704941429492586 ], [ 106.596578981116494, -5.704941429583331 ], [ 106.596574477295221, -5.704945059172866 ], [ 106.596573351339956, -5.70494596659285 ], [ 106.596569975350107, -5.704949367068868 ], [ 106.596568473867976, -5.704950501604839 ], [ 106.596565470903954, -5.704952770789793 ], [ 106.596562467939307, -5.704955039748697 ], [ 106.596560965831799, -5.70495594821263 ], [ 106.596556462123374, -5.704959577892205 ], [ 106.596556462010781, -5.704959577982952 ], [ 106.596551956521694, -5.704962604713661 ], [ 106.596549703890091, -5.704964118123903 ], [ 106.596547451866556, -5.704965932964128 ], [ 106.596544751074461, -5.704968653344887 ], [ 106.596542950546393, -5.704970466932044 ], [ 106.596540249754241, -5.704973187312792 ], [ 106.596538449226145, -5.704975000899944 ], [ 106.596536199891858, -5.704977720027733 ], [ 106.596533950407093, -5.704980439155938 ], [ 106.596532149878939, -5.704982252743081 ], [ 106.596529449086717, -5.704984973123807 ], [ 106.596527197288708, -5.704986787963366 ], [ 106.596524946515942, -5.704989055060623 ], [ 106.596522695968204, -5.70499132193121 ], [ 106.596520443944485, -5.70499313677138 ], [ 106.596517743152134, -5.70499585715208 ], [ 106.596515942623881, -5.704997670739199 ], [ 106.596513241831502, -5.705000391119889 ], [ 106.59651144046947, -5.705001903277635 ], [ 106.596507837745406, -5.705004927593131 ], [ 106.596506937481266, -5.705005834386685 ], [ 106.596502433772088, -5.705009464066033 ], [ 106.596502433659495, -5.705009464156779 ], [ 106.596497927335946, -5.70501218945788 ], [ 106.596494923120375, -5.705014006385546 ], [ 106.596493421012596, -5.705014914849373 ], [ 106.596488917303233, -5.705018544528659 ], [ 106.596488917190712, -5.705018544641993 ], [ 106.596485318634763, -5.705023075991246 ], [ 106.596484417953747, -5.705023832094054 ], [ 106.596480666876673, -5.705027610376431 ], [ 106.596479917049422, -5.705028516752458 ], [ 106.5964769178361, -5.705032142256319 ], [ 106.596475419480313, -5.705034407265329 ], [ 106.596473620202104, -5.705036672883429 ], [ 106.596470921285217, -5.705040071480109 ], [ 106.596470021646255, -5.705041204345669 ], [ 106.596466423180615, -5.705045735807651 ], [ 106.59646642309059, -5.705045735898335 ], [ 106.596461919267739, -5.7050493654874 ], [ 106.596460793312076, -5.705050272907266 ], [ 106.596457417320948, -5.705053673382967 ], [ 106.596456517681929, -5.705054806248517 ], [ 106.596452916624685, -5.705058433422591 ], [ 106.596452016360359, -5.705059340216103 ], [ 106.596448417879429, -5.705063871678082 ], [ 106.596448417804439, -5.705063871768726 ], [ 106.596443916572767, -5.705068405645598 ], [ 106.596443916482684, -5.705068405721208 ], [ 106.596439413076354, -5.705072186015985 ], [ 106.596438512395181, -5.70507294211876 ], [ 106.596434909670279, -5.705075966434022 ], [ 106.596433108307806, -5.705077478591643 ], [ 106.596430406264275, -5.705079746903433 ], [ 106.596428155678311, -5.705082013811611 ], [ 106.596425906192664, -5.705084732939639 ], [ 106.596423654393917, -5.705086547778985 ], [ 106.596421402369472, -5.705088362618954 ], [ 106.596418701576198, -5.705091082999436 ], [ 106.596416901047348, -5.70509289658641 ], [ 106.596412394873369, -5.705095621977144 ], [ 106.596412394723117, -5.705095622052919 ], [ 106.596407891316332, -5.705099402347565 ], [ 106.596407248550534, -5.705100157734552 ], [ 106.596404036928462, -5.705104688122812 ], [ 106.59640339457944, -5.705105594200528 ], [ 106.596400395365265, -5.705109219704228 ], [ 106.596398894924462, -5.705110731026684 ], [ 106.596394389546305, -5.705113757846826 ], [ 106.596394389433698, -5.705113757922497 ], [ 106.59638988394245, -5.705116784667571 ], [ 106.596387631309767, -5.705118298077458 ], [ 106.596385380535935, -5.705120565174457 ], [ 106.596383581257101, -5.705122830792443 ], [ 106.596380885578498, -5.705127359748841 ], [ 106.596380885466289, -5.705127359975196 ], [ 106.596378641169835, -5.705131887452898 ], [ 106.59637639247984, -5.705134908010338 ], [ 106.596375268191267, -5.705136418288893 ], [ 106.59637189543831, -5.705140949124256 ], [ 106.596371895325888, -5.705140949275268 ], [ 106.596367394153006, -5.705145483091433 ], [ 106.596367394002982, -5.705145483242553 ], [ 106.596362892830015, -5.7051500170587 ], [ 106.596362892679991, -5.705150017209818 ], [ 106.596360648345936, -5.705154544762957 ], [ 106.596359908471314, -5.705159068291743 ], [ 106.596358412198711, -5.705162086761116 ], [ 106.596357513601461, -5.705163596413342 ], [ 106.596353915156811, -5.705168127874999 ], [ 106.596353915044389, -5.705168128026012 ], [ 106.596350542177859, -5.705172658710956 ], [ 106.596349416847048, -5.705173792202765 ], [ 106.596346717928853, -5.705177190799231 ], [ 106.59634491865036, -5.705179456643227 ], [ 106.596342668101187, -5.705181723513499 ], [ 106.596340417326942, -5.705183990610436 ], [ 106.596338166777755, -5.705186257480701 ], [ 106.596335916003483, -5.705188524577629 ], [ 106.596333665454239, -5.705190791447886 ], [ 106.596331413429098, -5.705192606287689 ], [ 106.596328035560632, -5.705195328546931 ], [ 106.596326911271817, -5.705196838825456 ], [ 106.596323910389373, -5.705199861470225 ], [ 106.596322412032961, -5.705202126592133 ], [ 106.596320913675271, -5.705204391261956 ], [ 106.596319421570769, -5.705208916878282 ], [ 106.596317929691907, -5.705213442493984 ], [ 106.596320199111517, -5.705217957671798 ], [ 106.596322468304251, -5.705222472398168 ], [ 106.596326982133263, -5.705222459871886 ], [ 106.596331495962886, -5.705222447571579 ], [ 106.596331496189165, -5.705222447796995 ], [ 106.596336022297152, -5.705226956486114 ], [ 106.596336022448213, -5.705226956711738 ], [ 106.596339044022429, -5.705231469802106 ], [ 106.596340552800555, -5.705232972773587 ], [ 106.596342818164828, -5.705235980803972 ], [ 106.5963450812189, -5.705238235148466 ], [ 106.596349599216694, -5.705239729857988 ], [ 106.59635411512987, -5.705240470853529 ], [ 106.596354115355751, -5.705240470928262 ], [ 106.59635863312765, -5.705241965549258 ], [ 106.596363155293503, -5.705244967226106 ], [ 106.596363155444195, -5.705244967316123 ], [ 106.59636767850202, -5.705248345870499 ], [ 106.596369186238135, -5.70524947205514 ], [ 106.596372203794616, -5.705252477997879 ], [ 106.59637311072899, -5.705253982639464 ], [ 106.596374477458625, -5.70525850032203 ], [ 106.596374489964276, -5.705263021762823 ], [ 106.596372997808899, -5.705267547379346 ], [ 106.596372248606528, -5.705268679827405 ], [ 106.596369549688205, -5.705272078424055 ], [ 106.596367750409627, -5.705274344268173 ], [ 106.596365951130394, -5.705276609886246 ], [ 106.596363250336168, -5.705279330266769 ], [ 106.596360998536568, -5.705281145106127 ], [ 106.596358745677577, -5.705282658516719 ], [ 106.596354238100872, -5.705284931739848 ], [ 106.596352735575394, -5.705285689512824 ], [ 106.596349730524281, -5.705287205010853 ], [ 106.59634522514466, -5.705290231831047 ], [ 106.596345225032024, -5.705290231906719 ], [ 106.596340718705605, -5.70529295722246 ], [ 106.596337714488115, -5.705294774149833 ], [ 106.596336212379356, -5.705295682613515 ], [ 106.596331701050886, -5.705296599428202 ], [ 106.59632719222347, -5.705298420531049 ], [ 106.596326291958619, -5.705299327324516 ], [ 106.596322690899214, -5.705302954498399 ], [ 106.596321790634363, -5.705303861291865 ], [ 106.596318187907514, -5.705306885606949 ], [ 106.596315182856159, -5.70530840110485 ], [ 106.596313680747329, -5.705309309568494 ], [ 106.596309170669514, -5.705310678640164 ], [ 106.596304663317753, -5.705312951773321 ], [ 106.59630466309234, -5.705312951864381 ], [ 106.596300155515237, -5.705315225133745 ], [ 106.596295648163391, -5.705317498266854 ], [ 106.596295647937936, -5.705317498342837 ], [ 106.596291134108085, -5.705317510858317 ], [ 106.596291133656635, -5.705317510794973 ], [ 106.59628661819383, -5.705316769722473 ], [ 106.596282100196035, -5.705315275238625 ], [ 106.596277580114005, -5.705313027157277 ], [ 106.596273072536675, -5.705315300403874 ], [ 106.596268558706825, -5.705315312929935 ], [ 106.596264038624525, -5.705313064735445 ], [ 106.596264038172606, -5.705313064510656 ], [ 106.596259512290416, -5.705308556046396 ], [ 106.596259512063497, -5.705308555594973 ], [ 106.596259499333016, -5.705304034154557 ], [ 106.596259486828174, -5.705299512713514 ], [ 106.596254960946126, -5.705295004249178 ], [ 106.59625496049361, -5.70529500379838 ], [ 106.596250434611648, -5.70529049533399 ], [ 106.596250434459947, -5.705290494882356 ], [ 106.596245908276373, -5.705285986117393 ], [ 106.596245908050307, -5.705285985967319 ], [ 106.596241386109838, -5.705282984198414 ], [ 106.596236868112271, -5.70528148969015 ], [ 106.596232354282606, -5.705281502215852 ], [ 106.59622784357876, -5.705282644988777 ], [ 106.596223334959305, -5.705284541448221 ], [ 106.596218825749034, -5.70528606111961 ], [ 106.596218825298152, -5.705286061271562 ], [ 106.596214315636161, -5.705287580793475 ], [ 106.59620980514093, -5.705288799036667 ], [ 106.596205293812019, -5.705289715850404 ], [ 106.596200782934389, -5.705290632662855 ], [ 106.596200782483351, -5.705290632754541 ], [ 106.596196271779377, -5.705291775549844 ], [ 106.596191764201691, -5.705294048795848 ], [ 106.596190262717826, -5.705295183331276 ], [ 106.596187259750351, -5.705297452515147 ], [ 106.596185009200056, -5.705299719385095 ], [ 106.596182758424703, -5.705301986481708 ], [ 106.596179755456546, -5.705304255439517 ], [ 106.596178253972624, -5.705305389974925 ], [ 106.596173747019947, -5.705307889292903 ], [ 106.596171492831445, -5.705308799843158 ], [ 106.596169239858824, -5.705310313253488 ], [ 106.596166991392749, -5.705313333809966 ], [ 106.596164742700978, -5.705316354367067 ], [ 106.596163618411495, -5.705317864645452 ], [ 106.59616024054138, -5.705320586904124 ], [ 106.596157988740813, -5.705322401742907 ], [ 106.596155737965248, -5.705324668839467 ], [ 106.596152734996849, -5.705326937797196 ], [ 106.596151233512813, -5.705328072332565 ], [ 106.596146726559809, -5.705330571650411 ], [ 106.596145224450538, -5.705331480113703 ], [ 106.59614222148268, -5.705333749297439 ], [ 106.596139218514168, -5.705336018255124 ], [ 106.596137717030061, -5.705337152790471 ], [ 106.596133212728162, -5.705340556396087 ], [ 106.596133212578124, -5.705340556547206 ], [ 106.59612983970888, -5.705345087231597 ], [ 106.596128714377258, -5.705346220723182 ], [ 106.596124210075232, -5.705349624328759 ], [ 106.596124209925193, -5.705349624479878 ], [ 106.59611970874866, -5.705354158295072 ], [ 106.596119708598451, -5.705354158385924 ], [ 106.596115201019956, -5.70535643165413 ], [ 106.596110693666702, -5.705358704786076 ], [ 106.596110693441446, -5.705358704937401 ], [ 106.596108442928099, -5.705360971769415 ], [ 106.596108442777876, -5.70536097184519 ] ] ] } },
{ "type": "Feature", "properties": { "fid": 53.0, "ID": 52, "ELEV": -31.0 }, "geometry": { "type": "MultiLineString", "coordinates": [ [ [ 106.596562189010783, -5.705398144932389 ], [ 106.596566690183138, -5.705393611114613 ], [ 106.596566690333262, -5.705393611001174 ], [ 106.596571195825064, -5.70539058429206 ], [ 106.596572094421845, -5.70538907463957 ], [ 106.596575692865287, -5.705384543176675 ], [ 106.596575692977808, -5.705384543063341 ], [ 106.596580198469468, -5.705381516354188 ], [ 106.596582451102293, -5.705380002943414 ], [ 106.596584703960758, -5.705378489532008 ], [ 106.596589213025695, -5.70537675458507 ], [ 106.596593724845107, -5.705376015374592 ], [ 106.596598236659929, -5.705375437653592 ], [ 106.596598237110953, -5.705375437561905 ], [ 106.596601045706649, -5.705370908381695 ], [ 106.596602729052321, -5.705367512603086 ], [ 106.596603478254238, -5.705366380154821 ], [ 106.596607227156923, -5.705361848274212 ], [ 106.596607227246565, -5.705361848047919 ], [ 106.596609020271245, -5.705357321822177 ], [ 106.596611719188118, -5.705353923224697 ], [ 106.596612618827052, -5.705352790358869 ], [ 106.596616221552054, -5.705349766042296 ], [ 106.596619226602357, -5.705348250542984 ], [ 106.596620728085185, -5.705347116006635 ], [ 106.596622975543781, -5.705343718662228 ], [ 106.596623715416086, -5.705339195133641 ], [ 106.596624304752197, -5.705334672022895 ], [ 106.596623690400534, -5.70533015225318 ], [ 106.596622173283038, -5.70532563498923 ], [ 106.596620662420079, -5.705323378671429 ], [ 106.59661839902536, -5.705321123990299 ], [ 106.596616139209544, -5.705319999894005 ], [ 106.596611619126591, -5.705317751702637 ], [ 106.596610111389978, -5.705316625518817 ], [ 106.596607095917079, -5.705314373264178 ], [ 106.596602575834126, -5.70531212505013 ], [ 106.596602575382605, -5.705312124960948 ], [ 106.596598060217943, -5.705311491550695 ], [ 106.596593544602015, -5.705310858141656 ], [ 106.59658902898623, -5.705310224785368 ], [ 106.596584514263938, -5.705309914429236 ], [ 106.596580001328007, -5.70531024984239 ], [ 106.596575490774541, -5.705311446533649 ], [ 106.596573236170258, -5.705312206394588 ], [ 106.596570981531471, -5.705313116947489 ], [ 106.596566475623518, -5.705315993030823 ], [ 106.596565574942289, -5.705316749133851 ], [ 106.596561972217103, -5.705319773450127 ], [ 106.596560170854502, -5.70532128560825 ], [ 106.596557470061285, -5.705324005989485 ], [ 106.596555669532464, -5.70532581957696 ], [ 106.596552970615278, -5.705329218174235 ], [ 106.59655184528475, -5.705330351666409 ], [ 106.596548466166539, -5.705332621858179 ], [ 106.596545087047886, -5.705334891899221 ], [ 106.596543964844741, -5.70533715597753 ], [ 106.596543068331812, -5.70533941897734 ], [ 106.596541726802968, -5.705343944175914 ], [ 106.596539476029278, -5.705346211273575 ], [ 106.596536473062869, -5.705348480232915 ], [ 106.596534972622067, -5.705349991555788 ], [ 106.596533175428334, -5.705353010860693 ], [ 106.59653228516953, -5.705357534806763 ], [ 106.596531996754678, -5.705362057082407 ], [ 106.596530504742191, -5.705366582698658 ], [ 106.59653050465316, -5.705366583150958 ], [ 106.596529012549126, -5.705371108315411 ], [ 106.596529025056256, -5.705375629755845 ], [ 106.596530542172076, -5.70538014656815 ], [ 106.596530542323762, -5.705380147019783 ], [ 106.596533563900351, -5.705384660108457 ], [ 106.596535074763267, -5.705386916426531 ], [ 106.596539594846902, -5.705389164693768 ], [ 106.596539595072997, -5.705389164843844 ], [ 106.596544121183811, -5.705393673530477 ], [ 106.596544121635716, -5.705393673755267 ], [ 106.596548641267333, -5.705395921722276 ], [ 106.596553158850014, -5.705397265852001 ], [ 106.596557675181103, -5.705398157521166 ], [ 106.596562189010783, -5.705398144932389 ] ] ] } },
{ "type": "Feature", "properties": { "fid": 54.0, "ID": 53, "ELEV": -28.0 }, "geometry": { "type": "MultiLineString", "coordinates": [ [ [ 106.597198286316328, -5.704453328946617 ], [ 106.597197722982287, -5.704453653472982 ], [ 106.597196036705, -5.704455918891403 ], [ 106.597196036554976, -5.704455919042521 ], [ 106.597192663699047, -5.704460449729498 ], [ 106.59719153941387, -5.704461960008716 ], [ 106.597188538539953, -5.704464982655736 ], [ 106.597187038102987, -5.704466493979235 ], [ 106.597184789645397, -5.704469514537367 ], [ 106.597182538877391, -5.70447178163595 ], [ 106.597180288334428, -5.704474048507862 ], [ 106.59717803756638, -5.704476315606438 ], [ 106.597175787023374, -5.70447858247834 ], [ 106.597173535003961, -5.704480397319966 ], [ 106.597170157144078, -5.704483119581941 ], [ 106.597169031190774, -5.704484027002594 ], [ 106.597164524875481, -5.704486752397368 ], [ 106.597163398922163, -5.704487659818014 ], [ 106.59716002106218, -5.704490382079953 ], [ 106.597157016851924, -5.704492199009765 ], [ 106.597155516414801, -5.704493710333223 ], [ 106.597153267956955, -5.704496730891306 ], [ 106.597151019273412, -5.704499751450012 ], [ 106.59714989498805, -5.704501261729198 ], [ 106.597146519004426, -5.704504662206973 ], [ 106.597145393676527, -5.704505795699563 ], [ 106.597142020933191, -5.704510326536814 ], [ 106.597142020820684, -5.70451032665015 ], [ 106.597137519621555, -5.704514860507151 ], [ 106.597137519509147, -5.704514860658165 ], [ 106.597134146652436, -5.704519391345014 ], [ 106.597133022367004, -5.70452090162419 ], [ 106.597130773908944, -5.704523922182244 ], [ 106.597128525225187, -5.704526942740925 ], [ 106.597127400939726, -5.704528453020096 ], [ 106.597124028196134, -5.704532983857316 ], [ 106.597124028083613, -5.70453298397065 ], [ 106.597120429535721, -5.704537515321707 ], [ 106.597119529898819, -5.704538648187725 ], [ 106.597116153914811, -5.704542048665428 ], [ 106.597115031714893, -5.704544312743854 ], [ 106.597113533361892, -5.704546577414443 ], [ 106.597110532487136, -5.704549600061283 ], [ 106.59710940820159, -5.704551110340446 ], [ 106.59710603221744, -5.704554510818125 ], [ 106.597104530737553, -5.704555645354928 ], [ 106.597101527778065, -5.704557914541548 ], [ 106.597099277234435, -5.704560181413318 ], [ 106.597097025214453, -5.704561996254796 ], [ 106.597092519048616, -5.70456472164885 ], [ 106.597092518898407, -5.704564721739701 ], [ 106.597088011331167, -5.704566995012796 ], [ 106.597085008370911, -5.70456926397332 ], [ 106.597083506890925, -5.704570398510088 ], [ 106.597080130906519, -5.704573798987687 ], [ 106.597079006620845, -5.704575309266825 ], [ 106.597077510353202, -5.704578327736652 ], [ 106.597075416412437, -5.704582855023693 ], [ 106.597074519903416, -5.704585118475562 ], [ 106.597073623393143, -5.704587381475349 ], [ 106.597070927609366, -5.704591910433161 ], [ 106.597070027972279, -5.704593043299151 ], [ 106.597065523682502, -5.704596446908991 ], [ 106.597065523532365, -5.70459644702243 ], [ 106.597061017215324, -5.704599172303746 ], [ 106.597058013004144, -5.704600989233279 ], [ 106.597056512566482, -5.704602500556625 ], [ 106.597053511691144, -5.704605523203329 ], [ 106.597052011253467, -5.704607034526668 ], [ 106.597050214064112, -5.704610053831861 ], [ 106.597047518370331, -5.704614582789388 ], [ 106.597047518280476, -5.704614582940339 ], [ 106.59704482249596, -5.704619111747415 ], [ 106.597043025306533, -5.704622131052604 ], [ 106.597041901020688, -5.704623641331721 ], [ 106.597038528275931, -5.704628172168768 ], [ 106.597038528163509, -5.70462817231978 ], [ 106.597035155305463, -5.704632703006435 ], [ 106.597034029977124, -5.704633836498934 ], [ 106.597029525686793, -5.704637240108636 ], [ 106.597029525536556, -5.704637240184412 ], [ 106.597025016717225, -5.704639061215338 ], [ 106.597020510550394, -5.704641786609082 ], [ 106.597020510400199, -5.704641786699935 ], [ 106.597016002831978, -5.704644059972707 ], [ 106.597012999871026, -5.704646328933042 ], [ 106.597011499433137, -5.704647840256334 ], [ 106.597009250973997, -5.704650860814216 ], [ 106.597007006571772, -5.7046553885189 ], [ 106.597007006460188, -5.704655388971264 ], [ 106.597005890512449, -5.704659913091302 ], [ 106.597002517804839, -5.704664443928166 ], [ 106.597002517654644, -5.704664444019017 ], [ 106.59699801133678, -5.704667169322653 ], [ 106.596995759541727, -5.704668984163306 ], [ 106.596993507520978, -5.704670799004582 ], [ 106.596989001353705, -5.704673524398189 ], [ 106.596989001203568, -5.704673524511626 ], [ 106.596984493634906, -5.704675797761666 ], [ 106.596981490673642, -5.704678066721915 ], [ 106.596979992321067, -5.704680331844475 ], [ 106.596977741889006, -5.704682598602694 ], [ 106.596975491006845, -5.704684865814247 ], [ 106.596974368804922, -5.704687129440531 ], [ 106.596972801475829, -5.704691655265662 ], [ 106.596971004285848, -5.704694674570788 ], [ 106.596970105690858, -5.704696184223341 ], [ 106.596966507253981, -5.704700715686742 ], [ 106.596966507141403, -5.704700715777488 ], [ 106.596961999572358, -5.704702989012358 ], [ 106.596957489918211, -5.704704508589696 ], [ 106.596955235317012, -5.704705268451346 ], [ 106.596952980264447, -5.704706028314239 ], [ 106.596948470610656, -5.704707548042239 ], [ 106.596945091497204, -5.704709818084214 ], [ 106.596943965543076, -5.704710725504641 ], [ 106.596940364491289, -5.704714352680347 ], [ 106.596939465896185, -5.704715862332884 ], [ 106.596937668705962, -5.704718881637973 ], [ 106.596934973010875, -5.704723410595347 ], [ 106.596934972921019, -5.704723410746298 ], [ 106.596932277135195, -5.704727939553218 ], [ 106.596930476609216, -5.704729753141053 ], [ 106.596927775820234, -5.704732473522818 ], [ 106.596925973417967, -5.704733608921653 ], [ 106.596921465401593, -5.704735720629264 ], [ 106.596918459759706, -5.704737020857622 ], [ 106.596916957236601, -5.704737778631482 ], [ 106.596912447582412, -5.704739298359292 ], [ 106.596907938225613, -5.704740925596043 ], [ 106.596906435404634, -5.704741575710195 ], [ 106.596903432443312, -5.704743844896256 ], [ 106.596900429481337, -5.704746113856264 ], [ 106.596898928000485, -5.704747248392774 ], [ 106.596896229087548, -5.704750646990404 ], [ 106.596894431896999, -5.704753666295448 ], [ 106.596893683738614, -5.704755175530371 ], [ 106.596891439359084, -5.704759703234887 ], [ 106.596889943090105, -5.704762721704619 ], [ 106.596889194931691, -5.704764230939539 ], [ 106.596887251473731, -5.704768757808746 ], [ 106.596885454283097, -5.704771777113789 ], [ 106.59688432999657, -5.704773287392786 ], [ 106.596880957287382, -5.704777818229374 ], [ 106.596880957137344, -5.704777818380491 ], [ 106.596876455971625, -5.704782352198785 ], [ 106.596876455821487, -5.704782352312223 ], [ 106.596871951378205, -5.704785755808656 ], [ 106.59687044989721, -5.704786890345136 ], [ 106.596867446935505, -5.704789159531108 ], [ 106.59686293959065, -5.704791432666926 ], [ 106.596862939365309, -5.704791432780573 ], [ 106.596858434921856, -5.704794836276941 ], [ 106.596856933440819, -5.704795970813399 ], [ 106.596853932563405, -5.704798993459616 ], [ 106.596852432124706, -5.704800504782713 ], [ 106.59684943124725, -5.704803527428918 ], [ 106.596847930808522, -5.704805038752009 ], [ 106.596844929931038, -5.704808061398204 ], [ 106.596842677413846, -5.704809574808905 ], [ 106.596840424445304, -5.70481108822085 ], [ 106.596837423567735, -5.704814110867027 ], [ 106.596835925214293, -5.704816375989456 ], [ 106.596834803011618, -5.704818639615687 ], [ 106.596831430264203, -5.704823170452263 ], [ 106.596831430151667, -5.704823170565598 ], [ 106.596826928947692, -5.704827704421489 ], [ 106.5968269288351, -5.704827704512236 ], [ 106.596822422514975, -5.70483042981507 ], [ 106.596820170718672, -5.704832244655357 ], [ 106.59681791994781, -5.704834511753284 ], [ 106.596815669401991, -5.704836778624538 ], [ 106.596813420715478, -5.704839799182755 ], [ 106.596812296428638, -5.704841309461698 ], [ 106.596808923680911, -5.704845840298226 ], [ 106.596808923568389, -5.704845840411561 ], [ 106.596804419124183, -5.704849243907707 ], [ 106.596802917642862, -5.704850378444092 ], [ 106.596799913429408, -5.704852195372855 ], [ 106.59679653556546, -5.704854917633704 ], [ 106.596795409610792, -5.704855825053978 ], [ 106.596790900788918, -5.704857646159116 ], [ 106.596786392192655, -5.704859467263582 ], [ 106.596786391967242, -5.704859467354644 ], [ 106.596781880643434, -5.704860384081286 ], [ 106.596777371821446, -5.704862205186338 ], [ 106.596774367607821, -5.704864022115008 ], [ 106.5967728661264, -5.704865156651341 ], [ 106.59676835855511, -5.70486742990033 ], [ 106.596766104995112, -5.704868566524188 ], [ 106.596763850983791, -5.704869703149292 ], [ 106.596759343412415, -5.704871976398231 ], [ 106.596758218083053, -5.70487310989046 ], [ 106.59675484209491, -5.704876510367147 ], [ 106.5967539424568, -5.704877643232931 ], [ 106.596751246669342, -5.70488217219028 ], [ 106.596750348073527, -5.704883681842723 ], [ 106.59674855088187, -5.704886701147626 ], [ 106.596745855184636, -5.704891230104723 ], [ 106.596745855094994, -5.704891230331014 ], [ 106.596744362993618, -5.704895755721291 ], [ 106.596742269049457, -5.704900283008126 ], [ 106.596741370453586, -5.704901792660567 ], [ 106.596738369575021, -5.704904815306493 ], [ 106.59673686809343, -5.704905949842781 ], [ 106.596732363799006, -5.704909353451208 ], [ 106.596732363648812, -5.704909353542059 ], [ 106.596727852949826, -5.704910496340418 ], [ 106.596723345377967, -5.704912769589198 ], [ 106.59672109181767, -5.704913906212952 ], [ 106.596718837806051, -5.704915042837954 ], [ 106.596714333511443, -5.70491844644629 ], [ 106.596714333361305, -5.704918446559729 ], [ 106.596709832155611, -5.704922980415154 ], [ 106.596709832043189, -5.704922980566168 ], [ 106.596706459180936, -5.704927511252053 ], [ 106.596705336978857, -5.704929775330307 ], [ 106.59670383862337, -5.704932040000532 ], [ 106.596700837744436, -5.704935062646357 ], [ 106.596699337304955, -5.704936573969259 ], [ 106.596696334341715, -5.704938843154733 ], [ 106.596693331377821, -5.704941112114156 ], [ 106.596691830938312, -5.704942623437049 ], [ 106.596688830059264, -5.704945646082844 ], [ 106.596687329619726, -5.70494715740573 ], [ 106.596684328740622, -5.704950180051514 ], [ 106.596682827258775, -5.704951314587722 ], [ 106.596678322963655, -5.704954718195911 ], [ 106.596678322813517, -5.704954718309349 ], [ 106.596673817325296, -5.704957745018237 ], [ 106.596671564806996, -5.704959258428549 ], [ 106.596669310795065, -5.704960395053432 ], [ 106.596664806499774, -5.704963798661553 ], [ 106.596664806349636, -5.704963798774992 ], [ 106.596660305143189, -5.70496833263023 ], [ 106.596660305030781, -5.704968332781243 ], [ 106.596655803861751, -5.704972866598682 ], [ 106.596655803711712, -5.7049728667498 ], [ 106.596651298223122, -5.704975893420904 ], [ 106.5966497977834, -5.704977404743739 ], [ 106.59664679690394, -5.704980427389425 ], [ 106.596644544385455, -5.704981940799674 ], [ 106.596642291415634, -5.704983454211169 ], [ 106.596637786152939, -5.704986481032284 ], [ 106.596637785927584, -5.70498648114593 ], [ 106.596633281481132, -5.70498988464131 ], [ 106.596632156151273, -5.704991018133422 ], [ 106.59662878016168, -5.704994418609757 ], [ 106.59662788052313, -5.704995551475458 ], [ 106.59662428205921, -5.705000082938009 ], [ 106.596624281969241, -5.70500008305128 ], [ 106.59662068341467, -5.705004614401052 ], [ 106.596619783776106, -5.70500574726675 ], [ 106.596617084860355, -5.705009145863839 ], [ 106.596615284332486, -5.705010959451191 ], [ 106.596611906466634, -5.705013681711447 ], [ 106.596610780511355, -5.705014589131522 ], [ 106.596606276802987, -5.705018218811521 ], [ 106.596606276690466, -5.705018218924855 ], [ 106.596601772243559, -5.705021622420104 ], [ 106.596600646913572, -5.70502275591219 ], [ 106.596597274163173, -5.705027286748211 ], [ 106.596597274050751, -5.705027286899225 ], [ 106.596593901187049, -5.705031817584853 ], [ 106.596592775231699, -5.705032725004911 ], [ 106.596588268908874, -5.705035450397083 ], [ 106.596586014722433, -5.70503636094849 ], [ 106.596583760709976, -5.705037497573165 ], [ 106.59657925641352, -5.705040901180918 ], [ 106.596579256263695, -5.705040901407378 ], [ 106.596577011969174, -5.705045428885339 ], [ 106.596574763280643, -5.705048449443178 ], [ 106.596573262840536, -5.70504996076592 ], [ 106.596570259876145, -5.705052229951033 ], [ 106.596565752527709, -5.705054503085402 ], [ 106.596565752302368, -5.70505450319905 ], [ 106.596561246812684, -5.705057529907429 ], [ 106.596560122524778, -5.705059040186171 ], [ 106.596556749773853, -5.705063571022098 ], [ 106.596556749661332, -5.705063571135431 ], [ 106.596553151105851, -5.705068102485031 ], [ 106.59655225146706, -5.705069235350685 ], [ 106.596547747170149, -5.70507263895831 ], [ 106.596547747020011, -5.705072639071749 ], [ 106.596543245811787, -5.705077172926551 ], [ 106.596543245699195, -5.705077173017296 ], [ 106.596538739375475, -5.705079898318804 ], [ 106.596535735159819, -5.70508171524674 ], [ 106.596534233051969, -5.705082623710704 ], [ 106.596530631995208, -5.705086250885171 ], [ 106.596529732356345, -5.70508738375081 ], [ 106.596526356365587, -5.705090784226859 ], [ 106.596525229993176, -5.705091540956123 ], [ 106.596520724503137, -5.705094567729421 ], [ 106.596519823822092, -5.705095323832302 ], [ 106.59651622109763, -5.705098348147994 ], [ 106.596514419735385, -5.705099860305826 ], [ 106.596511718942651, -5.705102580686636 ], [ 106.596509467144202, -5.705104395526262 ], [ 106.596507216371023, -5.70510666262359 ], [ 106.596504965822888, -5.705108929494244 ], [ 106.596502713798728, -5.705110744334484 ], [ 106.596500464463887, -5.705113463462317 ], [ 106.596498213728125, -5.705115730521861 ], [ 106.596495511684395, -5.705117998683216 ], [ 106.596493711155787, -5.705119812270385 ], [ 106.596491010362854, -5.705122532651149 ], [ 106.596489209834218, -5.705124346238311 ], [ 106.596486509041242, -5.705127066619065 ], [ 106.596484709763516, -5.705129332463305 ], [ 106.596482910485136, -5.705131598081502 ], [ 106.596480214769812, -5.705136127038259 ], [ 106.596480214695006, -5.705136127189167 ], [ 106.59647751890401, -5.705140655995434 ], [ 106.596476370729135, -5.705145180657277 ], [ 106.596475732132731, -5.705147443393277 ], [ 106.596474835619588, -5.705149706392989 ], [ 106.596472139828904, -5.705154235349956 ], [ 106.59647124123201, -5.705155745002273 ], [ 106.596468992768223, -5.705158765559338 ], [ 106.596467500576068, -5.705163291175944 ], [ 106.596466760828861, -5.705167814704284 ], [ 106.596466760754254, -5.705167814930535 ], [ 106.596465268650405, -5.705172340320857 ], [ 106.596463776547139, -5.705176865937223 ], [ 106.596462929294063, -5.705181389763931 ], [ 106.596462290697588, -5.705183652499939 ], [ 106.596461544621405, -5.705185915082148 ], [ 106.596461019755836, -5.705190438014136 ], [ 106.596459742631893, -5.705194963033875 ], [ 106.596457820715358, -5.705199489843117 ], [ 106.59645782064139, -5.705199490295376 ], [ 106.596457268904302, -5.705204012849894 ], [ 106.596457344105389, -5.705208534116515 ], [ 106.596457858157493, -5.70521305371313 ], [ 106.596457858203877, -5.705213054165056 ], [ 106.59645785815998, -5.705213054617231 ], [ 106.59645730642292, -5.705217577171749 ], [ 106.596456190445068, -5.705222101744269 ], [ 106.596454384942987, -5.705226628230442 ], [ 106.596453390186156, -5.7052296453081 ], [ 106.596452892807733, -5.705231153846922 ], [ 106.596451400672464, -5.705235679463406 ], [ 106.596450410179997, -5.705240203687673 ], [ 106.596449482286772, -5.705244727738211 ], [ 106.596448924298443, -5.705246990250519 ], [ 106.596448285700632, -5.705249252534458 ], [ 106.596447438447484, -5.705253776361196 ], [ 106.596446247265973, -5.705258301142447 ], [ 106.596446259772208, -5.705262822583083 ], [ 106.596446272278442, -5.705267344023716 ], [ 106.596447187550524, -5.705271862958883 ], [ 106.596449005587814, -5.705276379162524 ], [ 106.596449005701288, -5.705276379388255 ], [ 106.596451275122163, -5.705280894565184 ], [ 106.596453544429622, -5.705285409516366 ], [ 106.596453544580697, -5.70528540974199 ], [ 106.596456942308521, -5.705289921787434 ], [ 106.596458077018397, -5.705292179149827 ], [ 106.596458986038087, -5.705294437590672 ], [ 106.596458848107417, -5.705298959448792 ], [ 106.596458097863078, -5.705299715134166 ], [ 106.596455287182053, -5.705303490806949 ], [ 106.596453597341807, -5.705304538929552 ], [ 106.596449093177824, -5.705308029472813 ], [ 106.596449093132776, -5.705308029505225 ], [ 106.59644458555654, -5.705310302752967 ], [ 106.596440642222291, -5.705312574402434 ], [ 106.59644007876183, -5.705312858565172 ], [ 106.596435574155691, -5.705316205636778 ], [ 106.596434534988717, -5.705317112827379 ], [ 106.596431071760449, -5.70532035204663 ], [ 106.596429686442704, -5.705321647759027 ], [ 106.596426569543908, -5.705324563089749 ], [ 106.596424693260005, -5.705326183092066 ], [ 106.596422066016984, -5.7053283004015 ], [ 106.596418789923121, -5.705330720951039 ], [ 106.596417561064357, -5.705331522286827 ], [ 106.596413055326792, -5.70533446041634 ], [ 106.596411929058448, -5.7053352614674 ], [ 106.596408549957232, -5.705337531608217 ], [ 106.59640517085586, -5.705339801698792 ], [ 106.596404044587487, -5.705340602749843 ], [ 106.596399539493476, -5.705343773604937 ], [ 106.596398788739847, -5.70534434088639 ], [ 106.596395039767714, -5.705348872766257 ], [ 106.59639503973311, -5.705348872807453 ], [ 106.596390914567621, -5.705353405690248 ], [ 106.596390539371157, -5.705353754542423 ], [ 106.596386035161203, -5.705357245085541 ], [ 106.596385033990657, -5.705357943485857 ], [ 106.596381529508349, -5.705360213981719 ], [ 106.596378376106088, -5.705362483438654 ], [ 106.596377024611144, -5.70536345609019 ], [ 106.596372896765644, -5.705367020120655 ], [ 106.596372521569165, -5.705367368972824 ], [ 106.596368019320593, -5.70537155513223 ], [ 106.596368019283062, -5.705371555162483 ], [ 106.59636351379018, -5.705374581972285 ], [ 106.596361261088802, -5.705376095363394 ], [ 106.596359008938492, -5.705377840627349 ], [ 106.596355405587502, -5.705380633089234 ], [ 106.596354504888581, -5.705381389180105 ], [ 106.596350001524954, -5.7053851695622 ], [ 106.596350001479934, -5.705385169603424 ], [ 106.596345500196335, -5.705389703529868 ], [ 106.596345500155408, -5.705389703567661 ], [ 106.596340996556933, -5.705393415403209 ], [ 106.596339709129794, -5.705394241076799 ], [ 106.596336491253382, -5.705396510790023 ], [ 106.596331983766007, -5.705398783991734 ], [ 106.596331983675825, -5.705398784024275 ], [ 106.596327471631895, -5.70539944244762 ], [ 106.596322958957543, -5.705399872937675 ], [ 106.596320702042334, -5.705399879200997 ] ] ] } },
{ "type": "Feature", "properties": { "fid": 55.0, "ID": 54, "ELEV": -29.0 }, "geometry": { "type": "MultiLineString", "coordinates": [ [ [ 106.597267372411125, -5.704512239263067 ], [ 106.597266614804454, -5.704514502103311 ], [ 106.597263915894857, -5.704517900701784 ], [ 106.597263016258324, -5.70451903356794 ], [ 106.597260546167504, -5.704523561899539 ], [ 106.597259423968239, -5.704525825978078 ], [ 106.597258301767738, -5.704528089604533 ], [ 106.597254929062984, -5.704532620442128 ], [ 106.597254928913173, -5.704532620668587 ], [ 106.597252684625545, -5.704537148147224 ], [ 106.597250435942541, -5.704540168706215 ], [ 106.597248935505633, -5.704541680029879 ], [ 106.597245932546969, -5.704543949217074 ], [ 106.597242929587665, -5.70454621817822 ], [ 106.597241429150728, -5.704547729501875 ], [ 106.597238428276839, -5.704550752149196 ], [ 106.597236926797308, -5.704551886686271 ], [ 106.597232422509123, -5.704555290297057 ], [ 106.597232422358928, -5.704555290387909 ], [ 106.597227916877429, -5.704558317122079 ], [ 106.597226416440421, -5.704559828445716 ], [ 106.597223415566376, -5.704562851092998 ], [ 106.597221915129353, -5.70456436241663 ], [ 106.597218912170433, -5.704566631603745 ], [ 106.597215909210902, -5.704568900564808 ], [ 106.597214407731272, -5.704570035101847 ], [ 106.597209903442803, -5.704573438712533 ], [ 106.597209903292665, -5.704573438825972 ], [ 106.597205399478895, -5.704577068395991 ], [ 106.597203897373689, -5.704577976861056 ], [ 106.597200892329212, -5.704579492361909 ], [ 106.59719638696042, -5.704582519186052 ], [ 106.597196386847997, -5.704582519337066 ], [ 106.597193691064916, -5.704587048144474 ], [ 106.597193026502211, -5.704591571463318 ], [ 106.597193039012808, -5.704596092902404 ], [ 106.597191923180702, -5.704600617474108 ], [ 106.597191923068493, -5.704600617700463 ], [ 106.597188926363629, -5.70460514726799 ], [ 106.597187425926421, -5.704606658591584 ], [ 106.59718442505195, -5.704609681238783 ], [ 106.597182926700413, -5.704611946361604 ], [ 106.597181428347625, -5.704614211032339 ], [ 106.597178431756078, -5.70461874082558 ], [ 106.59717843164367, -5.704618740976595 ], [ 106.597175058786974, -5.704623271663747 ], [ 106.597173934501541, -5.704624781943025 ], [ 106.597171686043495, -5.704627802501284 ], [ 106.597169435274978, -5.704630069599991 ], [ 106.597167184731489, -5.704632336472026 ], [ 106.597164933962944, -5.704634603570726 ], [ 106.597163134688827, -5.704636869189909 ], [ 106.597160438996013, -5.704641398147747 ], [ 106.597160438906158, -5.7046413982987 ], [ 106.597157743122608, -5.704645927106088 ], [ 106.597155942597723, -5.704647740694363 ], [ 106.597152564736959, -5.704650462956518 ], [ 106.59715143940889, -5.70465159644919 ], [ 106.59714806342464, -5.704654996927199 ], [ 106.59714693913908, -5.704656507206461 ], [ 106.597142433882212, -5.704659534030107 ], [ 106.597142433656856, -5.704659534143754 ], [ 106.597137924837867, -5.70466135513785 ], [ 106.597133415393657, -5.704662950172993 ], [ 106.597131161835463, -5.704664086797867 ], [ 106.59712890886847, -5.70466560021058 ], [ 106.597125907993373, -5.70466862285764 ], [ 106.59712441600881, -5.704673148473669 ], [ 106.597124415896388, -5.704673148624683 ], [ 106.597121043038982, -5.704677679311718 ], [ 106.597119918753307, -5.704679189590957 ], [ 106.597118121564264, -5.704682208896318 ], [ 106.597115425893477, -5.704686737854035 ], [ 106.597115425781269, -5.70468673808039 ], [ 106.597113181492134, -5.704691265558933 ], [ 106.597110937128377, -5.704695793263729 ], [ 106.597110936978339, -5.704695793414848 ], [ 106.597106432537387, -5.704699196874871 ], [ 106.597101922293021, -5.704700339764685 ], [ 106.597101921841983, -5.704700339856373 ], [ 106.59709740801884, -5.704700352410177 ], [ 106.597092898365332, -5.704701871974763 ], [ 106.597089897489866, -5.704704894621736 ], [ 106.597088397052119, -5.704706405945212 ], [ 106.597086148593334, -5.70470942650334 ], [ 106.597085032534679, -5.704713951075743 ], [ 106.597085045044722, -5.70471847251505 ], [ 106.597085734628266, -5.70472299207468 ], [ 106.597085747138323, -5.704727513513985 ], [ 106.597083954269436, -5.704732039965337 ], [ 106.597083954119299, -5.704732040078776 ], [ 106.59707944967802, -5.704735443576387 ], [ 106.597077948197679, -5.70473657811326 ], [ 106.597074947321985, -5.704739600760226 ], [ 106.59707344688411, -5.704741112083697 ], [ 106.597070446008388, -5.70474413473065 ], [ 106.597068945570498, -5.704745646054118 ], [ 106.597065941358707, -5.70474746298389 ], [ 106.597061435191463, -5.704750188378129 ], [ 106.597061435041425, -5.704750188529247 ], [ 106.597058062183152, -5.704754719216167 ], [ 106.597056946327385, -5.704759243788029 ], [ 106.597056946238368, -5.70475924424033 ], [ 106.597056055982264, -5.704763767733844 ], [ 106.597054714457855, -5.704768292932198 ], [ 106.597052465773032, -5.704771313490933 ], [ 106.597050965335043, -5.704772824814384 ], [ 106.597047962374361, -5.704775094001083 ], [ 106.597043455030729, -5.704777367138088 ], [ 106.597043454805274, -5.704777367214071 ], [ 106.597038943066153, -5.704778133266831 ], [ 106.597034427157425, -5.704777392290966 ], [ 106.597034426705889, -5.704777392201785 ], [ 106.597029911769468, -5.704776839537985 ], [ 106.597025397945501, -5.704776852068806 ], [ 106.597020886136548, -5.704777429791742 ], [ 106.597020885685524, -5.704777429883428 ], [ 106.597016371861585, -5.704777442436765 ], [ 106.597011858037703, -5.704777455005158 ], [ 106.597007350468374, -5.704779728217892 ], [ 106.597005099923635, -5.704781995089625 ], [ 106.597002851238472, -5.704785015648251 ], [ 106.597001952643495, -5.704786525300866 ], [ 106.597000611118631, -5.704791050499224 ], [ 106.596998366716079, -5.704795578204026 ], [ 106.59699836660387, -5.704795578430382 ], [ 106.596993865514222, -5.704800112173821 ], [ 106.596993865289818, -5.704800112626497 ], [ 106.596989364425099, -5.704804646143286 ], [ 106.596989363975055, -5.70480464659659 ], [ 106.596984863110265, -5.704809180113363 ], [ 106.59698486265961, -5.704809180340658 ], [ 106.596980361569749, -5.704813714084048 ], [ 106.59698036134472, -5.704813714310717 ], [ 106.596977364637254, -5.704818243877883 ], [ 106.596975872651356, -5.704822769493938 ], [ 106.596975872539772, -5.704822769946302 ], [ 106.59697475659182, -5.704827294066411 ], [ 106.596972512188984, -5.704831821771203 ], [ 106.59697138998817, -5.704834085849641 ], [ 106.59696989163406, -5.704836350520202 ], [ 106.596966890757272, -5.704839373166897 ], [ 106.596965390318857, -5.704840884490234 ], [ 106.596962389442027, -5.704843907136916 ], [ 106.596960136925148, -5.70484542054803 ], [ 106.596957882914481, -5.704846557173763 ], [ 106.596953375344469, -5.704848830423958 ], [ 106.596948865098369, -5.704849973312979 ], [ 106.596948864647501, -5.704849973464932 ], [ 106.596944363482052, -5.704854507283755 ], [ 106.596944363332014, -5.704854507434872 ], [ 106.596939858888732, -5.704857910894193 ], [ 106.59693835740778, -5.704859045430863 ], [ 106.596935356530679, -5.704862068077473 ], [ 106.596933104013644, -5.704863581488516 ], [ 106.596930853130758, -5.704865848700127 ], [ 106.596929354776421, -5.704868113370648 ], [ 106.596926358219392, -5.704872643163354 ], [ 106.596926358069354, -5.704872643314472 ], [ 106.596921856903549, -5.704877177133213 ], [ 106.596921856753525, -5.704877177284332 ], [ 106.596917351267507, -5.70488020395693 ], [ 106.59691585082885, -5.704881715280202 ], [ 106.596912849951522, -5.704884737926754 ], [ 106.596911349512851, -5.704886249250021 ], [ 106.596908352955609, -5.704890779042696 ], [ 106.596908352805571, -5.704890779193813 ], [ 106.596903847319368, -5.704893805866354 ], [ 106.59690234688064, -5.704895317189609 ], [ 106.596899346003184, -5.704898339836131 ], [ 106.596897845564442, -5.70489985115938 ], [ 106.596894844686929, -5.70490287380589 ], [ 106.59689259216961, -5.704904387216849 ], [ 106.596890341286411, -5.704906654428386 ], [ 106.596888090853255, -5.704908921186582 ], [ 106.596885837884571, -5.704910434598778 ], [ 106.596882837006945, -5.704913457245257 ], [ 106.596881338653546, -5.70491572236782 ], [ 106.596879840298897, -5.7049179870383 ], [ 106.596878649120995, -5.704922511819356 ], [ 106.596877608427832, -5.70492703618268 ], [ 106.596876862354733, -5.704929299216984 ], [ 106.596875740152171, -5.704931562843301 ], [ 106.596873495748255, -5.704936090548021 ], [ 106.596872371461487, -5.704937600827085 ], [ 106.596867866200796, -5.704940627649567 ], [ 106.596867865975753, -5.704940627876237 ], [ 106.596864869266867, -5.704945157443227 ], [ 106.596863367785531, -5.704946291979803 ], [ 106.596858859171846, -5.704948188442931 ], [ 106.596856606654256, -5.70494970185382 ], [ 106.59685435368533, -5.704951215265959 ], [ 106.596849848424412, -5.704954242088357 ], [ 106.59684984819917, -5.704954242239682 ], [ 106.596845338542565, -5.70495576176537 ], [ 106.596840833281561, -5.70495878858772 ], [ 106.596840833056305, -5.704958788739045 ], [ 106.596836327569179, -5.704961815411299 ], [ 106.596834827130095, -5.704963326734473 ], [ 106.596831830571901, -5.704967856527018 ], [ 106.59683183042209, -5.704967856753479 ], [ 106.596827329329798, -5.704972390496331 ], [ 106.596827329104556, -5.704972390647657 ], [ 106.596822827937189, -5.704976924466044 ], [ 106.59682282778715, -5.704976924617164 ], [ 106.596818320215633, -5.704979197942064 ], [ 106.596816069781937, -5.704981464700132 ], [ 106.596813816812741, -5.704982978112174 ], [ 106.596810815934361, -5.704986000758483 ], [ 106.596809317580522, -5.704988265880984 ], [ 106.596807067146742, -5.704990532639036 ], [ 106.596804822666911, -5.704995060343902 ], [ 106.596804822517086, -5.704995060570361 ], [ 106.596801825807447, -5.704999590137233 ], [ 106.59680032745355, -5.705001855259733 ], [ 106.59679882909839, -5.705004119930146 ], [ 106.596795832614958, -5.705008649722426 ], [ 106.596795832390541, -5.705008650175104 ], [ 106.596794340288938, -5.705013175339457 ], [ 106.596791343730217, -5.705017705131946 ], [ 106.596791343580406, -5.705017705358406 ], [ 106.596789099287804, -5.705022232836708 ], [ 106.596786854882978, -5.705026760541363 ], [ 106.596786854770755, -5.705026760767718 ], [ 106.596783858060874, -5.705031290334578 ], [ 106.596782359706836, -5.705033555457069 ], [ 106.596780861351547, -5.705035820127476 ], [ 106.59677786486786, -5.705040349919744 ], [ 106.596777864643428, -5.705040350372421 ], [ 106.596775620462893, -5.705044877624399 ], [ 106.596773369578699, -5.705047144835749 ], [ 106.596771871223353, -5.705049409506151 ], [ 106.596768874664306, -5.70505393929862 ], [ 106.596768874514495, -5.70505393952508 ], [ 106.596764373421095, -5.705058473267752 ], [ 106.596764373195839, -5.705058473419079 ], [ 106.596759872027363, -5.705063007237287 ], [ 106.596759871877225, -5.705063007350725 ], [ 106.596755367431285, -5.705066410847019 ], [ 106.596754242101639, -5.705067544339342 ], [ 106.596750864236412, -5.705070266600316 ], [ 106.596746355638459, -5.705072087704956 ], [ 106.596746355412932, -5.705072087755828 ], [ 106.596741842975732, -5.705072602627696 ], [ 106.596737330260652, -5.705073017069279 ], [ 106.596732817684554, -5.705073481751084 ], [ 106.596728307053922, -5.705074649690873 ], [ 106.596723797396379, -5.705076169398609 ], [ 106.596722294177198, -5.705076675967847 ], [ 106.596719287738821, -5.705077689106316 ], [ 106.596714776135471, -5.705078505460116 ], [ 106.59671026355926, -5.705078970136322 ], [ 106.596705750774476, -5.70507935942626 ], [ 106.596701237989649, -5.705079748705939 ], [ 106.596696724162598, -5.705079761234844 ], [ 106.596692209144408, -5.705079343183138 ], [ 106.596687694423963, -5.705079032771419 ], [ 106.596683179033306, -5.705078480078457 ], [ 106.596678664930309, -5.705078392868125 ], [ 106.596674152525679, -5.705078919610934 ], [ 106.596669642033888, -5.705080137845509 ], [ 106.596666034307574, -5.705081353601143 ], [ 106.596665132376003, -5.70508165754388 ], [ 106.596660621884112, -5.705082875763069 ], [ 106.596656110558499, -5.705083792602689 ], [ 106.596651599232743, -5.705084709400136 ], [ 106.596647088853729, -5.705085927661061 ], [ 106.596647088740966, -5.705085927691526 ], [ 106.596642577800026, -5.705086983614468 ], [ 106.596638068783292, -5.705088735158402 ], [ 106.59663355985677, -5.705090486686745 ], [ 106.596633559766587, -5.705090486721778 ], [ 106.596629049274512, -5.705091704948117 ], [ 106.596624537114764, -5.705092320308366 ], [ 106.596620026324985, -5.705093430929855 ], [ 106.596615517054715, -5.705095058240406 ], [ 106.596615516964562, -5.705095058281755 ], [ 106.596611008348361, -5.705096954690407 ], [ 106.596606499542759, -5.705098782643145 ], [ 106.596604245015953, -5.705099611001252 ], [ 106.596601990768818, -5.705100622051475 ], [ 106.596597481666109, -5.705102342623539 ], [ 106.596593875607041, -5.705104161256675 ], [ 106.596592973883816, -5.705104540554987 ], [ 106.59658846574861, -5.705106610917244 ], [ 106.596583956731436, -5.705108362450632 ], [ 106.596583205365036, -5.705108712346912 ], [ 106.596579449550944, -5.705110777979918 ], [ 106.596574942620563, -5.705113256755061 ], [ 106.596574942545459, -5.705113256800479 ], [ 106.596570436221768, -5.705115982112998 ], [ 106.596567432006196, -5.705117799075618 ], [ 106.59656593017634, -5.705118808037431 ], [ 106.596561423802129, -5.705121515125598 ], [ 106.596560136375928, -5.70512234079943 ], [ 106.59655691850196, -5.705124610513244 ], [ 106.596554103653247, -5.705126879018056 ], [ 106.596552415096497, -5.70512839089487 ], [ 106.596548554456575, -5.705131415894649 ], [ 106.596547911169836, -5.705131982877917 ], [ 106.596543408349859, -5.705135951652464 ], [ 106.596543408285513, -5.705135951709153 ], [ 106.596539408511276, -5.705140484228875 ], [ 106.596538908527577, -5.705141050814412 ], [ 106.596535408737097, -5.705145016805099 ], [ 106.596534409811852, -5.705146526735916 ], [ 106.596532411961363, -5.705149546597572 ], [ 106.596529912138209, -5.705152379417176 ], [ 106.596528412187084, -5.705154079173777 ], [ 106.596525413720201, -5.705157963028312 ], [ 106.596524964115488, -5.705158610218771 ], [ 106.596522145250816, -5.705163139517456 ], [ 106.596520920438948, -5.70516540372976 ], [ 106.596519572517764, -5.705167668133024 ], [ 106.596516835725595, -5.70517219720392 ], [ 106.596516427157184, -5.705172844280488 ], [ 106.596513729614557, -5.705176727299823 ], [ 106.596511932386548, -5.705179746604655 ], [ 106.596511115845118, -5.705181256029278 ], [ 106.596508476901633, -5.705185784828602 ], [ 106.59650744273759, -5.705188500583951 ], [ 106.596506802898801, -5.705190310949835 ], [ 106.596505203364813, -5.705194836864393 ], [ 106.59650333508327, -5.705199363524828 ], [ 106.596502961426225, -5.705200268856916 ], [ 106.596501330010838, -5.705203890564914 ], [ 106.596499701174992, -5.7052084165608 ], [ 106.596498934007499, -5.705212940165223 ], [ 106.596498996669709, -5.705217461466547 ], [ 106.596499636113165, -5.705221981167076 ], [ 106.596501744263861, -5.705226496791354 ], [ 106.596503040217314, -5.705228753819155 ], [ 106.596506055690028, -5.705231006300625 ], [ 106.596507562384105, -5.705231755722092 ], [ 106.59651208038143, -5.705233250260702 ], [ 106.596516595460841, -5.705233689898981 ], [ 106.5965211080388, -5.705233225223915 ], [ 106.596525619783051, -5.705232459141164 ], [ 106.596530132777986, -5.705232145218385 ], [ 106.596534643158563, -5.705230926957992 ], [ 106.596534643271283, -5.705230926916581 ], [ 106.596539145982788, -5.7052268953822 ], [ 106.596539646140243, -5.705226391597255 ], [ 106.596543651274828, -5.705223796772243 ], [ 106.596548159668032, -5.705221846493061 ], [ 106.596548159743179, -5.705221846464588 ], [ 106.596552669402811, -5.705220326833975 ], [ 106.596557180159323, -5.705219203753538 ], [ 106.596561691223144, -5.705218191773533 ], [ 106.596564268052219, -5.705217280309276 ], [ 106.59656620004867, -5.70521637064049 ], [ 106.596570356648769, -5.705212741935238 ], [ 106.596570702978056, -5.705212418002684 ], [ 106.596575206026515, -5.705208508439974 ], [ 106.596575706739799, -5.705208205610901 ], [ 106.596579713754878, -5.705206290717526 ], [ 106.596584225492137, -5.705205522266713 ], [ 106.596588742263378, -5.7052065736306 ], [ 106.596593259811087, -5.70520790569336 ], [ 106.596595517645767, -5.705208150625006 ], [ 106.596597775168078, -5.705208445798457 ], [ 106.596598526662873, -5.705208142273309 ], [ 106.596600771061716, -5.705203614568826 ], [ 106.596598678632773, -5.705199098901463 ], [ 106.59659774718429, -5.705198329530677 ], [ 106.596594604765485, -5.705194588733661 ], [ 106.596593218294004, -5.70519289703143 ], [ 106.596591550982083, -5.705190075734529 ], [ 106.596590740441215, -5.705185556509174 ], [ 106.596590784491539, -5.705181034911869 ], [ 106.596591060098305, -5.705176512671872 ], [ 106.596591246980751, -5.705171990678132 ], [ 106.596591960087338, -5.705167467223843 ], [ 106.59659314118035, -5.705165019901341 ], [ 106.596594530619555, -5.705162938614216 ], [ 106.596597641717736, -5.705160202742738 ], [ 106.596601398287376, -5.705158398077732 ], [ 106.596602148978988, -5.705157816325806 ], [ 106.596605548518696, -5.705153865083569 ], [ 106.596606648776259, -5.705152731656099 ], [ 106.596611156504238, -5.705150514001657 ], [ 106.596615670004553, -5.705150383087834 ], [ 106.596620182854082, -5.705150016912018 ], [ 106.596623566236602, -5.705149293599322 ], [ 106.59662469366468, -5.705148913672989 ], [ 106.596629205407879, -5.705148147574116 ], [ 106.59663372008842, -5.705148443331884 ], [ 106.596636731557084, -5.705149257057846 ], [ 106.596638237099896, -5.705149581720449 ], [ 106.596642753926574, -5.705150653300818 ], [ 106.596647269126677, -5.705151136879016 ], [ 106.596651783544317, -5.705151337601118 ], [ 106.596656297060065, -5.705151212297473 ], [ 106.596660808945472, -5.705150497641508 ], [ 106.596665320604757, -5.70514970124714 ], [ 106.596669833827363, -5.705149469994356 ], [ 106.596674349626056, -5.705150169976126 ], [ 106.596678866643217, -5.705151310417878 ], [ 106.596683383256405, -5.705152304826002 ], [ 106.596687899239129, -5.705153071325173 ], [ 106.596691511847524, -5.705153626482041 ], [ 106.596692414880422, -5.705153714407063 ], [ 106.596696929230006, -5.705153890544326 ], [ 106.59669825603342, -5.705153607762202 ], [ 106.596701439092001, -5.705152444502792 ], [ 106.596705949949794, -5.705151358433726 ], [ 106.596710462913791, -5.705151033723247 ], [ 106.596714977115155, -5.705151156310735 ], [ 106.596719493917135, -5.705152218966762 ], [ 106.596722547472581, -5.705153540335787 ], [ 106.596724012587146, -5.70515395687394 ], [ 106.596728528839577, -5.7051548208775 ], [ 106.596733044650563, -5.705155525308004 ], [ 106.596737561159145, -5.705156481901697 ], [ 106.596742077901951, -5.705157523154162 ], [ 106.596743348759503, -5.705158004070983 ], [ 106.596746595139436, -5.705158743216243 ], [ 106.596751112347349, -5.705159952591814 ], [ 106.596755629645543, -5.705161194597319 ], [ 106.596759186670809, -5.705162481582777 ], [ 106.596760147867812, -5.705162770623614 ], [ 106.596764665964301, -5.705164301173913 ], [ 106.596769184551718, -5.705166009178058 ], [ 106.596771444147308, -5.705166969032793 ], [ 106.596773703403301, -5.705167812662747 ], [ 106.596778224596164, -5.705170462428968 ], [ 106.596779415236682, -5.705171468380902 ], [ 106.59678275073334, -5.705174899377925 ], [ 106.596784960483419, -5.70517597446269 ], [ 106.596787271018414, -5.705177220985323 ], [ 106.596791787123578, -5.70517803170056 ], [ 106.596796305631358, -5.705179710865438 ], [ 106.596797304275356, -5.705180461672416 ], [ 106.596800829444092, -5.705183307554595 ], [ 106.59680267107619, -5.705184968249316 ], [ 106.596805355474928, -5.705187705979401 ], [ 106.596806979478984, -5.705189477764163 ], [ 106.596809886517249, -5.705193915809447 ], [ 106.596809930979944, -5.705193991045611 ], [ 106.596810929954131, -5.7051985097471 ], [ 106.596809908303655, -5.705201790650033 ], [ 106.596809517677173, -5.705203035142035 ], [ 106.59680620933463, -5.705207565800304 ], [ 106.596805412901787, -5.705208463355857 ], [ 106.596801692117495, -5.7052120998143 ], [ 106.596800910716809, -5.705212684294909 ], [ 106.596796401954464, -5.705214527802443 ], [ 106.596791888555671, -5.705214695439301 ], [ 106.596787374596772, -5.705214660623762 ], [ 106.596782864550207, -5.705216039971755 ], [ 106.596781955258152, -5.705216676076414 ], [ 106.596778359928919, -5.705219380360759 ], [ 106.596776199812922, -5.705221213527457 ], [ 106.596773856639089, -5.705223202047434 ], [ 106.596769349419546, -5.705225603304374 ], [ 106.596764835447161, -5.705225563662192 ], [ 106.59676031780991, -5.705224199296056 ], [ 106.596755799819974, -5.705222707443293 ], [ 106.59675128293847, -5.70522161624519 ], [ 106.596749250797373, -5.705221288333907 ], [ 106.596746767471004, -5.705221036182947 ], [ 106.596742251741532, -5.705220361405925 ], [ 106.596737735840847, -5.705219624745722 ], [ 106.59673322102654, -5.705219280773918 ], [ 106.596728707276355, -5.705219321462082 ], [ 106.596724197641791, -5.705220849844538 ], [ 106.596723070584801, -5.705221361005067 ], [ 106.596719689435375, -5.705222894480183 ], [ 106.596715177341508, -5.705223533905356 ], [ 106.59671066237371, -5.705223134478371 ], [ 106.596707296206532, -5.705221404791087 ], [ 106.596706142218551, -5.705220859933826 ], [ 106.596701621274164, -5.705218300086274 ], [ 106.596697479731588, -5.705216910564324 ], [ 106.596697103322583, -5.705216822072953 ], [ 106.596692589464183, -5.705216823658837 ], [ 106.596688075288569, -5.705216710589897 ], [ 106.596683560131453, -5.705216242719574 ], [ 106.596679045805104, -5.705216075165056 ], [ 106.596674533804062, -5.705216748176554 ], [ 106.596674083038053, -5.705216975506878 ], [ 106.596670029260608, -5.705220117013302 ], [ 106.596667776223256, -5.705221514487506 ], [ 106.596665523283448, -5.705222967611533 ], [ 106.596661010001, -5.705223177444628 ], [ 106.59665649430471, -5.705222514703132 ], [ 106.596651982799372, -5.705223366949324 ], [ 106.596647472306287, -5.705224585129105 ], [ 106.596642962797745, -5.70522610483617 ], [ 106.596642962647437, -5.705226104886831 ], [ 106.596638455767547, -5.705228629233989 ], [ 106.596634850263925, -5.705230648828565 ], [ 106.59663394874903, -5.705231103486963 ], [ 106.596629442008179, -5.705233678124561 ], [ 106.596626737880413, -5.705235192820464 ], [ 106.596624934273308, -5.705235893448322 ], [ 106.596620422369114, -5.705236601593381 ], [ 106.596615911426966, -5.705237657515979 ], [ 106.59661140158434, -5.705239110929194 ], [ 106.596609597839745, -5.705239761869461 ], [ 106.596606891887831, -5.705240617176853 ], [ 106.596602383531277, -5.705242607828759 ], [ 106.596599379034373, -5.705244311707634 ], [ 106.596597876894464, -5.705245220183444 ], [ 106.596593369163244, -5.705247436922763 ], [ 106.596588857771636, -5.705248330434975 ], [ 106.596586602441647, -5.705248868644962 ], [ 106.596584346731078, -5.70524935086011 ], [ 106.596579837510333, -5.705251029170332 ], [ 106.596575328179838, -5.705252667817134 ], [ 106.596573395766399, -5.705253426775772 ], [ 106.596570819215145, -5.705254438720615 ], [ 106.596566311778886, -5.705256762170669 ], [ 106.596564509548244, -5.70525797291482 ], [ 106.59656180628825, -5.705259788996321 ], [ 106.596557297184347, -5.705261509614424 ], [ 106.596553688900727, -5.705262524422794 ], [ 106.596552786793225, -5.705262764903759 ], [ 106.596548278927514, -5.705264933163301 ], [ 106.596545275617842, -5.705267069248988 ], [ 106.596543773366648, -5.705267934667482 ], [ 106.596539268345865, -5.705271131442945 ], [ 106.596538667803259, -5.705271609064047 ], [ 106.596534765397564, -5.705275077469877 ], [ 106.596533379449625, -5.705276145216925 ], [ 106.596530259627983, -5.705278003579211 ], [ 106.596525747978177, -5.705278803916057 ], [ 106.596521237729021, -5.705280110623647 ], [ 106.59652000829476, -5.705280703803303 ], [ 106.596516730797376, -5.705282616671712 ], [ 106.596513817310367, -5.705285242461276 ], [ 106.596512230462622, -5.705287507640768 ], [ 106.596510302226505, -5.705289773692401 ], [ 106.596507729557104, -5.705292192289973 ], [ 106.59650530486509, -5.705294309037493 ], [ 106.59650322656708, -5.705296123384268 ], [ 106.596499848717201, -5.70529884565589 ], [ 106.596498722587029, -5.705299696578203 ], [ 106.596494218085638, -5.705303081319182 ], [ 106.596493936798382, -5.70530338353922 ], [ 106.596489717625047, -5.705307916724436 ], [ 106.59648971759691, -5.705307916749628 ], [ 106.596485213772795, -5.705311546387446 ], [ 106.596483574853224, -5.705312455248418 ], [ 106.59648070661369, -5.705313970367363 ], [ 106.596476199930905, -5.705316566567554 ], [ 106.596475380411547, -5.705316999466562 ], [ 106.59647169321677, -5.705319151449034 ], [ 106.59646718534438, -5.705321317608279 ], [ 106.59646680981129, -5.705321544728609 ], [ 106.59646267978313, -5.705324319325451 ], [ 106.596460929279232, -5.705326082524618 ], [ 106.596458181399598, -5.705329916004534 ], [ 106.596457538482127, -5.705330613410654 ], [ 106.596453677831832, -5.705333638458236 ], [ 106.596449813021366, -5.705335156326961 ], [ 106.596449168865817, -5.705335409313123 ], [ 106.596444662679005, -5.705338184953864 ], [ 106.59644258354686, -5.705339697866662 ], [ 106.596440157625679, -5.7053413703942 ], [ 106.596435651732378, -5.705344238580193 ], [ 106.596435651694833, -5.705344238606894 ], [ 106.596431147428632, -5.705347708656092 ], [ 106.59642976148028, -5.70534877640299 ], [ 106.596426645199728, -5.705351915283463 ], [ 106.596425260156778, -5.705353310371019 ], [ 106.596422145450404, -5.705357018390033 ], [ 106.596421453278751, -5.705357842411724 ], [ 106.596417644476631, -5.705361678835962 ], [ 106.596416894083745, -5.705362376540339 ], [ 106.596413141503746, -5.705365616562619 ], [ 106.596411756185859, -5.705366912275016 ], [ 106.596408639286778, -5.70536982760573 ], [ 106.596406907680048, -5.705371447206518 ], [ 106.596404137069626, -5.705374038604844 ], [ 106.596401885551984, -5.705375982619852 ], [ 106.596399633959095, -5.705377926635065 ], [ 106.596396631909329, -5.705380518675687 ], [ 106.596395131123472, -5.705381914084428 ], [ 106.596392014842564, -5.705385052964814 ], [ 106.596390630120126, -5.705386563990257 ], [ 106.596387860700517, -5.705389585969178 ], [ 106.596386130311828, -5.705391645980473 ], [ 106.596383880255829, -5.705394118491473 ], [ 106.596381630806619, -5.705396837585099 ], [ 106.596380131175124, -5.705398650371658 ], [ 106.596377130316142, -5.705401672992866 ], [ 106.596374877626133, -5.705403186427133 ], [ 106.59637262422774, -5.705404484548633 ], [ 106.596368117406172, -5.705407031042165 ], [ 106.596366829629233, -5.705407730237885 ], [ 106.596363610309751, -5.705409478186025 ], [ 106.596359103341584, -5.705411971716376 ], [ 106.596358652783678, -5.705412274406146 ], [ 106.596354598384437, -5.705415192338494 ], [ 106.596352551116766, -5.705416812815228 ], [ 106.596350095273323, -5.705419080406202 ], [ 106.596347393262263, -5.705421348604983 ], [ 106.596345591864292, -5.705422860786737 ], [ 106.596341989154212, -5.705425885078116 ], [ 106.596341088872066, -5.705426791888947 ], [ 106.596336582961726, -5.705429667965767 ], [ 106.596334328243586, -5.705430427814321 ], [ 106.596332073489251, -5.705431256172448 ], [ 106.596327557384967, -5.705430446655053 ], [ 106.596325300469658, -5.705430452918428 ] ] ] } },
{ "type": "Feature", "properties": { "fid": 56.0, "ID": 55, "ELEV": -31.0 }, "geometry": { "type": "MultiLineString", "coordinates": [ [ [ 106.597022730631579, -5.705444342103138 ], [ 106.597022724263212, -5.705442081383786 ], [ 106.597022711752061, -5.705437559944455 ], [ 106.597022699240924, -5.705433038505124 ], [ 106.597022699691593, -5.705433038277829 ], [ 106.597022700143498, -5.705433038502617 ], [ 106.59702721977628, -5.705435286465255 ], [ 106.597027220002559, -5.70543528669067 ], [ 106.597029479819241, -5.705436410784992 ] ] ] } },
{ "type": "Feature", "properties": { "fid": 57.0, "ID": 56, "ELEV": -31.0 }, "geometry": { "type": "MultiLineString", "coordinates": [ [ [ 106.596833220725486, -5.705470382281322 ], [ 106.596835475627572, -5.705469730078977 ], [ 106.596837726512646, -5.705467462867022 ], [ 106.596842233636877, -5.705465189843595 ], [ 106.596837707749913, -5.705460681385511 ], [ 106.596837707522994, -5.705460680934086 ], [ 106.596833181409849, -5.705456172250561 ], [ 106.596833181258773, -5.705456172024937 ], [ 106.596830159679755, -5.705451658938611 ], [ 106.59682865089998, -5.705450155968944 ], [ 106.596825633340458, -5.705447150029576 ], [ 106.596824125603177, -5.70544602384653 ], [ 106.596819606561212, -5.705444152443953 ], [ 106.596817809369057, -5.705447171749404 ], [ 106.59681872464455, -5.705451690683056 ], [ 106.596819633664651, -5.705453948670772 ], [ 106.596820542686018, -5.705456207110568 ], [ 106.596823263493462, -5.705460721031922 ], [ 106.596824170429301, -5.705462225672363 ], [ 106.596825984300978, -5.705465234953251 ], [ 106.596828700104652, -5.70546794029866 ], [ 106.596831714328403, -5.705469740520697 ], [ 106.596833220725486, -5.705470382281322 ] ] ] } },
{ "type": "Feature", "properties": { "fid": 58.0, "ID": 57, "ELEV": -31.0 }, "geometry": { "type": "MultiLineString", "coordinates": [ [ [ 106.596967599189881, -5.705503274332361 ], [ 106.596966786905384, -5.705501015850452 ], [ 106.596964195063592, -5.705496501685116 ], [ 106.59696419499879, -5.705496501572275 ], [ 106.596964182488009, -5.705491980132822 ], [ 106.596964182551233, -5.705491979680592 ], [ 106.596966426730859, -5.705487452427874 ], [ 106.596966414220063, -5.705482930988424 ], [ 106.596965649630008, -5.705478411636994 ], [ 106.596965637119226, -5.705473890197543 ], [ 106.596966376800552, -5.705469366669761 ], [ 106.596967492860003, -5.705464842097035 ], [ 106.596968615061357, -5.705462578018305 ], [ 106.596970113416418, -5.705460313347337 ], [ 106.596970852984882, -5.705455789819877 ], [ 106.596970088394897, -5.705451270468449 ], [ 106.596970075884144, -5.705446749029002 ], [ 106.596971567983161, -5.705442223412279 ], [ 106.596973059969343, -5.705437697795871 ], [ 106.596973047481171, -5.705433176356366 ], [ 106.59697213229488, -5.705428657423036 ], [ 106.596971894092718, -5.705424136610182 ], [ 106.596971505429579, -5.705419616215051 ], [ 106.596970740388386, -5.705415096864859 ], [ 106.596969975798544, -5.705410577513406 ], [ 106.59696845867947, -5.705406060703251 ], [ 106.596968458527769, -5.705406060251618 ], [ 106.596966941557923, -5.705401542988983 ], [ 106.596966929047312, -5.705397021549523 ], [ 106.596968420920675, -5.705392495933455 ], [ 106.596968408485282, -5.705387974493787 ], [ 106.596968396012301, -5.705383453054223 ], [ 106.596968396123899, -5.70538345260186 ], [ 106.596972903698031, -5.705381179576443 ], [ 106.596977417526844, -5.705381167044713 ], [ 106.596979667960866, -5.705378900285785 ], [ 106.596979655450212, -5.705374378846348 ], [ 106.596978890860441, -5.705369859494909 ], [ 106.596977373741481, -5.705365342684758 ], [ 106.596977373627411, -5.705365342233022 ], [ 106.596976608900931, -5.705360822881948 ], [ 106.59697735705943, -5.705359313646789 ], [ 106.596979605520488, -5.705356293088283 ], [ 106.596981858377418, -5.705354779675639 ], [ 106.596986370120561, -5.70535401345763 ], [ 106.596990886034561, -5.705354754612117 ], [ 106.596995404032739, -5.705356249000722 ], [ 106.596995404259033, -5.705356249226138 ], [ 106.596997673684072, -5.705360764399617 ], [ 106.59699768619484, -5.705365285839014 ], [ 106.596997698705636, -5.705369807278411 ], [ 106.596999961649075, -5.705372061506747 ], [ 106.597004481733379, -5.705374309769857 ], [ 106.597004482185071, -5.705374309919303 ], [ 106.597009008072121, -5.705378818375915 ], [ 106.597009008524651, -5.705378818826714 ], [ 106.597009008074622, -5.705378819280016 ], [ 106.597004507206805, -5.705383352798068 ], [ 106.597004506755823, -5.70538335291234 ], [ 106.596999992927181, -5.705383365481967 ], [ 106.596995485354014, -5.705385638808921 ], [ 106.596993234920049, -5.705387905567901 ], [ 106.596990990441213, -5.705392433273457 ], [ 106.596990990291999, -5.705392433725924 ], [ 106.596986489423927, -5.7053969672439 ], [ 106.596991009056325, -5.705399215206945 ], [ 106.596995529140656, -5.705401463394732 ], [ 106.596995529592562, -5.70540146361952 ], [ 106.597000049224988, -5.705403711582473 ], [ 106.5970023126212, -5.705405966261585 ], [ 106.597004581819675, -5.705410480983534 ], [ 106.597004582046594, -5.705410481434959 ], [ 106.597004581822191, -5.705410481887635 ], [ 106.597000080954146, -5.705415015405727 ], [ 106.597000080504102, -5.705415015859029 ], [ 106.596995579636001, -5.705419549377104 ], [ 106.596995591921257, -5.705424070817124 ], [ 106.596995604432166, -5.705428592256516 ], [ 106.596995604207748, -5.705428592709193 ], [ 106.596993360028492, -5.705433119961906 ], [ 106.596991115624775, -5.705437647667297 ], [ 106.596995641738616, -5.705442156349275 ], [ 106.596995641889691, -5.7054421565749 ], [ 106.59700016807902, -5.705446665331955 ], [ 106.597000168305115, -5.705446665482028 ], [ 106.597004690249378, -5.705449667243485 ], [ 106.597006951560033, -5.705451168123249 ], [ 106.597009214503913, -5.705453422351441 ], [ 106.597009214843013, -5.705453422576543 ], [ 106.597011473921398, -5.705454320599269 ] ] ] } },
{ "type": "Feature", "properties": { "fid": 59.0, "ID": 58, "ELEV": -30.0 }, "geometry": { "type": "MultiLineString", "coordinates": [ [ [ 106.597332144621845, -5.704566317108919 ], [ 106.597332150877676, -5.704568577828311 ], [ 106.597331768662229, -5.704570274482538 ], [ 106.597330448908124, -5.704573104027397 ], [ 106.597329908246437, -5.704577627002085 ], [ 106.597329795319666, -5.704582148789154 ], [ 106.597329234690122, -5.704586671819282 ], [ 106.597327307702045, -5.704589390053747 ], [ 106.597326491997578, -5.70459120090798 ], [ 106.597324616959654, -5.704595727587607 ], [ 106.597324465326352, -5.704600249482154 ], [ 106.597325996069273, -5.704604766705529 ], [ 106.597327359625453, -5.70460815402471 ], [ 106.597327926994581, -5.704609282817769 ], [ 106.597327375415531, -5.704613805822776 ], [ 106.597327375265706, -5.704613806049235 ], [ 106.597322871452377, -5.704617435507028 ], [ 106.597321369347355, -5.704618343972378 ], [ 106.597318364303192, -5.704619859473818 ], [ 106.597316115789653, -5.704622880032578 ], [ 106.597313871398271, -5.704627407737739 ], [ 106.597313871334194, -5.704627407888617 ], [ 106.597312191121731, -5.704631933876621 ], [ 106.597311075258517, -5.704636458448398 ], [ 106.59731014737406, -5.704640982498248 ], [ 106.597309397548756, -5.704641888874865 ], [ 106.597305796500208, -5.704645516052107 ], [ 106.597304895821068, -5.704646272155744 ], [ 106.59730114475262, -5.704650050441331 ], [ 106.597300395552878, -5.704651182889888 ], [ 106.597297696643096, -5.704654581488626 ], [ 106.597295899455162, -5.704657600794262 ], [ 106.59729477517007, -5.704659111073705 ], [ 106.597292154642432, -5.704663639823207 ], [ 106.597291408571152, -5.704665902857517 ], [ 106.597290286370665, -5.704668166484064 ], [ 106.597287816279774, -5.704672694815876 ], [ 106.597286916643142, -5.704673827682118 ], [ 106.597282409076286, -5.704676100934165 ], [ 106.597280155518519, -5.704677237559554 ], [ 106.597277902552023, -5.704678750972757 ], [ 106.597274901677878, -5.704681773620393 ], [ 106.597273403326668, -5.704684038743398 ], [ 106.597271904974193, -5.704686303414317 ], [ 106.59727003672613, -5.704690830075105 ], [ 106.597268914526779, -5.704693094153731 ], [ 106.597267416174276, -5.704695358824649 ], [ 106.597264415299989, -5.704698381472269 ], [ 106.597262914862853, -5.70469989279607 ], [ 106.597259913988523, -5.704702915443677 ], [ 106.597258413551359, -5.704704426767472 ], [ 106.59725541696028, -5.704708956561061 ], [ 106.597255416847858, -5.704708956712076 ], [ 106.597250915686274, -5.704713490532336 ], [ 106.597250915536236, -5.704713490683454 ], [ 106.597246414374581, -5.7047180245037 ], [ 106.597246414224557, -5.704718024654817 ], [ 106.597241913062831, -5.704722558475046 ], [ 106.597241912912992, -5.704722558701507 ], [ 106.597239668624937, -5.704727086180299 ], [ 106.597237419941379, -5.704730106739445 ], [ 106.597235919504072, -5.704731618063215 ], [ 106.597232915293134, -5.704733434993695 ], [ 106.597228406474429, -5.704735256101615 ], [ 106.597223895604756, -5.704736172920446 ], [ 106.597223895153874, -5.704736173072396 ], [ 106.597219389671011, -5.704739199746625 ], [ 106.597217889233619, -5.704740711070368 ], [ 106.597216397136989, -5.704745236686788 ], [ 106.597217914255893, -5.704749753948383 ], [ 106.597219431373588, -5.704754270757915 ], [ 106.597219431600507, -5.704754271209338 ], [ 106.597219444036455, -5.70475879264855 ], [ 106.597219443887255, -5.704758793101018 ], [ 106.597214943025023, -5.704763326618992 ], [ 106.597214942574155, -5.704763326770946 ], [ 106.597210432920676, -5.704764846298822 ], [ 106.59720592766358, -5.704767873123097 ], [ 106.597205927438551, -5.704767873349766 ], [ 106.597202930733332, -5.704772402917552 ], [ 106.597201438749394, -5.704776928533672 ], [ 106.597202203475476, -5.704781447884257 ], [ 106.597202753357763, -5.704785967831333 ], [ 106.597203410665685, -5.704790487480145 ], [ 106.597202993288832, -5.704795010112724 ], [ 106.597202629647981, -5.704799532596109 ], [ 106.597201507448233, -5.704801796674728 ], [ 106.597196993624138, -5.704801809093929 ], [ 106.597192478548934, -5.704801369369179 ], [ 106.597187963891074, -5.704801080472057 ], [ 106.597184963015877, -5.704804103119522 ], [ 106.597183462578258, -5.704805614443244 ], [ 106.597178957320722, -5.704808641267435 ], [ 106.597178957095679, -5.704808641494101 ], [ 106.597175960390089, -5.704813171061859 ], [ 106.597174468443512, -5.704817696677886 ], [ 106.597174468294313, -5.704817697130355 ], [ 106.597172224117685, -5.7048222243828 ], [ 106.597169973236106, -5.704824491595042 ], [ 106.597165466118184, -5.704826764619323 ], [ 106.597165465667544, -5.70482676484662 ], [ 106.597160964579388, -5.704831298591063 ], [ 106.597160964354146, -5.704831298742391 ], [ 106.597156463190913, -5.704835832562368 ], [ 106.597156463040889, -5.704835832713487 ], [ 106.597153090183198, -5.704840363400882 ], [ 106.597151974313206, -5.704844887972797 ], [ 106.597151974239239, -5.704844888425056 ], [ 106.597151083983974, -5.704849411918532 ], [ 106.597149742460374, -5.704853937116944 ], [ 106.597147498171879, -5.704858464821744 ], [ 106.597147497947461, -5.704858465274421 ], [ 106.597142992462395, -5.704861491647067 ], [ 106.59713848325957, -5.704863011324089 ], [ 106.597138482808703, -5.704863011476041 ], [ 106.597133977324376, -5.704866038149991 ], [ 106.597131724808065, -5.70486755156167 ], [ 106.597129480293731, -5.70487207926708 ], [ 106.597129480181522, -5.704872079493437 ], [ 106.597126483475279, -5.704876609061126 ], [ 106.597124991528247, -5.70488113467717 ], [ 106.597124991378422, -5.704881134903631 ], [ 106.597120477554483, -5.704881147661433 ], [ 106.597120477101953, -5.704881147210636 ], [ 106.597115959558437, -5.704879652594743 ], [ 106.597111450355342, -5.704881172271612 ], [ 106.597111449904688, -5.704881172498905 ], [ 106.59710845319826, -5.704885702066554 ], [ 106.59710696132629, -5.704890227682387 ], [ 106.597109230749226, -5.704894742855763 ], [ 106.5971099953383, -5.704899262206991 ], [ 106.597109255770462, -5.704903785734211 ], [ 106.597107004888358, -5.704906052946357 ], [ 106.597102497769498, -5.704908325970387 ], [ 106.59710249731863, -5.704908326122341 ], [ 106.597097987663574, -5.704909845649727 ], [ 106.59709348240473, -5.70491287247359 ], [ 106.597093482179687, -5.704912872700258 ], [ 106.597090485472989, -5.704917402267895 ], [ 106.597088987120557, -5.704919667390772 ], [ 106.597087488766874, -5.704921932061568 ], [ 106.597084492211152, -5.704926461854822 ], [ 106.597084492061327, -5.704926462081279 ], [ 106.597079990971807, -5.704930995825472 ], [ 106.597079990746565, -5.704930995976798 ], [ 106.597075483176624, -5.704933269190315 ], [ 106.597070972478818, -5.704934411968641 ], [ 106.59706871891953, -5.704935548593588 ], [ 106.597066465951428, -5.704937062006387 ], [ 106.59706346507491, -5.70494008465358 ], [ 106.597061966722322, -5.704942349776434 ], [ 106.597057459602951, -5.704944622800237 ], [ 106.597057459152921, -5.704944623253541 ], [ 106.597052945327704, -5.704944635784944 ], [ 106.597051453228318, -5.704949160949364 ], [ 106.597050713660053, -5.704953684476648 ], [ 106.597048459649301, -5.7049548211028 ], [ 106.597043947700527, -5.704955511850052 ], [ 106.597039431998667, -5.704954846165474 ], [ 106.597034927706403, -5.704958249775876 ], [ 106.597034940178972, -5.704962771215358 ], [ 106.597036081032684, -5.704967289522225 ], [ 106.597034965312176, -5.7049718140938 ], [ 106.597034965087147, -5.70497181432047 ], [ 106.59703045126146, -5.704971826776412 ], [ 106.597030450809754, -5.704971826626966 ], [ 106.597025934308022, -5.704970708797114 ], [ 106.597021419440026, -5.704970344541715 ], [ 106.597016910235823, -5.704971864218106 ], [ 106.597016909785182, -5.704971864445402 ], [ 106.597012400129032, -5.704973383896973 ], [ 106.597007890473506, -5.704974903574575 ], [ 106.597005637956372, -5.704976416985968 ], [ 106.597003384987914, -5.704977930398608 ], [ 106.597000384110814, -5.704980953045621 ], [ 106.59699888575787, -5.704983218168407 ], [ 106.596997387403661, -5.704985482839106 ], [ 106.596994390922134, -5.704990012631962 ], [ 106.596994390697105, -5.704990012858631 ], [ 106.596989885210689, -5.704993039456584 ], [ 106.596987632693441, -5.704994552867939 ], [ 106.596985379724856, -5.704996066280541 ], [ 106.596980874464634, -5.704999093103865 ], [ 106.596980874240231, -5.704999093556542 ], [ 106.596976368753033, -5.70500211992842 ], [ 106.596974868314362, -5.705003631251883 ], [ 106.596971871832565, -5.705008161044695 ], [ 106.596971884267148, -5.705012682484416 ], [ 106.596971884117934, -5.705012682936884 ], [ 106.596967378630595, -5.705015709308732 ], [ 106.596962865847104, -5.705016098626206 ], [ 106.596961364365882, -5.705017233163032 ], [ 106.596958363488355, -5.705020255809941 ], [ 106.596956863049584, -5.705021767133383 ], [ 106.596953866454726, -5.705026296926477 ], [ 106.596953866342517, -5.705026297152832 ], [ 106.596951622051378, -5.705030824631419 ], [ 106.596950505991686, -5.70503534920398 ], [ 106.596949390157661, -5.705039873775917 ], [ 106.596949402667335, -5.705044395215472 ], [ 106.596950543520762, -5.705048913522639 ], [ 106.596952436791426, -5.705053429741013 ], [ 106.596951697109631, -5.705057953268721 ], [ 106.596949452706198, -5.705062480973687 ], [ 106.596949452593762, -5.705062481124702 ], [ 106.596946756807242, -5.70506700993205 ], [ 106.596944963876666, -5.705071536383687 ], [ 106.596944963787635, -5.705071536835987 ], [ 106.596943847839498, -5.705076060956204 ], [ 106.596942732005417, -5.705080585528157 ], [ 106.596940481234483, -5.70508285262668 ], [ 106.596935969492563, -5.705083618617716 ], [ 106.596931451496104, -5.70508212400193 ], [ 106.596926933500299, -5.70508062961216 ], [ 106.596922425928511, -5.705082902862642 ], [ 106.596920175495043, -5.705085169621106 ], [ 106.596917922525904, -5.705086683033588 ], [ 106.596913417264602, -5.705089709856671 ], [ 106.596913417039559, -5.705089710083341 ], [ 106.596908915947424, -5.7050942438269 ], [ 106.596908915722068, -5.705094243940549 ], [ 106.596904408150081, -5.705096517190937 ], [ 106.596899900803407, -5.705098790327651 ], [ 106.596899900578052, -5.705098790441298 ], [ 106.596895395090556, -5.705101817151897 ], [ 106.596893894651416, -5.705103328475278 ], [ 106.596890893773136, -5.705106351122049 ], [ 106.596889769486197, -5.705107861401219 ], [ 106.596886396775844, -5.705112392238322 ], [ 106.59688639662582, -5.70511239238944 ], [ 106.596881895458253, -5.705116926208444 ], [ 106.596881895308229, -5.705116926359563 ], [ 106.596877394140591, -5.705121460178548 ], [ 106.596877393990468, -5.705121460291989 ], [ 106.596872889545111, -5.705124863789128 ], [ 106.596870635984573, -5.705126000413611 ], [ 106.596868380930331, -5.705126760276653 ], [ 106.59686387002202, -5.705127827785611 ], [ 106.596859357446078, -5.705128292535236 ], [ 106.596854842367861, -5.705127852846146 ], [ 106.596850327706818, -5.705127563947045 ], [ 106.596845813284148, -5.705127361205765 ], [ 106.59684129945704, -5.705127373735908 ], [ 106.596836787416805, -5.705128032150795 ], [ 106.596832276567994, -5.705129121214158 ], [ 106.596827764825605, -5.705129887293536 ], [ 106.596823247722355, -5.705128715660877 ], [ 106.596818731750915, -5.705127953121368 ], [ 106.59681421388234, -5.705126504849037 ], [ 106.596813310154687, -5.705126159546852 ], [ 106.596809695244019, -5.705124778338087 ], [ 106.596805176665939, -5.705123073590503 ], [ 106.596801411258312, -5.705121671102204 ], [ 106.596800658148055, -5.70512139059384 ], [ 106.596796141423738, -5.705120355905966 ], [ 106.596791626584832, -5.705120002723601 ], [ 106.596787111194132, -5.705119450092127 ], [ 106.59678259423977, -5.705118332247499 ], [ 106.596778077285506, -5.70511721443685 ], [ 106.596778077172573, -5.705117214399485 ], [ 106.596773559288664, -5.705115719758153 ], [ 106.596769040875202, -5.705114074476229 ], [ 106.596764524685298, -5.705113232940745 ], [ 106.596760011031847, -5.705113308270823 ], [ 106.596755501895387, -5.705115016383286 ], [ 106.596750994435013, -5.705117289575861 ], [ 106.596750994322292, -5.705117289621383 ], [ 106.596746482058492, -5.705117867299026 ], [ 106.596741969794806, -5.705118445021844 ], [ 106.596737456414274, -5.705118619039395 ], [ 106.596732944373784, -5.705119277453481 ], [ 106.596728430546477, -5.705119289982721 ], [ 106.596723917612763, -5.705119625528435 ], [ 106.596719404480055, -5.705119889149612 ], [ 106.596714892042542, -5.705120404071626 ], [ 106.596710380994807, -5.705121421386483 ], [ 106.596708125696594, -5.705121930043275 ], [ 106.596705869808062, -5.70512238846107 ], [ 106.596701358899253, -5.705123456016109 ], [ 106.596696846461654, -5.705123970937991 ], [ 106.596692334023771, -5.705124485764001 ], [ 106.59668782158613, -5.705125000685817 ], [ 106.596683309426425, -5.705125616088101 ], [ 106.596680302709728, -5.705126528745954 ], [ 106.596678799887442, -5.705127178859857 ], [ 106.596674292611581, -5.70512955974451 ], [ 106.596671287562472, -5.705131075243762 ], [ 106.596669795573831, -5.705135600859871 ], [ 106.596674312231613, -5.705136652223514 ], [ 106.596678829786924, -5.705137987241093 ], [ 106.596683348409115, -5.705139707921096 ], [ 106.596685606590896, -5.705140078448677 ], [ 106.596687863800184, -5.705140260582657 ], [ 106.596688991735903, -5.705140069052596 ], [ 106.596692374604956, -5.705139155356343 ], [ 106.596696887807141, -5.705138916777621 ], [ 106.596700652433128, -5.705140036686069 ], [ 106.596701405082342, -5.705140150535029 ], [ 106.596705922520258, -5.705141443099111 ], [ 106.596710440889822, -5.705143072442587 ], [ 106.596714957858765, -5.705144195483959 ], [ 106.596715779462372, -5.70514451617249 ], [ 106.596719474877162, -5.705145336391747 ], [ 106.596723993319642, -5.705146992077325 ], [ 106.596728511570305, -5.705148578410335 ], [ 106.596730205468631, -5.70514899760432 ], [ 106.596733027687279, -5.705149393467846 ], [ 106.596737543325489, -5.705150035456762 ], [ 106.596742059106802, -5.70515072917826 ], [ 106.596746577110778, -5.705152226328606 ], [ 106.59674838608376, -5.705153468613719 ], [ 106.596751097332046, -5.705154524971207 ], [ 106.59675561769248, -5.705156873900625 ], [ 106.596757340284015, -5.705157965233322 ], [ 106.596760136131081, -5.705158528141132 ], [ 106.596764653244307, -5.705159703286465 ], [ 106.596769172586832, -5.705161684250514 ], [ 106.596770303172832, -5.705162450725298 ], [ 106.596773691575862, -5.705163537433912 ], [ 106.596778212338833, -5.705166031825853 ], [ 106.596779226593213, -5.705166947429916 ], [ 106.596782736212404, -5.705169650577096 ], [ 106.596785396410539, -5.705171451777994 ], [ 106.596787257723875, -5.705172415494888 ], [ 106.596791774213301, -5.705173365121599 ], [ 106.596796292705605, -5.705175038713203 ], [ 106.596797622799741, -5.705175939313634 ], [ 106.59680081496019, -5.70517807220664 ], [ 106.596803781434204, -5.70518044369249 ], [ 106.596805339124046, -5.705181795807161 ], [ 106.596808803781229, -5.70518495122549 ], [ 106.596809865058503, -5.705186159386808 ], [ 106.596812556343224, -5.705189462283249 ], [ 106.596814356299248, -5.705193978761262 ], [ 106.596814404723091, -5.70519548578502 ], [ 106.596814543900891, -5.705198499715046 ], [ 106.596814413820553, -5.705198774111244 ], [ 106.596813259500109, -5.705203024755011 ], [ 106.596810295977775, -5.705207554456095 ], [ 106.596809925503464, -5.705208007630721 ], [ 106.596806468823956, -5.705212086554552 ], [ 106.596805425697298, -5.705213088382711 ], [ 106.59680092019326, -5.705216109628926 ], [ 106.596799185528766, -5.705216628246955 ], [ 106.596796410619007, -5.705217659679493 ], [ 106.596791897237921, -5.705217833720694 ], [ 106.596787383409975, -5.705217846250612 ], [ 106.596782874171453, -5.705219517682039 ], [ 106.596780492191925, -5.705221201612337 ], [ 106.596778370112403, -5.705223061306882 ], [ 106.596774918846265, -5.705225738557894 ], [ 106.596773866282632, -5.705226687835775 ], [ 106.596769359267654, -5.705229163041026 ], [ 106.596764846124145, -5.705229423017721 ], [ 106.596760328747422, -5.705228152834879 ], [ 106.596756109280577, -5.705225790770577 ], [ 106.596755808103794, -5.705225701773931 ], [ 106.596751293191375, -5.705225322345606 ], [ 106.596746779101935, -5.705225240406115 ], [ 106.596742264493017, -5.705224970694595 ], [ 106.596737749647829, -5.705224615572562 ], [ 106.596733236759192, -5.70522496769397 ], [ 106.596730015066427, -5.705225863203391 ], [ 106.596728728017084, -5.705226818684502 ], [ 106.59672422132769, -5.705229411691115 ], [ 106.596719709382839, -5.705230104995485 ], [ 106.596716324864545, -5.705230422679202 ], [ 106.596715197797337, -5.70523092820442 ], [ 106.596710691334991, -5.70523360332305 ], [ 106.596708438248626, -5.705234966045396 ], [ 106.596706185949969, -5.70523666789071 ], [ 106.596701680029469, -5.705239506279366 ], [ 106.596701679939329, -5.705239506329861 ], [ 106.596697173615681, -5.705242231638433 ], [ 106.596693567556358, -5.705244050272346 ], [ 106.596692666180502, -5.70524455517107 ], [ 106.596688160343319, -5.70524745636051 ], [ 106.596686873770025, -5.705248590327352 ], [ 106.596683655896157, -5.705250860041922 ], [ 106.596679144472944, -5.705251742013153 ], [ 106.596674630919395, -5.705251853917395 ], [ 106.596670119622345, -5.70525278151143 ], [ 106.596668992207555, -5.705253161436363 ], [ 106.596665610247513, -5.705254403974559 ], [ 106.596661100967196, -5.70525606061373 ], [ 106.596656590644727, -5.70525734053861 ], [ 106.596655839358391, -5.705257719419508 ], [ 106.596652084112563, -5.705259990625523 ], [ 106.59664757662803, -5.705262263829073 ], [ 106.596647576537876, -5.705262263870421 ], [ 106.596643065389443, -5.705263245251447 ], [ 106.596638550667379, -5.705262934815887 ], [ 106.596634037732173, -5.70526327030911 ], [ 106.596629524796953, -5.705263605802299 ], [ 106.59662501186159, -5.70526394125587 ], [ 106.596620500713215, -5.705264922691038 ], [ 106.596615991282746, -5.70526652516282 ], [ 106.59661523991619, -5.705266875059192 ], [ 106.596611483226724, -5.705268624499835 ], [ 106.596606971622947, -5.705269441345165 ], [ 106.596602458116095, -5.705269570236558 ], [ 106.596597945023078, -5.705269848738142 ], [ 106.596593433401395, -5.705270659135058 ], [ 106.596591178769472, -5.70527146331823 ], [ 106.59658892412503, -5.705272317372946 ], [ 106.596584414986424, -5.705274025428038 ], [ 106.596580470871572, -5.705276014513774 ], [ 106.59657990741124, -5.70527629867662 ], [ 106.596575400444024, -5.705278791721325 ], [ 106.596570890883442, -5.705280347266349 ], [ 106.596569763021805, -5.705280565709029 ], [ 106.596566379436879, -5.705281221037055 ], [ 106.596561868824026, -5.705282396201073 ], [ 106.596557359866267, -5.705284169700894 ], [ 106.596555105641329, -5.705285127866149 ], [ 106.596552851303542, -5.70528608603171 ], [ 106.59654834526394, -5.705288914509634 ], [ 106.596547444571229, -5.705289670604675 ], [ 106.596543842899734, -5.705293071694008 ], [ 106.596541266695624, -5.705294209226528 ], [ 106.596539334281999, -5.705294968185104 ], [ 106.596534823518269, -5.705296088884466 ], [ 106.596530315574782, -5.705298229146226 ], [ 106.596529715187017, -5.70529876276279 ], [ 106.596525815754092, -5.705303295060753 ], [ 106.596525815724107, -5.705303295098514 ], [ 106.596522641977714, -5.705307825344664 ], [ 106.596521318570652, -5.705309336156979 ], [ 106.596518505751902, -5.70531235829982 ], [ 106.596516817769427, -5.70531405852448 ], [ 106.596513353425152, -5.705316894075116 ], [ 106.596512313841487, -5.705317650555613 ], [ 106.596507806484951, -5.705320003113726 ], [ 106.596504801246766, -5.705321439286515 ], [ 106.596503298950168, -5.705322291252878 ], [ 106.596498795317203, -5.705325977430865 ], [ 106.596498795282571, -5.705325977463251 ], [ 106.596494293178111, -5.705330228802566 ], [ 106.596493883604552, -5.705330512538249 ], [ 106.596489789063654, -5.705333753509949 ], [ 106.596488151216036, -5.705335049923339 ], [ 106.596485285541917, -5.705337492522434 ], [ 106.596482583050928, -5.705339586852608 ], [ 106.596480781058062, -5.70534088372156 ], [ 106.596476276206872, -5.705344125831986 ], [ 106.596476276161823, -5.7053441258644 ], [ 106.596471772158708, -5.705347690907074 ], [ 106.596470733170449, -5.705348662691446 ], [ 106.596467270629475, -5.705352150343983 ], [ 106.596466145040282, -5.705353196900631 ], [ 106.596462769065809, -5.705356597358795 ], [ 106.596460515352845, -5.70535773400053 ], [ 106.59645826211478, -5.705359096722607 ], [ 106.596454760134023, -5.705362271448793 ], [ 106.596453759818772, -5.70536327901864 ], [ 106.596450609890937, -5.705366804442612 ], [ 106.596449259468159, -5.705368164659015 ], [ 106.596446395813899, -5.705371337613581 ], [ 106.596444759395425, -5.705373150779872 ], [ 106.596442058635688, -5.705375871126189 ], [ 106.596440258071937, -5.705377684748037 ], [ 106.596437256387617, -5.705380405929518 ], [ 106.596435755156634, -5.705381643246993 ], [ 106.596431751969405, -5.705384942681599 ], [ 106.596431251672769, -5.705385396226266 ], [ 106.596426749148577, -5.705389478041544 ], [ 106.596426749098555, -5.70538947808689 ], [ 106.596422245500747, -5.705393189915399 ], [ 106.596421344991413, -5.70539401451531 ], [ 106.59641774394953, -5.705397641672478 ], [ 106.596416925740215, -5.705398548255607 ], [ 106.596413245172073, -5.705403079945797 ], [ 106.596413245127096, -5.705403080002434 ], [ 106.596409974868919, -5.705407610497362 ], [ 106.596408749162791, -5.705409551674272 ], [ 106.596407114887938, -5.705412139910144 ], [ 106.596404253421838, -5.705416104129144 ], [ 106.596403803593518, -5.705416670575464 ], [ 106.596400255208366, -5.705421201898781 ], [ 106.59639975522434, -5.705421768484297 ], [ 106.596395816579076, -5.705425735692795 ], [ 106.596395254123479, -5.705426383196442 ], [ 106.596391879497077, -5.705430268094846 ], [ 106.596390755181275, -5.705431778373639 ], [ 106.596388506659878, -5.705434798930936 ], [ 106.596386258025618, -5.705437819488544 ], [ 106.596385133709802, -5.705439329767334 ], [ 106.596382405720419, -5.705443858813771 ], [ 106.596381763371127, -5.705444764891569 ], [ 106.596379516517118, -5.70544838830762 ], [ 106.596377272115973, -5.705452916011954 ], [ 106.596377272051811, -5.705452916125155 ], [ 106.596373673493034, -5.705457447474645 ], [ 106.596372773853403, -5.705458580340273 ], [ 106.596370526392818, -5.705461977684224 ], [ 106.596368281983501, -5.705466505388578 ], [ 106.596368281908511, -5.705466505479221 ], [ 106.596364532912546, -5.705471037268788 ], [ 106.596363782667893, -5.705471792954132 ], [ 106.596360031587707, -5.705475571236701 ], [ 106.596359281759845, -5.705476477612773 ], [ 106.596356712432694, -5.705480101923759 ], [ 106.59635479049615, -5.705484628733156 ], [ 106.596354790440969, -5.705484629185364 ], [ 106.596354238703412, -5.705489151740041 ], [ 106.596354251209434, -5.705493673180844 ], [ 106.59635426371544, -5.705498194621645 ], [ 106.59635427622149, -5.705502716062447 ], [ 106.596353348327611, -5.705507240113117 ], [ 106.596350349858113, -5.705511123967536 ], [ 106.596348093625636, -5.705511377209189 ] ] ] } },
{ "type": "Feature", "properties": { "fid": 60.0, "ID": 59, "ELEV": -31.0 }, "geometry": { "type": "MultiLineString", "coordinates": [ [ [ 106.596955211243511, -5.70551235167382 ], [ 106.596955211191641, -5.705512351749322 ], [ 106.596950694233868, -5.705511233845937 ], [ 106.596949186496232, -5.70551010766334 ], [ 106.596946171021287, -5.705507855411146 ], [ 106.596943155545716, -5.70550560293289 ], [ 106.596946151803664, -5.705501073140143 ], [ 106.596946152254745, -5.70550107306353 ], [ 106.596946152405394, -5.705501073138472 ], [ 106.596950673591181, -5.705503773470802 ], [ 106.596952935623221, -5.705505575780364 ], [ 106.596955197429594, -5.705507378090541 ], [ 106.59695605129933, -5.705510088604449 ], [ 106.596955211243511, -5.70551235167382 ] ] ] } },
{ "type": "Feature", "properties": { "fid": 61.0, "ID": 60, "ELEV": -31.0 }, "geometry": { "type": "MultiLineString", "coordinates": [ [ [ 106.597429594329881, -5.704647433048402 ], [ 106.597429032604637, -5.704648338902822 ], [ 106.597426779898655, -5.704649701599979 ], [ 106.597426779448625, -5.704649702053282 ], [ 106.597425287352564, -5.704654227217684 ], [ 106.597424547674265, -5.704658750744878 ], [ 106.597423055490509, -5.704663276361583 ], [ 106.597422879916678, -5.704667798322413 ], [ 106.597423148897207, -5.704672319048834 ], [ 106.597423469174117, -5.704676839632816 ], [ 106.59742235326334, -5.704681364204717 ], [ 106.597422353213361, -5.704681364269451 ], [ 106.597417848149561, -5.704684541719673 ], [ 106.597414466536605, -5.70468590757737 ], [ 106.597413340166497, -5.704686664307837 ], [ 106.59740958909876, -5.704690442594001 ], [ 106.597408840941938, -5.704691951829195 ], [ 106.597407043754629, -5.704694971135047 ], [ 106.597404348063904, -5.704699500093562 ], [ 106.597404347974049, -5.704699500244512 ], [ 106.597401652192588, -5.704704029052576 ], [ 106.597400761940548, -5.704708552997903 ], [ 106.597399871778791, -5.70471307694298 ], [ 106.597399871689134, -5.704713077169273 ], [ 106.597397627402501, -5.704717604648326 ], [ 106.597395383041231, -5.704722132353631 ], [ 106.597395382892046, -5.7047221328061 ], [ 106.597394266947575, -5.704726656926065 ], [ 106.597392398700563, -5.704731183587012 ], [ 106.597390900349808, -5.704733448710226 ], [ 106.597389401997802, -5.704735713381354 ], [ 106.597387533750734, -5.704740240042304 ], [ 106.597386411551867, -5.704742504121052 ], [ 106.597384913199818, -5.704744768792181 ], [ 106.59738342110461, -5.704749294408668 ], [ 106.597381929122221, -5.704753820024847 ], [ 106.597381929010638, -5.704753820477211 ], [ 106.59738043691415, -5.704758345641652 ], [ 106.597377440436873, -5.704762875435367 ], [ 106.597377440212455, -5.704762875888044 ], [ 106.597375196037731, -5.704767403140785 ], [ 106.597372951638576, -5.704771930846203 ], [ 106.597372951414172, -5.704771931298882 ], [ 106.597371459317586, -5.704776456463331 ], [ 106.597371471830002, -5.704780977901993 ], [ 106.597371484342418, -5.704785499340653 ], [ 106.597371496854848, -5.704790020779315 ], [ 106.597370004759512, -5.704794546395823 ], [ 106.597370017271956, -5.704799067834486 ], [ 106.597368525327042, -5.704803593450582 ], [ 106.597368525177217, -5.704803593677043 ], [ 106.597365528473404, -5.704808123245366 ], [ 106.597364030122421, -5.704810388368587 ], [ 106.597361779691923, -5.70481265512802 ], [ 106.597360663522778, -5.704817179700706 ], [ 106.597360450344013, -5.704821701766061 ], [ 106.597360312419568, -5.704826223622458 ], [ 106.597359572694415, -5.704830747149877 ], [ 106.597359572605399, -5.704830747602179 ], [ 106.597358832788728, -5.7048352706778 ], [ 106.597357792099544, -5.704839795040909 ], [ 106.597355999082481, -5.704844321493011 ], [ 106.597355102574568, -5.704846584945104 ], [ 106.597352852143914, -5.704848851704549 ], [ 106.597350607669213, -5.704853379410213 ], [ 106.597350607519374, -5.704853379636673 ], [ 106.597347610815248, -5.704857909205007 ], [ 106.597346112464109, -5.704860174328235 ], [ 106.59734386203337, -5.704862441087666 ], [ 106.597341611152558, -5.704864708300432 ], [ 106.597339360721776, -5.704866975059857 ], [ 106.59733710775491, -5.704868488473446 ], [ 106.597332602498099, -5.704871515298743 ], [ 106.597332602272758, -5.704871515412392 ], [ 106.597328094704864, -5.704873788665164 ], [ 106.597325091744651, -5.704876057627102 ], [ 106.597323599761708, -5.704880583243329 ], [ 106.597323612251401, -5.704885104682143 ], [ 106.597323612162384, -5.704885105134447 ], [ 106.597322496217359, -5.70488962925449 ], [ 106.597322508729633, -5.704894150693245 ], [ 106.597320264329795, -5.704898678398692 ], [ 106.597319139001783, -5.704899811891725 ], [ 106.597314634712134, -5.704903215503741 ], [ 106.597314634562096, -5.704903215654859 ], [ 106.597310133400015, -5.70490774947585 ], [ 106.59731013325019, -5.704907749702309 ], [ 106.597307136545524, -5.704912279270591 ], [ 106.597305638194115, -5.704914544393795 ], [ 106.59730338776302, -5.704916811153168 ], [ 106.597301134795856, -5.704918324566693 ], [ 106.597296629538462, -5.704921351391866 ], [ 106.597296629313433, -5.704921351618535 ], [ 106.597292128226073, -5.70492588536391 ], [ 106.597292128000831, -5.704925885515236 ], [ 106.597287626838394, -5.704930419336146 ], [ 106.597287626688356, -5.704930419487263 ], [ 106.59728425383156, -5.70493495017528 ], [ 106.597283131632068, -5.704937214254032 ], [ 106.597281633279266, -5.704939478925131 ], [ 106.597278636725292, -5.704944008718992 ], [ 106.597278636575467, -5.704944008945453 ], [ 106.597274135487808, -5.704948542690771 ], [ 106.597274135262765, -5.704948542917442 ], [ 106.597271138557645, -5.704953072485667 ], [ 106.597269638120025, -5.704954583809652 ], [ 106.597265132862191, -5.7049576106347 ], [ 106.597265132637162, -5.704957610861368 ], [ 106.597260627152963, -5.704960637460978 ], [ 106.597258374636823, -5.704962150873159 ], [ 106.597256130236289, -5.704966678578563 ], [ 106.59725613001126, -5.704966678805231 ], [ 106.597253133305898, -5.704971208373427 ], [ 106.597251641359918, -5.704975733989574 ], [ 106.597251641210093, -5.704975734216037 ], [ 106.597248644504674, -5.704980263784229 ], [ 106.597247146152895, -5.704982528907388 ], [ 106.597246023951925, -5.704984792534048 ], [ 106.597244155703351, -5.704989319195034 ], [ 106.597242657351515, -5.704991584318192 ], [ 106.59724153515053, -5.70499384794485 ], [ 106.597238162406327, -5.70499837878318 ], [ 106.597238162294104, -5.704998379009535 ], [ 106.597235918005538, -5.705002906488581 ], [ 106.597233673604734, -5.705007434193981 ], [ 106.597233673492525, -5.705007434420339 ], [ 106.597231429203916, -5.705011961899385 ], [ 106.597229184803041, -5.705016489604787 ], [ 106.597229184690832, -5.705016489831142 ], [ 106.597226187985072, -5.705021019399321 ], [ 106.597224696114054, -5.705025545015277 ], [ 106.597224695889651, -5.705025545467956 ], [ 106.597222451713122, -5.705030072720683 ], [ 106.597220207312148, -5.705034600426086 ], [ 106.59722020708773, -5.705034600878762 ], [ 106.597215706223963, -5.705039134397303 ], [ 106.597215705773323, -5.705039134624598 ], [ 106.597211204684484, -5.705043668369755 ], [ 106.597211204459242, -5.705043668521084 ], [ 106.597206703295328, -5.705048202341775 ], [ 106.597206703145503, -5.705048202568235 ], [ 106.597202202056536, -5.705052736313361 ], [ 106.597202201832118, -5.705052736766038 ], [ 106.597197700968067, -5.705057270284514 ], [ 106.597197713479744, -5.705061791723517 ], [ 106.59719772576581, -5.705066313163144 ], [ 106.597197738277487, -5.705070834602146 ], [ 106.597197738053083, -5.705070835054823 ], [ 106.597195493876228, -5.705075362307547 ], [ 106.597193242994067, -5.70507762952011 ], [ 106.597188735874582, -5.705079902545084 ], [ 106.597188735423927, -5.70507990277238 ], [ 106.597184234334605, -5.705084436517469 ], [ 106.597184234109562, -5.705084436744138 ], [ 106.597181237403191, -5.705088966312269 ], [ 106.597179745456543, -5.705093491928457 ], [ 106.597179745307344, -5.705093492380924 ], [ 106.597177501130304, -5.705098019633639 ], [ 106.597175256728818, -5.705102547339029 ], [ 106.597175256503775, -5.705102547565697 ], [ 106.597170755414183, -5.705107081310757 ], [ 106.59717075518914, -5.705107081537425 ], [ 106.597166254099477, -5.705111615282469 ], [ 106.597166253875073, -5.705111615735148 ], [ 106.597164009697863, -5.705116142987853 ], [ 106.597161765296221, -5.705120670693238 ], [ 106.597161765071817, -5.705120671145916 ], [ 106.59715952089455, -5.705125198398624 ], [ 106.597157276718477, -5.705129726103383 ], [ 106.597157289004372, -5.70513424754309 ], [ 106.597157301741518, -5.705138768981545 ], [ 106.597157314253039, -5.705143290420624 ], [ 106.597161840138625, -5.70514779887624 ], [ 106.597161840365544, -5.705147799327664 ], [ 106.597161852877136, -5.705152320766731 ], [ 106.597161865388728, -5.705156842205797 ], [ 106.59716186516431, -5.705156842658475 ], [ 106.597157364299278, -5.705161376176934 ], [ 106.597157363849249, -5.705161376630238 ], [ 106.597152862984132, -5.705165910148682 ], [ 106.597152862534116, -5.705165910601985 ], [ 106.597148361668914, -5.705170444120413 ], [ 106.597148374180463, -5.705174965559507 ], [ 106.597152900066305, -5.705179474015138 ], [ 106.597152900293224, -5.705179474466562 ], [ 106.597152912804816, -5.705183995905646 ], [ 106.59715292524119, -5.705188517344936 ], [ 106.59715292509199, -5.705188517797404 ], [ 106.597150680914552, -5.70519304505016 ], [ 106.597148430031822, -5.705195312262719 ], [ 106.597143922911286, -5.705197585287638 ], [ 106.597143922460418, -5.705197585439593 ], [ 106.597139414889384, -5.705199858767123 ], [ 106.597137164456655, -5.70520212552632 ], [ 106.597134919979425, -5.705206653231946 ], [ 106.597134919830225, -5.705206653684416 ], [ 106.597132675652574, -5.705211180937159 ], [ 106.597130431250505, -5.70521570864258 ], [ 106.597130431026088, -5.705215709095255 ], [ 106.597125930160402, -5.705220242613658 ], [ 106.597125929710373, -5.705220243066962 ], [ 106.597123685532623, -5.705224770319702 ], [ 106.59712144113044, -5.705229298025118 ], [ 106.597121440906022, -5.705229298477798 ], [ 106.597116940040166, -5.705233831996176 ], [ 106.597116939590151, -5.70523383244948 ], [ 106.597112425762163, -5.705233844755974 ], [ 106.597107915062026, -5.705234987422192 ], [ 106.597103410768597, -5.705238391033596 ], [ 106.597103410618772, -5.705238391260056 ], [ 106.597101166328599, -5.705242918739097 ], [ 106.597101931031659, -5.70524743808986 ], [ 106.597103448150918, -5.705251954899512 ], [ 106.597103448603448, -5.70525195535031 ], [ 106.59710797448983, -5.705256463806211 ], [ 106.5971124753559, -5.705251930287837 ], [ 106.59711246307009, -5.705247408848049 ], [ 106.597112463295133, -5.705247408621379 ], [ 106.597116977121956, -5.705247395862839 ], [ 106.597116977348861, -5.705247396314264 ], [ 106.597116989860325, -5.705251917753415 ], [ 106.597117002371789, -5.705256439192566 ], [ 106.597117002147385, -5.705256439645242 ], [ 106.59711250128133, -5.705260973163652 ], [ 106.597112500831301, -5.705260973616955 ], [ 106.597107987003739, -5.705260986149482 ], [ 106.597103473176148, -5.705260998681974 ], [ 106.597098972309936, -5.705265532200317 ], [ 106.597098971859921, -5.705265532653621 ], [ 106.597094464287323, -5.705267805679642 ], [ 106.597092213854168, -5.70527007243878 ], [ 106.597089969677256, -5.70527460014356 ], [ 106.597089969227227, -5.705274600596864 ], [ 106.597085468360802, -5.705279134115158 ], [ 106.597085467910134, -5.705279134342453 ], [ 106.597080966818652, -5.705283668087367 ], [ 106.597080966593623, -5.705283668314033 ], [ 106.59707646550207, -5.705288202058932 ], [ 106.597076465277027, -5.705288202285601 ], [ 106.597071964185403, -5.705292736030481 ], [ 106.59707196396036, -5.70529273625715 ], [ 106.597067456388032, -5.705295009509057 ], [ 106.597062949266331, -5.705297282533638 ], [ 106.597062948816301, -5.705297282986945 ], [ 106.597058434988341, -5.705297295519162 ], [ 106.597058434535811, -5.705297295068363 ], [ 106.597053908649301, -5.705292786612059 ], [ 106.597053908196784, -5.705292786161261 ], [ 106.597049390649772, -5.705291291545721 ], [ 106.597044874737293, -5.705290550730639 ], [ 106.597042624303839, -5.705292817489659 ], [ 106.597040371334515, -5.705294330902746 ], [ 106.597037370456476, -5.705297353550326 ], [ 106.597037382967414, -5.705301874989647 ], [ 106.597035891094677, -5.705306400605689 ], [ 106.597035890870259, -5.705306401058365 ], [ 106.597033646691571, -5.705310928311035 ], [ 106.597031395807932, -5.705313195523382 ], [ 106.59702914537435, -5.705315462282389 ], [ 106.597026900971159, -5.70531998998773 ], [ 106.597026913482082, -5.70532451142707 ], [ 106.597026913257665, -5.705324511879747 ], [ 106.597022412390331, -5.705329045397788 ], [ 106.597022411940287, -5.705329045851091 ], [ 106.597017898111375, -5.705329058157052 ], [ 106.597013384283059, -5.705329070688984 ], [ 106.597008870454744, -5.705329083220885 ], [ 106.597008870002838, -5.705329082996095 ], [ 106.597004344116286, -5.705324574539367 ], [ 106.597004343889381, -5.705324574087942 ], [ 106.597002074464513, -5.705320058914461 ], [ 106.596999805266606, -5.705315544192383 ], [ 106.596999805039687, -5.70531554374096 ], [ 106.596999792303379, -5.705311022302186 ], [ 106.596995266417082, -5.705306513845321 ], [ 106.596995266190177, -5.705306513393897 ], [ 106.596990740077686, -5.705302004711598 ], [ 106.596986230419091, -5.70530352416369 ], [ 106.596981725156922, -5.705306550987662 ], [ 106.596981724932519, -5.705306551440337 ], [ 106.596979480753333, -5.705311078692913 ], [ 106.59697722986941, -5.705313345905108 ], [ 106.596972716041137, -5.705313358436689 ], [ 106.596970452645493, -5.705311103757316 ], [ 106.596968192829408, -5.705309979662587 ], [ 106.596963677124577, -5.705309313978175 ], [ 106.596959162045579, -5.705308874478705 ], [ 106.59695464196308, -5.705306626629412 ], [ 106.596953526015085, -5.705311150749718 ], [ 106.596954660726695, -5.705313408110573 ], [ 106.596955795439555, -5.705315665923508 ], [ 106.596957387789828, -5.705320182976998 ], [ 106.59695830306589, -5.705324701910198 ], [ 106.596958089884851, -5.705329223976262 ], [ 106.596955845481006, -5.705333751681495 ], [ 106.59695472119401, -5.705335261960857 ], [ 106.596950211535628, -5.705336781638822 ], [ 106.596945697707099, -5.705336794170242 ], [ 106.596941179708494, -5.705335299555106 ], [ 106.596936667965622, -5.705336065885756 ], [ 106.5969344175315, -5.705338332644518 ], [ 106.596932166647292, -5.705340599856616 ], [ 106.596929916213128, -5.705342866615371 ], [ 106.596927665328877, -5.705345133827458 ], [ 106.596925414894699, -5.705347400586205 ], [ 106.596923164010391, -5.705349667798286 ], [ 106.59692091357617, -5.705351934557025 ], [ 106.596920173555873, -5.705356458085762 ], [ 106.596920938596483, -5.705360977436163 ], [ 106.59691869441788, -5.705365505140736 ], [ 106.596918693967226, -5.705365505368032 ], [ 106.596914180138413, -5.705365517899267 ], [ 106.596909666309372, -5.705365530355126 ], [ 106.59690966585768, -5.705365530205678 ], [ 106.596905148310114, -5.70536403558906 ], [ 106.596900639102572, -5.705365555265466 ], [ 106.596900651311756, -5.705370076705913 ], [ 106.596900663821785, -5.705374598145524 ], [ 106.596900663672599, -5.705374598597993 ], [ 106.596898419492575, -5.705379125850494 ], [ 106.596896168608069, -5.70538139306253 ], [ 106.596891661484719, -5.705383666086143 ], [ 106.596891661034704, -5.705383666539446 ], [ 106.596887147205052, -5.705383678844501 ], [ 106.596887146753147, -5.705383678619713 ], [ 106.596882629205439, -5.705382184002944 ], [ 106.5968781070369, -5.705379182391519 ], [ 106.596878106810834, -5.705379182241447 ], [ 106.596873584867595, -5.705376180478647 ], [ 106.596869079604133, -5.705379207302051 ], [ 106.59687089741989, -5.705383723729994 ], [ 106.596872113617493, -5.705388241828087 ], [ 106.596873626567088, -5.705391251944226 ], [ 106.59687438306581, -5.705392757002215 ], [ 106.596875900236711, -5.705397274264745 ], [ 106.596877266820144, -5.705401791945316 ], [ 106.596878173755954, -5.70540329658566 ], [ 106.596879987627588, -5.705406305866356 ], [ 106.596882708434677, -5.705410819636673 ], [ 106.596882708510321, -5.705410819787165 ], [ 106.596884526476785, -5.705415336214584 ], [ 106.596885742674601, -5.705419854312596 ], [ 106.596887259793164, -5.705424371123137 ], [ 106.596887259907248, -5.705424371574877 ], [ 106.596887259795665, -5.705424372027241 ], [ 106.596885015615442, -5.705428899279764 ], [ 106.596882771210772, -5.705433426984967 ], [ 106.596882770985516, -5.705433427136292 ], [ 106.596878257155993, -5.705433439629715 ], [ 106.59687825700523, -5.705433439517112 ], [ 106.596873733943795, -5.705430060968015 ], [ 106.596872602358943, -5.705428933740857 ], [ 106.596869207604456, -5.705425552059366 ], [ 106.59686769986719, -5.705424425876443 ], [ 106.596864685643652, -5.705422625654556 ], [ 106.596860164308637, -5.705419925412104 ], [ 106.596860164082713, -5.705419925322299 ], [ 106.596855642139161, -5.705416923559424 ], [ 106.596853380828904, -5.705415422678918 ], [ 106.596851119969983, -5.705413921797144 ], [ 106.596848867450888, -5.705415435208496 ], [ 106.59684933111788, -5.705419955395761 ], [ 106.596850396830575, -5.705424473911682 ], [ 106.596851155413646, -5.705426732316953 ], [ 106.59685191399798, -5.70542899117431 ], [ 106.596852678788764, -5.705433510525605 ], [ 106.596853443716313, -5.705438029876518 ], [ 106.596855713027452, -5.705442544825035 ], [ 106.596855713103295, -5.705442545050867 ], [ 106.596855713029328, -5.705442545503127 ], [ 106.596851212159606, -5.705447079020444 ], [ 106.596851211709577, -5.705447079473746 ], [ 106.596846710839799, -5.705451612991049 ], [ 106.596846710389755, -5.705451613444351 ], [ 106.596842209519892, -5.705456146961636 ], [ 106.596842222029665, -5.705460668401363 ], [ 106.596842234539437, -5.70546518984109 ], [ 106.596846754172191, -5.705467437805269 ], [ 106.596849017568289, -5.70546969248508 ], [ 106.596851278427465, -5.705471193366797 ], [ 106.596854295987242, -5.705474199305958 ], [ 106.596855803724665, -5.705475325488884 ], [ 106.596860324434928, -5.705477799749697 ], [ 106.596862584077485, -5.705478697771479 ], [ 106.596864842851787, -5.705479445103806 ], [ 106.596869360851343, -5.705480939619947 ], [ 106.596872752478944, -5.705483191016785 ], [ 106.596873883438406, -5.705484092171924 ], [ 106.596878404774301, -5.705486792504537 ], [ 106.596879911886276, -5.705487692615393 ], [ 106.596882929446281, -5.705490698554334 ], [ 106.59688744744588, -5.705492193056585 ], [ 106.596887447671861, -5.70549219316898 ], [ 106.596891969616223, -5.705495194931383 ], [ 106.596894230926907, -5.705496695811619 ], [ 106.596896490743745, -5.705497819906467 ], [ 106.596901008952258, -5.705499389878944 ], [ 106.596905527786021, -5.705501185832911 ], [ 106.596905527936727, -5.705501185922926 ], [ 106.596910047871162, -5.705503434036307 ], [ 106.596914567956276, -5.705505682224581 ], [ 106.596914568106939, -5.705505682299523 ], [ 106.596919088041417, -5.705507930412812 ], [ 106.596923605624696, -5.705509274388451 ], [ 106.596928121956481, -5.705510166054295 ], [ 106.596928122107172, -5.705510166144311 ], [ 106.596932641148314, -5.705512091372863 ], [ 106.596937157956958, -5.705513155374382 ], [ 106.596940171347129, -5.705514654166389 ], [ 106.596941678459231, -5.705515554277034 ], [ 106.596946198127483, -5.705517651750357 ], [ 106.596948459438352, -5.705519152630313 ], [ 106.59694987601975, -5.705521409434541 ] ] ] } },
{ "type": "Feature", "properties": { "fid": 62.0, "ID": 61, "ELEV": -30.0 }, "geometry": { "type": "MultiLineString", "coordinates": [ [ [ 106.596476901732373, -5.705570197858357 ], [ 106.59647690150733, -5.705570198085026 ], [ 106.596476901055425, -5.705570197860237 ] ] ] } },
{ "type": "Feature", "properties": { "fid": 63.0, "ID": 62, "ELEV": -30.0 }, "geometry": { "type": "MultiLineString", "coordinates": [ [ [ 106.596430402410576, -5.705622323882633 ], [ 106.596430396157118, -5.705620063162325 ], [ 106.596431887809558, -5.70561553754697 ], [ 106.596431888259588, -5.705615537093669 ], [ 106.596436389134468, -5.705611003578371 ], [ 106.596436376627551, -5.705606482137767 ], [ 106.596436364120635, -5.705601960697165 ], [ 106.596436364571304, -5.70560196046987 ], [ 106.59644087840239, -5.705601947715857 ], [ 106.596445392234088, -5.705601935187817 ], [ 106.5964499060658, -5.705601922659743 ], [ 106.59644990651833, -5.705601923110541 ], [ 106.596454432404542, -5.705606431572195 ], [ 106.596458946236865, -5.705606419270048 ], [ 106.596458946688784, -5.705606419494838 ], [ 106.596463472575081, -5.705610927956391 ], [ 106.596467986406807, -5.705610915428154 ], [ 106.596467986859338, -5.705610915878952 ], [ 106.596467986409294, -5.705610916332256 ], [ 106.596463485534741, -5.705615449847731 ], [ 106.596463485084726, -5.705615450301035 ], [ 106.596458971252943, -5.705615462829246 ], [ 106.596454470378276, -5.705619996344681 ], [ 106.596454469928233, -5.705619996797982 ], [ 106.596449969053495, -5.7056245303134 ], [ 106.596449981560568, -5.705629051753971 ], [ 106.596449981110538, -5.705629052207273 ], [ 106.596447736926052, -5.705633579459243 ], [ 106.596447743179581, -5.70563584017953 ] ] ] } }
]
}
