{
"type": "FeatureCollection",
"name": "Kontur_Tabularasa_Interval_1m",
"crs": { "type": "name", "properties": { "name": "urn:ogc:def:crs:OGC:1.3:CRS84" } },
"features": [
{ "type": "Feature", "properties": { "fid": 1.0, "ID": 0, "ELEV": -5.0 }, "geometry": { "type": "MultiLineString", "coordinates": [ ] } },
{ "type": "Feature", "properties": { "fid": 2.0, "ID": 1, "ELEV": -5.0 }, "geometry": { "type": "MultiLineString", "coordinates": [ ] } },
{ "type": "Feature", "properties": { "fid": 3.0, "ID": 2, "ELEV": -16.0 }, "geometry": { "type": "MultiLineString", "coordinates": [ ] } },
{ "type": "Feature", "properties": { "fid": 4.0, "ID": 3, "ELEV": -5.0 }, "geometry": { "type": "MultiLineString", "coordinates": [ [ [ 106.618043324752506, -5.750753573295672 ], [ 106.618042577871392, -5.75075551316812 ], [ 106.618040943671389, -5.750758101467627 ], [ 106.618039522115524, -5.75076714834089 ], [ 106.618038105106763, -5.750770166655146 ], [ 106.618035659885621, -5.750776202133498 ], [ 106.618030839090196, -5.750785258643647 ], [ 106.618029126234816, -5.750787674920612 ], [ 106.618024630877144, -5.750794319087124 ], [ 106.618020130752356, -5.750799305407647 ], [ 106.618016079525916, -5.750803386173353 ], [ 106.618011125686806, -5.75080754485464 ], [ 106.618005271151517, -5.750812459658133 ], [ 106.618002117876316, -5.75081481304434 ], [ 106.617993929280104, -5.75082153465524 ], [ 106.617993110493288, -5.75082223257979 ], [ 106.617984466943071, -5.750830604323847 ], [ 106.617984106750157, -5.750830940272192 ], [ 106.617975102014753, -5.750839296922857 ], [ 106.617974651655928, -5.750839674992968 ], [ 106.617966089514184, -5.750844905754375 ], [ 106.617957072141436, -5.750848767672903 ], [ 106.617957072077019, -5.750848767694613 ], [ 106.617948049040507, -5.750850648193596 ], [ 106.617939025587035, -5.750852381169171 ], [ 106.617930006170525, -5.750855542798487 ], [ 106.617926501795552, -5.750857897179742 ], [ 106.617920996228676, -5.750862057424623 ], [ 106.617915907125635, -5.75086697005767 ], [ 106.617911992901043, -5.750870912820958 ], [ 106.617907117026974, -5.75087603781984 ], [ 106.617902988132187, -5.750879258280023 ], [ 106.617893972931796, -5.750883912214153 ], [ 106.617889963780982, -5.750885129289905 ], [ 106.617884952181157, -5.750886602023582 ], [ 106.617875930190948, -5.750888853198519 ], [ 106.617866908536413, -5.750891223202309 ], [ 106.61785788593545, -5.750893258306923 ], [ 106.617848860946637, -5.750894288650914 ], [ 106.617848860495371, -5.750894288691506 ], [ 106.617848859592641, -5.750894288654751 ], [ 106.617839830390793, -5.750893668319473 ], [ 106.617830797548677, -5.750892079135644 ], [ 106.617821750106074, -5.750885322740547 ], [ 106.617817235966328, -5.750885335498245 ] ] ] } },
{ "type": "Feature", "properties": { "fid": 5.0, "ID": 4, "ELEV": -5.0 }, "geometry": { "type": "MultiLineString", "coordinates": [ ] } },
{ "type": "Feature", "properties": { "fid": 6.0, "ID": 5, "ELEV": -6.0 }, "geometry": { "type": "MultiLineString", "coordinates": [ [ [ 106.618072696566671, -5.750771575711512 ], [ 106.618071744691946, -5.750776099831643 ], [ 106.618069069545513, -5.750785150258874 ], [ 106.618065248617185, -5.750790854736326 ], [ 106.618062436745419, -5.75079421190633 ], [ 106.618056252293187, -5.750802187133916 ], [ 106.618055252210794, -5.750803275117961 ], [ 106.618047249797925, -5.750811335880844 ], [ 106.618046075027834, -5.750812343978812 ], [ 106.618038240331714, -5.750818017967424 ], [ 106.618033539513959, -5.750821422360561 ], [ 106.618029229034619, -5.75082405224839 ], [ 106.618020217494461, -5.750830000592384 ], [ 106.618019496652622, -5.750830505015482 ], [ 106.618011204971808, -5.750835601339197 ], [ 106.618005799224036, -5.750839586690882 ], [ 106.618002194727339, -5.750842008333174 ], [ 106.617993701090271, -5.75084866383212 ], [ 106.617993186232042, -5.750849034387199 ], [ 106.61798417702785, -5.750855809667575 ], [ 106.617981270119259, -5.750857741916784 ], [ 106.617975164506404, -5.750861411144192 ], [ 106.617966147884488, -5.750865561629651 ], [ 106.61796282524702, -5.750866837050272 ], [ 106.617957129316423, -5.75086902347814 ], [ 106.617948111332296, -5.750872692017987 ], [ 106.617941964817547, -5.750875939031173 ], [ 106.617939096438761, -5.750877454306731 ], [ 106.617930085419587, -5.750883587735834 ], [ 106.617928283798506, -5.750885020658821 ], [ 106.617921076900316, -5.750890605912866 ], [ 106.617916982961631, -5.750894095538789 ], [ 106.617912073286476, -5.750899360136384 ], [ 106.617907569897326, -5.750903165067089 ], [ 106.617903066103793, -5.750906851491147 ], [ 106.6178940492386, -5.750910916405213 ], [ 106.617888410328447, -5.750912262224945 ], [ 106.617885026347963, -5.750912849024395 ], [ 106.617876002417844, -5.750914413810573 ], [ 106.617866979574941, -5.750916363394822 ], [ 106.617857957653825, -5.750918639228725 ], [ 106.61784953904953, -5.750921415260479 ], [ 106.61784893769449, -5.750921609370396 ], [ 106.617839920088926, -5.750925412554528 ], [ 106.617830906182192, -5.750930510923753 ], [ 106.617830906142999, -5.750930510947058 ], [ 106.617821895201502, -5.750936672680175 ], [ 106.617818370603544, -5.750939589302588 ], [ 106.617812889443144, -5.750944668827903 ], [ 106.617808928237636, -5.750948658912952 ], [ 106.617803883584173, -5.750952629457283 ], [ 106.617797397601024, -5.750957734442817 ], [ 106.617794874510309, -5.750959452405836 ], [ 106.617785866976902, -5.750966809972516 ], [ 106.617785866946889, -5.7509668099964 ], [ 106.617776861479442, -5.750974909462006 ], [ 106.617775896895211, -5.75097588107849 ], [ 106.617767860504287, -5.750984598893699 ], [ 106.617767560537629, -5.750984947553359 ], [ 106.617759346771606, -5.750994013680676 ], [ 106.61775886017621, -5.750994517439562 ], [ 106.617749853382918, -5.751002147963395 ], [ 106.617748430498438, -5.751003087468517 ], [ 106.61774084052, -5.751007630433588 ], [ 106.617732828155965, -5.751012174539354 ], [ 106.617731826473587, -5.751012694112331 ], [ 106.617722809094928, -5.751016578512709 ], [ 106.617713789086793, -5.751019532337871 ], [ 106.617704765898935, -5.751021296928251 ], [ 106.617704765718472, -5.751021296961053 ], [ 106.617695738713948, -5.751021774668098 ], [ 106.617686713085135, -5.751022739303822 ], [ 106.617677695066646, -5.751026397474395 ], [ 106.617670483830693, -5.751030436946048 ], [ 106.617668680462543, -5.751031264152278 ], [ 106.617659659148202, -5.751033755928463 ], [ 106.617650631401887, -5.751033971244665 ], [ 106.617646113240681, -5.751032561221105 ] ] ] } },
{ "type": "Feature", "properties": { "fid": 7.0, "ID": 6, "ELEV": -36.0 }, "geometry": { "type": "MultiLineString", "coordinates": [ [ [ 106.618494842483074, -5.751055228258709 ], [ 106.61849032834364, -5.751055241079426 ], [ 106.618490328117829, -5.751055241038966 ], [ 106.618490315336516, -5.751050719654677 ] ] ] } },
{ "type": "Feature", "properties": { "fid": 8.0, "ID": 7, "ELEV": -5.0 }, "geometry": { "type": "MultiLineString", "coordinates": [ [ [ 106.617445900442547, -5.751180280434849 ], [ 106.617445867618912, -5.751184801950693 ], [ 106.617443414938478, -5.751188199970471 ], [ 106.617434399613842, -5.751192813435864 ], [ 106.617429885470898, -5.751192826229633 ] ] ] } },
{ "type": "Feature", "properties": { "fid": 9.0, "ID": 8, "ELEV": -6.0 }, "geometry": { "type": "MultiLineString", "coordinates": [ [ [ 106.617489434965435, -5.751143985667142 ], [ 106.617489597143603, -5.751148506630218 ], [ 106.617488454816055, -5.751152127000262 ], [ 106.617485930936311, -5.751157559866551 ], [ 106.617482269293248, -5.751166613089955 ], [ 106.617479477857614, -5.751170320349171 ], [ 106.617472972530663, -5.751175682284536 ], [ 106.617470468539054, -5.751177059513055 ], [ 106.61746145736781, -5.751183142967633 ], [ 106.617460767443731, -5.751184759721824 ], [ 106.617457491351445, -5.751193811852489 ], [ 106.617452665307738, -5.751202868376026 ], [ 106.617452485376575, -5.75120309496225 ], [ 106.617443471479447, -5.751208213754999 ], [ 106.617434441986234, -5.751207812053226 ], [ 106.617425409887787, -5.751206488180716 ], [ 106.61742089232574, -5.75120529074376 ] ] ] } },
{ "type": "Feature", "properties": { "fid": 10.0, "ID": 9, "ELEV": -7.0 }, "geometry": { "type": "MultiLineString", "coordinates": [ [ [ 106.618096839958142, -5.750788066235318 ], [ 106.618094424323004, -5.750789599797167 ], [ 106.618092340221963, -5.750793175250275 ], [ 106.618091214379078, -5.750794130319179 ], [ 106.618083338486713, -5.750802592635886 ], [ 106.618082793022495, -5.750803197037568 ], [ 106.618075494943326, -5.750812260571306 ], [ 106.618074342031917, -5.750813878638263 ], [ 106.618068255661797, -5.750821323938315 ], [ 106.618065345157632, -5.750825016315795 ], [ 106.618059341449694, -5.750830392053849 ], [ 106.618056337265926, -5.750832255511957 ], [ 106.618047320589369, -5.75083638618789 ], [ 106.6180405580984, -5.750839488148887 ], [ 106.618038303528976, -5.750840381096919 ], [ 106.618029288185141, -5.750844983482993 ], [ 106.618022945065547, -5.750848580925588 ], [ 106.618020274031153, -5.750850006982572 ], [ 106.618011259436159, -5.750854874486967 ], [ 106.618006753188183, -5.75085766967293 ], [ 106.618002247037921, -5.750860519416944 ], [ 106.617993487087986, -5.750866750125448 ], [ 106.617993236807919, -5.750866931695991 ], [ 106.617984226000914, -5.750873139865085 ], [ 106.617979418490606, -5.750875832852816 ], [ 106.617975211570339, -5.750878065827569 ], [ 106.617966195135338, -5.750882282539532 ], [ 106.617960646705328, -5.750884928913184 ], [ 106.617957178936535, -5.750886582896701 ], [ 106.617948164193947, -5.750891398629295 ], [ 106.61794393955897, -5.750894019120045 ], [ 106.617939152528876, -5.750897303506159 ], [ 106.617932224011142, -5.750903095175961 ], [ 106.617930146309874, -5.750905135708776 ], [ 106.61792394663081, -5.750912161484959 ], [ 106.61792114498914, -5.750914701421064 ], [ 106.617913236120927, -5.750921234691504 ], [ 106.617912137014855, -5.750921912648901 ], [ 106.617903120004115, -5.750925926085412 ], [ 106.617894098991073, -5.75092852321877 ], [ 106.617886365576155, -5.750930353708981 ], [ 106.617885076734495, -5.750930680321048 ], [ 106.617876053809752, -5.750932600998008 ], [ 106.617867031055752, -5.750934582134981 ], [ 106.617858009163911, -5.750936868423118 ], [ 106.617850888942883, -5.750939497121713 ], [ 106.617848990147465, -5.750940172344053 ], [ 106.617839974794776, -5.75094477290945 ], [ 106.617834719030782, -5.750948585803353 ], [ 106.617830964761581, -5.750951256106215 ], [ 106.617823760175725, -5.750957659712784 ], [ 106.617821958624248, -5.750959118136512 ], [ 106.617812950342483, -5.75096622133719 ], [ 106.617812257301438, -5.750966735164235 ], [ 106.617803940542473, -5.750972787305169 ], [ 106.617799985426444, -5.750975812795434 ], [ 106.617794932532419, -5.750979986827466 ], [ 106.617789529359626, -5.750984885279247 ], [ 106.617785927834703, -5.750988358703564 ], [ 106.617780489014763, -5.750993953749858 ], [ 106.617776925872903, -5.750997698938811 ], [ 106.617772065598729, -5.751003020471622 ], [ 106.617767925364504, -5.751007553649537 ], [ 106.617763323682624, -5.751012088096168 ], [ 106.61775892133025, -5.751016160625834 ], [ 106.617752520579984, -5.751021161563362 ], [ 106.617749912430625, -5.751023045774774 ], [ 106.617740900746426, -5.751028945508132 ], [ 106.617738725150431, -5.751030243512534 ], [ 106.617731887825244, -5.751034407526554 ], [ 106.617722873417748, -5.751039331290266 ], [ 106.617722873383073, -5.751039331308454 ], [ 106.617713857060565, -5.75104358966652 ], [ 106.617705189618093, -5.751048424260803 ], [ 106.617704842890262, -5.751048609795595 ], [ 106.617695830055226, -5.751054102567489 ], [ 106.617691325525314, -5.751057506403844 ], [ 106.617686820935177, -5.751060910240346 ], [ 106.617679997294189, -5.751066581358704 ], [ 106.617677814145452, -5.751068542755277 ], [ 106.617669652295078, -5.751075653526455 ], [ 106.617668807959703, -5.751076389127772 ], [ 106.617659798209644, -5.751082974075953 ], [ 106.617656952121521, -5.751084732369842 ], [ 106.617650785251058, -5.751088423506713 ], [ 106.617641772185266, -5.751093818241878 ], [ 106.617641772137816, -5.751093818270276 ], [ 106.617632759406078, -5.751099348122902 ], [ 106.61762735242776, -5.751102901958952 ], [ 106.617623747507352, -5.751105172888129 ], [ 106.617614734735596, -5.751110688724168 ], [ 106.617612029891745, -5.751111988234647 ], [ 106.61760571606311, -5.751114116131696 ], [ 106.617596695574889, -5.751116900922686 ], [ 106.617587677865998, -5.751120669481788 ], [ 106.617586675918687, -5.751121102943141 ], [ 106.617578659685009, -5.751124270998361 ], [ 106.61756964537355, -5.751129242181931 ], [ 106.617568143348819, -5.751130198316456 ], [ 106.617560631391441, -5.751134329992161 ], [ 106.61755387411354, -5.751139281605607 ], [ 106.617551620692169, -5.751140579827596 ], [ 106.617542610822113, -5.751147123252323 ], [ 106.617541188777793, -5.751148360405241 ], [ 106.617533601743091, -5.751153946737146 ], [ 106.617529507803383, -5.751157436358038 ], [ 106.617524592864811, -5.751160841355442 ], [ 106.61751640130035, -5.751166516351057 ], [ 106.617515581966472, -5.75116702105291 ], [ 106.617506571914063, -5.751173500245183 ], [ 106.617504936304442, -5.75117559169141 ], [ 106.617497571080094, -5.751183242462589 ], [ 106.617496285313337, -5.751184659056016 ], [ 106.617488563818043, -5.751190709504319 ], [ 106.617483155359039, -5.751193739115048 ], [ 106.617479549854394, -5.751195804523836 ], [ 106.617470799266329, -5.751202816980594 ], [ 106.617470542108052, -5.751203100304676 ], [ 106.617465184610268, -5.751211875739306 ], [ 106.617461551344491, -5.751216407481069 ], [ 106.617455987825068, -5.751220944650519 ], [ 106.617452542098036, -5.751223172473958 ], [ 106.617443519827688, -5.751225327509379 ], [ 106.617434490547339, -5.751225001256661 ], [ 106.617425455885737, -5.75122277019746 ], [ 106.617416434040521, -5.751225075795351 ], [ 106.617408240717566, -5.751230122819539 ], [ 106.61740742105718, -5.751230518318737 ], [ 106.617398397465834, -5.75123220591408 ], [ 106.617389364875962, -5.751230708259845 ], [ 106.617387557681454, -5.751230181437552 ], [ 106.617380326571251, -5.751227187649167 ], [ 106.617379384741781, -5.75123020460036 ], [ 106.617371977236417, -5.751239268439704 ], [ 106.617371333848325, -5.751239802207167 ], [ 106.617362316831702, -5.751243817297381 ], [ 106.617353293497231, -5.751245596017901 ], [ 106.617350397462545, -5.751243851020893 ], [ 106.617348772669118, -5.751243242552043 ] ] ] } },
{ "type": "Feature", "properties": { "fid": 11.0, "ID": 10, "ELEV": -7.0 }, "geometry": { "type": "MultiLineString", "coordinates": [ [ [ 106.617330717917099, -5.751243906793055 ], [ 106.617330730689687, -5.751248428179917 ], [ 106.61732623242149, -5.751254092700098 ], [ 106.617321728007724, -5.75125749653962 ], [ 106.617317218822592, -5.75125931789932 ], [ 106.617308197037474, -5.751261645281424 ], [ 106.617303682893706, -5.751261658074348 ] ] ] } },
{ "type": "Feature", "properties": { "fid": 12.0, "ID": 11, "ELEV": -29.0 }, "geometry": { "type": "MultiLineString", "coordinates": [ [ [ 106.617986978437969, -5.751273696525125 ], [ 106.617985380342262, -5.751281613516865 ], [ 106.617976352561868, -5.751281817597058 ], [ 106.617967301411795, -5.751273752342543 ], [ 106.617967301383501, -5.751273752312473 ], [ 106.617965771161408, -5.751264713807528 ], [ 106.617967269771853, -5.751262556524323 ], [ 106.617976293566258, -5.751260942094583 ], [ 106.617980818320873, -5.751264671146782 ], [ 106.617985348565981, -5.751270369596147 ], [ 106.617986978437969, -5.751273696525125 ] ] ] } },
{ "type": "Feature", "properties": { "fid": 13.0, "ID": 12, "ELEV": -8.0 }, "geometry": { "type": "MultiLineString", "coordinates": [ [ [ 106.618105891715729, -5.750796349415774 ], [ 106.618102888677257, -5.75079861864252 ], [ 106.618101396756472, -5.750803144293748 ], [ 106.618101396743995, -5.750803144317584 ], [ 106.6180952959661, -5.750812204433173 ], [ 106.61809240886096, -5.750817463297426 ], [ 106.618090024319642, -5.750821262221859 ], [ 106.618085575791895, -5.750830317676896 ], [ 106.618083429633572, -5.75083484523388 ], [ 106.618080521504112, -5.750839374849337 ], [ 106.618074430019249, -5.750845013341054 ], [ 106.618068420837062, -5.750848451999015 ], [ 106.618065415061906, -5.750849752357913 ], [ 106.618056394377703, -5.750852464946044 ], [ 106.618047372233121, -5.750854660809591 ], [ 106.618040157788357, -5.750857574970014 ], [ 106.618038354307629, -5.750858349685479 ], [ 106.618029339826435, -5.750863257414168 ], [ 106.618022849050547, -5.750866666884171 ], [ 106.618020325106428, -5.75086808070668 ], [ 106.618011311185583, -5.750873186849313 ], [ 106.618007406152557, -5.750875753508288 ], [ 106.618002298994867, -5.750878905302931 ], [ 106.617993286913375, -5.750884662474904 ], [ 106.617992986455491, -5.75088483723136 ], [ 106.617984272127401, -5.750889462683007 ], [ 106.617975256433709, -5.750893930338838 ], [ 106.617975256401522, -5.750893930354795 ], [ 106.617966240443238, -5.750898315841244 ], [ 106.617957225428597, -5.750903024299185 ], [ 106.617957225397504, -5.750903024316336 ], [ 106.617948214327924, -5.750909139924693 ], [ 106.617944699443072, -5.750912102652885 ], [ 106.617939207701781, -5.750916828040308 ], [ 106.617934500623122, -5.750921174409139 ], [ 106.617930200321851, -5.750924249499804 ], [ 106.617921188547285, -5.75093011586719 ], [ 106.617920957440973, -5.750930255646178 ], [ 106.617912174532464, -5.750935189519712 ], [ 106.617903689009353, -5.750939347443571 ], [ 106.617903158732602, -5.750939631535477 ], [ 106.617894140964495, -5.750943377079833 ], [ 106.617885121296808, -5.750946450431597 ], [ 106.617877791457943, -5.750948463702615 ], [ 106.617876099844807, -5.750948892384375 ], [ 106.617867076961119, -5.750950827711464 ], [ 106.617858055512613, -5.750953270976509 ], [ 106.617849036621067, -5.750956619178269 ], [ 106.617847233691265, -5.750957593171346 ], [ 106.617840021651688, -5.750961355479132 ], [ 106.617832549766248, -5.750966677640641 ], [ 106.61783101118904, -5.750967686764081 ], [ 106.617822001911975, -5.750974437712689 ], [ 106.617820276799435, -5.750975755275282 ], [ 106.61781299352306, -5.750981503053996 ], [ 106.617808949375245, -5.750984830229426 ], [ 106.617803987386864, -5.750989365730019 ], [ 106.617799124887185, -5.750993900923069 ], [ 106.617794983183074, -5.750997912383554 ], [ 106.617789761030451, -5.751002970310883 ], [ 106.617785979883166, -5.75100677902449 ], [ 106.617781146181699, -5.751012037575428 ], [ 106.617776979729399, -5.751016759205143 ], [ 106.617772920400796, -5.751021103737039 ], [ 106.617767977449319, -5.751025986976289 ], [ 106.617762830223938, -5.751030175183519 ], [ 106.617758968755524, -5.751032944962178 ], [ 106.617750173193272, -5.751039253906008 ], [ 106.617749958648162, -5.751039402760758 ], [ 106.617740948197778, -5.751045739232179 ], [ 106.617736942928119, -5.751048334253226 ], [ 106.617731935876989, -5.751051413813545 ], [ 106.617722920959793, -5.751056169556552 ], [ 106.617720516942015, -5.751057423658826 ], [ 106.617713905728806, -5.751060814305636 ], [ 106.617704893493709, -5.751066510789245 ], [ 106.617704893469366, -5.751066510805753 ], [ 106.617695885001055, -5.751073549147986 ], [ 106.617693581182365, -5.751075585699237 ], [ 106.61768688062287, -5.751082035158931 ], [ 106.617684158522607, -5.751084655252811 ], [ 106.617677877970934, -5.751091132232937 ], [ 106.617674957180938, -5.751093724178976 ], [ 106.617668871182062, -5.751098765234613 ], [ 106.617663057843046, -5.751102800752585 ], [ 106.617659859989786, -5.751104839844738 ], [ 106.617650848187708, -5.751110698697221 ], [ 106.617649210004686, -5.751111882849061 ], [ 106.617641837608247, -5.751116990345664 ], [ 106.617636431813409, -5.751120961913434 ], [ 106.617632827126258, -5.751123316572073 ], [ 106.617623812854404, -5.751128301512565 ], [ 106.617619892420365, -5.751130051638587 ], [ 106.617614795522599, -5.751132203486321 ], [ 106.617605777731328, -5.751135942894432 ], [ 106.617599286385357, -5.751139152889985 ], [ 106.617596761838769, -5.75114035438608 ], [ 106.617587745822192, -5.751144722042495 ], [ 106.617581158144617, -5.751148247117784 ], [ 106.617578730883608, -5.751149471306681 ], [ 106.617569715323157, -5.751154000530787 ], [ 106.617563474352309, -5.751157340085435 ], [ 106.617560700208585, -5.75115868762794 ], [ 106.617551686172988, -5.751163756687615 ], [ 106.617547589924854, -5.751166427952677 ], [ 106.617542673614139, -5.7511693485135 ], [ 106.617533662173983, -5.751175336369067 ], [ 106.617533404708681, -5.751175511003507 ], [ 106.617524649102677, -5.751180746951812 ], [ 106.617519017251098, -5.751184594627319 ], [ 106.617515638029687, -5.751186864918171 ], [ 106.617506825176605, -5.751193672028556 ], [ 106.61750662931712, -5.751193818439388 ], [ 106.617497621685018, -5.751201154489515 ], [ 106.617495476569857, -5.751202747039027 ], [ 106.617488613602859, -5.751208331321624 ], [ 106.617484424228394, -5.751211821209677 ], [ 106.617479608200426, -5.751216456755747 ], [ 106.617475801029499, -5.751220888495434 ], [ 106.617470608371207, -5.751226554988867 ], [ 106.617466924559835, -5.751229956498959 ], [ 106.617461601742008, -5.751234246387019 ], [ 106.61745368126283, -5.751239036878959 ], [ 106.617452588628993, -5.751239642831123 ], [ 106.617443569520432, -5.751242917117275 ], [ 106.61743455046404, -5.7512462099291 ], [ 106.617430452122179, -5.751248145560494 ], [ 106.617425533623788, -5.751250287225774 ], [ 106.617416516175879, -5.751254149488986 ], [ 106.617408922114137, -5.751257249425703 ], [ 106.617407498031625, -5.751257765324326 ], [ 106.617398478517089, -5.751260896156827 ], [ 106.617389463368042, -5.75126557232571 ], [ 106.617388287963152, -5.751266350751329 ], [ 106.61738044862426, -5.751270392009328 ], [ 106.617371429182271, -5.751273548686129 ], [ 106.617362403552605, -5.751274515078682 ], [ 106.617353378179828, -5.751275492534488 ], [ 106.617353377954188, -5.751275492560965 ], [ 106.617344367643085, -5.7512818815574 ], [ 106.617341884652035, -5.751284567953719 ], [ 106.617335363180587, -5.75129034097658 ], [ 106.617330213454039, -5.751293643876336 ], [ 106.617326350568248, -5.751295915535361 ], [ 106.617317331221074, -5.751299106092429 ], [ 106.617308311989859, -5.751302337743999 ], [ 106.617307023369207, -5.751302752443304 ], [ 106.617299292161405, -5.751305358026673 ], [ 106.61729027076619, -5.751307823723201 ], [ 106.617281243312661, -5.751308144831886 ], [ 106.617272199998567, -5.751302851312055 ], [ 106.617267685854316, -5.751302864074654 ] ] ] } },
{ "type": "Feature", "properties": { "fid": 14.0, "ID": 13, "ELEV": -9.0 }, "geometry": { "type": "MultiLineString", "coordinates": [ [ [ 106.618123977090022, -5.750806496460592 ], [ 106.618120776633248, -5.750807610770215 ], [ 106.618119468024304, -5.75080830418968 ], [ 106.618114776620999, -5.750812149202652 ], [ 106.618110467863772, -5.750818278638114 ], [ 106.618108269225559, -5.750821210494975 ], [ 106.618103774736781, -5.750830266080381 ], [ 106.618101494174127, -5.750837619869412 ], [ 106.618100934702895, -5.750839316975159 ], [ 106.618096814120548, -5.750848371500494 ], [ 106.618092509318714, -5.750853010278341 ], [ 106.618086202007802, -5.750857444430241 ], [ 106.618083497292091, -5.750858786289331 ], [ 106.618074481105779, -5.750863090454934 ], [ 106.618066851484556, -5.750866542134275 ], [ 106.618065464253831, -5.750867159140583 ], [ 106.618056445998619, -5.750870731334362 ], [ 106.618047429086445, -5.750874778819419 ], [ 106.618045790018684, -5.750875644688474 ], [ 106.618038415346987, -5.750879949054146 ], [ 106.618029830446275, -5.750884732777973 ], [ 106.618029401000669, -5.750884904618846 ], [ 106.618020381401152, -5.750888001334862 ], [ 106.61801136336409, -5.750891650993166 ], [ 106.618007177807613, -5.750893839842148 ], [ 106.618002347626017, -5.750896114242995 ], [ 106.617993332344696, -5.750900739176469 ], [ 106.617988980022261, -5.750902934276183 ], [ 106.617984316730897, -5.750905246521784 ], [ 106.617975300900383, -5.750909677238789 ], [ 106.617970637720887, -5.750912029119493 ], [ 106.617966285506455, -5.750914262510007 ], [ 106.617957273611736, -5.750920086125561 ], [ 106.617955955286362, -5.750921113586887 ], [ 106.617948264787827, -5.750926996497992 ], [ 106.617943875389145, -5.750930190676044 ], [ 106.617939253611596, -5.75093307451913 ], [ 106.617930239722057, -5.750938192434146 ], [ 106.617928290713991, -5.750939277700752 ], [ 106.617921226072284, -5.750943395264038 ], [ 106.617912699792029, -5.750948364742879 ], [ 106.617912212578062, -5.750948653204988 ], [ 106.61790319819923, -5.750953598167163 ], [ 106.617894492086947, -5.750957459202902 ], [ 106.617894181135568, -5.750957593070389 ], [ 106.617885160997204, -5.750960499932137 ], [ 106.617876138854641, -5.750962697570365 ], [ 106.617867116825821, -5.750964935498566 ], [ 106.617861704503468, -5.750966594993666 ], [ 106.617858096385348, -5.750967735575733 ], [ 106.617849078700942, -5.750971511051377 ], [ 106.617841156518693, -5.750975696086588 ], [ 106.617840063830954, -5.750976282592932 ], [ 106.61783105203537, -5.750982142227574 ], [ 106.617827601810319, -5.75098477735484 ], [ 106.617822043948792, -5.750989314547546 ], [ 106.617816922999211, -5.750993850470499 ], [ 106.617813038853598, -5.750997545607377 ], [ 106.617807498129977, -5.751002920031479 ], [ 106.617804035541653, -5.751006407863891 ], [ 106.617798386459071, -5.751011988704558 ], [ 106.617795032693877, -5.751015434484676 ], [ 106.617789865626079, -5.751021055702725 ], [ 106.617786032497634, -5.751025399593484 ], [ 106.61778178718005, -5.751030121446809 ], [ 106.617777031022698, -5.751034912278515 ], [ 106.617771794077797, -5.751039192618273 ], [ 106.617768022093614, -5.751041786984297 ], [ 106.617759010440054, -5.751047697551677 ], [ 106.61775819130942, -5.751048274021815 ], [ 106.61775000026465, -5.751054131329165 ], [ 106.617745691452086, -5.751057352298799 ], [ 106.617740990630352, -5.751060756690538 ], [ 106.617731977119433, -5.751066010138226 ], [ 106.617731131922355, -5.751066436413996 ], [ 106.617722961261322, -5.751070432946052 ], [ 106.617714624418227, -5.751075526050665 ], [ 106.617713948579919, -5.751075980105015 ], [ 106.617704939924423, -5.751082952187423 ], [ 106.61770310205894, -5.75108460155625 ], [ 106.617695935825438, -5.75109153698885 ], [ 106.617693897698587, -5.751093670491195 ], [ 106.617686935842499, -5.751101578656452 ], [ 106.617685810562108, -5.751102736259238 ], [ 106.617677932282945, -5.75111035458146 ], [ 106.617676035682081, -5.751111806811216 ], [ 106.617668922281865, -5.75111685078053 ], [ 106.617662367617626, -5.751120888398438 ], [ 106.617659909459903, -5.751122348681839 ], [ 106.617650897045166, -5.751127990774914 ], [ 106.617647974529447, -5.751129972040529 ], [ 106.617641885541687, -5.751133955461846 ], [ 106.617633645448507, -5.751139055500954 ], [ 106.617632872922727, -5.75113952541992 ], [ 106.617623858108786, -5.75114431857571 ], [ 106.617615843717701, -5.751148148804216 ], [ 106.617614841926766, -5.751148627578963 ], [ 106.617605825304508, -5.751152780825008 ], [ 106.617596809097719, -5.751157081182545 ], [ 106.617596487116941, -5.751157246514238 ], [ 106.617587793595888, -5.751161631102542 ], [ 106.617578778085516, -5.751166178070957 ], [ 106.617578456096425, -5.751166340466555 ], [ 106.61756976257503, -5.751170725054661 ], [ 106.617560747056032, -5.751175269086779 ], [ 106.617560446571019, -5.751175434357531 ], [ 106.617551732233807, -5.751180059804752 ], [ 106.617543027826017, -5.751184526573622 ], [ 106.61754271689172, -5.751184666578667 ], [ 106.617533701940715, -5.75118941184334 ], [ 106.617526716840842, -5.751193615649587 ], [ 106.61752468880843, -5.751194800900316 ], [ 106.617515678162732, -5.751201070169569 ], [ 106.617513558438944, -5.75120269578987 ], [ 106.617506670268085, -5.751208313268771 ], [ 106.617502667432632, -5.751211769503521 ], [ 106.617497665400975, -5.751216628061588 ], [ 106.617493330305734, -5.75122083881294 ], [ 106.617488663282984, -5.751225916029152 ], [ 106.617484926933756, -5.75122990547578 ], [ 106.617479662400413, -5.751235641379973 ], [ 106.61747628617556, -5.75123897281138 ], [ 106.617470657433728, -5.751243921227238 ], [ 106.61746472938573, -5.751248048411652 ], [ 106.617461646116269, -5.75124995323289 ], [ 106.617452630900388, -5.751254605407228 ], [ 106.617446953550285, -5.751257141637903 ], [ 106.617443613853766, -5.751258609630375 ], [ 106.617434596942061, -5.751262661665128 ], [ 106.617426581842182, -5.751266242220927 ], [ 106.617425579983589, -5.75126669719906 ], [ 106.617416562542999, -5.751270562132135 ], [ 106.617407544541294, -5.751274228500827 ], [ 106.617405207017399, -5.751275345646381 ], [ 106.61739852763202, -5.751278281621483 ], [ 106.617389511205886, -5.751282505809567 ], [ 106.617385324937572, -5.751284444840608 ], [ 106.617380494257901, -5.751286545337795 ], [ 106.617371475320283, -5.751289880628269 ], [ 106.617362455859549, -5.751293030801202 ], [ 106.617361415614198, -5.751293555447851 ], [ 106.617353441546655, -5.751298003267086 ], [ 106.617347435732668, -5.751302637913777 ], [ 106.617344432689762, -5.751304907136076 ], [ 106.617335667574295, -5.751311714111372 ], [ 106.617335424082199, -5.751311899353626 ], [ 106.617326412665292, -5.751317897174613 ], [ 106.617321751025017, -5.751320796397415 ], [ 106.617317400304387, -5.75132356090452 ], [ 106.617308388540323, -5.751329435989339 ], [ 106.617307667506836, -5.751329879156427 ], [ 106.617299375486809, -5.751334854691297 ], [ 106.617292789443454, -5.751338964166941 ], [ 106.617290363011605, -5.751340478177591 ], [ 106.617281349960038, -5.751345897702654 ], [ 106.617277293269325, -5.751348050928891 ], [ 106.617272334411396, -5.751350433338754 ], [ 106.617263312531861, -5.751352727909481 ], [ 106.617254285739804, -5.751353283475094 ], [ 106.617245253565954, -5.751351933886739 ], [ 106.617236220332671, -5.751350209254026 ], [ 106.617232888359993, -5.751348176768744 ], [ 106.617231696805291, -5.751346900491844 ], [ 106.617230128217528, -5.751343663167379 ] ] ] } },
{ "type": "Feature", "properties": { "fid": 15.0, "ID": 14, "ELEV": -38.0 }, "geometry": { "type": "MultiLineString", "coordinates": [ [ [ 106.618872642235957, -5.751361613228602 ], [ 106.61887039816699, -5.751366141466308 ], [ 106.618861357099448, -5.751361645543132 ], [ 106.618861356797666, -5.751361645242572 ], [ 106.618856816936301, -5.751352615281585 ], [ 106.618861305507579, -5.751343559709356 ], [ 106.618861305958092, -5.751343559406662 ], [ 106.618870334240128, -5.751343533871136 ], [ 106.61887033446645, -5.751343534096552 ], [ 106.618873368855347, -5.751352568328056 ], [ 106.618872642235957, -5.751361613228602 ] ] ] } },
{ "type": "Feature", "properties": { "fid": 16.0, "ID": 15, "ELEV": -38.0 }, "geometry": { "type": "MultiLineString", "coordinates": [ ] } },
{ "type": "Feature", "properties": { "fid": 17.0, "ID": 16, "ELEV": -10.0 }, "geometry": { "type": "MultiLineString", "coordinates": [ [ [ 106.618133028779511, -5.750814755317519 ], [ 106.61813017313878, -5.750816626972153 ], [ 106.618128528611507, -5.750819711447089 ], [ 106.618126849450519, -5.750821157816814 ], [ 106.618120292922754, -5.750830219248546 ], [ 106.618119535643558, -5.750832230926829 ], [ 106.618116638689997, -5.750839272451736 ], [ 106.618112874357166, -5.750848325967084 ], [ 106.618110564904086, -5.750852615972624 ], [ 106.618107465157863, -5.750857384145921 ], [ 106.618101565250541, -5.750862770059825 ], [ 106.618095986694783, -5.750866459532106 ], [ 106.618092552665004, -5.750868348299822 ], [ 106.6180835361139, -5.750872523393269 ], [ 106.618077353808971, -5.750875555201914 ], [ 106.618074520153144, -5.750876907438291 ], [ 106.618065505768413, -5.750881849223313 ], [ 106.618060999515009, -5.750884644411236 ], [ 106.618056493732027, -5.750887622050995 ], [ 106.618047482652017, -5.750893725575875 ], [ 106.618047482630033, -5.750893725588149 ], [ 106.618038464644471, -5.750897393397048 ], [ 106.618029443850261, -5.750900067388464 ], [ 106.618020423392124, -5.750902845133747 ], [ 106.618020423349165, -5.750902845147362 ], [ 106.618011405962477, -5.750906725024629 ], [ 106.618002390613498, -5.750911326027048 ], [ 106.618001227409465, -5.750911942398129 ], [ 106.61799337519551, -5.750915902672962 ], [ 106.617984358869165, -5.750920157944948 ], [ 106.617982613923431, -5.75092103801066 ], [ 106.617975343890947, -5.75092489033336 ], [ 106.617966588294081, -5.750930126286279 ], [ 106.617966330802247, -5.750930291435294 ], [ 106.617957320310879, -5.750936611734481 ], [ 106.617953526235851, -5.750939206160037 ], [ 106.617948308399818, -5.750942429707685 ], [ 106.617939294930622, -5.750947696375222 ], [ 106.617938234457185, -5.750948292354694 ], [ 106.617930281103185, -5.750952836338628 ], [ 106.617922327748971, -5.750957380292336 ], [ 106.6179212672223, -5.75095795744696 ], [ 106.617912252651735, -5.750962834560296 ], [ 106.617904927403742, -5.750966472463939 ], [ 106.617903236988411, -5.750967325028117 ], [ 106.617894219089052, -5.750971024256089 ], [ 106.617885198324174, -5.750973709471084 ], [ 106.617877768515669, -5.750975592299041 ], [ 106.617876176466069, -5.750976007847023 ], [ 106.617867155279541, -5.750978543922059 ], [ 106.617858136310815, -5.750981864907797 ], [ 106.617851695523981, -5.750984709054805 ], [ 106.617849119479914, -5.75098594250418 ], [ 106.617840105924074, -5.750991179186987 ], [ 106.61783627626177, -5.750993795608889 ], [ 106.617831095690974, -5.750997591845231 ], [ 106.617825091703523, -5.751002870158384 ], [ 106.617822090138603, -5.75100566108061 ], [ 106.617815857479769, -5.751011939179073 ], [ 106.617813087563277, -5.751014783997764 ], [ 106.61780702836964, -5.751021007051304 ], [ 106.617804085170775, -5.751023971707607 ], [ 106.6177983570946, -5.751030074476057 ], [ 106.617795083914885, -5.751033561771552 ], [ 106.617790031131946, -5.751039140921892 ], [ 106.617786082370642, -5.751043049893623 ], [ 106.617779757907087, -5.751048212887569 ], [ 106.617777073965613, -5.751050110049666 ], [ 106.617768061319339, -5.751055669275748 ], [ 106.617765546379246, -5.751057296016955 ], [ 106.617759049989743, -5.751061694563319 ], [ 106.617752856215887, -5.751066374833572 ], [ 106.617750040778489, -5.7510684696205 ], [ 106.617741029144526, -5.751074387340915 ], [ 106.617739025865475, -5.751075456882027 ], [ 106.617732014236282, -5.751079146316169 ], [ 106.617723000349599, -5.75108426690521 ], [ 106.617722599870248, -5.751084546287911 ], [ 106.61771399179554, -5.751091274871812 ], [ 106.617711343029029, -5.751093621041036 ], [ 106.617704987475364, -5.751099781363142 ], [ 106.617702205110234, -5.751102689787782 ], [ 106.617695987202097, -5.751109720236525 ], [ 106.617694187284314, -5.751111755359473 ], [ 106.617686987138612, -5.751119733464415 ], [ 106.617685786427131, -5.751120822016846 ], [ 106.617677980373927, -5.751127375093093 ], [ 106.617674118210203, -5.751129897935658 ], [ 106.617668968152287, -5.751133085460341 ], [ 106.617659954660439, -5.751138346342094 ], [ 106.617658924651636, -5.751138983847008 ], [ 106.617650941593851, -5.75114375780552 ], [ 106.617644121508491, -5.75114806865145 ], [ 106.617641929204581, -5.751149409056671 ], [ 106.617632916312871, -5.751154882549696 ], [ 106.617628818944084, -5.751157154871237 ], [ 106.617623901954985, -5.751159837190627 ], [ 106.617614886394577, -5.751164366275608 ], [ 106.617611022415772, -5.751166248159776 ], [ 106.617605870828442, -5.751168893404064 ], [ 106.617596855928994, -5.751173656551378 ], [ 106.617593388232876, -5.751175340987755 ], [ 106.617587840088333, -5.75117808662779 ], [ 106.617578824065035, -5.751182452131882 ], [ 106.617574817064622, -5.751184436471134 ], [ 106.617569808451066, -5.751186962562719 ], [ 106.617560792790755, -5.751191456660283 ], [ 106.617555695680267, -5.751193533513585 ], [ 106.617551774145511, -5.751194894312021 ], [ 106.617542755186051, -5.751198220794509 ], [ 106.617533738590012, -5.751202383859054 ], [ 106.617533309381571, -5.751202639809432 ], [ 106.617524725417368, -5.751207758694783 ], [ 106.617519248785669, -5.751211722506993 ], [ 106.617515716270134, -5.751214558408405 ], [ 106.61750911309133, -5.751220794079993 ], [ 106.6175067129805, -5.751223431525128 ], [ 106.617500958914022, -5.751229860036704 ], [ 106.617497714051154, -5.751233848090383 ], [ 106.617493293412096, -5.751238924608327 ], [ 106.617488714050481, -5.751243885561379 ], [ 106.617484637340397, -5.751247991987454 ], [ 106.617479708730869, -5.751252040458565 ], [ 106.617472951665263, -5.7512570679532 ], [ 106.617470698736426, -5.751258540745009 ], [ 106.617461684919917, -5.75126368824956 ], [ 106.617456926930956, -5.751266156216724 ], [ 106.617452669771581, -5.751268364403711 ], [ 106.617443653582697, -5.751272672295181 ], [ 106.617438300288612, -5.751275251854279 ], [ 106.617434637649623, -5.751277070804054 ], [ 106.61742562168979, -5.751281459892147 ], [ 106.617419181023195, -5.751284348887566 ], [ 106.617416604705852, -5.751285486543325 ], [ 106.61740758599845, -5.751288903186785 ], [ 106.617398567732963, -5.751292476313404 ], [ 106.617396391251489, -5.751293456323113 ], [ 106.617389550842944, -5.75129653636627 ], [ 106.617380533559739, -5.751300457305171 ], [ 106.617375523743078, -5.751302558310054 ], [ 106.617371516111561, -5.751304319894989 ], [ 106.617362501254419, -5.75130909972132 ], [ 106.617358804509905, -5.751311648539876 ], [ 106.617353491223056, -5.751315587846229 ], [ 106.617347206877696, -5.751320724254422 ], [ 106.617344483660673, -5.75132295003183 ], [ 106.617335474674618, -5.751329800350211 ], [ 106.61733547465208, -5.751329800366715 ], [ 106.617326463233212, -5.751335797578618 ], [ 106.617321828786373, -5.751338881869306 ], [ 106.617317451662458, -5.751341741097614 ], [ 106.617308440376036, -5.751347785343805 ], [ 106.617308167286112, -5.751347963432436 ], [ 106.617299428011535, -5.751353448028787 ], [ 106.617294021164696, -5.751357046368768 ], [ 106.617290416230404, -5.751359317300529 ], [ 106.617281403726096, -5.751364930639034 ], [ 106.617278976410489, -5.751366131851569 ], [ 106.617272387178744, -5.751369112830778 ], [ 106.617263367551061, -5.751372204645294 ], [ 106.617254346689421, -5.751374859686734 ], [ 106.617253057994432, -5.751375248149371 ], [ 106.617245326785266, -5.751377853726488 ], [ 106.617236311153761, -5.751382360339017 ], [ 106.617232990536692, -5.751384347865246 ], [ 106.61722729720978, -5.751387464406146 ], [ 106.617218282056825, -5.751392140558705 ], [ 106.617215276275985, -5.751393440911936 ], [ 106.617209264714234, -5.751396041618344 ], [ 106.617200249560952, -5.751400717772818 ], [ 106.617196643370846, -5.751402536561523 ], [ 106.617191233043073, -5.751404910908406 ], [ 106.617182209699934, -5.751406687859636 ], [ 106.617173189447612, -5.751409559048956 ], [ 106.617171028537413, -5.751411651996102 ], [ 106.617164180918152, -5.751416580372013 ], [ 106.61715791203855, -5.751420732012331 ], [ 106.617155168561595, -5.751422246921036 ], [ 106.617146147440849, -5.751424810835253 ], [ 106.61713712008239, -5.75142516649934 ], [ 106.617128090379012, -5.751424692025491 ], [ 106.617119059655465, -5.75142385639255 ], [ 106.617110023701812, -5.751421169150388 ], [ 106.617109778836848, -5.751420868409325 ], [ 106.617105496624063, -5.751416603527215 ], [ 106.617105373926947, -5.751416359467964 ] ] ] } },
{ "type": "Feature", "properties": { "fid": 18.0, "ID": 17, "ELEV": -39.0 }, "geometry": { "type": "MultiLineString", "coordinates": [ [ [ 106.618943778366699, -5.751374975686515 ], [ 106.618943791152319, -5.751379497069737 ], [ 106.618942688450062, -5.751388543036976 ], [ 106.618942688351041, -5.751388543489338 ], [ 106.618941072386704, -5.75139759046057 ], [ 106.618940277347377, -5.751406635555009 ], [ 106.618937019849923, -5.751415687635204 ], [ 106.618933748146375, -5.751419716041426 ], [ 106.618929658672855, -5.751424751357111 ], [ 106.618924745871823, -5.751428938973425 ], [ 106.618919898318723, -5.751433821885161 ], [ 106.618915743159945, -5.7514380073521 ], [ 106.618912597055527, -5.751442885437015 ], [ 106.618906752390387, -5.751451299045185 ], [ 106.61890615242288, -5.751451946558695 ], [ 106.618897744774955, -5.751458633573741 ], [ 106.618888720895868, -5.751460216757936 ], [ 106.618879693719492, -5.751460633916043 ], [ 106.618870667556095, -5.751461090062576 ], [ 106.618870666653422, -5.751461090112737 ], [ 106.61886164604087, -5.751463828558332 ], [ 106.618852625195601, -5.751466484755195 ], [ 106.6188436002126, -5.751467677702118 ], [ 106.618834570237041, -5.751467105062765 ], [ 106.618825539084796, -5.751466116292177 ], [ 106.618816510408195, -5.751466003044283 ], [ 106.618807483277834, -5.751466436637448 ], [ 106.618798455724331, -5.751466720612656 ], [ 106.618789426710094, -5.751466487998981 ], [ 106.618780393402915, -5.75146473715659 ], [ 106.618774966982002, -5.751461361538426 ], [ 106.618771342746797, -5.751456850625253 ], [ 106.618768750381719, -5.751452336332899 ], [ 106.618767435268964, -5.751443297223632 ], [ 106.61876626319598, -5.7514342577086 ], [ 106.618762919353244, -5.751425224354 ], [ 106.618762221319741, -5.751423934710981 ], [ 106.618758330138888, -5.75141619453195 ], [ 106.618753709724913, -5.751407164798319 ], [ 106.618753141899361, -5.751405874785935 ], [ 106.618749508623836, -5.751398133875205 ], [ 106.618746149540854, -5.751389100563591 ], [ 106.618744943254072, -5.751380061145425 ], [ 106.618748529024018, -5.751371008134367 ], [ 106.618753022822929, -5.751363760839642 ], [ 106.618753769947375, -5.751361950428391 ], [ 106.618755249140804, -5.75135290339276 ], [ 106.618756352125899, -5.751343857424265 ], [ 106.618761976593348, -5.751337382369289 ], [ 106.618765580738568, -5.75133478840701 ], [ 106.618770989899787, -5.751332060280634 ], [ 106.618777993956343, -5.751325710356317 ], [ 106.618779990055984, -5.751322087420348 ], [ 106.618781909276862, -5.751316656410481 ], [ 106.618784052825958, -5.75130760749042 ], [ 106.618788049169751, -5.751298553314771 ], [ 106.618788948208092, -5.751297259141528 ], [ 106.618795697502691, -5.751289488779939 ], [ 106.618797948891, -5.751287472831152 ], [ 106.618801878864019, -5.751280428406282 ], [ 106.618802441227345, -5.751279748578713 ], [ 106.618804174447163, -5.751275900474819 ] ] ] } },
{ "type": "Feature", "properties": { "fid": 19.0, "ID": 18, "ELEV": -11.0 }, "geometry": { "type": "MultiLineString", "coordinates": [ [ [ 106.618135121103407, -5.750816612943694 ], [ 106.6181336182362, -5.750821138625982 ], [ 106.618132069239735, -5.750830185860415 ], [ 106.61812858117635, -5.750838311123162 ], [ 106.618128148700137, -5.750839239818661 ], [ 106.618124998042504, -5.750848291594143 ], [ 106.618120058045321, -5.750857348442763 ], [ 106.618119608307779, -5.750857942690918 ], [ 106.618112677975603, -5.75086641220945 ], [ 106.618110609409584, -5.75086836400338 ], [ 106.61810159957075, -5.750874914127491 ], [ 106.618100575244867, -5.750875489365667 ], [ 106.618092584775411, -5.750879710485648 ], [ 106.618083568610302, -5.75088402222301 ], [ 106.61808249538889, -5.750884583467768 ], [ 106.618074554032077, -5.750888895536449 ], [ 106.618067309443333, -5.750893669364875 ], [ 106.618065542463043, -5.750894833716721 ], [ 106.618056531011717, -5.75090081362795 ], [ 106.61805309712318, -5.750902752501384 ], [ 106.618047515735284, -5.75090544007624 ], [ 106.618038497247142, -5.750908930103865 ], [ 106.618030380001741, -5.750911859749388 ], [ 106.61802947829355, -5.750912255469621 ], [ 106.61802046272831, -5.750916779896961 ], [ 106.618013039415445, -5.750920951754024 ], [ 106.618011448778091, -5.750921875880915 ], [ 106.618002432981555, -5.75092631858145 ], [ 106.617994382483388, -5.750930047490138 ], [ 106.617993416432213, -5.750930494955187 ], [ 106.617984401435621, -5.750935220851955 ], [ 106.617977963686357, -5.750939136880729 ], [ 106.617975388903147, -5.750940818787336 ], [ 106.617966376882109, -5.750946597774028 ], [ 106.617963801929818, -5.750948219872359 ], [ 106.617957363147596, -5.750951770484885 ], [ 106.617948350020697, -5.750957158274693 ], [ 106.617948106426383, -5.750957307211847 ], [ 106.617939337240486, -5.750962668829949 ], [ 106.617932709275024, -5.750966393705235 ], [ 106.617930323026656, -5.750967672121394 ], [ 106.617921307783007, -5.750972311049376 ], [ 106.617915297844178, -5.750975485908612 ], [ 106.617912293034053, -5.750977125099475 ], [ 106.6179032777397, -5.750981746209082 ], [ 106.617895827555699, -5.750984583948194 ], [ 106.617894258966984, -5.750985136445673 ], [ 106.617885237268212, -5.750987491239771 ], [ 106.617876215182164, -5.750989709018921 ], [ 106.61786719493503, -5.750992577607107 ], [ 106.617864420201627, -5.750993715826762 ], [ 106.617858177514009, -5.750996446379615 ], [ 106.617849163154673, -5.751001398718864 ], [ 106.617846910049437, -5.751002808308431 ], [ 106.617840151382467, -5.751007266688068 ], [ 106.617834285506774, -5.75101188694016 ], [ 106.617831143341292, -5.751014455137717 ], [ 106.617824300165751, -5.75102095809023 ], [ 106.617822139058461, -5.751022973735561 ], [ 106.617815004440033, -5.751030027285328 ], [ 106.617813135581684, -5.751031777688799 ], [ 106.617805870216216, -5.751039096022538 ], [ 106.617804132766736, -5.751040815964769 ], [ 106.617796961449045, -5.751048164120573 ], [ 106.617795130136017, -5.751049919538382 ], [ 106.61778646970933, -5.751057236705813 ], [ 106.617786123222814, -5.751057507629789 ], [ 106.617777111838421, -5.751063513434449 ], [ 106.617772605609616, -5.751066318850545 ], [ 106.617768099830954, -5.751069298805229 ], [ 106.617759677511458, -5.751075398341806 ], [ 106.617759089952045, -5.751075837560505 ], [ 106.617750079501079, -5.751082173939436 ], [ 106.617746150580587, -5.751084479530368 ], [ 106.617741065731735, -5.75108733598514 ], [ 106.617732051918594, -5.751092482597911 ], [ 106.617730413463448, -5.751093566983783 ], [ 106.617723042823741, -5.75109929914454 ], [ 106.617719406202283, -5.751102641029613 ], [ 106.617714039795402, -5.751108262812434 ], [ 106.617710812955735, -5.751111708232559 ], [ 106.617705039704603, -5.751118266228818 ], [ 106.617702873294036, -5.751120773582803 ], [ 106.617696040776863, -5.7511286813816 ], [ 106.617694938528416, -5.751129838919126 ], [ 106.617687037297344, -5.751137485676911 ], [ 106.617685140616288, -5.751138909536627 ], [ 106.617678026012968, -5.751143527761738 ], [ 106.617669856682369, -5.751147995704459 ], [ 106.617669011466674, -5.751148415458846 ], [ 106.617659996774393, -5.751153251542931 ], [ 106.617653419349594, -5.751157085141349 ], [ 106.617650983324523, -5.751158527423716 ], [ 106.617641970765035, -5.751164118499219 ], [ 106.617638560417262, -5.751166170103935 ], [ 106.617632957290425, -5.75116938575735 ], [ 106.617623942370173, -5.751174141418358 ], [ 106.617621881911006, -5.751175260223802 ], [ 106.617614928356289, -5.751179217947894 ], [ 106.617607235713493, -5.751184344582842 ], [ 106.617605917231828, -5.751185317202316 ], [ 106.617596905371258, -5.751191155997367 ], [ 106.617592397650682, -5.751193429485461 ], [ 106.617587889740122, -5.751195660322205 ], [ 106.617578872060065, -5.75119943951159 ], [ 106.617572109531977, -5.751202529835503 ], [ 106.617569855049865, -5.751203455843171 ], [ 106.617560834385685, -5.751206178931747 ], [ 106.617551811353806, -5.751208064024638 ], [ 106.617542790693761, -5.751210788662437 ], [ 106.617540878060609, -5.751211661202418 ], [ 106.617533774213612, -5.751214992804367 ], [ 106.617524958391854, -5.751220749169422 ], [ 106.617524762532369, -5.751220895580259 ], [ 106.617515758501398, -5.751229506261254 ], [ 106.617515472763614, -5.751229818900045 ], [ 106.617508167318533, -5.751238882451285 ], [ 106.617506761557266, -5.751240625449466 ], [ 106.617500565990298, -5.751247946841116 ], [ 106.617497761610593, -5.751250681994513 ], [ 106.617490556821139, -5.751257018055423 ], [ 106.617488754964569, -5.751258367365367 ], [ 106.617479744680921, -5.751264765265624 ], [ 106.617477721675002, -5.751266097279224 ], [ 106.617470732587279, -5.751270522579798 ], [ 106.617462895012338, -5.7512751821473 ], [ 106.617461719392253, -5.751275890121124 ], [ 106.617452705340426, -5.751280954453833 ], [ 106.617446464303939, -5.751284271561342 ], [ 106.617443690817467, -5.75128585209027 ], [ 106.617434676666846, -5.751290881580263 ], [ 106.617429903946672, -5.751293361342501 ], [ 106.617425661635224, -5.751295599296456 ], [ 106.617416644352431, -5.751299520231359 ], [ 106.617408752845321, -5.75130246413427 ], [ 106.617407625515824, -5.751302891209332 ], [ 106.617398607790093, -5.751306655465443 ], [ 106.61738959049508, -5.751310572231154 ], [ 106.617387336224922, -5.751311567677952 ], [ 106.617380573654017, -5.751314649744461 ], [ 106.617371558001693, -5.751319148095434 ], [ 106.617369122177735, -5.751320662144598 ], [ 106.617362546288064, -5.751325040729025 ], [ 106.617356741285278, -5.751329740079187 ], [ 106.617353538527723, -5.751332332826351 ], [ 106.617345349239784, -5.75133881521115 ], [ 106.617344530189328, -5.751339420387835 ], [ 106.617335519356971, -5.751345625207794 ], [ 106.617332140140476, -5.75134789549261 ], [ 106.617326507591741, -5.751351499885865 ], [ 106.617318354547308, -5.751356977407683 ], [ 106.617317496283277, -5.751357536322669 ], [ 106.617308484139201, -5.75136327703765 ], [ 106.617304203535625, -5.751366060358142 ], [ 106.617299472619251, -5.751369238760342 ], [ 106.617290460957449, -5.751375142150874 ], [ 106.617290460934342, -5.751375142166266 ], [ 106.617281446883084, -5.751380207968833 ], [ 106.617272428702904, -5.751383812220149 ], [ 106.617271252305457, -5.751384239434072 ], [ 106.617263409235974, -5.751386961015241 ], [ 106.617254392479481, -5.751391069352352 ], [ 106.617250529602074, -5.751393341007512 ], [ 106.617245379090605, -5.751396369885842 ], [ 106.617236366884157, -5.751402089062664 ], [ 106.617235820650095, -5.751402425537978 ], [ 106.617227353193158, -5.751407282778708 ], [ 106.617220776876422, -5.751411511017039 ], [ 106.617218340981779, -5.751413000358128 ], [ 106.617209330398779, -5.751419294471366 ], [ 106.617207475291167, -5.751420591558701 ], [ 106.617200317252212, -5.751424681128897 ], [ 106.617191298830789, -5.751428200506589 ], [ 106.617183916255868, -5.751429701168155 ], [ 106.617182275439546, -5.75142996055185 ], [ 106.61717325232388, -5.75143181819456 ], [ 106.61716423395103, -5.751435354900861 ], [ 106.617156505146738, -5.751438821692818 ], [ 106.617155216684196, -5.751439283209303 ], [ 106.617146195166114, -5.751441706541304 ], [ 106.61713717253339, -5.751443735314969 ], [ 106.617128149454686, -5.751445606231428 ], [ 106.617119125108601, -5.751447028499871 ], [ 106.617114112041278, -5.751447984671366 ], [ 106.617110101854038, -5.751448837228766 ], [ 106.617101082255033, -5.751451940161997 ], [ 106.617092570019949, -5.7514570885621 ], [ 106.617092069211594, -5.751457364013244 ], [ 106.617083057514691, -5.75146326465629 ], [ 106.617079626342885, -5.751466168087426 ], [ 106.617074048846376, -5.75147023758638 ], [ 106.617066037811441, -5.751475249439859 ], [ 106.617065035990976, -5.751475728228742 ], [ 106.617056014382072, -5.751478119876123 ], [ 106.617046986903986, -5.751478433642037 ], [ 106.61703795277549, -5.751476392910535 ], [ 106.617034338384826, -5.751475339263993 ], [ 106.61702889593785, -5.751466312139679 ], [ 106.617028895711314, -5.751466311838904 ], [ 106.617028882940602, -5.751461790451398 ] ] ] } },
{ "type": "Feature", "properties": { "fid": 20.0, "ID": 19, "ELEV": -12.0 }, "geometry": { "type": "MultiLineString", "coordinates": [ [ [ 106.61814245637953, -5.750825634989332 ], [ 106.61814209318932, -5.750827515046059 ], [ 106.61814145577776, -5.750830159247594 ], [ 106.618139684141241, -5.750839207113253 ], [ 106.618137628337635, -5.750844967485292 ], [ 106.618136687286963, -5.750848258452681 ], [ 106.61813177517881, -5.75085731522228 ], [ 106.618128645305134, -5.750861002536181 ], [ 106.618124609314464, -5.750866378381749 ], [ 106.618119646647202, -5.750871508799257 ], [ 106.618115461503265, -5.750875447160398 ], [ 106.61811064102703, -5.750879551637707 ], [ 106.618102964265404, -5.750884525435214 ], [ 106.618101628990573, -5.750885324195528 ], [ 106.618092614083196, -5.750890080959898 ], [ 106.618085900832085, -5.750893616655743 ], [ 106.618083599309159, -5.750894884972248 ], [ 106.618074586079416, -5.750900235495134 ], [ 106.618070914828152, -5.750902701986128 ], [ 106.618065574250878, -5.750906081904263 ], [ 106.618056560856999, -5.750911374486491 ], [ 106.618055702183511, -5.750911787958802 ], [ 106.618047544775052, -5.750915715950608 ], [ 106.618038528492164, -5.750919986370891 ], [ 106.618036811345888, -5.750920884359185 ], [ 106.618029516751136, -5.750925864021534 ], [ 106.618023509446118, -5.750929964914152 ], [ 106.618020505691746, -5.750931982955241 ], [ 106.618011491105804, -5.750936854050479 ], [ 106.618006660717839, -5.750939055524322 ], [ 106.618002474199798, -5.750940904221396 ], [ 106.617993458920893, -5.750945530229526 ], [ 106.617989202923809, -5.750948147860848 ], [ 106.617984446233777, -5.750951073445711 ], [ 106.617975433575367, -5.750956626885033 ], [ 106.617974306744003, -5.750957232934851 ], [ 106.61796641752143, -5.750960978824405 ], [ 106.617957402337339, -5.75096563863518 ], [ 106.617956275735565, -5.750966326895717 ], [ 106.617948389342232, -5.75097107313136 ], [ 106.617941355088519, -5.750975412038493 ], [ 106.61793937664892, -5.750976614495679 ], [ 106.617930362677484, -5.750981703632391 ], [ 106.61792535482877, -5.750984500241622 ], [ 106.617921348962227, -5.75098688349038 ], [ 106.617912334924554, -5.75099194932289 ], [ 106.617908792715681, -5.750993590037231 ], [ 106.61790331764017, -5.750995866269368 ], [ 106.617894296842877, -5.750998540106396 ], [ 106.617885275058768, -5.751000864767527 ], [ 106.617878627828318, -5.751002718394394 ], [ 106.617876253898359, -5.751003410190797 ], [ 106.617867235443924, -5.751006913267497 ], [ 106.617858220101354, -5.751011517655765 ], [ 106.617857719371329, -5.751011820510073 ], [ 106.617849207650963, -5.751017145619666 ], [ 106.617843933379817, -5.751020902434511 ], [ 106.617840197305526, -5.751023518591186 ], [ 106.61783214767236, -5.751029978688385 ], [ 106.617831189343107, -5.75103073497776 ], [ 106.617822184051121, -5.751038896504927 ], [ 106.617822020329939, -5.751039050241048 ], [ 106.617813179588964, -5.751047351800981 ], [ 106.617812403451154, -5.751048120346584 ], [ 106.617804176043251, -5.751056131518377 ], [ 106.617803070292126, -5.751057189647769 ], [ 106.617795171021299, -5.751064388899187 ], [ 106.617792731134486, -5.751066261800609 ], [ 106.617786161770155, -5.751071149647705 ], [ 106.617779874761951, -5.751075341088916 ], [ 106.617777150638304, -5.751077244893249 ], [ 106.617768140874091, -5.751083824221993 ], [ 106.617767340035996, -5.751084419465277 ], [ 106.61775913116368, -5.751090422679098 ], [ 106.617754015655095, -5.751093500079882 ], [ 106.617750117547317, -5.751095638854798 ], [ 106.61774110308302, -5.751100555014941 ], [ 106.617738030984498, -5.751102588235272 ], [ 106.617732093079198, -5.751107049853292 ], [ 106.617727269491425, -5.751111661584599 ], [ 106.617723091074339, -5.751116375712098 ], [ 106.61771930195782, -5.751120727014005 ], [ 106.617714092995101, -5.751127091005571 ], [ 106.617711759933925, -5.751129791237215 ], [ 106.617705094067517, -5.751137506174098 ], [ 106.61770388253116, -5.751138856411053 ], [ 106.617696091700111, -5.751146704037606 ], [ 106.617694625423127, -5.751147925495749 ], [ 106.617687081455784, -5.751153114213657 ], [ 106.617679705635126, -5.751157010631663 ], [ 106.617678066376243, -5.751157813181533 ], [ 106.617669050328686, -5.75116216961329 ], [ 106.617661985163537, -5.751166103705978 ], [ 106.617660036347743, -5.751167257526416 ], [ 106.617651024187325, -5.751172989840094 ], [ 106.617647557954982, -5.75117518744508 ], [ 106.617642011817352, -5.751178648055034 ], [ 106.617632996252169, -5.751183175463555 ], [ 106.617630875049755, -5.75118427757771 ], [ 106.617623980833173, -5.751187754679122 ], [ 106.617615378714234, -5.751193364346697 ], [ 106.617614969127189, -5.75119364810288 ], [ 106.617605961695617, -5.751201054464825 ], [ 106.617603983770167, -5.751202439490188 ], [ 106.617596950710563, -5.751207203210733 ], [ 106.617588235521012, -5.751211526972728 ], [ 106.617587934964547, -5.751211666948385 ], [ 106.617578916829999, -5.751215285356278 ], [ 106.617569896474194, -5.751218117623829 ], [ 106.617560872301382, -5.751219598931019 ], [ 106.617553652669386, -5.751220667839682 ], [ 106.617551847707773, -5.751220931328256 ], [ 106.617542826821051, -5.751223575794244 ], [ 106.617533812361728, -5.751228495267947 ], [ 106.617532123149715, -5.751229771707336 ], [ 106.617524806119931, -5.751236323396302 ], [ 106.617522593150653, -5.75123884156385 ], [ 106.617515807973788, -5.751247017084129 ], [ 106.617515093945258, -5.751247905664359 ], [ 106.617506807307095, -5.75125681872463 ], [ 106.617506649345685, -5.751256972444377 ], [ 106.617497799324141, -5.7512640308549 ], [ 106.61749507948214, -5.751266048082282 ], [ 106.617488788680092, -5.751270301167876 ], [ 106.617481367204633, -5.751275129792257 ], [ 106.617479776886043, -5.751276164499045 ], [ 106.617470764849216, -5.751281941979004 ], [ 106.617467086222732, -5.751284213113872 ], [ 106.617461752570705, -5.751287633979553 ], [ 106.617452739863793, -5.75129317441709 ], [ 106.617452535016241, -5.751293297201134 ], [ 106.617443727842371, -5.751298957558856 ], [ 106.617438148525025, -5.751302380821312 ], [ 106.617434715282073, -5.751304550035075 ], [ 106.617425700339865, -5.75130929946448 ], [ 106.617420725320429, -5.751311473047881 ], [ 106.617416683109681, -5.751313239087616 ], [ 106.617407664960766, -5.751316853561265 ], [ 106.617398969569138, -5.751320577553203 ], [ 106.617398647499385, -5.751320711452017 ], [ 106.6173896300606, -5.7513245773948 ], [ 106.617380614098039, -5.751328965946421 ], [ 106.61737932633487, -5.751329676070747 ], [ 106.617371600795167, -5.751334296024821 ], [ 106.617365524511214, -5.751338758032635 ], [ 106.617362591337823, -5.75134098739835 ], [ 106.617353983586568, -5.751347833586721 ], [ 106.61735358317236, -5.751348136156431 ], [ 106.617344571873687, -5.751354175901172 ], [ 106.617340291146149, -5.751356915238221 ], [ 106.617335559417313, -5.75135980591864 ], [ 106.617326546997617, -5.751365448985164 ], [ 106.617325708706389, -5.751365999411816 ], [ 106.61731753558405, -5.751371448282478 ], [ 106.617312210905837, -5.751375080511263 ], [ 106.617308525050987, -5.751377759339773 ], [ 106.617299916034767, -5.75138415820139 ], [ 106.617299515606518, -5.751384455829456 ], [ 106.617290503372217, -5.751390164822523 ], [ 106.617283490032179, -5.751393247598957 ], [ 106.617281485834539, -5.751393996531163 ], [ 106.617272465243261, -5.751396747330849 ], [ 106.617263446224086, -5.751400054692549 ], [ 106.617259060550381, -5.751402359677714 ], [ 106.617254431654302, -5.751404937182731 ], [ 106.617245419699884, -5.75141074557588 ], [ 106.617244293125893, -5.751411444374131 ], [ 106.617236406718789, -5.751416190603243 ], [ 106.617229011086607, -5.751420530528665 ], [ 106.617227393147203, -5.75142142665806 ], [ 106.61721837996744, -5.751426801490689 ], [ 106.617214249915307, -5.751429615206842 ], [ 106.617209368106685, -5.751432643323515 ], [ 106.617200353242978, -5.751437422165191 ], [ 106.617196810024481, -5.751438707475883 ], [ 106.617191333433681, -5.751440450281176 ], [ 106.617182309804093, -5.751442126017063 ], [ 106.617173287548141, -5.751444288067792 ], [ 106.617164267648533, -5.751447284340011 ], [ 106.617162764505323, -5.751447846801884 ], [ 106.617155248109256, -5.751450408226368 ], [ 106.617146227239118, -5.751453061006083 ], [ 106.617137206947589, -5.751455918665797 ], [ 106.617133959704475, -5.751456971275247 ], [ 106.617128187613588, -5.751459115357631 ], [ 106.617119169223983, -5.751462646441515 ], [ 106.617112257160827, -5.751466075621611 ], [ 106.617110153543237, -5.751467136577899 ], [ 106.617101140383625, -5.751472519327451 ], [ 106.617097443897322, -5.751475160445207 ], [ 106.61709213127186, -5.751479335200971 ], [ 106.61708589470372, -5.7514842360192 ], [ 106.617083122555968, -5.751486291310767 ], [ 106.617074108819935, -5.751491470207913 ], [ 106.617069599917897, -5.751493325040489 ], [ 106.617065089924196, -5.75149482246202 ], [ 106.617056070209486, -5.751497884817664 ], [ 106.61704705318553, -5.751501899848956 ], [ 106.617046087378611, -5.751502434513912 ], [ 106.617038038675133, -5.751506804839798 ], [ 106.617030882401721, -5.751511520446292 ], [ 106.617029027017921, -5.751512720037446 ], [ 106.617020012564552, -5.751517645347564 ], [ 106.61701098963043, -5.751519568164476 ], [ 106.617001957454917, -5.751518219131752 ], [ 106.616992922916438, -5.751516033494157 ], [ 106.616983891403606, -5.751514919076953 ], [ 106.616974859305273, -5.751513597362676 ], [ 106.616968534073877, -5.751511697113353 ], [ 106.616965822111808, -5.751510471689208 ], [ 106.61695677988763, -5.751505564837116 ], [ 106.616947749020468, -5.7515046789993 ], [ 106.616943235126357, -5.751504781144515 ] ] ] } },
{ "type": "Feature", "properties": { "fid": 21.0, "ID": 20, "ELEV": -12.0 }, "geometry": { "type": "MultiLineString", "coordinates": [ [ [ 106.61693421388911, -5.751507272934487 ], [ 106.616934226659154, -5.751511794322196 ], [ 106.61692972224543, -5.751515285113729 ], [ 106.61692520809882, -5.75151529790422 ] ] ] } },
{ "type": "Feature", "properties": { "fid": 22.0, "ID": 21, "ELEV": -13.0 }, "geometry": { "type": "MultiLineString", "coordinates": [ [ [ 106.618160170014988, -5.750834627609609 ], [ 106.618160169989451, -5.75083462772885 ], [ 106.618158928845958, -5.750839152549937 ], [ 106.618155687086215, -5.750845692677703 ], [ 106.618154565647885, -5.750848207763313 ], [ 106.618146892097371, -5.75085727236235 ], [ 106.618146691946521, -5.750857443553191 ], [ 106.61813768876047, -5.750866341298652 ], [ 106.618137688743147, -5.750866341311434 ], [ 106.618128683537009, -5.750874530510922 ], [ 106.618127831998819, -5.750875412087484 ], [ 106.618119679695823, -5.750883202774586 ], [ 106.618118155441309, -5.750884482365312 ], [ 106.618110670703942, -5.750890052602085 ], [ 106.618104661725724, -5.750893563465426 ], [ 106.618101657021938, -5.750895242945014 ], [ 106.618092642478359, -5.750900128483114 ], [ 106.618088223952498, -5.750902652912226 ], [ 106.618083628936091, -5.750905368401357 ], [ 106.618074616198555, -5.750910893140976 ], [ 106.618073281054237, -5.750911738120515 ], [ 106.618065603655666, -5.750916486827386 ], [ 106.618057716115345, -5.750920825092101 ], [ 106.618056589539563, -5.750921523893638 ], [ 106.618047576561892, -5.75092696386981 ], [ 106.618043070729328, -5.750929909456377 ], [ 106.618038566793004, -5.750933539362691 ], [ 106.61803151652353, -5.750938985056669 ], [ 106.618029557604899, -5.750940320444696 ], [ 106.618020544186052, -5.750945604525931 ], [ 106.618015650059178, -5.750948072882337 ], [ 106.618011528368243, -5.750950039775626 ], [ 106.618002513252563, -5.750954723544617 ], [ 106.617998353216279, -5.750957164762871 ], [ 106.617993500223363, -5.750960145703144 ], [ 106.61798448751577, -5.75096568173885 ], [ 106.617983394776743, -5.750966250013642 ], [ 106.617975471731128, -5.750970128979985 ], [ 106.617966455100799, -5.75097427701849 ], [ 106.617964394504497, -5.750975346722677 ], [ 106.617957440280946, -5.750979065784542 ], [ 106.617948427123864, -5.750984434833139 ], [ 106.617948427100757, -5.750984434846509 ], [ 106.617939414457709, -5.750989994061246 ], [ 106.617933699115852, -5.750993519429752 ], [ 106.617930401990535, -5.750995615582846 ], [ 106.617921389773016, -5.751001325518053 ], [ 106.617918854155789, -5.751002604357661 ], [ 106.617912373603502, -5.751005637006466 ], [ 106.617903354195363, -5.751008802458994 ], [ 106.617894332997551, -5.75101133462764 ], [ 106.617892908568749, -5.751011720754277 ], [ 106.617885311808706, -5.751013870015022 ], [ 106.617876292846915, -5.751017193563754 ], [ 106.617868478555764, -5.751020832853544 ], [ 106.61786727646242, -5.751021429234408 ], [ 106.617858262842461, -5.751026643302948 ], [ 106.617853045153609, -5.751029919448353 ], [ 106.617849250370881, -5.751032263841181 ], [ 106.61784023979088, -5.751038553866619 ], [ 106.617839676784428, -5.751039000188944 ], [ 106.617831231615867, -5.751045695080579 ], [ 106.617828563273974, -5.751048074537317 ], [ 106.617822226219232, -5.751053819634039 ], [ 106.617818750987993, -5.751057145196908 ], [ 106.61781322272563, -5.751062617763519 ], [ 106.61780958987255, -5.751066214010504 ], [ 106.617804219300908, -5.7510714403662 ], [ 106.617799716004868, -5.751075284844499 ], [ 106.61779521231766, -5.751079003697006 ], [ 106.61778784062075, -5.751084361352159 ], [ 106.617786202521714, -5.751085571706346 ], [ 106.617777193694096, -5.751092482493434 ], [ 106.617775965247176, -5.751093437859642 ], [ 106.617768184557818, -5.751099284120575 ], [ 106.617763069489285, -5.751102517259453 ], [ 106.617759171209727, -5.751104595244279 ], [ 106.617750154861156, -5.751108844540391 ], [ 106.617745422783557, -5.751111610126436 ], [ 106.617741141939888, -5.751114306852215 ], [ 106.617734273931376, -5.751120684573941 ], [ 106.617732138371451, -5.751123079306137 ], [ 106.617726740202983, -5.751129748773766 ], [ 106.61772314244719, -5.751134557222543 ], [ 106.617719693601927, -5.75113881159273 ], [ 106.617714145064269, -5.75114551902359 ], [ 106.617712017748318, -5.751147876195359 ], [ 106.617705143671273, -5.751155061713349 ], [ 106.617702990043654, -5.751156944629921 ], [ 106.617696134884895, -5.751161987868671 ], [ 106.61768871119348, -5.751166027949285 ], [ 106.617687120178203, -5.75116681879835 ], [ 106.617678103950198, -5.751171111369969 ], [ 106.617670591659959, -5.751175122155081 ], [ 106.617669089296385, -5.751175961142847 ], [ 106.617660076903391, -5.751181611130586 ], [ 106.617656214932694, -5.751184205751332 ], [ 106.617651065352518, -5.751187559243294 ], [ 106.617642051611455, -5.751192732259885 ], [ 106.617640807904095, -5.751193292267752 ], [ 106.617633033895174, -5.751196498403378 ], [ 106.617624018090268, -5.751200941094071 ], [ 106.617621995410872, -5.751202388436657 ], [ 106.617615008588515, -5.751207614729906 ], [ 106.617610423215666, -5.751211464082711 ], [ 106.617606001139919, -5.751215015124755 ], [ 106.617597398791688, -5.751220543844913 ], [ 106.617596989087502, -5.751220786154247 ], [ 106.617587972720159, -5.751225030046372 ], [ 106.617578954190321, -5.751228508612926 ], [ 106.617574680832291, -5.751229651082564 ], [ 106.617569932291758, -5.751230794901582 ], [ 106.617560907535619, -5.751232069814812 ], [ 106.617551884375004, -5.751233909478653 ], [ 106.617542866904429, -5.751237763138777 ], [ 106.61754128984424, -5.75123878857088 ], [ 106.617533856831812, -5.75124423534271 ], [ 106.617530255733527, -5.751247862690726 ], [ 106.617524854093816, -5.751253303704868 ], [ 106.617521608209131, -5.751256930046061 ], [ 106.617515851842199, -5.751262544317301 ], [ 106.617511921963953, -5.751266000345414 ], [ 106.617506844442957, -5.751269963026466 ], [ 106.617499335263858, -5.751275078865484 ], [ 106.617497833349148, -5.751276074118799 ], [ 106.617488821506299, -5.751281920162083 ], [ 106.617485327052023, -5.75128416141436 ], [ 106.617479809607858, -5.751287746597818 ], [ 106.617471349531314, -5.751293243876026 ], [ 106.61747079783359, -5.751293617060406 ], [ 106.617461786947345, -5.751299801926219 ], [ 106.617458109030366, -5.751302324248573 ], [ 106.61745277681419, -5.751306253427914 ], [ 106.617445333151451, -5.75131140330408 ], [ 106.617443766112729, -5.751312503847137 ], [ 106.617434753412084, -5.751318046710021 ], [ 106.617429980587744, -5.751320489662283 ], [ 106.617425737664732, -5.751322511206205 ], [ 106.617416720021311, -5.751326304617364 ], [ 106.617408634911101, -5.751329593005783 ], [ 106.617407702008308, -5.751329967270526 ], [ 106.617398684379168, -5.751333765842443 ], [ 106.617389667707158, -5.751337903268429 ], [ 106.617388205874931, -5.751338693750781 ], [ 106.617380654014269, -5.75134309528585 ], [ 106.617374046440403, -5.751347776726417 ], [ 106.617371644183493, -5.751349654466805 ], [ 106.61736263617523, -5.751356851910379 ], [ 106.617362636155647, -5.751356851926302 ], [ 106.61735362545592, -5.751363103674145 ], [ 106.617348868488577, -5.751365933775363 ], [ 106.617344611605702, -5.751368240293972 ], [ 106.617335597805337, -5.751373394619091 ], [ 106.61733302287243, -5.751375021529128 ], [ 106.617326586256127, -5.751379345890036 ], [ 106.617319978890407, -5.751384101342631 ], [ 106.617317576373196, -5.75138588707134 ], [ 106.617308567326617, -5.751392724390911 ], [ 106.617307953043579, -5.751393178270521 ], [ 106.617299555493403, -5.751398575356079 ], [ 106.617292543856479, -5.751402264786686 ], [ 106.617290540124372, -5.751403174748824 ], [ 106.617281520087573, -5.751406121848061 ], [ 106.617272499976295, -5.751409042629732 ], [ 106.617266973069732, -5.751411380100321 ], [ 106.617263482752989, -5.751412985785943 ], [ 106.617254470081136, -5.751418540197752 ], [ 106.617251536051256, -5.751420466694565 ], [ 106.617245458433587, -5.751424457290485 ], [ 106.617236444093407, -5.751429421252004 ], [ 106.617236200450108, -5.751429553001115 ], [ 106.617227428434404, -5.751433918422464 ], [ 106.617218639138926, -5.751438645614825 ], [ 106.617218413758579, -5.751438763695714 ], [ 106.617209400088754, -5.751443965167812 ], [ 106.61720111440664, -5.751447738124485 ], [ 106.617200383270159, -5.751448052016 ], [ 106.617191362045361, -5.751450579089918 ], [ 106.617182339430713, -5.751452614179062 ], [ 106.617173317254611, -5.7514548045539 ], [ 106.617166874280542, -5.751456878002352 ], [ 106.617164297355444, -5.751457801035361 ], [ 106.617155278738309, -5.751461251424202 ], [ 106.617146260891303, -5.751464974503955 ], [ 106.617143684217581, -5.751465986565126 ], [ 106.617137244400453, -5.751469177741527 ], [ 106.617128227245828, -5.751473146046619 ], [ 106.617123885737712, -5.751475085516272 ], [ 106.617119210357728, -5.75147720876657 ], [ 106.617110196114439, -5.751482207872095 ], [ 106.617107339015988, -5.751484175252327 ], [ 106.617101186601104, -5.751488881566062 ], [ 106.617096095947659, -5.751493249959056 ], [ 106.61709217858936, -5.751496086949417 ], [ 106.617083165499778, -5.75150149471772 ], [ 106.617081233214719, -5.751502334922671 ], [ 106.617074146959041, -5.751504972671545 ], [ 106.61706512688194, -5.751507906747178 ], [ 106.617056710422005, -5.75151144725933 ], [ 106.617056109252232, -5.751511707335525 ], [ 106.617047094161776, -5.751516406966955 ], [ 106.617040499697211, -5.751520536041922 ], [ 106.617038081801411, -5.751522073217457 ], [ 106.617029070736905, -5.75152819832503 ], [ 106.617026419338572, -5.751529618787584 ], [ 106.617020054718537, -5.751532569635856 ], [ 106.617011030567284, -5.751534061613311 ], [ 106.617002000845602, -5.751533581431469 ], [ 106.616992971848234, -5.751533357701927 ], [ 106.616983945620902, -5.751534114714728 ], [ 106.616974921668913, -5.751535677337872 ], [ 106.616965899101857, -5.751537730331528 ], [ 106.616962677821689, -5.75153884224995 ], [ 106.616956879147367, -5.751540708354735 ], [ 106.616947859382222, -5.751543753460057 ], [ 106.616938835579234, -5.751545368976318 ], [ 106.616929807285587, -5.751545394564586 ], [ 106.616920775772599, -5.751544280317929 ], [ 106.616911743400976, -5.751542862058871 ], [ 106.616902712674843, -5.75154202640859 ], [ 106.616898195487565, -5.751540962692375 ] ] ] } },
{ "type": "Feature", "properties": { "fid": 23.0, "ID": 22, "ELEV": -14.0 }, "geometry": { "type": "MultiLineString", "coordinates": [ [ [ 106.618178266385272, -5.750843619144016 ], [ 106.618178252188756, -5.750843650693147 ], [ 106.618174535809729, -5.750848151142532 ], [ 106.618173755145889, -5.750849712472877 ], [ 106.618166037772895, -5.750857218079397 ], [ 106.618164751544043, -5.750858469013808 ], [ 106.618156092547252, -5.750866289119374 ], [ 106.618155746061063, -5.750866560043495 ], [ 106.618146734799012, -5.750872606321941 ], [ 106.618142950699749, -5.750875369222473 ], [ 106.618137724314664, -5.750878927857885 ], [ 106.618131391844415, -5.75088444483724 ], [ 106.618128718229372, -5.750886806030415 ], [ 106.618120873794126, -5.750893517500967 ], [ 106.618119711379961, -5.75089441391667 ], [ 106.618110699529424, -5.750900252278512 ], [ 106.618106380088236, -5.750902601436358 ], [ 106.6181016852845, -5.750905243481448 ], [ 106.61809267160794, -5.750910435857614 ], [ 106.618090550835007, -5.750911689158012 ], [ 106.618083659312703, -5.750916117085359 ], [ 106.618076414387943, -5.750920772080003 ], [ 106.618074647493842, -5.750921966941353 ], [ 106.618065635102013, -5.750927614136406 ], [ 106.618061991680847, -5.750929855813354 ], [ 106.618056624137381, -5.750933766408108 ], [ 106.618050088761223, -5.750938932402588 ], [ 106.618047616368003, -5.750941049412641 ], [ 106.618038607700626, -5.750948007795667 ], [ 106.618038607681044, -5.75094800780778 ], [ 106.618029593162007, -5.750952902578464 ], [ 106.61802127115503, -5.750957099789353 ], [ 106.618020577635392, -5.750957440859046 ], [ 106.618011562901543, -5.750962259739897 ], [ 106.618005293416303, -5.750966187930386 ], [ 106.618002551351282, -5.750968205229547 ], [ 106.617993540152128, -5.750974275036993 ], [ 106.617991787454244, -5.750975269063559 ], [ 106.617984526068341, -5.750979324150903 ], [ 106.617975510005436, -5.750983672987053 ], [ 106.617974055763554, -5.75098436217649 ], [ 106.61796649404252, -5.750988057270322 ], [ 106.617957478998989, -5.750992766948173 ], [ 106.617956260891987, -5.750993455468138 ], [ 106.617948465044236, -5.750997861974902 ], [ 106.617941169598296, -5.751002541094879 ], [ 106.617939452978945, -5.751003625702766 ], [ 106.61793044100591, -5.751009422150466 ], [ 106.617926743288379, -5.751011624836167 ], [ 106.617921427316034, -5.751014611121485 ], [ 106.617912410073984, -5.751018543124533 ], [ 106.617905743126514, -5.75102072721346 ], [ 106.61790339010166, -5.751021508989497 ], [ 106.617894369696671, -5.751024321792205 ], [ 106.617885350513902, -5.751027567156904 ], [ 106.617880197884261, -5.751029842474842 ], [ 106.617876333731417, -5.751031661997906 ], [ 106.617867318652273, -5.751036359690711 ], [ 106.617862811778011, -5.751038934605574 ], [ 106.617858304617059, -5.751041426873625 ], [ 106.61784929158452, -5.751046848959127 ], [ 106.61784761520407, -5.751048020529025 ], [ 106.617840281505408, -5.751053316313315 ], [ 106.61783568588379, -5.751057097190217 ], [ 106.617831274264432, -5.751060788136781 ], [ 106.617825437751435, -5.751066169085468 ], [ 106.617822269657822, -5.751069192342598 ], [ 106.617816371608555, -5.751075237629955 ], [ 106.617813267221365, -5.751078364649681 ], [ 106.6178069307242, -5.751084307236676 ], [ 106.617804262382052, -5.751086686693378 ], [ 106.617795817212368, -5.751093381584792 ], [ 106.617795254205845, -5.751093827907096 ], [ 106.61778624545434, -5.751100765611317 ], [ 106.617784137219346, -5.751102457538606 ], [ 106.617777236536227, -5.751107644433783 ], [ 106.617771153394258, -5.751111537188265 ], [ 106.61776822375414, -5.751113155862777 ], [ 106.617759206804038, -5.751117192282956 ], [ 106.617751993840571, -5.751120634343976 ], [ 106.617750190858359, -5.751121584225403 ], [ 106.617741183327354, -5.75112895425979 ], [ 106.617740501493003, -5.751129709765321 ], [ 106.617733491175017, -5.751138772481543 ], [ 106.617732188047285, -5.751140660106616 ], [ 106.617727010169617, -5.751147833697325 ], [ 106.617723194299884, -5.751152908502005 ], [ 106.617719781016191, -5.751156897033817 ], [ 106.617714194613583, -5.751163055175916 ], [ 106.617711070544416, -5.751165964569269 ], [ 106.617705187300359, -5.75117050268243 ], [ 106.617697391834781, -5.751175046187696 ], [ 106.617696173541361, -5.751175669015942 ], [ 106.617687157207882, -5.751179924261804 ], [ 106.617678914620129, -5.751184141407681 ], [ 106.617678141883658, -5.751184536761962 ], [ 106.617669127670169, -5.751189542435264 ], [ 106.617663259151982, -5.751193228628833 ], [ 106.617660114863568, -5.751195046105822 ], [ 106.617651101839655, -5.751200472929057 ], [ 106.617647634604765, -5.751202315762042 ], [ 106.617642086697231, -5.751205150035891 ], [ 106.617633069610861, -5.751209139177443 ], [ 106.617628909094023, -5.75121141168467 ], [ 106.617624055842469, -5.751214302711215 ], [ 106.617616107135419, -5.751220490816634 ], [ 106.617615047231624, -5.75122129172422 ], [ 106.61760603699129, -5.751227704089918 ], [ 106.617602817862206, -5.7512295713297 ], [ 106.617597023032218, -5.751232800349084 ], [ 106.617588006305624, -5.751236917152583 ], [ 106.617582995508073, -5.751238670360232 ], [ 106.617578986671887, -5.751240005065423 ], [ 106.617569963881607, -5.751241975798025 ], [ 106.617560940960345, -5.751243900210539 ], [ 106.617551921402026, -5.751247014942956 ], [ 106.617550498095241, -5.751247805316403 ], [ 106.617542908523774, -5.751252494099477 ], [ 106.617537610128295, -5.751256884690949 ], [ 106.617533901693108, -5.751260113841587 ], [ 106.617527899285292, -5.751265955060222 ], [ 106.617524897819123, -5.751268780186733 ], [ 106.617517760913515, -5.751275026641178 ], [ 106.617515891583835, -5.751276610843777 ], [ 106.617506881378674, -5.751283036460076 ], [ 106.617505204705836, -5.751284105074975 ], [ 106.61749786924706, -5.751288780274699 ], [ 106.617490787994072, -5.751293188781843 ], [ 106.617488856739513, -5.751294391104286 ], [ 106.617479844501645, -5.751300097455172 ], [ 106.61747658506836, -5.75130227188254 ], [ 106.617470833770568, -5.751306337220725 ], [ 106.617464030599521, -5.751311350310846 ], [ 106.61746182438155, -5.751313052094858 ], [ 106.617452816052818, -5.751320142346065 ], [ 106.617452406465574, -5.751320426102176 ], [ 106.617443804578102, -5.751326119131884 ], [ 106.617437544460273, -5.75132951107025 ], [ 106.617434789672259, -5.751330881495123 ], [ 106.617425772522253, -5.751334849565562 ], [ 106.617416754452876, -5.751338492265177 ], [ 106.617416463552132, -5.751338613663687 ], [ 106.61740773645856, -5.751342161584719 ], [ 106.617398719275698, -5.751346118190033 ], [ 106.617395635136845, -5.751347715540924 ], [ 106.617389704731167, -5.751351008744047 ], [ 106.617381613990958, -5.75135679812484 ], [ 106.617380694898031, -5.751357567075281 ], [ 106.617371689078311, -5.751365546133349 ], [ 106.617371288724925, -5.75136587023394 ], [ 106.617362679709814, -5.75137226909626 ], [ 106.617357907559651, -5.751374951003707 ], [ 106.617353664969826, -5.75137709075314 ], [ 106.617344649734036, -5.751381736969491 ], [ 106.617340819187532, -5.751384042279831 ], [ 106.617335637107104, -5.751387306735698 ], [ 106.617327606522451, -5.75139312257159 ], [ 106.617326627178741, -5.751393831821773 ], [ 106.617317616633287, -5.7514001385421 ], [ 106.61731461301558, -5.751402202242053 ], [ 106.617308603974607, -5.751405697293088 ], [ 106.617299589141538, -5.751410486405052 ], [ 106.617297785752001, -5.751411292777298 ], [ 106.617290571945588, -5.751414439142586 ], [ 106.617281553071692, -5.751417797955182 ], [ 106.617274939620373, -5.751420400369622 ], [ 106.617272535041906, -5.751421455629745 ], [ 106.61726352081989, -5.751426461290137 ], [ 106.617258910207255, -5.751429488642937 ], [ 106.617254509051094, -5.751432335440824 ], [ 106.617245496077473, -5.751437783165022 ], [ 106.61724390506059, -5.751438574013229 ], [ 106.617236479673664, -5.751442016671675 ], [ 106.617227462220271, -5.75144587868806 ], [ 106.617223994845801, -5.751447673283805 ], [ 106.617218447145291, -5.751450582713608 ], [ 106.617209431754176, -5.751455174899061 ], [ 106.617205223014281, -5.751456769327818 ], [ 106.617200412685747, -5.751458465348842 ], [ 106.617191390672616, -5.751460713393166 ], [ 106.61718236878103, -5.751463004503044 ], [ 106.617173348637081, -5.751465902501931 ], [ 106.617173348603671, -5.75146590251459 ], [ 106.61716433153596, -5.751469901427265 ], [ 106.617155317588697, -5.751474996445423 ], [ 106.61715531756434, -5.751474996462235 ], [ 106.617146306465315, -5.751481108513926 ], [ 106.617140411704725, -5.751484081532475 ], [ 106.617137290355743, -5.751485446806162 ], [ 106.61712827100402, -5.751488637374997 ], [ 106.617119253721953, -5.751492560692074 ], [ 106.617118223680848, -5.751493187255063 ], [ 106.617110241083211, -5.751498127916348 ], [ 106.617104384347627, -5.751502269319122 ], [ 106.61710122955067, -5.75150408683083 ], [ 106.61709221522166, -5.751509055800549 ], [ 106.617087456766313, -5.751511360134149 ], [ 106.61708319863159, -5.751513224350845 ], [ 106.61707418017096, -5.75151673071935 ], [ 106.617065162007293, -5.751520342280285 ], [ 106.617064888766251, -5.751520466931923 ], [ 106.617056146263678, -5.751524810672408 ], [ 106.617048259852993, -5.751529556899778 ], [ 106.617047133248704, -5.751530245159126 ], [ 106.61703812082267, -5.751535888222612 ], [ 106.61703349866589, -5.751538641574865 ], [ 106.617029106572005, -5.75154088536883 ], [ 106.617020087179682, -5.751544062224069 ], [ 106.617011062313424, -5.751545301113097 ], [ 106.617002034226658, -5.751545399832471 ], [ 106.616993007805718, -5.751546088345218 ], [ 106.616984586242097, -5.751547823019627 ], [ 106.616983984731377, -5.751547961740045 ], [ 106.616974964830575, -5.751550958763172 ], [ 106.61696594637182, -5.751554466389097 ], [ 106.616960794273169, -5.751556933282292 ], [ 106.616956930199123, -5.751558783452164 ], [ 106.616947913737661, -5.751562998338996 ], [ 106.616941421868546, -5.751566031021471 ], [ 106.616938897268042, -5.751567210390832 ], [ 106.616929881300209, -5.751571600164772 ], [ 106.616922743812992, -5.75157512679276 ], [ 106.616920865002868, -5.751575873335378 ], [ 106.616911844024685, -5.751578489254521 ], [ 106.616902820915172, -5.751580350581997 ], [ 106.61689379484551, -5.75158116386201 ], [ 106.616884766515483, -5.751581176838943 ], [ 106.616875734207767, -5.751579781446265 ], [ 106.616866702966377, -5.751578763607364 ], [ 106.616857664849206, -5.751575311236972 ], [ 106.616848648685604, -5.75157963207991 ], [ 106.616844129209738, -5.751577758144115 ] ] ] } },
{ "type": "Feature", "properties": { "fid": 24.0, "ID": 23, "ELEV": -40.0 }, "geometry": { "type": "MultiLineString", "coordinates": [ [ [ 106.618983775920341, -5.751551197595917 ], [ 106.618979261778051, -5.751551210402734 ], [ 106.61897926167768, -5.751551210379825 ], [ 106.618970218150054, -5.751545810379291 ], [ 106.618961182477321, -5.751543223421605 ], [ 106.618952156465539, -5.751544052730642 ], [ 106.618943143525669, -5.751549504555482 ], [ 106.618938634948364, -5.751551325638007 ], [ 106.618934126746879, -5.751553598921742 ], [ 106.618925111249112, -5.751558146349028 ], [ 106.61892331225998, -5.751560411946805 ], [ 106.618925143210674, -5.75156944868726 ], [ 106.618925143438929, -5.75156944959086 ], [ 106.618930585618443, -5.751578476990614 ], [ 106.618934209855666, -5.751582987902186 ], [ 106.618943250927344, -5.751587483785297 ], [ 106.618943250977807, -5.751587483898192 ], [ 106.618944617982393, -5.751592001439467 ], [ 106.618947784741195, -5.751594427035229 ] ] ] } },
{ "type": "Feature", "properties": { "fid": 25.0, "ID": 24, "ELEV": -15.0 }, "geometry": { "type": "MultiLineString", "coordinates": [ [ [ 106.618182551958725, -5.750843606993151 ], [ 106.61818238648155, -5.750848128883574 ], [ 106.618180388561143, -5.750857177390773 ], [ 106.618173797730975, -5.750864780393666 ], [ 106.618172297135359, -5.750866243174875 ], [ 106.618164794185859, -5.750873557064191 ], [ 106.618162494043659, -5.750875313811983 ], [ 106.618155783818182, -5.750879919787897 ], [ 106.618148122382678, -5.750884397402096 ], [ 106.618146770422129, -5.750885211047627 ], [ 106.61813776052621, -5.750891740843726 ], [ 106.618135776129151, -5.750893475249457 ], [ 106.618128753237883, -5.75089919338726 ], [ 106.61812424856781, -5.750902550775481 ], [ 106.618119743146366, -5.750905654142825 ], [ 106.618110729560073, -5.750910878380734 ], [ 106.618109357827393, -5.750911635836678 ], [ 106.618101716525516, -5.750916297910152 ], [ 106.618094621605167, -5.750920720459526 ], [ 106.618092704446809, -5.750922055729317 ], [ 106.618083693646312, -5.750928265918803 ], [ 106.618081342764853, -5.750929800950208 ], [ 106.618074682655219, -5.750934408739581 ], [ 106.618068356242944, -5.750938880611931 ], [ 106.618065672642274, -5.750940897745545 ], [ 106.618057185097626, -5.750947955126646 ], [ 106.618056665383776, -5.750948361499864 ], [ 106.618047655396609, -5.750954859798928 ], [ 106.618044007210926, -5.750957035330575 ], [ 106.618038641027226, -5.750959807509655 ], [ 106.618029624661617, -5.750964048905603 ], [ 106.618025546290284, -5.750966130512174 ], [ 106.618020610174597, -5.750968955115141 ], [ 106.618011773131485, -5.750975212403256 ], [ 106.6180115999191, -5.750975358749999 ], [ 106.618002592247763, -5.750982676904108 ], [ 106.618000174566816, -5.750984288129052 ], [ 106.617993579943899, -5.750988355861498 ], [ 106.617984564631641, -5.750992970327281 ], [ 106.6179837193813, -5.750993377623362 ], [ 106.617975548235762, -5.750997201405815 ], [ 106.61796653286234, -5.751001794349107 ], [ 106.617965207076594, -5.751002472949265 ], [ 106.617957517386898, -5.751006351253965 ], [ 106.617948503785342, -5.751011563146232 ], [ 106.617948503762236, -5.75101156315979 ], [ 106.617939491118833, -5.751017122374458 ], [ 106.617933775776763, -5.751020647743037 ], [ 106.617930478309461, -5.751022622922925 ], [ 106.617921463548541, -5.751027432935359 ], [ 106.617916053052497, -5.751029740829376 ], [ 106.617912446322507, -5.751031370666223 ], [ 106.617903427838314, -5.751034863220291 ], [ 106.617894409912225, -5.751038553318364 ], [ 106.617893716238058, -5.751038846995764 ], [ 106.617885393214294, -5.751042678102099 ], [ 106.617876377083178, -5.751047003522089 ], [ 106.617874511792948, -5.751047944281656 ], [ 106.617867361240187, -5.751051430972282 ], [ 106.617858346202567, -5.751056143487055 ], [ 106.617856923188228, -5.751057036986438 ], [ 106.617849334293098, -5.751061963086968 ], [ 106.61784367705981, -5.751066117380741 ], [ 106.617840324753573, -5.751068621459479 ], [ 106.617832604724441, -5.751075191612591 ], [ 106.617831318058748, -5.751076286633128 ], [ 106.617823118343921, -5.751084261348481 ], [ 106.617822314447594, -5.751085043185952 ], [ 106.617813793168622, -5.751093330627316 ], [ 106.617813310771126, -5.751093776721125 ], [ 106.617804304270521, -5.751101510904794 ], [ 106.617803178241786, -5.751102403562214 ], [ 106.617795296387371, -5.751108755893329 ], [ 106.617791771240874, -5.751111478742331 ], [ 106.617786286948856, -5.751115450533185 ], [ 106.617778175866903, -5.751120560125756 ], [ 106.617777274498692, -5.75112107941449 ], [ 106.617768258567011, -5.751125476259238 ], [ 106.617759241673511, -5.751129532765604 ], [ 106.617759021816383, -5.751129657266155 ], [ 106.617750230495048, -5.751135611918454 ], [ 106.617747181323267, -5.751138733674539 ], [ 106.617741232387374, -5.751146317000143 ], [ 106.617740204755847, -5.751147796295172 ], [ 106.617733886893745, -5.751156857048568 ], [ 106.61773223986566, -5.751158999118063 ], [ 106.617726599855672, -5.751165920549231 ], [ 106.617723241232625, -5.751169518499433 ], [ 106.61771753873289, -5.751174989078762 ], [ 106.617714235756381, -5.751177616109411 ], [ 106.617705223241771, -5.751183222838024 ], [ 106.617703605169709, -5.751184071419785 ], [ 106.617696208100156, -5.751187899901131 ], [ 106.617687193188473, -5.751192658406334 ], [ 106.617686244263382, -5.751193163475741 ], [ 106.61767817806259, -5.751197341163765 ], [ 106.617669162566699, -5.751201893029316 ], [ 106.617668533713015, -5.751202256522408 ], [ 106.617660148078841, -5.751206801725671 ], [ 106.617652310179324, -5.751211345353661 ], [ 106.617651134559694, -5.751212053327775 ], [ 106.617642120511235, -5.751217117662734 ], [ 106.617635879477021, -5.751220434771818 ], [ 106.617633106338729, -5.751222138163207 ], [ 106.617624095568019, -5.751228362721837 ], [ 106.61762252867743, -5.751229515459655 ], [ 106.617615085017647, -5.751234665337338 ], [ 106.617608710214213, -5.751238597472879 ], [ 106.617606072366655, -5.751240224562103 ], [ 106.617597057602268, -5.751245035850905 ], [ 106.617590527327764, -5.751247691856674 ], [ 106.617588039606957, -5.751248703667237 ], [ 106.617579018436288, -5.751251247664537 ], [ 106.617569995590884, -5.751253198944745 ], [ 106.617560974733479, -5.751255853897344 ], [ 106.617558853159011, -5.751256824479975 ], [ 106.617551959237034, -5.751260406357005 ], [ 106.617544604694899, -5.7512659077109 ], [ 106.617542950399042, -5.751267315602496 ], [ 106.617534779652274, -5.751274978403988 ], [ 106.617533946062153, -5.751275818070432 ], [ 106.617525121528089, -5.751284048623881 ], [ 106.617524941440266, -5.751284219757729 ], [ 106.617515933814701, -5.75129155839297 ], [ 106.617513623267399, -5.751293124059277 ], [ 106.617506921882452, -5.751297372771472 ], [ 106.617498659544708, -5.751302209316786 ], [ 106.617497908390973, -5.751302635325807 ], [ 106.617488895020955, -5.751307940942378 ], [ 106.617483619605892, -5.751311294790052 ], [ 106.617479883171583, -5.751313784871674 ], [ 106.617470873446749, -5.751320373761835 ], [ 106.617470873426726, -5.751320373776244 ], [ 106.617461864603797, -5.751327289085038 ], [ 106.617458989321193, -5.751329450290213 ], [ 106.617452854246764, -5.751333661460606 ], [ 106.617444720466139, -5.751338533577358 ], [ 106.617443840985189, -5.751339005828084 ], [ 106.617434823816012, -5.751342967118543 ], [ 106.617425805681094, -5.751346586624464 ], [ 106.617423100139476, -5.751347637699946 ], [ 106.617416787131461, -5.7513500593873 ], [ 106.617407769410846, -5.751353825647038 ], [ 106.617401837937209, -5.751356740806914 ], [ 106.617398753922984, -5.751358382284428 ], [ 106.617389742697654, -5.75136444780097 ], [ 106.617388134368994, -5.751365822490947 ], [ 106.617380737865219, -5.751372776298434 ], [ 106.617378403152671, -5.751374892916556 ], [ 106.61737173150361, -5.751380563603641 ], [ 106.61736618520986, -5.751383970389796 ], [ 106.617362718347877, -5.751385946047591 ], [ 106.617353702537713, -5.751390388952575 ], [ 106.617348694334979, -5.751393062806935 ], [ 106.617344688148421, -5.751395334872373 ], [ 106.617335677396426, -5.751401568395894 ], [ 106.617334876504188, -5.751402144813989 ], [ 106.617326666361279, -5.751407701761401 ], [ 106.617320657414737, -5.751411227958019 ], [ 106.617317652354458, -5.751412783278074 ], [ 106.617308636299583, -5.751417139880278 ], [ 106.617302163387322, -5.751420323217158 ], [ 106.617299620553069, -5.751421605693271 ], [ 106.617290604253043, -5.751425875635282 ], [ 106.617282648065824, -5.751429421370212 ], [ 106.617281587334702, -5.751429926756007 ], [ 106.617272571857484, -5.751434488082329 ], [ 106.617265756906008, -5.75143851208595 ], [ 106.617263558529132, -5.751439810154824 ], [ 106.617254546295356, -5.75144551976797 ], [ 106.617250750753399, -5.751447597459306 ], [ 106.617245531541897, -5.751450337493164 ], [ 106.617236514448749, -5.751454327036843 ], [ 106.617231160556329, -5.75145669582327 ], [ 106.617227497483583, -5.751458361937971 ], [ 106.617218481429958, -5.751462719584747 ], [ 106.617210966488628, -5.751465795898038 ], [ 106.617209463307475, -5.751466344909827 ], [ 106.61720044238821, -5.751468980203313 ], [ 106.617191420761827, -5.751471365221233 ], [ 106.617182401111833, -5.751474449937258 ], [ 106.617181273902361, -5.751474922889719 ], [ 106.617173384984056, -5.751478781602134 ], [ 106.617165032000514, -5.751484011763379 ], [ 106.617164372698255, -5.751484473433284 ], [ 106.617155363366379, -5.751491211077055 ], [ 106.617152359220626, -5.751493090522522 ], [ 106.617146349244038, -5.751496252890559 ], [ 106.617137330473639, -5.751499649283158 ], [ 106.617130740008847, -5.751502194633731 ], [ 106.617128312156751, -5.751503206269925 ], [ 106.617119297357277, -5.751508008551144 ], [ 106.617113287699269, -5.751511286936373 ], [ 106.617110282074108, -5.751512639656756 ], [ 106.617101264211172, -5.751516357525635 ], [ 106.617092246619563, -5.751520171503508 ], [ 106.617091745652615, -5.751520390827795 ], [ 106.617083229405694, -5.751524119261172 ], [ 106.617074212360876, -5.751528126933581 ], [ 106.617071365155994, -5.751529491427126 ], [ 106.61706519712304, -5.751532774379609 ], [ 106.617056184386257, -5.751538307349786 ], [ 106.617055744734969, -5.751538578537488 ], [ 106.617047171948698, -5.751543946328679 ], [ 106.617040594187529, -5.751547664316106 ], [ 106.617038157556138, -5.751548893230493 ], [ 106.617029139055134, -5.75155238565793 ], [ 106.617020116674183, -5.751554504474714 ], [ 106.617011092093193, -5.75155584441561 ], [ 106.617003708008994, -5.751556811684478 ], [ 106.617002067223851, -5.751557082305832 ], [ 106.616993044564367, -5.75155910261196 ], [ 106.616984024074966, -5.75156189126887 ], [ 106.616975005105729, -5.751565218174352 ], [ 106.616973394929772, -5.751565940425754 ], [ 106.61696598862963, -5.751569427833008 ], [ 106.616956972736233, -5.751573843859192 ], [ 106.616954568544585, -5.75157503661824 ], [ 106.616947957003163, -5.751578316707614 ], [ 106.616938940648424, -5.751582569511342 ], [ 106.616935398215986, -5.751584133784823 ], [ 106.616929922691682, -5.751586255167716 ], [ 106.616920903433197, -5.751589479987526 ], [ 106.616911883506177, -5.751592468154652 ], [ 106.61690953047669, -5.751593249927619 ], [ 106.616902863603372, -5.751595464939494 ], [ 106.616893843111967, -5.751598253360728 ], [ 106.616884821707728, -5.751600718625762 ], [ 106.616878377560553, -5.751602381044406 ], [ 106.616875799704246, -5.751602971757542 ], [ 106.616866776146537, -5.751604674627525 ], [ 106.616857755580639, -5.75160743683677 ], [ 106.616850790601646, -5.751611502056218 ], [ 106.616848743114389, -5.751613066975343 ], [ 106.616841025711494, -5.751620572571522 ], [ 106.616839739360245, -5.751621781927335 ], [ 106.616830729112479, -5.751628197738904 ], [ 106.61682745017508, -5.751629653883476 ], [ 106.616821710862311, -5.75163178013876 ], [ 106.616812685120649, -5.751632709999948 ], [ 106.616803651504483, -5.751630851658925 ], [ 106.616801842664543, -5.751629726436779 ], [ 106.616799126146489, -5.751626895096788 ], [ 106.616798300641008, -5.751625215048065 ] ] ] } },
{ "type": "Feature", "properties": { "fid": 26.0, "ID": 25, "ELEV": -40.0 }, "geometry": { "type": "MultiLineString", "coordinates": [ [ [ 106.618916332017875, -5.751646338720224 ], [ 106.618916319051351, -5.751641817337497 ], [ 106.618916319502077, -5.751641817110159 ], [ 106.618925339266042, -5.75163877785096 ], [ 106.618929853409142, -5.751638765044375 ] ] ] } },
{ "type": "Feature", "properties": { "fid": 27.0, "ID": 26, "ELEV": -40.0 }, "geometry": { "type": "MultiLineString", "coordinates": [ [ [ 106.618904646660127, -5.751664457549333 ], [ 106.618902828217813, -5.751659941627721 ], [ 106.618902827991164, -5.751659941289286 ], [ 106.618907332131002, -5.751656311237599 ], [ 106.618911846274287, -5.751656298431118 ] ] ] } },
{ "type": "Feature", "properties": { "fid": 28.0, "ID": 27, "ELEV": -16.0 }, "geometry": { "type": "MultiLineString", "coordinates": [ [ [ 106.618191525665452, -5.750852624392397 ], [ 106.618191407981556, -5.750857146147292 ], [ 106.618188400765746, -5.750866197516165 ], [ 106.618182845899611, -5.750871792888271 ], [ 106.618179789478702, -5.750875264774346 ], [ 106.618173844287028, -5.750881253317999 ], [ 106.618169983698991, -5.750884335419211 ], [ 106.618164835084968, -5.750888028457005 ], [ 106.618156072758694, -5.750893417703269 ], [ 106.61815582240105, -5.750893571685092 ], [ 106.618146810029373, -5.750899225463493 ], [ 106.61814230513771, -5.750902499580762 ], [ 106.618137799487144, -5.750905526636315 ], [ 106.618128988879121, -5.750911580178322 ], [ 106.61812878860141, -5.750911706344185 ], [ 106.618119776772161, -5.750917552273601 ], [ 106.618114655815688, -5.750920663658549 ], [ 106.618110764832693, -5.750923359276906 ], [ 106.618101753736767, -5.750929464833966 ], [ 106.618101344137912, -5.75092974424271 ], [ 106.61809274355636, -5.750935894416598 ], [ 106.61808845261389, -5.750938823635462 ], [ 106.618083732170888, -5.75094189767428 ], [ 106.61807492599047, -5.750947904828645 ], [ 106.618074721179298, -5.750948040380194 ], [ 106.61806571226613, -5.750954918607101 ], [ 106.618063062700898, -5.750956981305835 ], [ 106.618056702227193, -5.750961398562417 ], [ 106.618048546907815, -5.750966065303059 ], [ 106.618047688415714, -5.750966543676101 ], [ 106.618038672700877, -5.750971015349188 ], [ 106.618030350542782, -5.750975159734824 ], [ 106.618029657210769, -5.750975566600843 ], [ 106.618020647051182, -5.75098200415843 ], [ 106.618018026936312, -5.750984237516467 ], [ 106.618011640634094, -5.750989766106561 ], [ 106.6180070443489, -5.750993311496076 ], [ 106.618002630624275, -5.75099625682139 ], [ 106.617993615811955, -5.751001048197379 ], [ 106.61799086095877, -5.751002400220074 ], [ 106.617984599417085, -5.75100527962771 ], [ 106.617975583224265, -5.751009582622101 ], [ 106.617971884691869, -5.751011496861594 ], [ 106.617966568374825, -5.751014361044546 ], [ 106.617957554966367, -5.751019649451998 ], [ 106.617955977653168, -5.751020584801433 ], [ 106.617948542492371, -5.7510252685995 ], [ 106.617941378545268, -5.751029669033028 ], [ 106.61793952973413, -5.751030787239293 ], [ 106.61793051585235, -5.751035908356386 ], [ 106.617925106907734, -5.751038758005902 ], [ 106.617921501170329, -5.751040746353771 ], [ 106.617912485551656, -5.751045252956684 ], [ 106.617907075878051, -5.751047851966184 ], [ 106.617903469768493, -5.751049701412369 ], [ 106.617894453912598, -5.751054124187042 ], [ 106.617888657951951, -5.751056947022858 ], [ 106.617885437820092, -5.751058463296975 ], [ 106.617876420185425, -5.75106225671001 ], [ 106.617868071326384, -5.751066048227051 ], [ 106.61786740341681, -5.751066356664496 ], [ 106.617858389427056, -5.751071440077101 ], [ 106.617852843952051, -5.751075134238123 ], [ 106.617849377927371, -5.751077404767492 ], [ 106.617840368376449, -5.751084059176073 ], [ 106.617840188239768, -5.751084212958739 ], [ 106.617831362493277, -5.751092011651441 ], [ 106.617830052876556, -5.7510932845345 ], [ 106.617822358152239, -5.75110050995954 ], [ 106.61782035705366, -5.751102354864163 ], [ 106.617813353256295, -5.751108811996722 ], [ 106.617810351191167, -5.751111426072637 ], [ 106.617804347060826, -5.75111665422444 ], [ 106.61779945121279, -5.751120499815626 ], [ 106.617795338401464, -5.751123624587037 ], [ 106.61778632648047, -5.751129440741374 ], [ 106.617786068917013, -5.751129580595236 ], [ 106.617777311180973, -5.751134061313882 ], [ 106.617768294398402, -5.751138157080139 ], [ 106.61776726403501, -5.751138676746153 ], [ 106.617759280350782, -5.751143220821233 ], [ 106.617754295330414, -5.751147756352859 ], [ 106.617750276895279, -5.751152033230951 ], [ 106.617746679075665, -5.751156820786886 ], [ 106.617741281273723, -5.751163618228889 ], [ 106.617739532167832, -5.751165883890432 ], [ 106.617732282176959, -5.751173973445055 ], [ 106.617731369019168, -5.751174949874655 ], [ 106.617723277488679, -5.751182349874369 ], [ 106.617721175602924, -5.751184021613941 ], [ 106.617714267903196, -5.751188993233838 ], [ 106.617707552510097, -5.751193103075027 ], [ 106.617705255381921, -5.751194597650937 ], [ 106.617696242228348, -5.751199978367566 ], [ 106.61769237917261, -5.751202188930248 ], [ 106.61768722844522, -5.751205136343117 ], [ 106.617678212045092, -5.75120936817864 ], [ 106.617674090205284, -5.751211283616726 ], [ 106.617669195526631, -5.751213558199423 ], [ 106.617660181025187, -5.75121846213362 ], [ 106.617656976348883, -5.751220374971858 ], [ 106.617651169015261, -5.751224247943542 ], [ 106.617643359163864, -5.751229456415175 ], [ 106.617642157981848, -5.751230379436004 ], [ 106.617633147884334, -5.751236842241136 ], [ 106.617630730416209, -5.751238535056538 ], [ 106.617624137353587, -5.75124315179568 ], [ 106.617617259901948, -5.75124761608372 ], [ 106.617615125590703, -5.751249025336067 ], [ 106.617606112502315, -5.751254429818224 ], [ 106.617601282315547, -5.751256704216951 ], [ 106.617597095488051, -5.751258444866761 ], [ 106.617588074746834, -5.75126114087811 ], [ 106.617579051617014, -5.751262991525796 ], [ 106.617570028940818, -5.751265002757444 ], [ 106.617567690633066, -5.751265842275992 ], [ 106.617561010521968, -5.751268520870549 ], [ 106.617551999445723, -5.751274637885464 ], [ 106.617551659572484, -5.751274930559759 ], [ 106.617542995673801, -5.751283340286683 ], [ 106.617542340915591, -5.751283999817681 ], [ 106.617533993829554, -5.751292725074924 ], [ 106.617533633653935, -5.751293067342606 ], [ 106.617524988021145, -5.751300706871943 ], [ 106.617523010231892, -5.751302140298572 ], [ 106.617515976744883, -5.751306753426985 ], [ 106.617507992833907, -5.751311225708484 ], [ 106.617506962601126, -5.751311785110278 ], [ 106.617497948557016, -5.751316852133125 ], [ 106.617492256220416, -5.751320313156617 ], [ 106.617488935963252, -5.751322432571722 ], [ 106.617479924749375, -5.751328501500462 ], [ 106.617478667510497, -5.751329394516651 ], [ 106.617470913516996, -5.751334563953516 ], [ 106.617465306916543, -5.751338475229936 ], [ 106.617461902103258, -5.751340562292156 ], [ 106.61745288912374, -5.751346006476857 ], [ 106.617449959316161, -5.751347561574716 ], [ 106.617443873721257, -5.751350593104704 ], [ 106.617434856320173, -5.751354472360742 ], [ 106.617429144536018, -5.75135666341447 ], [ 106.617425837733194, -5.751357931913232 ], [ 106.617416819643594, -5.751361567567084 ], [ 106.617407802809723, -5.751365647759605 ], [ 106.617407588181734, -5.751365767355408 ], [ 106.617398789820243, -5.751371088807818 ], [ 106.617394125036768, -5.751374848358213 ], [ 106.617389782892545, -5.751378675613908 ], [ 106.617384321479463, -5.751383918988966 ], [ 106.617380778952636, -5.751387320096245 ], [ 106.617373424890786, -5.751392992717445 ], [ 106.617371770338337, -5.751394310078315 ], [ 106.617362756993558, -5.75139962566399 ], [ 106.617357967601507, -5.751402079371418 ], [ 106.617353741984076, -5.751404352051629 ], [ 106.617344728733741, -5.751409701210727 ], [ 106.617342583253503, -5.751411165818384 ], [ 106.617335716950308, -5.751415569685179 ], [ 106.617327203402766, -5.751420252252323 ], [ 106.617326702520373, -5.751420501426898 ], [ 106.617317685967294, -5.751424681666482 ], [ 106.617308669127382, -5.751428760436569 ], [ 106.617307482868753, -5.751429350987705 ], [ 106.617299654204359, -5.751433517815298 ], [ 106.617290639041556, -5.751438190374093 ], [ 106.61729010866334, -5.751438443073032 ], [ 106.617281623138624, -5.751442600996546 ], [ 106.617272607995872, -5.751447280782485 ], [ 106.617272178787104, -5.751447536732749 ], [ 106.617263594816421, -5.751452655622657 ], [ 106.617256942228991, -5.751456622759274 ], [ 106.617254581581761, -5.751458010990424 ], [ 106.617245566772894, -5.751462809159281 ], [ 106.617239282498829, -5.751465715652668 ], [ 106.617236550047977, -5.751466929113739 ], [ 106.617227532655875, -5.751470812945938 ], [ 106.617218514621726, -5.75147446954445 ], [ 106.61721743218861, -5.751474820421423 ], [ 106.617209494003092, -5.751477211281835 ], [ 106.617200472728229, -5.751479720744791 ], [ 106.61719145299935, -5.751482777547545 ], [ 106.61718880088543, -5.751483944406006 ], [ 106.617182437132726, -5.751487201665211 ], [ 106.617173424829389, -5.751492887285734 ], [ 106.617173224601473, -5.751493031393658 ], [ 106.617164415070818, -5.751499473857653 ], [ 106.617160458838185, -5.751502110416498 ], [ 106.617155402354527, -5.751505013429849 ], [ 106.617146384887747, -5.751508871330024 ], [ 106.617140673515394, -5.751511209331206 ], [ 106.617137367167956, -5.751512639715467 ], [ 106.617128351890585, -5.751517272817026 ], [ 106.617122153467392, -5.751520304659908 ], [ 106.617119335387315, -5.751521471988442 ], [ 106.617110315487849, -5.751524468885653 ], [ 106.617101295774944, -5.751527531874308 ], [ 106.617096504783206, -5.751529420188824 ], [ 106.617092277566968, -5.751531127698722 ], [ 106.617083260768368, -5.751535222527978 ], [ 106.617076724503903, -5.751538519087558 ], [ 106.617074245480879, -5.751539852394144 ], [ 106.617065232868242, -5.751545429308842 ], [ 106.617061973431589, -5.751547603734656 ], [ 106.617056221637554, -5.751551495542833 ], [ 106.617047837816074, -5.751556686637511 ], [ 106.617047208975279, -5.751557055018666 ], [ 106.617038191745266, -5.751560997425059 ], [ 106.617029170828673, -5.751563634698592 ], [ 106.617020147962748, -5.75156558187143 ], [ 106.617019145436316, -5.751565810788509 ], [ 106.617011126794424, -5.7515681301072 ], [ 106.61700210698659, -5.751571160051201 ], [ 106.616993086619431, -5.751573992017161 ], [ 106.616990079846275, -5.75157493599583 ], [ 106.616984066252115, -5.751576823971215 ], [ 106.616975048356935, -5.751580531223035 ], [ 106.616967701836529, -5.751584042252513 ], [ 106.616966032201205, -5.751584854383057 ], [ 106.616957015674046, -5.751589046093867 ], [ 106.61694799730131, -5.751592584438053 ], [ 106.616946494127475, -5.751593145192473 ], [ 106.616938977576112, -5.751595643979024 ], [ 106.616929957070852, -5.751598427382841 ], [ 106.616920936876596, -5.751601320939708 ], [ 106.616918264477505, -5.751602268028194 ], [ 106.616911917882916, -5.751604639622066 ], [ 106.616902899384385, -5.751608133671118 ], [ 106.616894214574373, -5.751611379019831 ], [ 106.616893880517679, -5.751611497408553 ], [ 106.616884859422044, -5.751614072006438 ], [ 106.616875838091616, -5.751616563517461 ], [ 106.616867094431683, -5.751620498709795 ], [ 106.6168668212526, -5.751620645339346 ], [ 106.616857813194372, -5.751627836243826 ], [ 106.616856125278403, -5.751629572637452 ], [ 106.61684881242671, -5.751637608623763 ], [ 106.61684765787092, -5.751638639476691 ], [ 106.61683980475442, -5.751644936362306 ], [ 106.616835444045932, -5.751647716930713 ], [ 106.616830791322073, -5.751650224690152 ], [ 106.61682177381013, -5.751654068595815 ], [ 106.616814178734941, -5.751656820030178 ], [ 106.616812754545037, -5.751657291795519 ], [ 106.61680373307874, -5.751659735637999 ], [ 106.616794711529579, -5.751662150187031 ], [ 106.6167856894713, -5.751664384502993 ], [ 106.616776664467807, -5.751665575990882 ], [ 106.616767636121054, -5.751665583698215 ], [ 106.61676462784979, -5.751666003268767 ], [ 106.616758610877312, -5.751666690170929 ], [ 106.616757405182099, -5.751666023732071 ], [ 106.616754085872032, -5.751662858552076 ], [ 106.616753395115737, -5.751661513669106 ] ] ] } },
{ "type": "Feature", "properties": { "fid": 29.0, "ID": 28, "ELEV": -40.0 }, "geometry": { "type": "MultiLineString", "coordinates": [ [ [ 106.618887468834885, -5.751682591960235 ], [ 106.618885575167866, -5.75167807591288 ], [ 106.618889315619896, -5.751670529410505 ], [ 106.618898365216538, -5.751678039402118 ], [ 106.618902879360007, -5.75167802659566 ] ] ] } },
{ "type": "Feature", "properties": { "fid": 30.0, "ID": 29, "ELEV": -17.0 }, "geometry": { "type": "MultiLineString", "coordinates": [ [ [ 106.618206196768227, -5.750861625637342 ], [ 106.618205393156543, -5.750863436488104 ], [ 106.618203203681716, -5.750866155544975 ], [ 106.618200900669251, -5.750871110054381 ], [ 106.618196972628652, -5.75087521605455 ], [ 106.61819189981027, -5.75088083699034 ], [ 106.618188672964763, -5.750884282429303 ], [ 106.618182897043312, -5.75088988893698 ], [ 106.618178597856001, -5.750893353837955 ], [ 106.618173888836054, -5.750897016050459 ], [ 106.618166417209736, -5.750902431216346 ], [ 106.618164878941116, -5.750903546098066 ], [ 106.618155866355792, -5.750909124283026 ], [ 106.618151769327895, -5.750911515589886 ], [ 106.618146851469945, -5.750913888537946 ], [ 106.618137836969922, -5.750918789370873 ], [ 106.618134902656621, -5.750920606254008 ], [ 106.618128824543859, -5.750924424111057 ], [ 106.618121469339343, -5.750929687183428 ], [ 106.618119814978897, -5.750931071292603 ], [ 106.618110807036018, -5.750938292512214 ], [ 106.618110163466227, -5.750938762080884 ], [ 106.618101796418159, -5.750944567296145 ], [ 106.618096578741458, -5.750947843439215 ], [ 106.618092783282037, -5.750949951087562 ], [ 106.618083770188221, -5.750955349918641 ], [ 106.618081419418061, -5.750956929261605 ], [ 106.618074759518521, -5.750961606580961 ], [ 106.618068753056178, -5.750966008015787 ], [ 106.618065749824979, -5.750968208733185 ], [ 106.618056737356255, -5.750973828972009 ], [ 106.61805436504018, -5.750975091650926 ], [ 106.618047722996252, -5.750978780047658 ], [ 106.618038708049639, -5.75098352361373 ], [ 106.618037608908082, -5.750984181999709 ], [ 106.618029696459985, -5.750989455117235 ], [ 106.618024712797222, -5.750993261404633 ], [ 106.618020687281728, -5.75099623999014 ], [ 106.618012616603664, -5.751002338541548 ], [ 106.618011677921558, -5.751002960566537 ], [ 106.618002664484919, -5.751008238729123 ], [ 106.617996085244783, -5.751011428252256 ], [ 106.617993648399974, -5.751012579827584 ], [ 106.6179846317645, -5.751016726172556 ], [ 106.61797719410221, -5.751020524652679 ], [ 106.617975616677896, -5.751021420669904 ], [ 106.617966604667586, -5.751027203820445 ], [ 106.617963078627994, -5.751029607513618 ], [ 106.617957594330946, -5.751033579307281 ], [ 106.617949870166782, -5.751038687802966 ], [ 106.617948582857736, -5.751039552669133 ], [ 106.617939569584422, -5.751044889098328 ], [ 106.617934418664831, -5.75104777445106 ], [ 106.617930555803866, -5.751050046105807 ], [ 106.617921541741822, -5.751055103562431 ], [ 106.617918161075409, -5.751056863384081 ], [ 106.617912526784394, -5.751059844232021 ], [ 106.617903512326706, -5.751064761811463 ], [ 106.61790118579701, -5.751065954351363 ], [ 106.617894496438097, -5.75106917308605 ], [ 106.617885479077771, -5.751073063606734 ], [ 106.617880803331389, -5.75107505497727 ], [ 106.617876461831216, -5.751076994439974 ], [ 106.617867446416383, -5.75108157354759 ], [ 106.617862939541808, -5.751084148462551 ], [ 106.617858432736824, -5.751086766804341 ], [ 106.617849420515171, -5.751092476070011 ], [ 106.6178484195148, -5.751093232468426 ], [ 106.617840411685833, -5.751099385903444 ], [ 106.6178371211127, -5.751102307341345 ], [ 106.617831405685848, -5.751107297103386 ], [ 106.617826985120075, -5.751111378918933 ], [ 106.617822401237305, -5.751115757435509 ], [ 106.617817489941714, -5.751120448679849 ], [ 106.617813397578274, -5.751124497268634 ], [ 106.617807699959457, -5.751129519276397 ], [ 106.617804391370086, -5.751132335060522 ], [ 106.617795380731451, -5.751138597042675 ], [ 106.617795380708912, -5.751138597056652 ], [ 106.617786365392107, -5.751143211506483 ], [ 106.617777348212499, -5.751147166770045 ], [ 106.617776221138158, -5.751147694199449 ], [ 106.617768332088488, -5.751151495670669 ], [ 106.617761161192803, -5.751156779734442 ], [ 106.617759322936607, -5.751158292090871 ], [ 106.617752399391648, -5.751165847415846 ], [ 106.617750322029252, -5.751168006360105 ], [ 106.617744150669381, -5.751174913642771 ], [ 106.617741320809188, -5.751177610070158 ], [ 106.617734632040097, -5.751183983469426 ], [ 106.617732316088677, -5.751185975053121 ], [ 106.617723581337273, -5.751193057638917 ], [ 106.617723308369776, -5.751193278974998 ], [ 106.61771429878101, -5.751199921220286 ], [ 106.617710961196735, -5.751202136257094 ], [ 106.617705288793942, -5.75120642257443 ], [ 106.617698154895848, -5.751211215402793 ], [ 106.617696277494304, -5.751212459475848 ], [ 106.617687262742962, -5.751217274840924 ], [ 106.617680632817851, -5.751220307915684 ], [ 106.61767824604074, -5.751221399824439 ], [ 106.617669229948717, -5.751225740820606 ], [ 106.617663151381336, -5.751229400312987 ], [ 106.617660217632292, -5.751231418143869 ], [ 106.617651389789046, -5.751238476496698 ], [ 106.617651209659741, -5.751238632921988 ], [ 106.617642202001164, -5.751245958913812 ], [ 106.617640056883999, -5.751247551465135 ], [ 106.61763319138494, -5.751252238203964 ], [ 106.617626754989686, -5.751256632014597 ], [ 106.61762417990532, -5.751258211992178 ], [ 106.617615167222525, -5.751263760022835 ], [ 106.61761145521379, -5.751265718226863 ], [ 106.617606150670937, -5.75126793883862 ], [ 106.617597130005194, -5.751270661587541 ], [ 106.617588106951828, -5.751272539313112 ], [ 106.617579083852121, -5.751274400675708 ], [ 106.617577443594499, -5.751274857476894 ], [ 106.617570063142878, -5.751277108144134 ], [ 106.617561048995697, -5.751282138232977 ], [ 106.617558797042065, -5.751283953174363 ], [ 106.617552041634681, -5.751289570272416 ], [ 106.617548556544151, -5.751293025045282 ], [ 106.617543037790512, -5.751298247163965 ], [ 106.617539159520717, -5.751302094525366 ], [ 106.617534033846596, -5.751306888848757 ], [ 106.617528909107321, -5.751311166424205 ], [ 106.617525026474695, -5.751314317308866 ], [ 106.617516202958527, -5.7513202452834 ], [ 106.617516015257792, -5.751320384939366 ], [ 106.617507002911381, -5.751326052854107 ], [ 106.617501919253201, -5.751329328613752 ], [ 106.617497991593524, -5.751332084899397 ], [ 106.617488979336159, -5.751337784478325 ], [ 106.617487977933763, -5.751338410973442 ], [ 106.617479965012194, -5.751342752650919 ], [ 106.617471200861146, -5.751347501370281 ], [ 106.617470950415296, -5.751347624283574 ], [ 106.617461936048798, -5.751352577530745 ], [ 106.617454460450219, -5.751356591662864 ], [ 106.61745292127668, -5.75135738727159 ], [ 106.617443905261311, -5.751361757015374 ], [ 106.617434888037607, -5.751365689981682 ], [ 106.617434888011843, -5.751365689993056 ], [ 106.617425870071443, -5.751369378466633 ], [ 106.617416852668526, -5.751373257236464 ], [ 106.617413768369659, -5.751374792685246 ], [ 106.617407837816742, -5.751378039077879 ], [ 106.617399728765932, -5.751383875322018 ], [ 106.617398828011019, -5.751384607126808 ], [ 106.617389978872239, -5.751392945800792 ], [ 106.617389823656694, -5.75139310489084 ], [ 106.61738082048204, -5.75140201460306 ], [ 106.617380820465968, -5.751402014620842 ], [ 106.617371814830989, -5.75141005926073 ], [ 106.617370124932194, -5.751411087761804 ], [ 106.617362802206699, -5.751415629955806 ], [ 106.617353785793711, -5.751419859614836 ], [ 106.61735318479262, -5.75142017861842 ], [ 106.617344769238073, -5.751424038838287 ], [ 106.617335753857461, -5.751428634054385 ], [ 106.617334427987601, -5.751429274623284 ], [ 106.617326737514801, -5.751432888786486 ], [ 106.617317720719271, -5.751436983267906 ], [ 106.617314887146804, -5.751438372849705 ], [ 106.617308705347966, -5.751441581957594 ], [ 106.617299690625288, -5.751446410319532 ], [ 106.617297629982048, -5.7514474646036 ], [ 106.617290675149846, -5.751450972270929 ], [ 106.617281659313235, -5.751455406434537 ], [ 106.617279466481918, -5.751456558925692 ], [ 106.617272644626851, -5.751460247825865 ], [ 106.617263630795378, -5.75146539191683 ], [ 106.617263191100292, -5.751465647896457 ], [ 106.617254616871321, -5.751470503300845 ], [ 106.617246102060236, -5.751474739172778 ], [ 106.617245601108621, -5.751474963877349 ], [ 106.617236583224553, -5.751478673558358 ], [ 106.61722756476729, -5.751482180377351 ], [ 106.617222899630093, -5.751483847773668 ], [ 106.617218545307068, -5.751485332200584 ], [ 106.617209524694843, -5.751488076256841 ], [ 106.617200505133837, -5.751491192496258 ], [ 106.617196406350516, -5.751492965699716 ], [ 106.617191488680916, -5.75149540906113 ], [ 106.617182475926683, -5.751500935058121 ], [ 106.617180874045161, -5.751502052562978 ], [ 106.61717346554623, -5.751507301454629 ], [ 106.617167672411711, -5.751511132821198 ], [ 106.617164453427023, -5.751513052401481 ], [ 106.61715543734276, -5.751517399730325 ], [ 106.617148746873369, -5.75152022929974 ], [ 106.61714641978898, -5.751521226890849 ], [ 106.617137403447757, -5.75152548337525 ], [ 106.617129448124103, -5.751529326835418 ], [ 106.617128387209632, -5.751529776411632 ], [ 106.617119367386351, -5.751532800292147 ], [ 106.61711034659686, -5.751535482157441 ], [ 106.617101949266427, -5.751538447607657 ], [ 106.617101327251831, -5.751538675446316 ], [ 106.61709230978191, -5.751542532612029 ], [ 106.617083293579839, -5.751546838687382 ], [ 106.617082005825736, -5.751547546968992 ], [ 106.617074280413263, -5.751552219470459 ], [ 106.617067619744702, -5.751556630581995 ], [ 106.617065268905108, -5.751558187455072 ], [ 106.617056257226764, -5.751564095266311 ], [ 106.617053467322137, -5.751565713532647 ], [ 106.617047243228285, -5.751569181739646 ], [ 106.617038224836108, -5.751572712759316 ], [ 106.617030843973154, -5.751574820486645 ], [ 106.617029203781101, -5.751575301084431 ], [ 106.617020184435987, -5.751578494830076 ], [ 106.617011168793454, -5.751582999482819 ], [ 106.61700908795882, -5.75158392498226 ], [ 106.617002151755116, -5.751587010019577 ], [ 106.616993130820461, -5.751589641147862 ], [ 106.616984110705857, -5.751592562655925 ], [ 106.616983028630074, -5.751593041670952 ], [ 106.616975093789961, -5.751596616694295 ], [ 106.61696607703945, -5.751600729348598 ], [ 106.616962018278826, -5.751602144052284 ], [ 106.616957056901569, -5.751603642765167 ], [ 106.616948034486214, -5.751605749872785 ], [ 106.616939012341007, -5.751607952663485 ], [ 106.616929990981419, -5.75161043365394 ], [ 106.616927465453685, -5.751611284805397 ], [ 106.616920971733165, -5.751613662211072 ], [ 106.616911953322841, -5.751617187500754 ], [ 106.616903281270694, -5.751620396177956 ], [ 106.616902934366081, -5.751620519364375 ], [ 106.616893913584363, -5.751623205130239 ], [ 106.616884891978899, -5.751625599274603 ], [ 106.616875872926215, -5.751628897320932 ], [ 106.616874848745297, -5.75162951958692 ], [ 106.616866863854654, -5.751635729416604 ], [ 106.616864163428303, -5.751638592710523 ], [ 106.616857865515357, -5.751646361572497 ], [ 106.616856605207957, -5.75164765697382 ], [ 106.61684886013478, -5.751654500724577 ], [ 106.616845625489958, -5.751656730931392 ], [ 106.616839847785741, -5.751660172623682 ], [ 106.616830831599287, -5.751664485860575 ], [ 106.616827722147477, -5.75166582450575 ], [ 106.616821813798481, -5.751668227555805 ], [ 106.616812796443682, -5.751672127224229 ], [ 106.616807332584997, -5.751674925123891 ], [ 106.616803781538948, -5.751676894461166 ], [ 106.616794767739549, -5.75168205314376 ], [ 106.616790953566181, -5.751684014378555 ], [ 106.616785752045459, -5.751686541016392 ], [ 106.616776734021016, -5.751690203805837 ], [ 106.616768244984783, -5.751693121566041 ], [ 106.61676771436953, -5.75169329053311 ], [ 106.616758691828664, -5.751695354214303 ], [ 106.616749668539811, -5.751697153072547 ], [ 106.616740651539544, -5.75170117870417 ], [ 106.616738648213328, -5.751702248268375 ], [ 106.616731633695537, -5.751704905630284 ], [ 106.616722611995698, -5.751707267277101 ], [ 106.616713586677974, -5.751708347869516 ], [ 106.616704555948544, -5.751707512210894 ], [ 106.616699124360224, -5.751702360245362 ], [ 106.616699111591586, -5.751697838857154 ] ] ] } },
{ "type": "Feature", "properties": { "fid": 31.0, "ID": 30, "ELEV": -40.0 }, "geometry": { "type": "MultiLineString", "coordinates": [ [ [ 106.618842478326869, -5.751764105147922 ], [ 106.618840747429715, -5.751759588638643 ], [ 106.618835764244963, -5.751750559936055 ], [ 106.618835363253126, -5.751747547177142 ], [ 106.618834142417526, -5.751741521697629 ], [ 106.618835335975746, -5.751737901037918 ], [ 106.618839834627039, -5.75173246271016 ], [ 106.618844344127112, -5.75173075445222 ], [ 106.618853366680113, -5.751728700775226 ], [ 106.618862382250398, -5.751724177867757 ], [ 106.618863074307825, -5.75172335394219 ], [ 106.61887138460898, -5.751714983028223 ], [ 106.618871775111359, -5.751714286419443 ], [ 106.618880396125121, -5.751709026619885 ], [ 106.618884910268875, -5.7517090138135 ] ] ] } },
{ "type": "Feature", "properties": { "fid": 32.0, "ID": 31, "ELEV": -18.0 }, "geometry": { "type": "MultiLineString", "coordinates": [ [ [ 106.618214434833462, -5.750868152000395 ], [ 106.61821154693942, -5.750870653310075 ], [ 106.618210563154761, -5.750875177520641 ], [ 106.618209943714376, -5.750876309623294 ], [ 106.618203850154373, -5.750884239396777 ], [ 106.618200948448489, -5.75088801547813 ], [ 106.61819644923419, -5.750893303223386 ], [ 106.618191947208075, -5.750897607516023 ], [ 106.618186472871571, -5.750902374352204 ], [ 106.618182940345122, -5.750905210261411 ], [ 106.618175168806999, -5.750911449245394 ], [ 106.618173932522993, -5.750912473714049 ], [ 106.618164921969765, -5.750918770903436 ], [ 106.61816143208992, -5.750920531035757 ], [ 106.618155904944189, -5.750922778062549 ], [ 106.618146886836897, -5.750926402525018 ], [ 106.618140645579743, -5.750929632813994 ], [ 106.618137872082343, -5.750931213355664 ], [ 106.618128863698502, -5.750938278440671 ], [ 106.618128353869821, -5.750938710506841 ], [ 106.618119859454865, -5.750946808564997 ], [ 106.618118658430163, -5.750947780838493 ], [ 106.618110849734563, -5.75095340092692 ], [ 106.618104668662937, -5.750956863345428 ], [ 106.61810183515054, -5.750958272388676 ], [ 106.618092820070927, -5.750962968562743 ], [ 106.618087999401283, -5.750965953449026 ], [ 106.618083808432374, -5.75096888238448 ], [ 106.618075757906865, -5.750975030998807 ], [ 106.618074799630548, -5.750975800046418 ], [ 106.618065789467494, -5.750982236130048 ], [ 106.618062622653881, -5.750984111082377 ], [ 106.618056776683261, -5.750987744788032 ], [ 106.618047763310699, -5.750993045336376 ], [ 106.618047505780154, -5.75099319678392 ], [ 106.618038750972346, -5.750998711910199 ], [ 106.618033243726913, -5.75100228006168 ], [ 106.618029738795627, -5.751004435748015 ], [ 106.618020726521735, -5.751010125275044 ], [ 106.618018748184781, -5.751011364001169 ], [ 106.618011713083845, -5.751015402987705 ], [ 106.618002697672893, -5.751019982580298 ], [ 106.618001667174454, -5.751020455270399 ], [ 106.6179936812824, -5.751024215612991 ], [ 106.617984665576373, -5.751028690913489 ], [ 106.617983198280996, -5.751029550473968 ], [ 106.617975653443594, -5.751034430712716 ], [ 106.617969834506908, -5.751038631204007 ], [ 106.617966643669675, -5.751041005303886 ], [ 106.617957634278142, -5.751047708635195 ], [ 106.617957634259369, -5.751047708649598 ], [ 106.617948623991595, -5.751054108640882 ], [ 106.617944464619441, -5.751056788814545 ], [ 106.61793961300765, -5.751060255280565 ], [ 106.617930599201273, -5.751065403222111 ], [ 106.617929697677681, -5.751065873521947 ], [ 106.617921583369636, -5.751069834539522 ], [ 106.617912567516939, -5.751074258466623 ], [ 106.61791115886443, -5.751074968922114 ], [ 106.617903551529082, -5.751078634625157 ], [ 106.617894535070278, -5.751082844180674 ], [ 106.617891830006712, -5.751084066561543 ], [ 106.617885518605334, -5.751087051626728 ], [ 106.617876503721519, -5.751091818662692 ], [ 106.617874045228092, -5.75109315982321 ], [ 106.617867489100817, -5.751096678867357 ], [ 106.617858475223073, -5.751101802066163 ], [ 106.617857763706354, -5.751102248822964 ], [ 106.617849462622175, -5.751107377185146 ], [ 106.617844287294389, -5.751111329870376 ], [ 106.61784045384519, -5.75111430561276 ], [ 106.617833616202475, -5.751120402965013 ], [ 106.617831448367184, -5.751122401594539 ], [ 106.617824546601994, -5.75112947151962 ], [ 106.617822446394513, -5.751131738176604 ], [ 106.617815571222636, -5.751138539807062 ], [ 106.617813442905742, -5.751140538324528 ], [ 106.617804433720167, -5.751147322512671 ], [ 106.617803946519061, -5.751147615604703 ], [ 106.617795419412758, -5.751152294185173 ], [ 106.617786402089763, -5.751156198716251 ], [ 106.617785199735209, -5.751156711591595 ], [ 106.617777384736286, -5.751160092515132 ], [ 106.617768370941093, -5.7511652456469 ], [ 106.617767703737584, -5.751165804032399 ], [ 106.617759364508657, -5.751173004541863 ], [ 106.617757564134948, -5.751174875619586 ], [ 106.617750360753249, -5.751181710936935 ], [ 106.617748005802511, -5.751183945558952 ], [ 106.617741354692356, -5.751189601501864 ], [ 106.617737336308508, -5.751193018648037 ], [ 106.617732347674746, -5.751197153581281 ], [ 106.617726199425931, -5.751202093061907 ], [ 106.61772334029807, -5.751204578662739 ], [ 106.617715383858695, -5.751211166564835 ], [ 106.617714333156187, -5.751212086928517 ], [ 106.617705324281346, -5.751218981971414 ], [ 106.617703406916036, -5.751220243359737 ], [ 106.617696311665284, -5.751224553032595 ], [ 106.617687296146897, -5.751229096988005 ], [ 106.617686795228536, -5.751229333292232 ], [ 106.617678280108194, -5.751233456853988 ], [ 106.617669881368613, -5.751238424080925 ], [ 106.617669266917602, -5.751238824780623 ], [ 106.617660258866579, -5.751246011763646 ], [ 106.617658559600741, -5.751247499018078 ], [ 106.617651251671944, -5.75125350193025 ], [ 106.617647122364303, -5.751256574282406 ], [ 106.617642240774643, -5.751259681726119 ], [ 106.617633227916741, -5.751265167699169 ], [ 106.617632460917477, -5.751265658685762 ], [ 106.617624214248423, -5.751270366912276 ], [ 106.617616019046409, -5.751274748135513 ], [ 106.617615199351121, -5.751275131218716 ], [ 106.617606180208796, -5.751278393158081 ], [ 106.617597158735578, -5.751280830164497 ], [ 106.617588136352481, -5.751282945176849 ], [ 106.617584606144661, -5.751283880019973 ], [ 106.617579115448038, -5.751285583573511 ], [ 106.617570098816643, -5.751289734401351 ], [ 106.617565201253939, -5.751292977867183 ], [ 106.617561087319174, -5.75129570237399 ], [ 106.61755320544853, -5.75130205471351 ], [ 106.617552079301049, -5.751302901900674 ], [ 106.617543073487695, -5.751310881869911 ], [ 106.617542812482938, -5.751311127016592 ], [ 106.617534068714463, -5.751319230075867 ], [ 106.61753288740428, -5.751320197993398 ], [ 106.617525063065116, -5.751327268276514 ], [ 106.617522413330065, -5.751329270526178 ], [ 106.617516056549107, -5.751334999827104 ], [ 106.617511852768374, -5.751338343303994 ], [ 106.617507048066443, -5.751342035363338 ], [ 106.617498285725375, -5.751347424603112 ], [ 106.617498035294119, -5.751347552679682 ], [ 106.617489018355826, -5.751351595510405 ], [ 106.617480001106401, -5.751355528276711 ], [ 106.617477940301654, -5.751356525114113 ], [ 106.617470984694165, -5.75135975742276 ], [ 106.617461968946927, -5.751364222011698 ], [ 106.617459194932295, -5.751365621089557 ], [ 106.617452953432334, -5.751368768998034 ], [ 106.617443937057743, -5.751373011649237 ], [ 106.617440072595372, -5.751374718132974 ], [ 106.617434920109829, -5.751377051421573 ], [ 106.617425903086314, -5.751381064494077 ], [ 106.617420142734943, -5.751383817464617 ], [ 106.617416887412787, -5.751385555463152 ], [ 106.617407875856529, -5.751391503864157 ], [ 106.617406176331784, -5.751392899894112 ], [ 106.617398870769975, -5.751399742403945 ], [ 106.6173966978116, -5.75140196960388 ], [ 106.617389870795705, -5.75140979062978 ], [ 106.617388745769787, -5.751411034987257 ], [ 106.617381029954089, -5.751420099701083 ], [ 106.617380872060266, -5.751420277463265 ], [ 106.617371864960177, -5.751427803567271 ], [ 106.617369090886001, -5.751429176384246 ], [ 106.617362847600802, -5.751431698257091 ], [ 106.617353826778213, -5.751434367110675 ], [ 106.617344807238652, -5.75143749016268 ], [ 106.617343003846159, -5.751438293164423 ], [ 106.617335790088148, -5.751441458941322 ], [ 106.61732677364536, -5.751445678291529 ], [ 106.617323326469446, -5.751447391778138 ], [ 106.617317758174892, -5.75145024187943 ], [ 106.617308742610362, -5.75145477223899 ], [ 106.617305394065269, -5.751456485445995 ], [ 106.617299727397466, -5.751459427130097 ], [ 106.617290712255183, -5.751464107080325 ], [ 106.61728779545507, -5.751465578167458 ], [ 106.61728169713588, -5.751468795222144 ], [ 106.61727268197015, -5.751473466996867 ], [ 106.617270489281609, -5.751474670059765 ], [ 106.617263666596969, -5.751478065399508 ], [ 106.617254650110425, -5.751482269738645 ], [ 106.61725120232478, -5.751483767565191 ], [ 106.617245632333834, -5.751486017459665 ], [ 106.617236613586812, -5.751489421714509 ], [ 106.617227594397463, -5.751492669429431 ], [ 106.617226993087129, -5.7514928790196 ], [ 106.617218575208028, -5.751495917164315 ], [ 106.617209556741159, -5.751499420736952 ], [ 106.617203889012714, -5.751501987341266 ], [ 106.617200540537667, -5.751503725602917 ], [ 106.617191527101085, -5.751509010032576 ], [ 106.617188383512627, -5.751511074128802 ], [ 106.617182515132725, -5.751514814291624 ], [ 106.617174322638064, -5.751520156822187 ], [ 106.617173503228827, -5.75152064144048 ], [ 106.617164488559951, -5.751525489833715 ], [ 106.617156267457545, -5.751529250834553 ], [ 106.617155471889987, -5.751529629882319 ], [ 106.617146454950202, -5.751533674467145 ], [ 106.617137438081272, -5.751537744193164 ], [ 106.617135827606603, -5.75153835160419 ], [ 106.617128418569735, -5.751540878444267 ], [ 106.617119397794852, -5.751543565498025 ], [ 106.61711037764556, -5.751546474061099 ], [ 106.617107759322806, -5.751547473990442 ], [ 106.617101359550119, -5.751550109783091 ], [ 106.617092343538005, -5.751554483109499 ], [ 106.617088413988213, -5.751556571657172 ], [ 106.617083329627008, -5.751559600338491 ], [ 106.6170743176109, -5.751565388477376 ], [ 106.617073907976291, -5.751565655610218 ], [ 106.617065305394235, -5.75157110569073 ], [ 106.617059436712154, -5.751574739464554 ], [ 106.61705629287033, -5.751576714203041 ], [ 106.617047277317823, -5.751581250564557 ], [ 106.617039700832564, -5.751583838236774 ], [ 106.617038257599376, -5.751584312095175 ], [ 106.617029237643195, -5.751587289513104 ], [ 106.617020222558068, -5.751591991507651 ], [ 106.617018645280524, -5.751592940747938 ], [ 106.617011210102504, -5.751597624537943 ], [ 106.617002194209164, -5.75160203021128 ], [ 106.617002194180074, -5.751602030226437 ], [ 106.616993174252812, -5.75160501809096 ], [ 106.616984155515169, -5.75160842718067 ], [ 106.616978023889757, -5.751611141547292 ], [ 106.616975138030924, -5.751612280080484 ], [ 106.61696611781187, -5.751615164774601 ], [ 106.616957094303473, -5.751616884928513 ], [ 106.616948070459131, -5.751618486177778 ], [ 106.616940175764299, -5.751620291638685 ], [ 106.616939047930288, -5.751620553207105 ], [ 106.61693002805454, -5.751623559617698 ], [ 106.616921009289612, -5.751626959368703 ], [ 106.61691451576776, -5.75162940719349 ], [ 106.616911990485292, -5.751630345225691 ], [ 106.616902969273497, -5.751632878740378 ], [ 106.616893946724332, -5.751634938778501 ], [ 106.616884925749531, -5.751637556278185 ], [ 106.616883027814453, -5.751638539260362 ], [ 106.616875914145993, -5.751643491873081 ], [ 106.616872100207019, -5.75164761307063 ], [ 106.616866917653596, -5.751654777911863 ], [ 106.616865389891686, -5.751656674931588 ], [ 106.616857916313776, -5.751664347750298 ], [ 106.616855856636676, -5.75166574479097 ], [ 106.616848902721486, -5.751669579444241 ], [ 106.616839885489028, -5.751673522329416 ], [ 106.616836664794519, -5.751674842016442 ], [ 106.616830867368975, -5.751677150996251 ], [ 106.616821850250091, -5.751681134200447 ], [ 106.616816591634915, -5.751683941738485 ], [ 106.616812836225492, -5.751686213083594 ], [ 106.616803824103684, -5.751691965767345 ], [ 106.616802071591707, -5.751693025726427 ], [ 106.616794810732159, -5.751697276025517 ], [ 106.616785794831429, -5.751701690799013 ], [ 106.616784792863214, -5.751702117530218 ], [ 106.6167767774607, -5.751705585135868 ], [ 106.616767762082119, -5.751710184919202 ], [ 106.616766123478925, -5.751711213273693 ], [ 106.616758750748318, -5.751716216967185 ], [ 106.616752920395925, -5.751720293529522 ], [ 106.616749739293695, -5.751722206307821 ], [ 106.616740723146052, -5.751726533967308 ], [ 106.616734953053111, -5.751729387283238 ], [ 106.616731707116827, -5.751730903621015 ], [ 106.616722689460047, -5.751734697020259 ], [ 106.61671367184826, -5.751738490425246 ], [ 106.616713671803154, -5.751738490443464 ], [ 106.616704654358855, -5.751742359189254 ], [ 106.616696016933062, -5.751747583292902 ], [ 106.616695641399843, -5.751747816230417 ], [ 106.616686630323144, -5.751753939868995 ], [ 106.6166835128017, -5.75175666156743 ], [ 106.616677623690506, -5.751761637244313 ], [ 106.616672773857488, -5.751765734840844 ], [ 106.616668616211371, -5.751769034952301 ], [ 106.616661340359641, -5.751774810081876 ], [ 106.616659608032862, -5.751776185097733 ], [ 106.616650598337486, -5.751782798197068 ], [ 106.616648795719271, -5.751783888470719 ], [ 106.616641585360966, -5.751788249495968 ], [ 106.616635421378092, -5.751792969209975 ], [ 106.616632575813199, -5.751794915016145 ], [ 106.616623563322491, -5.751800538487877 ], [ 106.616620988029467, -5.751802052949231 ], [ 106.616614548085167, -5.7518051894196 ], [ 106.616605531196626, -5.751809255687818 ], [ 106.616602312159117, -5.751811148707317 ], [ 106.616596519161277, -5.751815040613896 ], [ 106.616587499069851, -5.751817972809493 ], [ 106.616578467348532, -5.751816786657568 ], [ 106.616573953198767, -5.751816799445952 ] ] ] } },
{ "type": "Feature", "properties": { "fid": 33.0, "ID": 32, "ELEV": -20.0 }, "geometry": { "type": "MultiLineString", "coordinates": [ [ [ 106.618241567348463, -5.750884946314599 ], [ 106.618237058576923, -5.750886858099435 ], [ 106.618232215079573, -5.750893201813689 ], [ 106.618228058951033, -5.750897021108949 ], [ 106.618222452375761, -5.750902272337167 ], [ 106.618219054597674, -5.750905511562154 ], [ 106.618212155757135, -5.750911344374417 ], [ 106.618210046824089, -5.750912791973478 ], [ 106.618201034552555, -5.750918480999399 ], [ 106.618198331552591, -5.750920426413566 ], [ 106.618192025304154, -5.75092523974712 ], [ 106.618187039515249, -5.750929501272931 ], [ 106.618183019013301, -5.750933045036144 ], [ 106.618175032237019, -5.750938578160114 ], [ 106.618174008215945, -5.750939255892179 ], [ 106.618164991364253, -5.75094332463838 ], [ 106.618155973429253, -5.750947010134091 ], [ 106.618154817852627, -5.750947678316816 ], [ 106.618146963424508, -5.750953501650356 ], [ 106.618143609101963, -5.75095675293951 ], [ 106.618137958407615, -5.750961758111284 ], [ 106.618133455741869, -5.750965824569763 ], [ 106.618128950943643, -5.750969148803881 ], [ 106.618119938507178, -5.750974780139336 ], [ 106.618119688071275, -5.750974906447414 ], [ 106.618110922835797, -5.750979266915992 ], [ 106.618102359284251, -5.750983998421432 ], [ 106.618101908683926, -5.750984291409867 ], [ 106.618092900804413, -5.750991535390454 ], [ 106.618091134879066, -5.750993073087899 ], [ 106.618083895238541, -5.750999598115837 ], [ 106.618080692365552, -5.751002145537423 ], [ 106.618074887607094, -5.75100693004461 ], [ 106.618069905308602, -5.751011218963688 ], [ 106.618065882588482, -5.751015186599139 ], [ 106.618060597758074, -5.751020288195194 ], [ 106.618056878020965, -5.75102360286335 ], [ 106.618047864994068, -5.751029025890912 ], [ 106.61804691559405, -5.751029369829331 ], [ 106.618038844260354, -5.751031721931462 ], [ 106.61802982355097, -5.751034426628207 ], [ 106.618020804383292, -5.751037676901549 ], [ 106.618018872048964, -5.751038492179478 ], [ 106.618011786658741, -5.751041437890759 ], [ 106.618002769943757, -5.751045556161889 ], [ 106.617999013877224, -5.751047591322397 ], [ 106.617993756328076, -5.751050771217317 ], [ 106.617984970369889, -5.751056673979931 ], [ 106.617984745098084, -5.751056830533266 ], [ 106.617975735321835, -5.751063404344323 ], [ 106.617972797927564, -5.751065751332701 ], [ 106.617966729182342, -5.751071265156149 ], [ 106.617963198689225, -5.751074821390222 ], [ 106.617957728143509, -5.75108093099109 ], [ 106.617954433453676, -5.751083889083251 ], [ 106.617948720274768, -5.751088180073756 ], [ 106.617939702953336, -5.751092084233755 ], [ 106.617936996990849, -5.751092981359123 ], [ 106.617930682688694, -5.751094946942097 ], [ 106.617921663055597, -5.75109803317132 ], [ 106.617912644625548, -5.751101545178686 ], [ 106.617911400869389, -5.751102096766882 ], [ 106.617903627720295, -5.751105596822127 ], [ 106.617894612065697, -5.751110091104241 ], [ 106.617892490864293, -5.751111193219153 ], [ 106.61788559665095, -5.751114670323043 ], [ 106.617876581188497, -5.751119232721509 ], [ 106.617874632096346, -5.751120286690816 ], [ 106.617867567269059, -5.751124341221605 ], [ 106.617859654132332, -5.751129371995374 ], [ 106.617858555267986, -5.751130128671253 ], [ 106.617849545297886, -5.751136634916127 ], [ 106.617847426092666, -5.751138449504039 ], [ 106.617840540244558, -5.751144881221635 ], [ 106.617838057119229, -5.751147518907555 ], [ 106.617831539269005, -5.751154570697021 ], [ 106.617829610306444, -5.751156585696826 ], [ 106.617822535720052, -5.751163349574345 ], [ 106.61781939282541, -5.751165657505572 ], [ 106.617813524773197, -5.751169510508759 ], [ 106.617804509719974, -5.751174218305892 ], [ 106.617803221420104, -5.751174746192402 ], [ 106.617795491678123, -5.751177868510373 ], [ 106.617786474548979, -5.751181841771159 ], [ 106.617782718396413, -5.751183847158038 ], [ 106.61777746041858, -5.751186876335402 ], [ 106.617769409611455, -5.751192927729339 ], [ 106.617768451229523, -5.751193659697861 ], [ 106.617759442951936, -5.751200765708925 ], [ 106.617757853207593, -5.751202003332923 ], [ 106.61775043393358, -5.75120760964918 ], [ 106.617746014735289, -5.751211079735954 ], [ 106.61774142603231, -5.751214849010566 ], [ 106.61773552589915, -5.751220152313033 ], [ 106.617732420547142, -5.751222943533486 ], [ 106.617725310651025, -5.751229224114472 ], [ 106.617723414210047, -5.751230736638993 ], [ 106.617714404191688, -5.751237227010526 ], [ 106.617712640814659, -5.751238302873762 ], [ 106.617705390899118, -5.751242558685775 ], [ 106.617696375558907, -5.75124716574865 ], [ 106.617695935783289, -5.751247393071222 ], [ 106.617687361378088, -5.751252183194012 ], [ 106.617680504122447, -5.751256479658821 ], [ 106.617678349310438, -5.751257948587441 ], [ 106.617669339957928, -5.751264674987039 ], [ 106.617668193390855, -5.75126555739955 ], [ 106.617660329879413, -5.751271144520314 ], [ 106.617654922748613, -5.75127463786107 ], [ 106.617651318233825, -5.751277059512812 ], [ 106.61764230480334, -5.751282342867594 ], [ 106.617639666251975, -5.751283723951422 ], [ 106.617633290147452, -5.751287192593893 ], [ 106.617624273403294, -5.751291303294033 ], [ 106.617620447495227, -5.751292821272661 ], [ 106.617615255847653, -5.751295126848993 ], [ 106.617606237897391, -5.751298810788303 ], [ 106.617598674506866, -5.751301925833388 ], [ 106.617597220347307, -5.751302636417352 ], [ 106.617588204835215, -5.751307183405562 ], [ 106.617580828819371, -5.751311019261669 ], [ 106.617579189760107, -5.751311885124347 ], [ 106.617570174911279, -5.751316666983919 ], [ 106.617563914955724, -5.751320110048342 ], [ 106.617561160693029, -5.751321672099616 ], [ 106.617552151598176, -5.751328490642665 ], [ 106.61755141354962, -5.751329188327885 ], [ 106.617543148352425, -5.751337379492318 ], [ 106.617542342328804, -5.751338256884698 ], [ 106.617534147274924, -5.751347035877501 ], [ 106.617533870286024, -5.751347323743131 ], [ 106.617525143468313, -5.751355726417132 ], [ 106.617524339261266, -5.751356393603082 ], [ 106.617516133552215, -5.75136225464328 ], [ 106.617510123734945, -5.751365476740599 ], [ 106.617507118527172, -5.751366974664478 ], [ 106.617498100629959, -5.751370678152772 ], [ 106.617489083315917, -5.751374579221997 ], [ 106.617489083290863, -5.75137457923428 ], [ 106.617480067951391, -5.751379188135847 ], [ 106.617471746759108, -5.751383671204905 ], [ 106.617471053326298, -5.751384049963517 ], [ 106.617462037437463, -5.751388464542084 ], [ 106.617453020886785, -5.751392644921697 ], [ 106.617452747641195, -5.75139276789961 ], [ 106.617444004457496, -5.751396868330308 ], [ 106.61743498946106, -5.751401598959442 ], [ 106.617434538776365, -5.751401862354066 ], [ 106.617425977827182, -5.75140751986559 ], [ 106.617421569363103, -5.75141094195826 ], [ 106.617416970318359, -5.751414900963778 ], [ 106.617411801810206, -5.751420012487479 ], [ 106.617407967514737, -5.751423947609758 ], [ 106.617403467845591, -5.751429078953516 ], [ 106.617398967878501, -5.751434115507034 ], [ 106.617395306712524, -5.751438144929661 ], [ 106.617389964698972, -5.751443029302838 ], [ 106.617384088477849, -5.751447219570179 ], [ 106.617380953956825, -5.751449266279106 ], [ 106.617371937962702, -5.75145364429297 ], [ 106.617364589055157, -5.751456317680864 ], [ 106.617362919226252, -5.751457051665319 ], [ 106.617353901446208, -5.751460797623809 ], [ 106.617344884895545, -5.751464978804818 ], [ 106.617343952152154, -5.751465419014819 ], [ 106.617335868059627, -5.751469059069856 ], [ 106.617326850521138, -5.751472890703518 ], [ 106.617323243768794, -5.751474520550789 ], [ 106.617317833990626, -5.751477079189813 ], [ 106.617308819940504, -5.751482145748139 ], [ 106.617306509113277, -5.751483610824365 ], [ 106.617299807718652, -5.75148785954257 ], [ 106.617290792631337, -5.751492559088068 ], [ 106.617290445774742, -5.751492699195048 ], [ 106.61728177385649, -5.751495953356054 ], [ 106.61727275371193, -5.751498862810576 ], [ 106.617263733734973, -5.751501817744016 ], [ 106.617263733695751, -5.75150181775804 ], [ 106.617254715400122, -5.751505381810344 ], [ 106.617245696008922, -5.751508558089701 ], [ 106.617238555233101, -5.751510931945972 ], [ 106.617236676164808, -5.751511574082471 ], [ 106.617227657427335, -5.751514981872781 ], [ 106.617218641528012, -5.751519394415666 ], [ 106.617217514806555, -5.751520034420012 ], [ 106.617209628379044, -5.751524780649271 ], [ 106.617202232745385, -5.751529120574783 ], [ 106.617200614916769, -5.751530056036366 ], [ 106.617191600091346, -5.75153484893106 ], [ 106.617185194707062, -5.75153821170552 ], [ 106.617182585319114, -5.751539660720347 ], [ 106.617173572945376, -5.751545321657161 ], [ 106.617170354116965, -5.751547296608626 ], [ 106.617164560816335, -5.751551069294027 ], [ 106.617155545578669, -5.75155571651402 ], [ 106.617153666589431, -5.751556386745406 ], [ 106.617146525635079, -5.751558697842663 ], [ 106.617137503642894, -5.751560953983728 ], [ 106.617128482407878, -5.751563478217359 ], [ 106.617122348879477, -5.751565518340901 ], [ 106.6171194628335, -5.751566590382197 ], [ 106.617110446403615, -5.751570815807819 ], [ 106.617103804654107, -5.751574613738073 ], [ 106.617101432776153, -5.751576033406782 ], [ 106.617092420447065, -5.751581710729109 ], [ 106.61708918511772, -5.751583698013262 ], [ 106.617083407565133, -5.751587192405472 ], [ 106.617074395012594, -5.751592782771549 ], [ 106.61707439499007, -5.751592782786434 ], [ 106.617065383999218, -5.751598934098695 ], [ 106.617060081459755, -5.751601866179172 ], [ 106.617056369362871, -5.751603794869911 ], [ 106.617047348786826, -5.751606552869577 ], [ 106.617038326158578, -5.751608584364452 ], [ 106.6170324178116, -5.75161098741628 ], [ 106.6170293085342, -5.751612387440288 ], [ 106.617020298315694, -5.751618812516581 ], [ 106.617018676756516, -5.751620069200905 ], [ 106.617011289187857, -5.751625623814582 ], [ 106.617004592367877, -5.751629151958196 ], [ 106.617002273829655, -5.75163022939304 ], [ 106.616993253124946, -5.751632942149808 ], [ 106.616984231243165, -5.751635238218435 ], [ 106.616975208875601, -5.751637362334836 ], [ 106.616970396363769, -5.751638291703072 ], [ 106.616966185489005, -5.751639125707806 ], [ 106.616957162023553, -5.75164086118951 ], [ 106.616948140411694, -5.751643252972377 ], [ 106.616939121601803, -5.751646636839677 ], [ 106.616937318175175, -5.75164742827886 ], [ 106.616930104814969, -5.751650737023811 ], [ 106.616921086763156, -5.751654389392328 ], [ 106.616913870170734, -5.751656537566269 ], [ 106.616912065936674, -5.751657059423944 ], [ 106.616903042662031, -5.751658862700284 ], [ 106.61689402303702, -5.751661958207932 ], [ 106.61688951929716, -5.751665649411139 ], [ 106.61688501875183, -5.751670485023014 ], [ 106.616881972707361, -5.751674713641799 ], [ 106.616876023317303, -5.751682145631497 ], [ 106.616874222255277, -5.75168377845005 ], [ 106.616867012943516, -5.751688516888978 ], [ 106.616857995442999, -5.751692364884049 ], [ 106.616856659308183, -5.751692871060934 ], [ 106.61684897661226, -5.751695741941578 ], [ 106.616839959423757, -5.751699700514029 ], [ 106.616835702451667, -5.75170197328759 ], [ 106.616830945214403, -5.751704713977729 ], [ 106.616821933106905, -5.751710471726951 ], [ 106.616821031907747, -5.751711057702476 ], [ 106.616812920602555, -5.751716089027911 ], [ 106.616805855757889, -5.751720143549649 ], [ 106.616803906661005, -5.751721197516405 ], [ 106.616794891654948, -5.751725929156482 ], [ 106.616788710122094, -5.751729234976667 ], [ 106.616785877175687, -5.751730847386254 ], [ 106.616776864258838, -5.751736318902577 ], [ 106.616773609676756, -5.75173832060876 ], [ 106.616767852077558, -5.751742050944725 ], [ 106.616760026747841, -5.751747401941092 ], [ 106.61675884133318, -5.751748291842819 ], [ 106.616749830561773, -5.751754523249558 ], [ 106.616746289227791, -5.75175648371121 ], [ 106.61674081566585, -5.751759294286425 ], [ 106.616731798291852, -5.751763187923476 ], [ 106.616726596396717, -5.751765582353696 ], [ 106.616722782116582, -5.751767506079498 ], [ 106.616713768946582, -5.751772888431324 ], [ 106.616711194433179, -5.751774668838927 ], [ 106.616704758685145, -5.751779300772953 ], [ 106.616698914988476, -5.751783746477306 ], [ 106.616695749958481, -5.751786256645308 ], [ 106.616687690500171, -5.751792821126688 ], [ 106.616686742262019, -5.751793577398891 ], [ 106.616677734818808, -5.751800987910175 ], [ 106.616676662591601, -5.751801895219012 ], [ 106.616668726901509, -5.751808230640118 ], [ 106.616665123291241, -5.751810970760046 ], [ 106.616659717064266, -5.751814793590185 ], [ 106.616652283496677, -5.751820049985363 ], [ 106.616650706741794, -5.751821184804709 ], [ 106.616641697139158, -5.751827830990773 ], [ 106.616639895127406, -5.751829127931582 ], [ 106.61663269064735, -5.751835578822991 ], [ 106.616629763843378, -5.751838199483185 ], [ 106.616623686141438, -5.751844029970549 ], [ 106.616620222842045, -5.751847269362397 ], [ 106.616614686732092, -5.751854285967239 ], [ 106.616610176473344, -5.751855676689976 ] ] ] } },
{ "type": "Feature", "properties": { "fid": 34.0, "ID": 33, "ELEV": -19.0 }, "geometry": { "type": "MultiLineString", "coordinates": [ [ [ 106.618232517472094, -5.750877329844306 ], [ 106.618228007835526, -5.750878935566141 ], [ 106.618220666261436, -5.75088419171689 ], [ 106.618219000439808, -5.75088634950565 ], [ 106.618213123897092, -5.750893255944691 ], [ 106.618210000878832, -5.750896535621179 ], [ 106.61820460023921, -5.750902322954779 ], [ 106.618200996778114, -5.75090511558902 ], [ 106.618192889007716, -5.750911399002708 ], [ 106.618191988019177, -5.750912047465844 ], [ 106.61818297993409, -5.750919217852038 ], [ 106.618181478759766, -5.750920474197108 ], [ 106.618173972107343, -5.750926479722393 ], [ 106.618168368573521, -5.750929554211242 ], [ 106.61816495706033, -5.750931186953705 ], [ 106.618155937781893, -5.750934397038818 ], [ 106.618146920464071, -5.750938300903227 ], [ 106.618146332659919, -5.750938659532203 ], [ 106.61813791214135, -5.750945387588764 ], [ 106.618135500465655, -5.750947733087083 ], [ 106.618128909875949, -5.750954617645225 ], [ 106.61812652078504, -5.750956801389505 ], [ 106.61811990190364, -5.750961828496088 ], [ 106.618112837080574, -5.750965883028898 ], [ 106.618110887827171, -5.750966879551627 ], [ 106.618101871145029, -5.750971008680837 ], [ 106.618095056052482, -5.750974976284861 ], [ 106.618092858213387, -5.750976464953622 ], [ 106.618083850867109, -5.750983897624685 ], [ 106.61808365920453, -5.75098405144008 ], [ 106.618074842945433, -5.750991126794854 ], [ 106.618071914401554, -5.750993127581679 ], [ 106.618065832617958, -5.750997504763429 ], [ 106.618059132516848, -5.75100220666343 ], [ 106.618056823009468, -5.751004137222743 ], [ 106.618047812761262, -5.751010543394024 ], [ 106.618046569542855, -5.751011285124363 ], [ 106.618038798853391, -5.751015654672192 ], [ 106.61802978252021, -5.751019907816787 ], [ 106.618028849863578, -5.751020378205003 ], [ 106.618020765783612, -5.751024018266809 ], [ 106.618011749502713, -5.751028290027053 ], [ 106.618009213625299, -5.751029476718855 ], [ 106.618002732833574, -5.751032424462102 ], [ 106.617993716718246, -5.751036754933228 ], [ 106.617990395627587, -5.751038572912444 ], [ 106.617984703283327, -5.751042033944529 ], [ 106.617976716750292, -5.751047654536004 ], [ 106.617975692882538, -5.751048386690392 ], [ 106.617966683633014, -5.751055146908302 ], [ 106.617964619108534, -5.751056731676524 ], [ 106.6179576766976, -5.751062726093086 ], [ 106.617954035636188, -5.751065804524212 ], [ 106.617948671116025, -5.751070784440945 ], [ 106.617942749787858, -5.751074879363025 ], [ 106.617939659738511, -5.751076791887767 ], [ 106.617930641995756, -5.751080546934693 ], [ 106.617921999536293, -5.751083981032979 ], [ 106.617921623742049, -5.75108412122227 ], [ 106.61791260612749, -5.751087921741371 ], [ 106.617903589332116, -5.751092012206028 ], [ 106.61790133526786, -5.751093082458604 ], [ 106.617894573348337, -5.751096389932525 ], [ 106.617885558532336, -5.751101180970332 ], [ 106.617883755680595, -5.751102175138904 ], [ 106.617876543723753, -5.751105974691759 ], [ 106.61786752913595, -5.751110846612521 ], [ 106.617866777942524, -5.751111266112647 ], [ 106.617858515005722, -5.751115880520865 ], [ 106.617851648901748, -5.751120351845251 ], [ 106.61784950342421, -5.75112181645416 ], [ 106.617840495734782, -5.751129129813471 ], [ 106.617840174127323, -5.751129427218346 ], [ 106.617831492497217, -5.751138018724527 ], [ 106.617831049818477, -5.751138495928155 ], [ 106.617822644136567, -5.75114756260072 ], [ 106.617822491559664, -5.751147721683357 ], [ 106.617813485083232, -5.751155464593007 ], [ 106.617811726765012, -5.751156636393377 ], [ 106.617804472497042, -5.751161045393774 ], [ 106.617795455590752, -5.751165097396475 ], [ 106.617793900782942, -5.751165729770309 ], [ 106.617786437718649, -5.751168807663425 ], [ 106.617777421535251, -5.751173115612534 ], [ 106.617774818188607, -5.751174826709014 ], [ 106.617768410841222, -5.751179366308408 ], [ 106.617763073517992, -5.75118390284627 ], [ 106.617759403981083, -5.751186973895614 ], [ 106.617752362417292, -5.751192976053513 ], [ 106.617750396980398, -5.751194531835995 ], [ 106.617741388504299, -5.751201567709566 ], [ 106.617740797835452, -5.751202051680009 ], [ 106.617732381810569, -5.751209234458285 ], [ 106.617730202873105, -5.751211124557805 ], [ 106.617723376772915, -5.751217487385473 ], [ 106.617720271186172, -5.751220195555329 ], [ 106.617714369790406, -5.751225052111595 ], [ 106.617708174715744, -5.75122927268918 ], [ 106.617705358294756, -5.751231019679602 ], [ 106.617696343707024, -5.751235892995211 ], [ 106.617691385100542, -5.751238363126225 ], [ 106.617687328183024, -5.751240435022141 ], [ 106.61767831417572, -5.751245513883551 ], [ 106.617675487227146, -5.751247451035182 ], [ 106.617669304116163, -5.751251989997063 ], [ 106.61766386878125, -5.75125652681343 ], [ 106.617660296441031, -5.751259310073044 ], [ 106.617651456218709, -5.751265604842521 ], [ 106.617651286185449, -5.751265716967181 ], [ 106.617642272975644, -5.751271078370354 ], [ 106.617635806308741, -5.751274692047883 ], [ 106.617633258802087, -5.751276098750679 ], [ 106.61762424359496, -5.751280753392457 ], [ 106.617617307282657, -5.751283787328835 ], [ 106.617615226380124, -5.751284697513596 ], [ 106.617606207351926, -5.751287999893634 ], [ 106.617597186840101, -5.751290777216401 ], [ 106.617590655082935, -5.751292905719407 ], [ 106.617588167393734, -5.751293931683149 ], [ 106.617579150881411, -5.751298124654841 ], [ 106.617572085546286, -5.751302001199111 ], [ 106.617570136541175, -5.751303086465007 ], [ 106.617561123555674, -5.751308527828862 ], [ 106.617557658324287, -5.751311084937287 ], [ 106.617552113820551, -5.751315119695041 ], [ 106.617546395766311, -5.751320159705259 ], [ 106.617543108497557, -5.75132327327648 ], [ 106.617537196244783, -5.751329228625632 ], [ 106.617534106466167, -5.751332591986275 ], [ 106.617528533598474, -5.751338296024222 ], [ 106.617525104301379, -5.751341863577982 ], [ 106.617519259333733, -5.751347365156314 ], [ 106.617516098915644, -5.751349995236668 ], [ 106.617507086945849, -5.751355796593949 ], [ 106.617505799029331, -5.751356446153098 ], [ 106.617498069829509, -5.751359776411263 ], [ 106.61748905167488, -5.75136338878754 ], [ 106.617483859621373, -5.751365551182293 ], [ 106.61748003409933, -5.751367206174698 ], [ 106.617471018538438, -5.751371736715657 ], [ 106.617465170515274, -5.75137464699852 ], [ 106.6174620029133, -5.75137624457468 ], [ 106.6174529866081, -5.751380511782416 ], [ 106.617446031000128, -5.751383744090879 ], [ 106.617443970084693, -5.751384701809359 ], [ 106.617434953413195, -5.751388839482101 ], [ 106.61742691241642, -5.751392841123437 ], [ 106.61742593791341, -5.751393391947745 ], [ 106.617416926323983, -5.751399328601837 ], [ 106.61741361710159, -5.751401921651113 ], [ 106.617407919733211, -5.751407034673665 ], [ 106.617404129497615, -5.751410991386757 ], [ 106.61739891945264, -5.751416974429921 ], [ 106.617396412059293, -5.751420056105323 ], [ 106.617389921889483, -5.75142787617659 ], [ 106.61738881666281, -5.75142912047796 ], [ 106.617380917708346, -5.751436435472803 ], [ 106.617378214157313, -5.751438193373247 ], [ 106.617371903900377, -5.751441587261679 ], [ 106.617362884369797, -5.751444713463655 ], [ 106.617354273716742, -5.751447304070155 ], [ 106.617353863694206, -5.751447434418553 ], [ 106.617344844715632, -5.751450756114433 ], [ 106.617335828364673, -5.751455007979401 ], [ 106.617332919926994, -5.75145640743543 ], [ 106.61732681213266, -5.75145930200287 ], [ 106.617317795706356, -5.751463527315401 ], [ 106.617313697500805, -5.751465504759643 ], [ 106.617308779936167, -5.751467984931906 ], [ 106.617299765900924, -5.751473056756185 ], [ 106.617297011568979, -5.751474594894826 ], [ 106.617290752402624, -5.751478318714406 ], [ 106.617281736436567, -5.751482707190114 ], [ 106.617279559946965, -5.751483687199648 ], [ 106.617272718490995, -5.751486394994676 ], [ 106.617263699962905, -5.751489876647746 ], [ 106.617256184555188, -5.751492796292025 ], [ 106.617254681496576, -5.75149338021338 ], [ 106.617245662782551, -5.751496796148865 ], [ 106.61723664341153, -5.751499979559435 ], [ 106.617231231857531, -5.751501909853652 ], [ 106.617227624361107, -5.751503276511633 ], [ 106.617218606647469, -5.751507046727353 ], [ 106.617210746947876, -5.751511010753076 ], [ 106.617209591315003, -5.751511659936861 ], [ 106.617200578102867, -5.751517023814857 ], [ 106.617195522099379, -5.751520096745497 ], [ 106.617191564836801, -5.75152236867162 ], [ 106.617182550870055, -5.751527465549262 ], [ 106.617179616273603, -5.751529184667445 ], [ 106.617173537287428, -5.751532698472925 ], [ 106.617164522935965, -5.751537659292597 ], [ 106.617163270746985, -5.751538273835133 ], [ 106.61715550801425, -5.751542418298819 ], [ 106.617146490742201, -5.751546345321076 ], [ 106.617143604569435, -5.751547372412628 ], [ 106.617137470824289, -5.75154933572222 ], [ 106.617128449648789, -5.751551880960832 ], [ 106.617119428924241, -5.751554585884914 ], [ 106.617114141851872, -5.751556498750859 ], [ 106.617110410191017, -5.751557995828369 ], [ 106.617101394248024, -5.751562393616383 ], [ 106.617095760553383, -5.751565593686028 ], [ 106.617092380843275, -5.751567690070031 ], [ 106.617083368661511, -5.751573419559075 ], [ 106.617081340826815, -5.75157467739478 ], [ 106.617074355722949, -5.751578881184807 ], [ 106.61706644214874, -5.751583762460498 ], [ 106.617065343180869, -5.751584483250931 ], [ 106.617056330396579, -5.751589999640676 ], [ 106.617049316388943, -5.751592853836788 ], [ 106.617047312297828, -5.751593634611281 ], [ 106.617038291134023, -5.751596184502543 ], [ 106.617029272159343, -5.751599509466047 ], [ 106.617025175281867, -5.751601965091705 ], [ 106.617020259783217, -5.751605170609151 ], [ 106.61701216925691, -5.751611044793336 ], [ 106.617011250011444, -5.751611753860477 ], [ 106.617002235938557, -5.751616814433111 ], [ 106.61699359315665, -5.751620140278127 ], [ 106.616993217338901, -5.751620272401701 ], [ 106.616984196701424, -5.751623008937331 ], [ 106.616975175774215, -5.751625642944433 ], [ 106.616966152921009, -5.751627595099544 ], [ 106.616957128658939, -5.751629048475048 ], [ 106.616955925527819, -5.751629289859207 ], [ 106.616948105523065, -5.751630900615992 ], [ 106.616939084586178, -5.751633531355472 ], [ 106.616930066174788, -5.751637056295875 ], [ 106.616926726166724, -5.7516384154435 ], [ 106.616921048371495, -5.751640796586363 ], [ 106.616912028263201, -5.751643720827984 ], [ 106.616903005533374, -5.751645716938248 ], [ 106.616894584247646, -5.751647549364096 ], [ 106.616893982732961, -5.751647688084463 ], [ 106.616884966820521, -5.751652098054465 ], [ 106.616880465458763, -5.751656632216515 ], [ 106.616875968321423, -5.751662673537754 ], [ 106.616873870236134, -5.751665693751459 ], [ 106.616866972035353, -5.751674032700437 ], [ 106.616865998026455, -5.751674758904589 ], [ 106.616857958748838, -5.751679372669011 ], [ 106.616848940805184, -5.751683063753084 ], [ 106.616846859593409, -5.751683855979114 ], [ 106.616839922132513, -5.751686496758801 ], [ 106.616830904900311, -5.751690439853491 ], [ 106.616826268846026, -5.751692957168053 ], [ 106.616821891035016, -5.751695575138764 ], [ 106.616812879597759, -5.751701570208072 ], [ 106.616812148879632, -5.751702040022717 ], [ 106.61680386685687, -5.751707103761548 ], [ 106.616796260515343, -5.751711127887539 ], [ 106.616794851890987, -5.751711849554956 ], [ 106.616785835160343, -5.751715970546847 ], [ 106.616777665226763, -5.751720223421486 ], [ 106.616776820152936, -5.751720701764746 ], [ 106.616767807825795, -5.751726382087276 ], [ 106.616763417651072, -5.751729306636888 ], [ 106.616758796125978, -5.751732284607462 ], [ 106.616749782865412, -5.751737634554755 ], [ 106.61674841709025, -5.751738391985429 ], [ 106.616740769241019, -5.751742855752857 ], [ 106.61673175304027, -5.751747164746329 ], [ 106.616731059436631, -5.751747484011807 ], [ 106.616722736391353, -5.751751315106169 ], [ 106.616713720556888, -5.751755753918861 ], [ 106.616712354975093, -5.751756579853538 ], [ 106.616704708072049, -5.75176137887799 ], [ 106.616698780435101, -5.751765661161028 ], [ 106.616695698329423, -5.751767974925656 ], [ 106.616687349681598, -5.751774736394693 ], [ 106.616686690591308, -5.751775280845327 ], [ 106.616677684213144, -5.751783068420858 ], [ 106.616676826440383, -5.75178380905714 ], [ 106.616668677803574, -5.751790844952463 ], [ 106.616666261295592, -5.751792881838198 ], [ 106.616659670259466, -5.751798219838099 ], [ 106.616654940933913, -5.751801956758746 ], [ 106.616650661630516, -5.751805210663318 ], [ 106.616643003947672, -5.751811033426108 ], [ 106.616641652355284, -5.751811972714192 ], [ 106.61663264044175, -5.751817800602917 ], [ 106.616629090370452, -5.751820115693105 ], [ 106.616623629754599, -5.751824062843302 ], [ 106.616617299986643, -5.75182919194481 ], [ 106.616614622740073, -5.751831625674138 ], [ 106.616608622558786, -5.751838259377306 ], [ 106.61660619595628, -5.751847309101052 ], [ 106.616606002265769, -5.751851831074346 ] ] ] } },
{ "type": "Feature", "properties": { "fid": 35.0, "ID": 34, "ELEV": -41.0 }, "geometry": { "type": "MultiLineString", "coordinates": [ [ [ 106.618785991986655, -5.751848234615847 ], [ 106.618781473315025, -5.751846646670465 ], [ 106.61877243713117, -5.751843880763349 ], [ 106.618767915164653, -5.751841180808428 ], [ 106.618763391581311, -5.751837802629987 ], [ 106.618754360095409, -5.751836698067635 ], [ 106.61875136344986, -5.751841227762255 ], [ 106.618754385664445, -5.751845740382671 ], [ 106.618758009904155, -5.75185025174735 ], [ 106.618763439525395, -5.751854757613696 ], [ 106.618772471302904, -5.751855965200396 ], [ 106.618776988353886, -5.751856980002787 ] ] ] } },
{ "type": "Feature", "properties": { "fid": 36.0, "ID": 35, "ELEV": -21.0 }, "geometry": { "type": "MultiLineString", "coordinates": [ [ [ 106.618243770410444, -5.750888647628375 ], [ 106.618242493433954, -5.750893172670254 ], [ 106.618237633112443, -5.750902229293554 ], [ 106.618237103850973, -5.750902876724737 ], [ 106.618229555482927, -5.750911295039262 ], [ 106.618228103712042, -5.750912858272528 ], [ 106.618219095810844, -5.750920093507106 ], [ 106.618218686200166, -5.750920368700382 ], [ 106.618210084328453, -5.750926061737888 ], [ 106.618204844869638, -5.750929450788279 ], [ 106.618201073518293, -5.750932267885964 ], [ 106.618193868528309, -5.750938524752676 ], [ 106.618192067512538, -5.750940174015222 ], [ 106.618183060164597, -5.750947598240683 ], [ 106.618183060144574, -5.750947598256892 ], [ 106.618174049850538, -5.750953987267399 ], [ 106.618169242333352, -5.750956680261418 ], [ 106.618165037870966, -5.750959779970021 ], [ 106.618156023703463, -5.750964798591756 ], [ 106.618154615773832, -5.750965764574931 ], [ 106.618147009096106, -5.750969661646143 ], [ 106.618139096414041, -5.750974851419542 ], [ 106.618137997246222, -5.750975500444531 ], [ 106.618128986136213, -5.750981601109469 ], [ 106.618125003449904, -5.750983934219657 ], [ 106.618119973180811, -5.750987048887109 ], [ 106.618110959788254, -5.750992342051112 ], [ 106.618109958565981, -5.750993019718469 ], [ 106.618101951040686, -5.750999278859883 ], [ 106.618098772516277, -5.751002094276351 ], [ 106.618092946025769, -5.751007536507736 ], [ 106.618088902745484, -5.751011165102175 ], [ 106.618083940073674, -5.751015462633837 ], [ 106.618078642767131, -5.751020237034234 ], [ 106.618074934659248, -5.751023579108418 ], [ 106.618069146909718, -5.751029306799765 ], [ 106.618065930382798, -5.751032098336514 ], [ 106.618057303984614, -5.751038383219568 ], [ 106.618056920467197, -5.751038622281834 ], [ 106.618047902274242, -5.751042217383052 ], [ 106.618038881087131, -5.751044753060863 ], [ 106.6180302530516, -5.751047502756117 ], [ 106.618029860872966, -5.75104763305429 ], [ 106.61802084237388, -5.751051119981666 ], [ 106.618011825508063, -5.751055184896718 ], [ 106.618009174115315, -5.751056605360456 ], [ 106.618002812172023, -5.751060498901393 ], [ 106.617995018516467, -5.751065688336041 ], [ 106.617993800904344, -5.75106654487543 ], [ 106.617984790561266, -5.751072918108514 ], [ 106.617982431204268, -5.751074766865214 ], [ 106.617975783989337, -5.751080625875587 ], [ 106.617972783612714, -5.751083837059975 ], [ 106.617966784066041, -5.751090686430963 ], [ 106.617964721326231, -5.751092902760261 ], [ 106.617957778332809, -5.751098691168156 ], [ 106.617951467799244, -5.751101983177789 ], [ 106.617948762735793, -5.751103205558918 ], [ 106.617939742463108, -5.751106065442856 ], [ 106.617930722002598, -5.751108858905768 ], [ 106.617924162255051, -5.751111103432418 ], [ 106.617921702369244, -5.751111945123211 ], [ 106.617912684105633, -5.751115516096574 ], [ 106.617903667402089, -5.751119639188574 ], [ 106.617902465205248, -5.751120207786252 ], [ 106.617894650938013, -5.751123847081971 ], [ 106.617885634554753, -5.751128083631365 ], [ 106.617883316427452, -5.751129304915325 ], [ 106.617876620420333, -5.751133116056367 ], [ 106.617868301471603, -5.751138390325004 ], [ 106.617867608319642, -5.751138868238715 ], [ 106.61785859886507, -5.75114555691002 ], [ 106.617856196689715, -5.751147467484449 ], [ 106.617849591871718, -5.751153116649601 ], [ 106.617846129087454, -5.751156538868623 ], [ 106.617840589584716, -5.751162341986895 ], [ 106.617837473606116, -5.751165606249558 ], [ 106.61783158629639, -5.751171213071141 ], [ 106.617827287104575, -5.751174677970629 ], [ 106.617822576952037, -5.751177941091806 ], [ 106.617813563130838, -5.751183084890961 ], [ 106.617812108882575, -5.751183763842227 ], [ 106.617804546382104, -5.751187192729311 ], [ 106.617795529063969, -5.751191099116615 ], [ 106.617791866301545, -5.751192864069933 ], [ 106.617786513696458, -5.751195695872062 ], [ 106.617777502153544, -5.751201646198325 ], [ 106.617777101739691, -5.751201948768245 ], [ 106.617768492732793, -5.751208347634758 ], [ 106.617764806881752, -5.751211026465328 ], [ 106.617759482703306, -5.751214833716682 ], [ 106.617752431928878, -5.751220104389299 ], [ 106.617750473513638, -5.751221617086378 ], [ 106.617741466539741, -5.751229178317402 ], [ 106.617741466521707, -5.751229178331804 ], [ 106.617732459211638, -5.751236627069812 ], [ 106.617730380324886, -5.751238252587893 ], [ 106.617723449503529, -5.751243227216242 ], [ 106.617717122037433, -5.751247333015393 ], [ 106.617714437736993, -5.751249098949395 ], [ 106.61770542478412, -5.751254550902541 ], [ 106.617701957620184, -5.751256418845927 ], [ 106.617696411801518, -5.751259992399901 ], [ 106.617687862011934, -5.751265501646504 ], [ 106.617687400015868, -5.751265857585413 ], [ 106.617678389039341, -5.751272009204616 ], [ 106.617674460864066, -5.751274582478329 ], [ 106.617669376915089, -5.751277754702465 ], [ 106.617660365279093, -5.751283665278402 ], [ 106.617660365257109, -5.751283665293538 ], [ 106.617651354935902, -5.751290049067092 ], [ 106.617646726371575, -5.75129274678376 ], [ 106.61764234153479, -5.751295342882824 ], [ 106.6176333258623, -5.75129983287395 ], [ 106.617628661690802, -5.751301840834002 ], [ 106.617624309075595, -5.751303928574067 ], [ 106.617615293057113, -5.751308296229806 ], [ 106.617609696718745, -5.751310937435725 ], [ 106.617606277033602, -5.751312662160938 ], [ 106.617597261655803, -5.751317256689958 ], [ 106.617591852489824, -5.751320030860242 ], [ 106.617588246189655, -5.751321820013255 ], [ 106.61757923059605, -5.751326338283314 ], [ 106.617573704968237, -5.751329125144029 ], [ 106.61757021524825, -5.751330943616022 ], [ 106.617561202203646, -5.751336364192536 ], [ 106.617558902295301, -5.751338209946615 ], [ 106.61755219401617, -5.751343503956211 ], [ 106.617548313157783, -5.751347282805987 ], [ 106.617543189756674, -5.751352034061515 ], [ 106.617538833400019, -5.751356352520803 ], [ 106.617534185837329, -5.751360684660148 ], [ 106.617528655489082, -5.751365424214392 ], [ 106.617525178389926, -5.751368086629552 ], [ 106.617516165317355, -5.751373497698787 ], [ 106.617514029879658, -5.751374508514392 ], [ 106.617507149489924, -5.751377933771685 ], [ 106.617498133380593, -5.751382270124962 ], [ 106.617495453033115, -5.751383604013371 ], [ 106.617489119218135, -5.751387295628298 ], [ 106.617480104954666, -5.751392285447753 ], [ 106.617479309467043, -5.751392692615185 ], [ 106.617471089287918, -5.751396778642603 ], [ 106.617462072909902, -5.751401020136236 ], [ 106.617460433575999, -5.751401788960928 ], [ 106.617453057075224, -5.751405454005676 ], [ 106.617444042466204, -5.751410321769407 ], [ 106.617443118041905, -5.751410880883725 ], [ 106.617435031165797, -5.751416360700381 ], [ 106.617430212224704, -5.751419960307883 ], [ 106.617426022469303, -5.751423321391914 ], [ 106.617419774021499, -5.75142903273804 ], [ 106.617417017634509, -5.75143164905456 ], [ 106.617410962234558, -5.751438100558452 ], [ 106.617408016038411, -5.75144112319057 ], [ 106.617402014209929, -5.751447168764932 ], [ 106.617399012444082, -5.751449890129199 ], [ 106.617390962480059, -5.751456242933693 ], [ 106.617390004277837, -5.75145703886984 ], [ 106.617380993567608, -5.751463287201485 ], [ 106.617377213254258, -5.75146532474755 ], [ 106.61737198078707, -5.751468802791769 ], [ 106.617362964682897, -5.751473141983517 ], [ 106.617359808353385, -5.751474416921984 ], [ 106.617353945694688, -5.751476460369639 ], [ 106.617344926335875, -5.751479647618504 ], [ 106.617335908122655, -5.751483240424095 ], [ 106.617335214434476, -5.75148352947065 ], [ 106.617326891034423, -5.751487231501538 ], [ 106.617317876136042, -5.751491997798509 ], [ 106.617316846070679, -5.751492624374683 ], [ 106.617308862589113, -5.751497242547192 ], [ 106.617300667634126, -5.751501713071876 ], [ 106.617299848040446, -5.751502132765362 ], [ 106.617290830955824, -5.751506125356767 ], [ 106.617281812231852, -5.75150953770177 ], [ 106.617277946568109, -5.75151082031084 ], [ 106.617272793006677, -5.751512772677772 ], [ 106.617263774395013, -5.75151622487995 ], [ 106.617254754846414, -5.751519345460927 ], [ 106.617252750164937, -5.751519934564201 ], [ 106.617245733790654, -5.751521932564456 ], [ 106.617236713272774, -5.751524710121682 ], [ 106.617227695198707, -5.751528352822462 ], [ 106.617226369494503, -5.751529052172828 ], [ 106.617218681218191, -5.751533444681188 ], [ 106.617210697951293, -5.751538139431627 ], [ 106.617209667772045, -5.751538725773104 ], [ 106.617200652926059, -5.751543511391591 ], [ 106.617193045734084, -5.751547232303179 ], [ 106.617191637110864, -5.751547953971326 ], [ 106.617182623820497, -5.751553290411381 ], [ 106.617178118210347, -5.751556317452878 ], [ 106.617173612170106, -5.751559207479992 ], [ 106.617164598702246, -5.751564481226656 ], [ 106.617162422052573, -5.751565404780517 ], [ 106.617155580493531, -5.751568076728622 ], [ 106.617146559496163, -5.751570685069721 ], [ 106.617137538109162, -5.751573155518859 ], [ 106.61713322408211, -5.751574530369647 ], [ 106.617128518380724, -5.751576213161118 ], [ 106.61711950133629, -5.751580221036533 ], [ 106.61711273969496, -5.7515836312652 ], [ 106.617110485865183, -5.751584785950527 ], [ 106.617101472404713, -5.751590062738432 ], [ 106.617097191415553, -5.751592718172477 ], [ 106.617092460229131, -5.75159579447124 ], [ 106.617083448407897, -5.751601651717158 ], [ 106.617083223113909, -5.751601800602221 ], [ 106.617074437707998, -5.751607906024138 ], [ 106.617069931952202, -5.751610881112918 ], [ 106.617065425737295, -5.751613710511884 ], [ 106.617056408349399, -5.751617597227285 ], [ 106.617047386354216, -5.751619852876716 ], [ 106.617046822453602, -5.751619989445573 ], [ 106.617038364620669, -5.751622201196176 ], [ 106.617029349303309, -5.751626821101394 ], [ 106.617026206293986, -5.751629090712242 ], [ 106.617020338568878, -5.751633063586717 ], [ 106.61701201913931, -5.751638173760945 ], [ 106.617011325677012, -5.75163854233639 ], [ 106.617002307152816, -5.751642027096882 ], [ 106.616993285833999, -5.751644522496425 ], [ 106.616984263681942, -5.751646722932447 ], [ 106.616981889450429, -5.751647301984148 ], [ 106.616975241901727, -5.751649055058755 ], [ 106.616966219654529, -5.751651221888217 ], [ 106.616957197690951, -5.751653489172499 ], [ 106.616948570203263, -5.751656439243742 ], [ 106.616948178077635, -5.751656588601489 ], [ 106.616939160898127, -5.751660549776419 ], [ 106.616930143858312, -5.751664560461343 ], [ 106.616927398873216, -5.75166554208072 ], [ 106.616921124322786, -5.751667687585512 ], [ 106.616912102787879, -5.751670106859157 ], [ 106.616903082318942, -5.75167290359048 ], [ 106.616900077814378, -5.751674662342102 ], [ 106.616894072291743, -5.751679397370936 ], [ 106.61689053768373, -5.751683732221471 ], [ 106.616885073577862, -5.751689896843034 ], [ 106.61688194147051, -5.751692799426237 ], [ 106.616876064558824, -5.751696747748901 ], [ 106.616867047673622, -5.751700813609539 ], [ 106.616864342197687, -5.751701892140327 ], [ 106.61685802974867, -5.751704511383559 ], [ 106.616849012884273, -5.751708584724292 ], [ 106.61684437651796, -5.751710991558945 ], [ 106.61683999813205, -5.751713405974439 ], [ 106.616830985054548, -5.751718820260463 ], [ 106.616828957218601, -5.751720078095565 ], [ 106.616821971768061, -5.751724160617753 ], [ 106.616812957559858, -5.751729166276249 ], [ 106.616812957536126, -5.751729166289236 ], [ 106.616803943467858, -5.751734229974745 ], [ 106.616797128513667, -5.751738253973226 ], [ 106.616794930471173, -5.751739673148523 ], [ 106.616785918698099, -5.751745549650649 ], [ 106.616783281286445, -5.751747336054847 ], [ 106.616776908194012, -5.751751875551395 ], [ 106.616770832096478, -5.751756414175239 ], [ 106.616767899286714, -5.751758766920942 ], [ 106.616759110113819, -5.751765490235107 ], [ 106.616758890362362, -5.751765652341003 ], [ 106.616749877289848, -5.751771069029242 ], [ 106.616742530739131, -5.751774580056946 ], [ 106.616740861128775, -5.751775392172967 ], [ 106.616731845487834, -5.751779899546987 ], [ 106.616725448918046, -5.751783671301976 ], [ 106.616722832387055, -5.751785306430642 ], [ 106.616713821837465, -5.751791616745277 ], [ 106.616712277336816, -5.751792751468236 ], [ 106.616704811845295, -5.751798124507897 ], [ 106.616700070527926, -5.751801828900948 ], [ 106.616695802983429, -5.751805032589252 ], [ 106.61668797912742, -5.751810906006535 ], [ 106.616686793573407, -5.751811746654951 ], [ 106.616677783339796, -5.751818169165404 ], [ 106.61667524199828, -5.751819984941401 ], [ 106.616668772476515, -5.751824368794891 ], [ 106.616661840846604, -5.751829065757342 ], [ 106.616659761982802, -5.751830699362553 ], [ 106.616651174554022, -5.75183813882497 ], [ 106.616650755869529, -5.751838581135985 ], [ 106.616643738098148, -5.751847202742087 ], [ 106.616641760639595, -5.751850316843945 ], [ 106.616637468442221, -5.751856263353531 ], [ 106.616635031705101, -5.751865313105999 ], [ 106.616634412492388, -5.751869836284779 ] ] ] } },
{ "type": "Feature", "properties": { "fid": 37.0, "ID": 36, "ELEV": -23.0 }, "geometry": { "type": "MultiLineString", "coordinates": [ [ [ 106.618268702594463, -5.750902706386439 ], [ 106.61826419150529, -5.750903798170276 ], [ 106.618261202990738, -5.750911205304612 ], [ 106.618255209718725, -5.750920265140467 ], [ 106.618255209697296, -5.750920265167125 ], [ 106.618248258864227, -5.750929327691495 ], [ 106.618246212786218, -5.750931388689809 ], [ 106.618237705839164, -5.750938400456247 ], [ 106.618237205279868, -5.750938763597521 ], [ 106.618228194911111, -5.750945125831431 ], [ 106.618224785436908, -5.750947479933417 ], [ 106.618219184784863, -5.750951573948227 ], [ 106.618213033145551, -5.750956556098337 ], [ 106.618210176806883, -5.750958782243665 ], [ 106.6182015977448, -5.750965631364608 ], [ 106.61820116869832, -5.750965944410446 ], [ 106.618192161309366, -5.750973361281379 ], [ 106.61819091981684, -5.750974704483024 ], [ 106.618183579072451, -5.750983768139201 ], [ 106.618183163793972, -5.750984271707452 ], [ 106.61817496573704, -5.750992835403596 ], [ 106.618174161504157, -5.750993492953627 ], [ 106.61816514182803, -5.750996562609608 ], [ 106.618156116312477, -5.750997566169217 ], [ 106.618147094584259, -5.750999909822472 ], [ 106.618143489047426, -5.751001967493016 ], [ 106.618138081479344, -5.751005304692857 ], [ 106.618130323281235, -5.751011047664524 ], [ 106.618129072207694, -5.751012055959198 ], [ 106.618120066063952, -5.75101991406571 ], [ 106.618119835144768, -5.751020120244033 ], [ 106.618111060436263, -5.751027954857625 ], [ 106.618109516231499, -5.751029192343648 ], [ 106.61810205017305, -5.751034355534391 ], [ 106.618096042361117, -5.751038273388238 ], [ 106.618093038122822, -5.751040123973651 ], [ 106.618084026727331, -5.751046124151493 ], [ 106.618082350515252, -5.751047355050633 ], [ 106.618075016338693, -5.751052480673927 ], [ 106.618069223564333, -5.751056435111229 ], [ 106.618066005471334, -5.751058667884138 ], [ 106.618056991428318, -5.751063731479707 ], [ 106.618052649516585, -5.751065524944779 ], [ 106.618047974046149, -5.751067613602518 ], [ 106.618038956084987, -5.751071290903789 ], [ 106.618032116412337, -5.751074626002511 ], [ 106.618029940549306, -5.751075826506707 ], [ 106.618020929533529, -5.751081961548586 ], [ 106.618018619502934, -5.751083707111217 ], [ 106.618011920418482, -5.751088769239503 ], [ 106.618006467234252, -5.751092784407514 ], [ 106.618002910811668, -5.751095402993887 ], [ 106.617994138304383, -5.751101862204511 ], [ 106.617993901268804, -5.751102059464156 ], [ 106.61798489425945, -5.751109612511963 ], [ 106.617983356578321, -5.7511109356149 ], [ 106.617975888190529, -5.751117498432153 ], [ 106.617972541903882, -5.75112000911859 ], [ 106.61796687919832, -5.751124350005936 ], [ 106.617957863319461, -5.751128764739019 ], [ 106.617956913884129, -5.751129096268223 ], [ 106.617948843329344, -5.751131724714076 ], [ 106.61793982269171, -5.751134455601568 ], [ 106.617930802115822, -5.751137208381738 ], [ 106.617928057223423, -5.751138220920851 ], [ 106.617921783266951, -5.751140572346299 ], [ 106.617912765019852, -5.751144149304813 ], [ 106.617905417548144, -5.751147327947399 ], [ 106.617903747754951, -5.751148073888159 ], [ 106.617894731857746, -5.751152482517923 ], [ 106.617887838946729, -5.751156420625461 ], [ 106.617885718112632, -5.7511576527847 ], [ 106.617876706720551, -5.751163655793381 ], [ 106.61787424964453, -5.751165501993825 ], [ 106.617867698501811, -5.751170781858919 ], [ 106.61786355618554, -5.751174575152564 ], [ 106.617858694984449, -5.751179571735832 ], [ 106.617854811917397, -5.751183642785457 ], [ 106.617849693296733, -5.751189009181895 ], [ 106.617845404528111, -5.751192712298159 ], [ 106.617840685853039, -5.751196409791849 ], [ 106.61783167228549, -5.751201643353717 ], [ 106.617831371762833, -5.751201794923081 ], [ 106.617822657203561, -5.751206341065124 ], [ 106.617813942644034, -5.751210887175877 ], [ 106.617813642168684, -5.751211055491304 ], [ 106.617804628553259, -5.751216272306808 ], [ 106.617798432031279, -5.751219973989699 ], [ 106.617795615689175, -5.75122175508614 ], [ 106.617786604089531, -5.7512276854091 ], [ 106.617784544342726, -5.75122905620259 ], [ 106.617777592437719, -5.751233597348547 ], [ 106.617771017009531, -5.751238137393738 ], [ 106.617768581491603, -5.751239759099172 ], [ 106.617759571457853, -5.751246243814887 ], [ 106.61775818523877, -5.751247216612936 ], [ 106.617750560448371, -5.751252383293325 ], [ 106.617744631787502, -5.751256297877727 ], [ 106.617741548712814, -5.751258265892679 ], [ 106.617732536051008, -5.751263820765765 ], [ 106.617730118205387, -5.751265381864006 ], [ 106.617723524932799, -5.751269921991255 ], [ 106.617717895038808, -5.751274459357423 ], [ 106.61771451810047, -5.751277540085931 ], [ 106.617709086863726, -5.751283527170274 ], [ 106.617705517989464, -5.751287536995062 ], [ 106.617700398493966, -5.751292594643457 ], [ 106.617696513019553, -5.751295814404268 ], [ 106.617687498332984, -5.751300653091937 ], [ 106.617685070538016, -5.751301680937514 ], [ 106.617678481301468, -5.751304661935516 ], [ 106.617669467408263, -5.751309781526579 ], [ 106.617667922504779, -5.75131077239053 ], [ 106.617660454467753, -5.751315238360477 ], [ 106.617651439202831, -5.751319861958932 ], [ 106.617651439172775, -5.751319861973839 ], [ 106.617642423661096, -5.751324408951743 ], [ 106.617634470324433, -5.751328952903402 ], [ 106.617633410077559, -5.75132963840233 ], [ 106.617624397841809, -5.751335344935524 ], [ 106.617619424275929, -5.751338038397157 ], [ 106.617615383275847, -5.751340226822675 ], [ 106.617606366767347, -5.751344421262598 ], [ 106.61760023514924, -5.751347135634309 ], [ 106.617597349885145, -5.751348483494564 ], [ 106.617588335540788, -5.751353443996751 ], [ 106.617583974839363, -5.751356224569262 ], [ 106.617579326429706, -5.751360256776722 ], [ 106.617572652989097, -5.751365299505936 ], [ 106.617570317042492, -5.751366971910798 ], [ 106.617561300887417, -5.751371291751717 ], [ 106.617555666926265, -5.751374390497478 ], [ 106.617552285567442, -5.751375907222632 ], [ 106.617543274605609, -5.751382065265315 ], [ 106.617541343933979, -5.751383473940366 ], [ 106.617534264333685, -5.751388467567545 ], [ 106.617527861001292, -5.751392555001936 ], [ 106.617525252651987, -5.751394370970401 ], [ 106.61751624160874, -5.751400500429486 ], [ 106.617514664857183, -5.75140163525043 ], [ 106.617507231569007, -5.751406985142679 ], [ 106.617500949629445, -5.751410716970013 ], [ 106.61749821764424, -5.75141209484712 ], [ 106.617489199924606, -5.75141586144865 ], [ 106.617480181991979, -5.751419552706401 ], [ 106.617479618461886, -5.751419820275646 ], [ 106.617471167228288, -5.751424365667106 ], [ 106.617463859765152, -5.751428907786512 ], [ 106.617462155152069, -5.751430129917685 ], [ 106.617453145965769, -5.751436917144075 ], [ 106.617451760013935, -5.751437984926518 ], [ 106.617444137543288, -5.751443974807573 ], [ 106.617440309201015, -5.751447060227091 ], [ 106.617435130441805, -5.751451500125145 ], [ 106.61742972651345, -5.75145613306703 ], [ 106.617426123058237, -5.751458925689146 ], [ 106.617418015301112, -5.751465209105394 ], [ 106.617417114312914, -5.751465869334222 ], [ 106.61740810785399, -5.751473622356107 ], [ 106.617407401594917, -5.751474282033016 ], [ 106.617399104076753, -5.751482324684284 ], [ 106.617398001473234, -5.751483351520952 ], [ 106.617390096396463, -5.751489645572802 ], [ 106.617385920370069, -5.751492428607303 ], [ 106.617381083428441, -5.751495094876062 ], [ 106.617372065697012, -5.751498858160303 ], [ 106.61736443389816, -5.751501532350122 ], [ 106.617363046471894, -5.751502092776603 ], [ 106.617354028530485, -5.751505781843191 ], [ 106.617345012935147, -5.751510301400746 ], [ 106.617344431382975, -5.751510631886561 ], [ 106.617335999292251, -5.751515512134661 ], [ 106.617326982863929, -5.751519724184129 ], [ 106.617326982827862, -5.751519724199053 ], [ 106.617317963601067, -5.751522958493144 ], [ 106.617308945729064, -5.751526672399328 ], [ 106.617305121622266, -5.751528828987399 ], [ 106.617299932833205, -5.751532147816128 ], [ 106.617292682370064, -5.751537907087465 ], [ 106.617290925195888, -5.751539484737962 ], [ 106.61728191803067, -5.751546980440564 ], [ 106.617281918006952, -5.751546980456784 ], [ 106.617272899404441, -5.751550436034722 ], [ 106.617263873112876, -5.751551169838343 ], [ 106.617254844581709, -5.75155111086158 ], [ 106.617245820347662, -5.751552573049777 ], [ 106.61723680161775, -5.751555983684228 ], [ 106.617236454841148, -5.751556152130663 ], [ 106.617227784622443, -5.7515600084155 ], [ 106.61721876651842, -5.751563640722649 ], [ 106.617215092843097, -5.751565255516404 ], [ 106.617209749144052, -5.75156753137181 ], [ 106.617200733224394, -5.751571937047808 ], [ 106.617195943722336, -5.751574352630408 ], [ 106.617191717611604, -5.751576451413547 ], [ 106.617182702105424, -5.751581003577334 ], [ 106.617177630539743, -5.751583447374975 ], [ 106.617173686012492, -5.751585348094951 ], [ 106.617164669661548, -5.751589601326717 ], [ 106.617157828873587, -5.751592546337277 ], [ 106.617155652769384, -5.751593663024851 ], [ 106.617146638207544, -5.751598549740089 ], [ 106.617140628020408, -5.751601637928782 ], [ 106.617137623280911, -5.751603307378368 ], [ 106.617128606823741, -5.751607523244695 ], [ 106.617121229081746, -5.751610735748877 ], [ 106.61711958954875, -5.751611449653807 ], [ 106.617110575278602, -5.75161643987489 ], [ 106.617105539559702, -5.751619823056795 ], [ 106.617101563868914, -5.751622442827676 ], [ 106.617092552356425, -5.751628409450218 ], [ 106.617091779879047, -5.751628904895701 ], [ 106.617083538226964, -5.751633449688248 ], [ 106.617074521941475, -5.751637726705684 ], [ 106.617073828204482, -5.751637998613432 ], [ 106.617065503043619, -5.751641078942808 ], [ 106.617056484144939, -5.751644430939046 ], [ 106.61704926899418, -5.751647111054576 ], [ 106.61704746542263, -5.751647845417357 ], [ 106.617038448251165, -5.751651808996837 ], [ 106.617029431916308, -5.751656068816067 ], [ 106.617029131366507, -5.751656210965585 ], [ 106.617020415243474, -5.751660209038461 ], [ 106.617011397455116, -5.751663954381081 ], [ 106.617007475898831, -5.751665315177068 ], [ 106.617002378506186, -5.751667288897157 ], [ 106.616993359331971, -5.751670543697641 ], [ 106.616984339410891, -5.751673534130157 ], [ 106.616981762421887, -5.751674430886693 ], [ 106.616975320469138, -5.751676871328015 ], [ 106.616966301751575, -5.751680287950554 ], [ 106.616959088209384, -5.75168353798345 ], [ 106.616957285033635, -5.751684412586587 ], [ 106.616948267998566, -5.751688424994295 ], [ 106.616939248390594, -5.751691526527261 ], [ 106.616934737443714, -5.751692649830057 ], [ 106.616930226210982, -5.751693717606359 ], [ 106.616921205881226, -5.751696563678094 ], [ 106.616912192207948, -5.751701756559891 ], [ 106.616912192179782, -5.751701756578801 ], [ 106.616903185167232, -5.751709317787724 ], [ 106.616901183141195, -5.75171083060172 ], [ 106.616894173248426, -5.751715141994466 ], [ 106.616885156049491, -5.751719096791822 ], [ 106.616883152090253, -5.751719924539887 ], [ 106.616876138867156, -5.75172305751609 ], [ 106.616867123486955, -5.751727656375227 ], [ 106.616864588102757, -5.751729019987674 ], [ 106.61685810914895, -5.751732624295543 ], [ 106.616849094986918, -5.751737654581563 ], [ 106.616848222541634, -5.751738109206014 ], [ 106.616840079689965, -5.751742283099431 ], [ 106.616831063587611, -5.75174662651075 ], [ 106.616829936651854, -5.751747203865023 ], [ 106.61682204903228, -5.751751517744074 ], [ 106.6168140659817, -5.751756291680465 ], [ 106.616813036011209, -5.751756952274103 ], [ 106.616804025466678, -5.751763263755789 ], [ 106.616801097214761, -5.751765371273575 ], [ 106.616795016108114, -5.75176999523918 ], [ 106.616789439686485, -5.751774447151363 ], [ 106.616786008048663, -5.751777186784586 ], [ 106.616778257330083, -5.75178352168271 ], [ 106.616777000221589, -5.751784460703333 ], [ 106.616767989377593, -5.751790666467095 ], [ 106.616764906204992, -5.751792602358652 ], [ 106.61675897698855, -5.751796325239447 ], [ 106.616750658260116, -5.751801685575317 ], [ 106.616749965083017, -5.751802155283568 ], [ 106.616740952937079, -5.751807900278672 ], [ 106.616736317873986, -5.751810769053658 ], [ 106.616731940455821, -5.751813526610194 ], [ 106.61672292854945, -5.751819356580652 ], [ 106.61672221716772, -5.751819851852696 ], [ 106.616713919169626, -5.751826081243136 ], [ 106.616710023044647, -5.751828929249787 ], [ 106.61670490939801, -5.751832667259682 ], [ 106.616697185864012, -5.75183800846862 ], [ 106.616695898726874, -5.751838934841327 ], [ 106.616686888668724, -5.751845419556089 ], [ 106.616684636284447, -5.751847086872452 ], [ 106.616677879424699, -5.751852192631608 ], [ 106.616673029218802, -5.751856162605841 ], [ 106.616668872077938, -5.751859637599188 ], [ 106.616662653990446, -5.751865234849141 ], [ 106.616659865259052, -5.751867269582586 ], [ 106.616650855737163, -5.751873944513441 ], [ 106.616650653121937, -5.751874311697962 ], [ 106.616647932618932, -5.751878840829918 ], [ 106.616646358185633, -5.751879834882015 ] ] ] } },
{ "type": "Feature", "properties": { "fid": 38.0, "ID": 37, "ELEV": -22.0 }, "geometry": { "type": "MultiLineString", "coordinates": [ [ [ 106.61825179911331, -5.750897667705684 ], [ 106.618250642024194, -5.750901337007843 ], [ 106.618250244457073, -5.750902193534913 ], [ 106.618246148704912, -5.7509087160056 ], [ 106.618244117223156, -5.75091125375052 ], [ 106.618237323489907, -5.750920315855925 ], [ 106.61823715366296, -5.750920500889568 ], [ 106.618228147777387, -5.75092844925699 ], [ 106.618226829221115, -5.750929388453884 ], [ 106.618219137304536, -5.750934774666061 ], [ 106.618213730733913, -5.750938468435743 ], [ 106.618210127286446, -5.750941261060868 ], [ 106.618202758203367, -5.750947542389514 ], [ 106.618201120633657, -5.750948938236612 ], [ 106.618192114001147, -5.750956615412235 ], [ 106.618192113980669, -5.750956615429035 ], [ 106.618183108651365, -5.750964761062737 ], [ 106.618182150817262, -5.750965686503918 ], [ 106.618174619583243, -5.750974750700095 ], [ 106.618174110280108, -5.750975368714948 ], [ 106.618165097296512, -5.750980806260694 ], [ 106.618156072059719, -5.750981908370275 ], [ 106.618147048863705, -5.750983732590712 ], [ 106.618146798466043, -5.75098387242458 ], [ 106.618138035175704, -5.750988921069527 ], [ 106.618131880862521, -5.750992957562995 ], [ 106.618129023982874, -5.750994992494273 ], [ 106.618120012975979, -5.751001129778754 ], [ 106.618118694331201, -5.751002037793105 ], [ 106.618111004790535, -5.751008265471383 ], [ 106.618107802761642, -5.751011111516243 ], [ 106.618101999350955, -5.751016372835705 ], [ 106.618097701138012, -5.751020182999583 ], [ 106.618092992300689, -5.751023910371118 ], [ 106.618086386634474, -5.751029257921614 ], [ 106.618083984107741, -5.751031043663872 ], [ 106.618075156925613, -5.751038332603104 ], [ 106.618074976743088, -5.751038470129902 ], [ 106.618065967597133, -5.751045266380921 ], [ 106.618062404311814, -5.751047411602196 ], [ 106.618056954452484, -5.751050647796995 ], [ 106.618047936408999, -5.751054295849361 ], [ 106.61804117139657, -5.751056514644133 ], [ 106.618038916599147, -5.751057318927284 ], [ 106.61802989825118, -5.751060859340774 ], [ 106.618020882100836, -5.751065177443844 ], [ 106.618020109467864, -5.751065617200697 ], [ 106.618011870782382, -5.751071205374679 ], [ 106.618007000451641, -5.751074697209397 ], [ 106.61800286101861, -5.751077783513173 ], [ 106.617994365516367, -5.751083775873848 ], [ 106.617993850605501, -5.751084131962933 ], [ 106.617984841661169, -5.751091000231882 ], [ 106.617982884203244, -5.751092851267532 ], [ 106.61797583699402, -5.751099382105051 ], [ 106.617973316241375, -5.751101921236627 ], [ 106.617966831459952, -5.751107457296379 ], [ 106.617961376934119, -5.751110997928506 ], [ 106.617957819322214, -5.751113195797364 ], [ 106.617948801627492, -5.751116967952617 ], [ 106.617939781730058, -5.75111996069706 ], [ 106.617939330706633, -5.75112010327351 ], [ 106.61793076155368, -5.751122854776863 ], [ 106.617921742194738, -5.751126038167601 ], [ 106.617914111832789, -5.751129217612211 ], [ 106.617912724458151, -5.751129795706331 ], [ 106.617903707329816, -5.751133768544483 ], [ 106.61789469062586, -5.751137891621886 ], [ 106.617893818102786, -5.751138317987574 ], [ 106.617885675465729, -5.751142561072761 ], [ 106.617877880834257, -5.751147406012221 ], [ 106.617876663013931, -5.751148189008336 ], [ 106.617867653149787, -5.751154732729671 ], [ 106.617865451158934, -5.751156484092915 ], [ 106.61785864588677, -5.751162197020413 ], [ 106.617855044023713, -5.751165556439792 ], [ 106.617849642098562, -5.751170891077475 ], [ 106.617845935095772, -5.751174625106319 ], [ 106.617840638800573, -5.751179758710262 ], [ 106.617835820820545, -5.751183696622794 ], [ 106.617831629983669, -5.751186673378402 ], [ 106.617822616164275, -5.751191817814363 ], [ 106.617820703791736, -5.751192782321172 ], [ 106.617813600656433, -5.75119636479379 ], [ 106.617804584713596, -5.751200757894883 ], [ 106.617802330787427, -5.75120187724935 ], [ 106.617795569795064, -5.751205513547288 ], [ 106.617786556867017, -5.751210964809261 ], [ 106.617786556841992, -5.751210964825771 ], [ 106.617777546040344, -5.75121717755572 ], [ 106.617773491370542, -5.751220044691137 ], [ 106.617768535862936, -5.751223611277039 ], [ 106.617760877323704, -5.75122912329308 ], [ 106.617759525829385, -5.751230095992687 ], [ 106.617750516460745, -5.75123681608877 ], [ 106.617748753955667, -5.751238200503911 ], [ 106.617741507079813, -5.751243531926655 ], [ 106.617736301286541, -5.751247278648065 ], [ 106.617732496695339, -5.75124989268397 ], [ 106.617723485166024, -5.751255848355346 ], [ 106.617722701520989, -5.751256360043717 ], [ 106.617714474830066, -5.751262226436994 ], [ 106.617709869411584, -5.75126543926311 ], [ 106.617705466395634, -5.751269277561752 ], [ 106.617699593127398, -5.751274511237433 ], [ 106.61769646235814, -5.751277884885837 ], [ 106.617689091608071, -5.751283583850118 ], [ 106.617687453121704, -5.75128465234876 ], [ 106.617678436024462, -5.751288637853832 ], [ 106.617670422258229, -5.751292679615446 ], [ 106.61766942051355, -5.751293184845914 ], [ 106.617660409389913, -5.751299284615174 ], [ 106.61765675624082, -5.751301761197904 ], [ 106.61765139744017, -5.751305092095736 ], [ 106.617642382090906, -5.751309696489228 ], [ 106.617639977788428, -5.751310851602588 ], [ 106.617633366263433, -5.751314131694012 ], [ 106.617624351713573, -5.751319019137536 ], [ 106.617622606914026, -5.751319943686173 ], [ 106.617615337230987, -5.751323930454533 ], [ 106.61760632149462, -5.751328398094288 ], [ 106.617604985735255, -5.751329036478872 ], [ 106.617597305132165, -5.751332644198736 ], [ 106.617588288798359, -5.751336900504432 ], [ 106.617585801694517, -5.751338133701103 ], [ 106.617579273388188, -5.751341483767233 ], [ 106.617570258594085, -5.751346285144212 ], [ 106.617568713546106, -5.751347224982123 ], [ 106.617561246929213, -5.75135219412699 ], [ 106.617555841525956, -5.751356304312393 ], [ 106.617552237643281, -5.7513589451744 ], [ 106.617544764202577, -5.751365378555537 ], [ 106.617543230936178, -5.751366609048493 ], [ 106.617534223970068, -5.751374181334401 ], [ 106.617533856222565, -5.751374452318571 ], [ 106.61752521312215, -5.751380379782092 ], [ 106.617519434619823, -5.751383536040508 ], [ 106.617516199207586, -5.751385492893351 ], [ 106.617507186174493, -5.751390918060735 ], [ 106.617504339914433, -5.751392621670029 ], [ 106.617498174537999, -5.7513968376166 ], [ 106.617489980708299, -5.751401705214616 ], [ 106.617489161133392, -5.751402131429803 ], [ 106.617480144033877, -5.751406117501893 ], [ 106.617471127357604, -5.751410253434535 ], [ 106.617469963943961, -5.751410804794351 ], [ 106.617462111565985, -5.751414702555704 ], [ 106.617453097900594, -5.751419895443481 ], [ 106.617453097875568, -5.75141989545999 ], [ 106.617444087564181, -5.75142628446296 ], [ 106.617440391217983, -5.751428974303469 ], [ 106.617435078365801, -5.751433067497676 ], [ 106.617429073518522, -5.751438049226539 ], [ 106.617426071401539, -5.751440641395456 ], [ 106.617419366465342, -5.751447119584503 ], [ 106.617417067144274, -5.751449173549786 ], [ 106.617409532623086, -5.751456190301736 ], [ 106.617408062202841, -5.751457463640058 ], [ 106.617399236444257, -5.751465262329249 ], [ 106.617399056347423, -5.751465430303346 ], [ 106.617390051165899, -5.75147363558931 ], [ 106.617389213271494, -5.751474333582907 ], [ 106.617381044000865, -5.751481138878971 ], [ 106.617377382664685, -5.751483409959105 ], [ 106.617372029451332, -5.75148602838258 ], [ 106.617363009527224, -5.751489015521456 ], [ 106.617353988177697, -5.751491498145388 ], [ 106.617350664873399, -5.751492528527946 ], [ 106.617344967966957, -5.751494383909129 ], [ 106.617335951665765, -5.751498653597553 ], [ 106.617330356267658, -5.751501628931374 ], [ 106.617326936939108, -5.751503480690507 ], [ 106.617317920922886, -5.75150785137867 ], [ 106.617311678629434, -5.751510724711943 ], [ 106.617308903942643, -5.751511880874023 ], [ 106.617299887815861, -5.7515162125385 ], [ 106.617292844593578, -5.751519820935302 ], [ 106.617290873100345, -5.751521043822494 ], [ 106.617281859616739, -5.751526311253313 ], [ 106.617276121645958, -5.751528911175294 ], [ 106.617272843489417, -5.751530642910677 ], [ 106.617263822572184, -5.751533279057305 ], [ 106.617254798461687, -5.751534784859678 ], [ 106.617245775035357, -5.751536532878613 ], [ 106.617241027555394, -5.751538053478783 ], [ 106.617236755106177, -5.751539518905288 ], [ 106.617227739428785, -5.751544010088772 ], [ 106.617222030340614, -5.751547150162803 ], [ 106.617218724644218, -5.751548817394327 ], [ 106.61720970869834, -5.751553213655166 ], [ 106.617203601289177, -5.751556245236225 ], [ 106.61720069297526, -5.751557688853693 ], [ 106.617191677932155, -5.751562404818205 ], [ 106.617186670443431, -5.75156533606344 ], [ 106.617182663979591, -5.751567506900821 ], [ 106.617173649656976, -5.751572478058555 ], [ 106.617169785876328, -5.751574426759152 ], [ 106.617164633741467, -5.751576885376067 ], [ 106.617155614768365, -5.751580210341281 ], [ 106.617146594715834, -5.751583153226099 ], [ 106.617145467231595, -5.751583538521544 ], [ 106.617137576593635, -5.751586779518247 ], [ 106.617128559556647, -5.75159079004636 ], [ 106.617124552155815, -5.75159264063806 ], [ 106.617119543064462, -5.751594993494519 ], [ 106.617110527647, -5.751599577477249 ], [ 106.61710692239059, -5.751601733444152 ], [ 106.617101515167136, -5.751605201480155 ], [ 106.617093453029341, -5.75161081446027 ], [ 106.617092504628417, -5.751611512766734 ], [ 106.617083494611066, -5.751618008701768 ], [ 106.617080741256387, -5.751619893329378 ], [ 106.617074482261103, -5.75162367891631 ], [ 106.617065466115989, -5.751628005620787 ], [ 106.617062721131461, -5.751628987240702 ], [ 106.617056446582311, -5.751631132746728 ], [ 106.617047425448177, -5.751633693305616 ], [ 106.617038406545745, -5.751637043994543 ], [ 106.617036434592933, -5.751638104576004 ], [ 106.617029391530224, -5.751641770838177 ], [ 106.617020377334612, -5.751646788011358 ], [ 106.617019532060539, -5.751647195319411 ], [ 106.617011360471153, -5.751650860738084 ], [ 106.617002340872233, -5.751653965060983 ], [ 106.616994178988406, -5.75165631000806 ], [ 106.616993319897603, -5.751656582384275 ], [ 106.616984299226743, -5.751659307286978 ], [ 106.616975278411417, -5.751661981090331 ], [ 106.616966257826121, -5.751664736379196 ], [ 106.616964110220096, -5.751665438058039 ], [ 106.616957238541218, -5.751667952105933 ], [ 106.616948221123437, -5.751671828935924 ], [ 106.616941833689239, -5.751674544027232 ], [ 106.616939203581893, -5.75167566200061 ], [ 106.616930184096105, -5.751678806763282 ], [ 106.616921163009337, -5.751681384733631 ], [ 106.616914290669442, -5.751683664918281 ], [ 106.616912143378954, -5.751684478388164 ], [ 106.616903130893775, -5.751690101898767 ], [ 106.616900449071125, -5.75169274698593 ], [ 106.616894127247505, -5.751698854981236 ], [ 106.616890612351654, -5.751701817705752 ], [ 106.616885117114023, -5.751705311296683 ], [ 106.616876100632595, -5.751709520120245 ], [ 106.616872680000085, -5.751710911363898 ], [ 106.616867083099493, -5.751713356647951 ], [ 106.616858067096274, -5.7517177349043 ], [ 106.616853824876955, -5.751720007636213 ], [ 106.616849052720767, -5.751722689540858 ], [ 106.616840038373297, -5.751727654171024 ], [ 106.616837462906759, -5.751729096844048 ], [ 106.616831023804252, -5.751732540410447 ], [ 106.616822008781568, -5.751737266093632 ], [ 106.616820303318789, -5.751738188311482 ], [ 106.616812994683983, -5.751742319395392 ], [ 106.6168046748151, -5.751747275440496 ], [ 106.616803981594089, -5.75174772955709 ], [ 106.616794971278551, -5.751754122131688 ], [ 106.616791828162732, -5.751756354687394 ], [ 106.616785961590139, -5.751760736833434 ], [ 106.616779955934675, -5.751765431173288 ], [ 106.616776953467181, -5.751767905908658 ], [ 106.616768946874316, -5.751774505213449 ], [ 106.616767945983042, -5.751775301269881 ], [ 106.616758935259213, -5.751781549594949 ], [ 106.616755273257368, -5.751783586802862 ], [ 106.616749921051166, -5.751786564288148 ], [ 106.616740907139175, -5.75179168386892 ], [ 106.616739217132647, -5.751792675142258 ], [ 106.616731893922847, -5.751797049851126 ], [ 106.616724684516143, -5.751801759164928 ], [ 106.616722882116548, -5.751802915176084 ], [ 106.61671387090334, -5.751808990581839 ], [ 106.61671132965661, -5.751810839850549 ], [ 106.616704861048532, -5.75181554706537 ], [ 106.616698854463777, -5.751819918043723 ], [ 106.616695850973855, -5.751822025774316 ], [ 106.616686840003908, -5.751828187545744 ], [ 106.616685622258672, -5.751828998381463 ], [ 106.616677828842924, -5.751834281757481 ], [ 106.616672515142795, -5.751838078364617 ], [ 106.616668819561539, -5.751841041600215 ], [ 106.61666206554527, -5.751847150818519 ], [ 106.616659814567328, -5.751849319623528 ], [ 106.616654290295997, -5.751856215695598 ], [ 106.616650816714056, -5.751860126359498 ], [ 106.616646864252985, -5.751865279583303 ], [ 106.616643864925962, -5.751874330929652 ], [ 106.616643064953294, -5.751878854620535 ] ] ] } },
{ "type": "Feature", "properties": { "fid": 39.0, "ID": 38, "ELEV": -24.0 }, "geometry": { "type": "MultiLineString", "coordinates": [ [ [ 106.618286793089212, -5.750914663167757 ], [ 106.618284216382278, -5.7509156614714 ], [ 106.618282285159168, -5.750916872661588 ], [ 106.618277675409047, -5.750920201439391 ], [ 106.618273282039141, -5.750925799186076 ], [ 106.618270119725196, -5.750929265705585 ], [ 106.618264280572546, -5.750935310807864 ], [ 106.61826151115018, -5.750938332957195 ], [ 106.618255275815613, -5.750943658390069 ], [ 106.61825065022694, -5.750947406595215 ], [ 106.618246266941156, -5.750950549241025 ], [ 106.618237255400402, -5.750956487417882 ], [ 106.618237255373884, -5.750956487435691 ], [ 106.618228244134002, -5.750962541530294 ], [ 106.618224104532828, -5.750965567548619 ], [ 106.618219234019151, -5.750968993760509 ], [ 106.618211409569597, -5.750974646386489 ], [ 106.618210223895545, -5.750975442968462 ], [ 106.61820121310349, -5.750981655749524 ], [ 106.61819891761364, -5.750983724648583 ], [ 106.618192208977604, -5.750990227218181 ], [ 106.618190100211308, -5.75099279249175 ], [ 106.618183208130276, -5.750999958804947 ], [ 106.618180818245619, -5.751001861652066 ], [ 106.61817419715851, -5.751006108252394 ], [ 106.618165178887679, -5.751009675194905 ], [ 106.618161078730907, -5.751010960463133 ], [ 106.618156159405672, -5.751012813645682 ], [ 106.618147144469191, -5.751017560476949 ], [ 106.618143540172838, -5.751020053033288 ], [ 106.618138135131403, -5.751024288343828 ], [ 106.618132989750421, -5.751029125789625 ], [ 106.6181291314346, -5.75103301223897 ], [ 106.618123590170271, -5.751038195282887 ], [ 106.618120126277063, -5.751041219384924 ], [ 106.618111406276398, -5.75104727267037 ], [ 106.618111115545517, -5.751047454355666 ], [ 106.618102101065475, -5.751052363057482 ], [ 106.618094473026403, -5.751056363523317 ], [ 106.618093085958378, -5.751057049949431 ], [ 106.618084072476492, -5.751062311960769 ], [ 106.618079180229785, -5.751065449724856 ], [ 106.61807506045858, -5.75106809205167 ], [ 106.618066048536548, -5.751073906142294 ], [ 106.618064885338057, -5.751074533096852 ], [ 106.618057033712958, -5.751078693613889 ], [ 106.61804801708935, -5.751082844220911 ], [ 106.618046347404984, -5.7510836284984 ], [ 106.618039001822993, -5.751087475141315 ], [ 106.618030552566111, -5.751092716122423 ], [ 106.618029989287265, -5.751093072348665 ], [ 106.61802097867853, -5.751099351501129 ], [ 106.618017659356909, -5.75110179551964 ], [ 106.618011969543545, -5.751106152211579 ], [ 106.618006257573157, -5.75111087068831 ], [ 106.618002963068719, -5.751113894309685 ], [ 106.617996531350116, -5.751119941106459 ], [ 106.617993959686487, -5.751122730820906 ], [ 106.617988031911921, -5.751129008046473 ], [ 106.617984959937559, -5.751132853097724 ], [ 106.617979441196567, -5.75113807524521 ], [ 106.617975953669983, -5.751140668819754 ], [ 106.617966933811914, -5.751143675521055 ], [ 106.617957909294148, -5.751145033383447 ], [ 106.617948885047014, -5.75114648704113 ], [ 106.617946065777076, -5.751147212709844 ], [ 106.617939863254151, -5.751148809209422 ], [ 106.617930843286516, -5.75115177730222 ], [ 106.617921824483219, -5.75115515746188 ], [ 106.617918938732672, -5.75115633245878 ], [ 106.617912806987334, -5.751159000332351 ], [ 106.617903790599911, -5.751163235500846 ], [ 106.617899583576829, -5.751165430173736 ], [ 106.617894775657689, -5.751167982144987 ], [ 106.617885762168456, -5.751173243029875 ], [ 106.61788391379821, -5.751174517440406 ], [ 106.617876752705186, -5.751179928673415 ], [ 106.617872729122553, -5.751183591991887 ], [ 106.61786774984084, -5.75118894960455 ], [ 106.617864510106784, -5.751192658135873 ], [ 106.617858750594749, -5.751199251062971 ], [ 106.617856238026889, -5.751201724430242 ], [ 106.617849745446037, -5.751207463811677 ], [ 106.617844676409575, -5.751210800050029 ], [ 106.61784073356317, -5.751213293564894 ], [ 106.617831718995916, -5.751218173425308 ], [ 106.617828499425528, -5.751219888753622 ], [ 106.617822704731751, -5.751223160610087 ], [ 106.617813691267656, -5.751228430993436 ], [ 106.617812819079759, -5.751228976049007 ], [ 106.61780467911764, -5.751234166478958 ], [ 106.617798370280738, -5.751238059852889 ], [ 106.617795666293048, -5.751239663316198 ], [ 106.617786652082344, -5.75124466968847 ], [ 106.617782427049221, -5.751247147892936 ], [ 106.617777638255461, -5.751249811958499 ], [ 106.617768626688033, -5.751255753909409 ], [ 106.617767933535831, -5.751256231823059 ], [ 106.617759615885674, -5.751261966684424 ], [ 106.617754635994572, -5.751265312362653 ], [ 106.617750604503343, -5.751267974281299 ], [ 106.617741592077437, -5.751273612639346 ], [ 106.617740304539097, -5.751274395832926 ], [ 106.617732579682709, -5.751279262103972 ], [ 106.617726723149389, -5.751283477176739 ], [ 106.617723570009503, -5.751285874785934 ], [ 106.617716684841994, -5.75129254847678 ], [ 106.617714566310724, -5.751294601930318 ], [ 106.6177077312569, -5.751301616701885 ], [ 106.617705563829972, -5.751303760234628 ], [ 106.617696554636552, -5.751310542981911 ], [ 106.617696272914756, -5.751310692027095 ], [ 106.617687540665074, -5.751315634812513 ], [ 106.617679727827763, -5.75131978177133 ], [ 106.617678525858338, -5.751320431109159 ], [ 106.617669512202951, -5.751325634938401 ], [ 106.617663405377115, -5.751328870884137 ], [ 106.617660497199012, -5.751330361565448 ], [ 106.617651482205332, -5.751335091884874 ], [ 106.61764671058657, -5.751337961052055 ], [ 106.617642470162934, -5.751340866779492 ], [ 106.617633960832066, -5.751347040037116 ], [ 106.617633460314551, -5.751347418250059 ], [ 106.61762444782569, -5.751353035278613 ], [ 106.617617783414374, -5.751356128737918 ], [ 106.617615431064081, -5.751357140159223 ], [ 106.617606412944838, -5.751360764599879 ], [ 106.617598562161632, -5.751365226066246 ], [ 106.617597399285515, -5.751365967568241 ], [ 106.617588590732879, -5.751374297175404 ], [ 106.617588394934842, -5.751374465194044 ], [ 106.617579386902619, -5.751381659907242 ], [ 106.617576167330284, -5.751383375234593 ], [ 106.617570370403186, -5.751385857901156 ], [ 106.617561349870229, -5.751388628366497 ], [ 106.617552679657322, -5.751392484654965 ], [ 106.617552332899152, -5.751392659542534 ], [ 106.617543322003769, -5.75139884117729 ], [ 106.617539460415998, -5.751401564969393 ], [ 106.617534312025299, -5.751405347417335 ], [ 106.617526666542076, -5.751410644077956 ], [ 106.617525301194931, -5.75141155221865 ], [ 106.617516289749403, -5.751417539364139 ], [ 106.617512383656745, -5.751419727406804 ], [ 106.617507274849757, -5.75142230402623 ], [ 106.617498256886464, -5.751425984398709 ], [ 106.617490741319912, -5.751428831594874 ], [ 106.617489238439234, -5.751429493529763 ], [ 106.617480224850866, -5.751434722502303 ], [ 106.617475468904232, -5.751437917727775 ], [ 106.617471214598936, -5.751441132464858 ], [ 106.617463666847328, -5.751446994024261 ], [ 106.617462205874901, -5.75144808329694 ], [ 106.617453197460506, -5.751455143817705 ], [ 106.617452099072835, -5.751456069656577 ], [ 106.617444190938386, -5.751462874195861 ], [ 106.617441488829741, -5.751465142574824 ], [ 106.617435181809213, -5.751469681889737 ], [ 106.617428172574208, -5.751474223162575 ], [ 106.617426169699129, -5.751475434550112 ], [ 106.617417160356567, -5.751482166868023 ], [ 106.617415899594846, -5.751483300793208 ], [ 106.617408154532143, -5.751490144549094 ], [ 106.617405581305363, -5.751492372883605 ], [ 106.617399146064088, -5.751497186577504 ], [ 106.617392494337778, -5.751501452820988 ], [ 106.617390133787296, -5.75150288053629 ], [ 106.617381118393226, -5.751507471171138 ], [ 106.617374355810554, -5.751510547075364 ], [ 106.617372102323301, -5.751511822633026 ], [ 106.617363088897122, -5.751517109954031 ], [ 106.617358727469011, -5.751519634215003 ], [ 106.617354076398911, -5.751522725814158 ], [ 106.617345062009719, -5.751527672392297 ], [ 106.617342709767172, -5.751528722457858 ], [ 106.617336044421023, -5.751531486501996 ], [ 106.617327025551916, -5.751534847434901 ], [ 106.617319236780844, -5.751537831829636 ], [ 106.617318007131544, -5.751538367258678 ], [ 106.617308993175541, -5.751543467416115 ], [ 106.617304488760865, -5.751546916473285 ], [ 106.617299984298612, -5.75155036553057 ], [ 106.617293003216062, -5.751555991870559 ], [ 106.617290975437342, -5.751557269271069 ], [ 106.617281958950144, -5.751561473649306 ], [ 106.61727293649318, -5.751563564879964 ], [ 106.617263911094369, -5.751564614774686 ], [ 106.617259899854105, -5.751565128533683 ], [ 106.61725488628116, -5.751565871994211 ], [ 106.617245865964136, -5.751568720845089 ], [ 106.617236847355002, -5.751572174319803 ], [ 106.617230332731452, -5.75157425517354 ], [ 106.617227827053085, -5.75157502860562 ], [ 106.617218807483454, -5.751578142163347 ], [ 106.617209789727212, -5.75158189771104 ], [ 106.617206784416339, -5.751583364755172 ], [ 106.617200774069218, -5.751586396079934 ], [ 106.617191757861605, -5.751590699947818 ], [ 106.617188026945911, -5.751592460759193 ], [ 106.61718274187271, -5.75159508130312 ], [ 106.617173726228856, -5.751599584857002 ], [ 106.617169945722779, -5.751601554846347 ], [ 106.617164712145311, -5.751604640834437 ], [ 106.61715570074621, -5.751610638061671 ], [ 106.617155700720474, -5.751610638080206 ], [ 106.617146689988161, -5.751616880558612 ], [ 106.617141489357365, -5.751619721181578 ], [ 106.6171376751862, -5.751621682418246 ], [ 106.617128657543049, -5.751625478522459 ], [ 106.617121601278939, -5.751628820388002 ], [ 106.617119641136568, -5.751629712485697 ], [ 106.61711062527867, -5.751634140707363 ], [ 106.617103542212973, -5.751637914410864 ], [ 106.617101610099695, -5.751638809340402 ], [ 106.61709259343985, -5.751642953780108 ], [ 106.617083575811662, -5.751646755465561 ], [ 106.617082931650117, -5.751647015663647 ], [ 106.617074557734256, -5.751650398164347 ], [ 106.61706553986059, -5.751654113054991 ], [ 106.617061031377702, -5.751656120570552 ], [ 106.61705652369406, -5.751658432366583 ], [ 106.617047507521065, -5.751662749445973 ], [ 106.617041958584167, -5.751665217464593 ], [ 106.617038490556681, -5.751666786409685 ], [ 106.617029473442855, -5.751670770521055 ], [ 106.617021792658306, -5.751674317455734 ], [ 106.617020456929211, -5.751674967171613 ], [ 106.617011440036549, -5.751679029697932 ], [ 106.617002422263511, -5.75168278059357 ], [ 106.617000782519213, -5.751683419838533 ], [ 106.616993404274339, -5.751686455028231 ], [ 106.6169843861299, -5.751690074538229 ], [ 106.616978374142661, -5.751692526182784 ], [ 106.616975368286518, -5.751693800693308 ], [ 106.616966350938512, -5.751697702276908 ], [ 106.616957333187358, -5.751701461187976 ], [ 106.616956858477337, -5.751701629996795 ], [ 106.616948312547777, -5.751704197519834 ], [ 106.616939290446879, -5.751706416511666 ], [ 106.616930269469023, -5.751709033153048 ], [ 106.616926596104051, -5.751710758594202 ], [ 106.616921254029506, -5.751713610698919 ], [ 106.616913169258268, -5.75171983948707 ], [ 106.616912245225734, -5.751720537724295 ], [ 106.616903233207765, -5.751726326817815 ], [ 106.616897462400686, -5.7517289268401 ], [ 106.616894216241064, -5.751730363859272 ], [ 106.6168851986981, -5.751734196923475 ], [ 106.616877184320359, -5.751738027145157 ], [ 106.616876182600691, -5.751738541853849 ], [ 106.616867168182068, -5.751743481240327 ], [ 106.616860557650668, -5.751747117103702 ], [ 106.616858153815841, -5.751748439238688 ], [ 106.616849139134303, -5.751753285667692 ], [ 106.616843343442497, -5.751756208726635 ], [ 106.616840123775759, -5.751757892454265 ], [ 106.616831108721044, -5.751762606875674 ], [ 106.616826456518254, -5.75176529942188 ], [ 106.616822095357861, -5.751767920283614 ], [ 106.61681308375897, -5.751773858445651 ], [ 106.616812353193197, -5.751774382229873 ], [ 106.616804074301285, -5.751780554826389 ], [ 106.616800378554444, -5.751783459006368 ], [ 106.616795065923796, -5.751787633760737 ], [ 106.61678849150114, -5.751792535534556 ], [ 106.616786055977329, -5.75179415723721 ], [ 106.616777043549604, -5.751799802237317 ], [ 106.616774120546808, -5.751801619100227 ], [ 106.616768030656885, -5.751805282659556 ], [ 106.616759898425201, -5.751810702243978 ], [ 106.616759019391409, -5.751811339333116 ], [ 106.616750009114966, -5.751817746278998 ], [ 106.616746926223669, -5.751819781846154 ], [ 106.616740998363596, -5.751823985138128 ], [ 106.61673393583807, -5.751828861499667 ], [ 106.616731988126659, -5.751830406227038 ], [ 106.616722980475487, -5.751837742981613 ], [ 106.616722737005745, -5.751837936077128 ], [ 106.616713973150098, -5.751845195185944 ], [ 106.616711439041794, -5.751847010935327 ], [ 106.616704963618133, -5.751851866141008 ], [ 106.616699150790481, -5.751856088599072 ], [ 106.616695953729689, -5.751858410955021 ], [ 106.616686944463027, -5.751865166030553 ], [ 106.616686944434889, -5.751865166052682 ], [ 106.616677937935464, -5.751872911063894 ], [ 106.616676136024125, -5.75187423950144 ], [ 106.616668928695162, -5.751879685630199 ], [ 106.616664811695685, -5.751883314433803 ], [ 106.616659918191431, -5.751886012895644 ], [ 106.616655922192834, -5.751887861043414 ], [ 106.616655409684597, -5.751888023972224 ] ] ] } },
{ "type": "Feature", "properties": { "fid": 40.0, "ID": 39, "ELEV": -26.0 }, "geometry": { "type": "MultiLineString", "coordinates": [ [ [ 106.618304899805011, -5.750932358681579 ], [ 106.61830341129378, -5.750933692727554 ], [ 106.61830211447365, -5.750938217825726 ], [ 106.618300410990315, -5.750941331153172 ], [ 106.618296118817867, -5.750947277668661 ], [ 106.618291417299147, -5.750953593575778 ], [ 106.618289167964008, -5.750956340220088 ], [ 106.618282415467647, -5.750962976066332 ], [ 106.618279412881421, -5.750965410722963 ], [ 106.618273405760903, -5.750969572383239 ], [ 106.618265325304918, -5.750974493510587 ], [ 106.618264392891462, -5.750975049810771 ], [ 106.618255380449483, -5.750980678541017 ], [ 106.618251156607471, -5.750983576528006 ], [ 106.61824637043209, -5.750987165175315 ], [ 106.618239481904951, -5.750992652473545 ], [ 106.61823736344887, -5.750994725411507 ], [ 106.618228354919523, -5.751001726865921 ], [ 106.618228354886156, -5.751001726890455 ], [ 106.618219340320849, -5.751006604669842 ], [ 106.618210323932928, -5.751010820834018 ], [ 106.618210323885449, -5.751010820852243 ], [ 106.618201309081854, -5.751015614444202 ], [ 106.618193749038483, -5.751019910673095 ], [ 106.618192295125922, -5.751020708015627 ], [ 106.618183282741967, -5.751026357849359 ], [ 106.618179123249917, -5.751028994985375 ], [ 106.618174272008545, -5.75103259174616 ], [ 106.618167064815438, -5.751038072018024 ], [ 106.61816526350961, -5.751039616333394 ], [ 106.618156696850704, -5.751047144257448 ], [ 106.618156257572451, -5.751047547415586 ], [ 106.618147252082053, -5.751055636664777 ], [ 106.618146593092149, -5.75105621574766 ], [ 106.618138243417476, -5.751062602901239 ], [ 106.618134639677677, -5.751065292482152 ], [ 106.618129233662245, -5.751069183313922 ], [ 106.618121645493844, -5.751074372167393 ], [ 106.618120222992005, -5.751075440054512 ], [ 106.618111211363399, -5.751081357771341 ], [ 106.61810760593724, -5.751083454816379 ], [ 106.618102198980452, -5.751087008648669 ], [ 106.618093788152279, -5.751092536836361 ], [ 106.618093187533233, -5.751092990692201 ], [ 106.618084176837044, -5.751099238553429 ], [ 106.618080045541163, -5.751101618642991 ], [ 106.618075162975202, -5.751104366361515 ], [ 106.618066146967791, -5.751108735052924 ], [ 106.61806222716082, -5.751110712005114 ], [ 106.618057131310394, -5.751113227652324 ], [ 106.618048116821896, -5.751118133919883 ], [ 106.61804531963935, -5.751119802784374 ], [ 106.61803910345624, -5.751123437559428 ], [ 106.61803009053763, -5.751128888804679 ], [ 106.618030090507588, -5.751128888823596 ], [ 106.618021080859634, -5.751135508101816 ], [ 106.618018420342736, -5.751137964734673 ], [ 106.618012078360849, -5.75114465718189 ], [ 106.618010279391228, -5.751147030658624 ], [ 106.618003410634813, -5.751156092975684 ], [ 106.618003083291171, -5.75115643515048 ], [ 106.617994076404898, -5.751164031927246 ], [ 106.617991589032357, -5.751165169334654 ], [ 106.617985058024573, -5.751167561589072 ], [ 106.617976034500387, -5.751169271120356 ], [ 106.617967010448368, -5.751170793904723 ], [ 106.617957988312483, -5.751172994767856 ], [ 106.6179537154716, -5.751174319552885 ], [ 106.617948968560441, -5.751176039211809 ], [ 106.617939950125688, -5.751179549840853 ], [ 106.617931308913995, -5.751183425919833 ], [ 106.617930933227626, -5.75118360429955 ], [ 106.617921917971756, -5.751188239937012 ], [ 106.617914191494762, -5.751192517291425 ], [ 106.617912903757968, -5.751193244386198 ], [ 106.617903889740916, -5.751198318518372 ], [ 106.617898947978716, -5.751201603350186 ], [ 106.617894879873134, -5.751204861023083 ], [ 106.617889108883205, -5.75121067408737 ], [ 106.617885878491862, -5.751214406751361 ], [ 106.617881789747315, -5.751219737680503 ], [ 106.617876883823783, -5.75122632819741 ], [ 106.617874807335951, -5.751228800319008 ], [ 106.617867882165115, -5.751235775978317 ], [ 106.61786487863391, -5.751237871310033 ], [ 106.617858868796375, -5.751241079943403 ], [ 106.61784985077837, -5.751244738709815 ], [ 106.617844754125315, -5.751246971205172 ], [ 106.617840833324379, -5.751248597121497 ], [ 106.617831818458171, -5.751253371356772 ], [ 106.617827577430688, -5.751256062743098 ], [ 106.617822806262041, -5.751259090550075 ], [ 106.617813793119254, -5.751264474809243 ], [ 106.617812505230717, -5.75126514831472 ], [ 106.617804777300321, -5.751268912085644 ], [ 106.617795759887372, -5.751272785311076 ], [ 106.617792378377999, -5.751274248215148 ], [ 106.617786742677367, -5.751276730418692 ], [ 106.617777727595822, -5.751281428826863 ], [ 106.617774723530772, -5.751283341107413 ], [ 106.617768715839617, -5.751287304108049 ], [ 106.61776173332558, -5.751292420776074 ], [ 106.617759706294905, -5.751293962100187 ], [ 106.617750697747709, -5.751300973189604 ], [ 106.617750004724755, -5.751301496868202 ], [ 106.617741688972401, -5.751307903633492 ], [ 106.617738310885656, -5.751310572861651 ], [ 106.617732681792702, -5.75131539884928 ], [ 106.617728179630376, -5.751319644425454 ], [ 106.617723677177764, -5.751323801816704 ], [ 106.617718232053321, -5.751328715468487 ], [ 106.617714670220863, -5.751331376055693 ], [ 106.617705658697048, -5.751337334138681 ], [ 106.617704863364878, -5.751337796209271 ], [ 106.617696644910879, -5.751342491631363 ], [ 106.617687629004735, -5.751346887907793 ], [ 106.617687628973655, -5.751346887923479 ], [ 106.617678612379336, -5.751351051723782 ], [ 106.617669595855887, -5.751355240663186 ], [ 106.617668308208934, -5.751355985520255 ], [ 106.61766058311062, -5.751360766800484 ], [ 106.617654926283365, -5.751365066297777 ], [ 106.617651574496747, -5.75136775516258 ], [ 106.617644590959841, -5.751374138439174 ], [ 106.617642569120036, -5.751375889291311 ], [ 106.617633558808762, -5.751382277097206 ], [ 106.617631555172778, -5.751383218235196 ], [ 106.617624542106554, -5.751386403104282 ], [ 106.617615522805906, -5.751389609533605 ], [ 106.617609627317222, -5.751392323236212 ], [ 106.617606506646837, -5.751393927880077 ], [ 106.617597493721959, -5.751399390942664 ], [ 106.617594113784904, -5.751401410054966 ], [ 106.617588480574312, -5.751404775231416 ], [ 106.617579466610593, -5.751409870760934 ], [ 106.617578339816433, -5.751410497611643 ], [ 106.617570454988012, -5.751415794951185 ], [ 106.617565306597498, -5.751419577399384 ], [ 106.617561445499021, -5.751422474354895 ], [ 106.617552965693235, -5.751428655224587 ], [ 106.617552435627488, -5.751429018449128 ], [ 106.617543424495793, -5.751435116609874 ], [ 106.617539448808927, -5.7514377363829 ], [ 106.617534413483426, -5.751441257076155 ], [ 106.617525965117906, -5.751446817446921 ], [ 106.617525401900934, -5.751447195837533 ], [ 106.617516388311188, -5.75145242422277 ], [ 106.617510794338116, -5.751455903292662 ], [ 106.617507376832222, -5.751458399766061 ], [ 106.617499694734164, -5.751464977598787 ], [ 106.617498369904055, -5.751465986101703 ], [ 106.617489356170296, -5.751471163736358 ], [ 106.617481398209662, -5.751474072303616 ], [ 106.61748033690013, -5.751474381855837 ], [ 106.61747131655379, -5.75147721911359 ], [ 106.617462300671846, -5.751481636587247 ], [ 106.61745992913383, -5.751483176000119 ], [ 106.617453288836344, -5.751487486350268 ], [ 106.617445738007746, -5.751492259067997 ], [ 106.617444276612318, -5.751493198668634 ], [ 106.617435264414041, -5.751498920177367 ], [ 106.617431747993479, -5.751501341565631 ], [ 106.617426253948096, -5.751505254916182 ], [ 106.617419339802069, -5.75151041957971 ], [ 106.617417244675096, -5.751512011988944 ], [ 106.617408234977319, -5.75151861879171 ], [ 106.61740694770549, -5.75151949754801 ], [ 106.61739922588049, -5.751525438384968 ], [ 106.617395245452613, -5.751528573560955 ], [ 106.617390219460162, -5.751533205431577 ], [ 106.617385813864317, -5.751537643138159 ], [ 106.617381217929491, -5.751542703325482 ], [ 106.617377045362062, -5.751546710835951 ], [ 106.617372212635274, -5.751550869161673 ], [ 106.617363843072653, -5.751555791099982 ], [ 106.617363199164089, -5.751556140734378 ], [ 106.617354181410704, -5.751559896619328 ], [ 106.617345162452111, -5.751563225955949 ], [ 106.617341297888061, -5.751564897843288 ], [ 106.617336145981611, -5.751567436045453 ], [ 106.617327131947903, -5.751572508754145 ], [ 106.617324263471716, -5.751573988967588 ], [ 106.617318116144617, -5.75157695514252 ], [ 106.617309097915225, -5.751580542809072 ], [ 106.617300076335113, -5.751582944448447 ], [ 106.617299173929098, -5.751583102920692 ], [ 106.617291052379798, -5.751584505357197 ], [ 106.617282028705603, -5.751586165803536 ], [ 106.617273006872665, -5.751588478062314 ], [ 106.617263989188046, -5.751592245483315 ], [ 106.617263989150487, -5.751592245500485 ], [ 106.61725497317407, -5.751596630975579 ], [ 106.617245955907748, -5.751600559892742 ], [ 106.617243808539726, -5.751601345522362 ], [ 106.617236937991237, -5.751604258701695 ], [ 106.617227920150256, -5.751607984305853 ], [ 106.617222338136898, -5.751610449216019 ], [ 106.617218903527871, -5.751612141336893 ], [ 106.617209888479451, -5.751616855603401 ], [ 106.61720402764027, -5.751619543954015 ], [ 106.617200871990633, -5.751621060031246 ], [ 106.617191855744622, -5.751625350472062 ], [ 106.617185469933773, -5.75162863939216 ], [ 106.617182840494863, -5.751629993646854 ], [ 106.617173826875472, -5.751635214033949 ], [ 106.617169921695478, -5.75163772630131 ], [ 106.617164814509181, -5.751640878091628 ], [ 106.617155801423195, -5.751646287449288 ], [ 106.617154835559916, -5.751646811900624 ], [ 106.617146786428592, -5.751651021206954 ], [ 106.617137770906169, -5.751655568179171 ], [ 106.617137049572179, -5.751655905150677 ], [ 106.61712875443753, -5.75165978024021 ], [ 106.617119736549611, -5.75166348991888 ], [ 106.617115678082882, -5.751665008561037 ], [ 106.617110718021593, -5.751666973044884 ], [ 106.617101699242951, -5.751670367500226 ], [ 106.617092679992197, -5.751673594866026 ], [ 106.617091255917003, -5.75167412061576 ], [ 106.617083661344694, -5.75167703584543 ], [ 106.617074645310268, -5.751681401957265 ], [ 106.617071537211615, -5.751683219341198 ], [ 106.617065631639704, -5.751686604987927 ], [ 106.617056617443438, -5.751691621973455 ], [ 106.617055230372145, -5.751692308397814 ], [ 106.6170476011104, -5.751695882556485 ], [ 106.617038583305572, -5.751699622139134 ], [ 106.617034074216093, -5.751701411195643 ], [ 106.617029565044504, -5.751703200252353 ], [ 106.617020546783252, -5.751706778352795 ], [ 106.617011529017191, -5.751710517928955 ], [ 106.617011528977997, -5.751710517946129 ], [ 106.617002513453087, -5.751715064916445 ], [ 106.616993497961403, -5.751719611870139 ], [ 106.616993497928021, -5.751719611886672 ], [ 106.616984481081616, -5.751723691115009 ], [ 106.616975460917601, -5.751726595833948 ], [ 106.61696643864542, -5.751728731393424 ], [ 106.616966438580974, -5.75172873140843 ], [ 106.616957415912253, -5.75173074944505 ], [ 106.616948394534631, -5.751733224621872 ], [ 106.616939376823183, -5.751736997834978 ], [ 106.616937923075525, -5.751737855042035 ], [ 106.616930365065144, -5.751742878896115 ], [ 106.616924959498974, -5.7517469346226 ], [ 106.616921355477587, -5.751749528495434 ], [ 106.616912343420879, -5.751755303959468 ], [ 106.616910956424775, -5.751756017148413 ], [ 106.616903328364913, -5.751760017603199 ], [ 106.616894313348823, -5.751764745432227 ], [ 106.61689361987078, -5.751765109119382 ], [ 106.616885298843442, -5.751769654139634 ], [ 106.616876644456298, -5.7517742000667 ], [ 106.616876283859554, -5.751774393494134 ], [ 106.6168672688529, -5.751779124850355 ], [ 106.616859335681625, -5.751783291958215 ], [ 106.616858253857387, -5.75178386021273 ], [ 106.616849238557649, -5.751788487924518 ], [ 106.616842227486714, -5.751792383281028 ], [ 106.616840224610669, -5.751793594661406 ], [ 106.61683121322308, -5.751799607662615 ], [ 106.616828679231531, -5.75180146451679 ], [ 106.616822203499225, -5.75180620981375 ], [ 106.616816099760683, -5.751810543007421 ], [ 106.616813192602407, -5.751812396731602 ], [ 106.616804178009929, -5.751817275198094 ], [ 106.616799128806079, -5.751819633940496 ], [ 106.616795161440521, -5.751821453757344 ], [ 106.61678614634512, -5.751826154276433 ], [ 106.616781921564851, -5.751828725542691 ], [ 106.616777134922444, -5.751832155287672 ], [ 106.61677012879781, -5.751837801803682 ], [ 106.616768127379004, -5.751839529919671 ], [ 106.616759377711261, -5.75184687511315 ], [ 106.616759120392715, -5.751847101918811 ], [ 106.616750115124987, -5.751855282517941 ], [ 106.616749422495573, -5.751855946167582 ], [ 106.616741110584599, -5.751863720742235 ], [ 106.616739759998779, -5.751865016392577 ], [ 106.616732105229104, -5.751871870446466 ], [ 106.616729498009519, -5.751874088316002 ], [ 106.616723098162041, -5.751879414204865 ], [ 106.616718063472163, -5.751883163561438 ], [ 106.616714089116769, -5.75188625759944 ], [ 106.616706405319093, -5.751892239440294 ], [ 106.616705081099809, -5.751893465183563 ], [ 106.616696072332786, -5.751900407262427 ], [ 106.616695012709826, -5.751901314566673 ], [ 106.616687057689731, -5.751905268776023 ], [ 106.616686512797912, -5.751905860072977 ], [ 106.616682551025292, -5.75190793222699 ] ] ] } },
{ "type": "Feature", "properties": { "fid": 41.0, "ID": 40, "ELEV": -25.0 }, "geometry": { "type": "MultiLineString", "coordinates": [ [ [ 106.618295848274599, -5.750924157536046 ], [ 106.618295071431973, -5.750924673533651 ], [ 106.618292476908834, -5.750929202311498 ], [ 106.61829135438127, -5.750931333235906 ], [ 106.618284038454902, -5.750938269080965 ], [ 106.618282351399046, -5.750940308509488 ], [ 106.618275544957228, -5.750947336006457 ], [ 106.618273348737745, -5.750949397430587 ], [ 106.618264340235825, -5.750956410619566 ], [ 106.618264340209336, -5.750956410638101 ], [ 106.618255328288257, -5.750962223586288 ], [ 106.618250412964244, -5.750965492952284 ], [ 106.618246316878228, -5.750968217412379 ], [ 106.618237305979136, -5.750974392097913 ], [ 106.618237032899799, -5.7509745737332 ], [ 106.618228294247942, -5.750980272443494 ], [ 106.618222943208778, -5.750983656526022 ], [ 106.618219282412539, -5.750986115995619 ], [ 106.618210270358361, -5.750991882214 ], [ 106.618209084853476, -5.750992738662681 ], [ 106.618201260709554, -5.750998499567854 ], [ 106.618197696354812, -5.751001813796094 ], [ 106.618192253918977, -5.751006128293061 ], [ 106.618186120409391, -5.751010889460861 ], [ 106.618183244446143, -5.751012808072595 ], [ 106.618174230872214, -5.751018036876753 ], [ 106.618170434938733, -5.751019976777502 ], [ 106.618165217262032, -5.751023252921275 ], [ 106.618156204392605, -5.751028731131157 ], [ 106.618155730139804, -5.751029061313309 ], [ 106.618147196617556, -5.751036011935069 ], [ 106.61814489302779, -5.75103813488272 ], [ 106.618138192905647, -5.751044730478282 ], [ 106.618135680339847, -5.751047203846268 ], [ 106.618129187129924, -5.751052718874449 ], [ 106.618124567262527, -5.751056278197921 ], [ 106.618120177542721, -5.75105935875252 ], [ 106.618111164288976, -5.751064701366977 ], [ 106.618109876366916, -5.751065362693576 ], [ 106.618102149225322, -5.751069403646909 ], [ 106.618093134177968, -5.751074111758204 ], [ 106.618092533245516, -5.751074454708717 ], [ 106.618084120892277, -5.751079443267786 ], [ 106.618077434017238, -5.75108354036153 ], [ 106.618075108225383, -5.751084993809164 ], [ 106.618066094312283, -5.751090103455982 ], [ 106.618061264823055, -5.75109262904765 ], [ 106.618057079643975, -5.751094945944591 ], [ 106.618048065393083, -5.751099936201172 ], [ 106.618045060976826, -5.751101717831697 ], [ 106.618039052344685, -5.751105352018251 ], [ 106.618030330638277, -5.751110802437792 ], [ 106.618030039907339, -5.751110984123064 ], [ 106.61802102900316, -5.75111715880644 ], [ 106.618017733646923, -5.751119880995293 ], [ 106.618012021947692, -5.751124695438532 ], [ 106.618007707895643, -5.75112895226283 ], [ 106.618003020872266, -5.751134348194916 ], [ 106.61800013535435, -5.751138016575131 ], [ 106.617994186883436, -5.751147076282971 ], [ 106.617994029056717, -5.751147277686766 ], [ 106.61798502232115, -5.751154927809309 ], [ 106.617981514783622, -5.751156155052984 ], [ 106.617976001177169, -5.751157479524021 ], [ 106.617966974796573, -5.751158178267493 ], [ 106.617957948540891, -5.75115892123133 ], [ 106.617948924994721, -5.75116062301311 ], [ 106.617939904790134, -5.751163507283146 ], [ 106.617934985375854, -5.751165329809998 ], [ 106.617930886181156, -5.751166956232471 ], [ 106.617921869131791, -5.7511709571264 ], [ 106.617914586798477, -5.751174430483599 ], [ 106.617912853110681, -5.751175321941262 ], [ 106.617903837854698, -5.75117995757514 ], [ 106.617897160244212, -5.751183522731078 ], [ 106.617894823242779, -5.751184821186165 ], [ 106.617885812512696, -5.751191058536849 ], [ 106.617884097191109, -5.751192602607906 ], [ 106.617876810298981, -5.751200309693747 ], [ 106.617875661593672, -5.751201669366035 ], [ 106.617868413299803, -5.751210732758194 ], [ 106.617867813530935, -5.751211488044783 ], [ 106.617859561043559, -5.75121980069742 ], [ 106.617858810540397, -5.751220464511918 ], [ 106.617849799273358, -5.751226512200815 ], [ 106.617845472332561, -5.751228883481406 ], [ 106.617840784298664, -5.751231247895701 ], [ 106.617831769301588, -5.751235975735112 ], [ 106.617828350393268, -5.75123797486398 ], [ 106.617822756025276, -5.751241312591492 ], [ 106.617814026047029, -5.751247058315442 ], [ 106.617813744407442, -5.751247236428497 ], [ 106.617804730854715, -5.751252475597822 ], [ 106.617797157447527, -5.751256148979182 ], [ 106.617795714682032, -5.751256787667454 ], [ 106.617786697379827, -5.751260700069182 ], [ 106.617778264351344, -5.751265245381605 ], [ 106.617777682767169, -5.751265564330486 ], [ 106.617768670766708, -5.751271353101814 ], [ 106.61776428074397, -5.751274327866295 ], [ 106.617759659817267, -5.75127751389655 ], [ 106.617751325252215, -5.751283407436307 ], [ 106.617750649537442, -5.751283911742678 ], [ 106.617741638995867, -5.75129021703591 ], [ 106.61773829202744, -5.751292487226487 ], [ 106.617732628569925, -5.751296563322657 ], [ 106.617726227821677, -5.751301564269583 ], [ 106.617723620609212, -5.751303782141894 ], [ 106.617716966844995, -5.751310633366198 ], [ 106.617714618442221, -5.751313051461183 ], [ 106.617707370509251, -5.751319703413381 ], [ 106.617705612824352, -5.751321099600162 ], [ 106.617696601047726, -5.751326968210751 ], [ 106.617693181627232, -5.751328786478885 ], [ 106.617687585800837, -5.751331608746366 ], [ 106.617678570025078, -5.751336062162014 ], [ 106.617674963809023, -5.751337880964791 ], [ 106.617669554266271, -5.751340521641801 ], [ 106.617660539427618, -5.751345306834319 ], [ 106.617657860017729, -5.75134697229243 ], [ 106.617651527903163, -5.751351265035717 ], [ 106.617645590901603, -5.751356049915325 ], [ 106.617642520602743, -5.751358718270656 ], [ 106.617634413196811, -5.751365124444355 ], [ 106.617633512316303, -5.751365822616727 ], [ 106.617624497204091, -5.751370511279631 ], [ 106.61761547750055, -5.751373575033136 ], [ 106.617613909162529, -5.751374225409374 ], [ 106.617606459706465, -5.75137731463443 ], [ 106.617597448324091, -5.751383314913269 ], [ 106.617597448299733, -5.751383314928936 ], [ 106.617588438774717, -5.751389981286968 ], [ 106.617584510145761, -5.751392394431803 ], [ 106.617579425539176, -5.751395334468254 ], [ 106.617570408814288, -5.751399452734947 ], [ 106.617566046011206, -5.751401489613443 ], [ 106.617561393958823, -5.751404232708964 ], [ 106.617552621097872, -5.751410570511148 ], [ 106.617552384027988, -5.751410755735283 ], [ 106.617543375031474, -5.751417609525224 ], [ 106.617540459835155, -5.751419647826896 ], [ 106.617534363565483, -5.751423589361237 ], [ 106.617526170510672, -5.75142873117434 ], [ 106.617525351212166, -5.751429255210684 ], [ 106.617516337171338, -5.75143432386383 ], [ 106.617508496331013, -5.75143782411561 ], [ 106.617507320272765, -5.751438381105549 ], [ 106.617498304304291, -5.751442767603483 ], [ 106.617491023872461, -5.751446916484732 ], [ 106.617489291130667, -5.751448143386995 ], [ 106.61748028119824, -5.751454666446901 ], [ 106.617478417025225, -5.751455995062591 ], [ 106.61747126863925, -5.751460259918106 ], [ 106.617463457700495, -5.751465080308003 ], [ 106.617462255763627, -5.751465741389878 ], [ 106.617453246145203, -5.751472375817716 ], [ 106.617450994081267, -5.751474158479524 ], [ 106.617444236255679, -5.751478914367171 ], [ 106.617437303589398, -5.751483240128209 ], [ 106.617435223668366, -5.751484498112502 ], [ 106.617426211619431, -5.751490272484232 ], [ 106.617423637886716, -5.751492321706427 ], [ 106.617417203519693, -5.751497444774091 ], [ 106.617412339360001, -5.751501396575225 ], [ 106.617408195124511, -5.751504512575019 ], [ 106.617399384243967, -5.751510476139089 ], [ 106.617399184004086, -5.751510615830583 ], [ 106.617390171686253, -5.751516295326148 ], [ 106.617384856492691, -5.751519560159981 ], [ 106.617381160918029, -5.75152252339861 ], [ 106.617373538789607, -5.751528635082674 ], [ 106.617372153663922, -5.751529995424514 ], [ 106.617363145870854, -5.751537276762732 ], [ 106.617362394711833, -5.751537709513152 ], [ 106.617354130504708, -5.751541877564219 ], [ 106.617345111137965, -5.751545062329987 ], [ 106.61734010032248, -5.751546815545418 ], [ 106.617336091846397, -5.751548273760061 ], [ 106.617327074369157, -5.751552127453484 ], [ 106.617319862352304, -5.751555915748849 ], [ 106.617318059559892, -5.751556925606097 ], [ 106.61730904636606, -5.751562295642866 ], [ 106.617304695493715, -5.751565001579672 ], [ 106.61730003228999, -5.751567353457162 ], [ 106.617291014051347, -5.751570937868045 ], [ 106.617281992057428, -5.751573193037955 ], [ 106.617276438741442, -5.75157412450798 ], [ 106.617272968150758, -5.75157477115512 ], [ 106.617263946312335, -5.751577081436139 ], [ 106.617254928384398, -5.751580776021338 ], [ 106.617249379449646, -5.751583244041507 ], [ 106.617245911500802, -5.75158484034092 ], [ 106.617236891939257, -5.751587956754324 ], [ 106.617227871048627, -5.751590602721504 ], [ 106.617222649057567, -5.751592362641891 ], [ 106.617218851615291, -5.751593764608348 ], [ 106.61720983500291, -5.751597925149384 ], [ 106.617202261203659, -5.751601463266867 ], [ 106.61720081868728, -5.751602190799167 ], [ 106.617191803291476, -5.751606782119206 ], [ 106.617184174600141, -5.751610557369735 ], [ 106.617182787644936, -5.751611284744546 ], [ 106.617173773836427, -5.751616438094342 ], [ 106.617168858318735, -5.751619643621381 ], [ 106.617164762377953, -5.751622423441488 ], [ 106.61715600976548, -5.751628722879509 ], [ 106.617155752299837, -5.751628897513866 ], [ 106.617146739419326, -5.751634379593686 ], [ 106.617140061419107, -5.751637810921835 ], [ 106.61713772401545, -5.751638968450057 ], [ 106.617128707410885, -5.751643132312764 ], [ 106.617120082263853, -5.751646910386477 ], [ 106.617119690175684, -5.751647072980846 ], [ 106.617110671460011, -5.751650489594298 ], [ 106.61710165261286, -5.751653859709225 ], [ 106.617095639810856, -5.751656022498651 ], [ 106.617092633462093, -5.751657122391469 ], [ 106.617083614856185, -5.75166057801331 ], [ 106.617074597239139, -5.751664383768316 ], [ 106.617073094636126, -5.751665129233575 ], [ 106.61706558264828, -5.751669260911412 ], [ 106.617056859528134, -5.751674218086824 ], [ 106.617056568776846, -5.751674392815472 ], [ 106.61704755348471, -5.751679021816336 ], [ 106.617038536291716, -5.751682977929521 ], [ 106.617037814957612, -5.751683314900931 ], [ 106.617029519623728, -5.751687119959408 ], [ 106.617020502540299, -5.751691114970867 ], [ 106.617017496757327, -5.75169241532361 ], [ 106.617011484939695, -5.751694926935619 ], [ 106.617002467970252, -5.751698962415362 ], [ 106.61699712505289, -5.751701515897356 ], [ 106.61699345195251, -5.751703334881346 ], [ 106.616984435415432, -5.751707523545567 ], [ 106.616977057330772, -5.751710615609184 ], [ 106.616975417555466, -5.751711243912627 ], [ 106.616966396863049, -5.751713961525519 ], [ 106.61695737476596, -5.751716181863387 ], [ 106.616948352124368, -5.751718209462418 ], [ 106.616942839133259, -5.751719755416745 ], [ 106.616939331180674, -5.751720838231982 ], [ 106.616930314516395, -5.751724982170783 ], [ 106.616924713205563, -5.751728849624958 ], [ 106.6169213042498, -5.751731391270644 ], [ 106.61691229386058, -5.751737757039682 ], [ 106.616911983015768, -5.751737928543924 ], [ 106.616903279288991, -5.751742642093543 ], [ 106.616894262343365, -5.751746686675779 ], [ 106.616893541009048, -5.75174702364705 ], [ 106.61688524674085, -5.751751206850382 ], [ 106.616876231253144, -5.751755767732058 ], [ 106.616875563458549, -5.751756117433726 ], [ 106.616867216708343, -5.751760662525863 ], [ 106.616858869957881, -5.751765207581732 ], [ 106.616858202202565, -5.751765571195969 ], [ 106.616849187406174, -5.751770377042022 ], [ 106.61684155912512, -5.751774299478543 ], [ 106.616840172168921, -5.751775026852751 ], [ 106.616831158173341, -5.751780116365805 ], [ 106.616825925112252, -5.751783386623918 ], [ 106.616822146287419, -5.75178595290687 ], [ 106.616813401855396, -5.751792464955122 ], [ 106.616813136878804, -5.751792666662344 ], [ 106.616804127699666, -5.751799461755703 ], [ 106.616801124102295, -5.75180154259056 ], [ 106.616795115659002, -5.751805243733149 ], [ 106.616786100733549, -5.751810004348029 ], [ 106.616784937531648, -5.751810631300776 ], [ 106.616777086085222, -5.751814863155902 ], [ 106.61676953547628, -5.751819717787909 ], [ 106.616768074383415, -5.751820765326825 ], [ 106.616759065785473, -5.751827766588067 ], [ 106.61675767971775, -5.751828794227123 ], [ 106.61675005723319, -5.751834784102329 ], [ 106.616746130495969, -5.751837869797694 ], [ 106.616741050386537, -5.751842405635776 ], [ 106.616736097601901, -5.751846941071994 ], [ 106.616732045801498, -5.751850828064142 ], [ 106.61672635830385, -5.751856011514376 ], [ 106.616723040608136, -5.75185903518337 ], [ 106.616715622548526, -5.751865084779864 ], [ 106.616714032739139, -5.751866294989632 ], [ 106.616705021464824, -5.751872349093957 ], [ 106.616702487356378, -5.75187416484334 ], [ 106.616696011621954, -5.751878910139379 ], [ 106.616691034497549, -5.751883240140261 ], [ 106.616687004948361, -5.75188659347339 ], [ 106.616681329288141, -5.751892310485656 ], [ 106.616678839036396, -5.751901360389766 ], [ 106.616678456152371, -5.751905882898941 ] ] ] } },
{ "type": "Feature", "properties": { "fid": 42.0, "ID": 41, "ELEV": -28.0 }, "geometry": { "type": "MultiLineString", "coordinates": [ [ [ 106.618333168056566, -5.750951694033471 ], [ 106.618332050166345, -5.750955465072093 ], [ 106.618331729865446, -5.750956219532527 ], [ 106.618327558924463, -5.750963578682144 ], [ 106.618326242516659, -5.75096527793433 ], [ 106.618319293035768, -5.750974340482154 ], [ 106.618318563321751, -5.750975164646872 ], [ 106.618310379050641, -5.750983408600485 ], [ 106.618309560196053, -5.750984089148492 ], [ 106.61830055044787, -5.750990670743843 ], [ 106.618297753684203, -5.750992487242656 ], [ 106.618291538640577, -5.750996523915222 ], [ 106.618283491896477, -5.751001570524815 ], [ 106.618282526344345, -5.751002204172634 ], [ 106.618273515897059, -5.751008538661188 ], [ 106.618270700490314, -5.751010649637425 ], [ 106.618264506949714, -5.751015403910548 ], [ 106.618259503399244, -5.751019724229152 ], [ 106.618255499360828, -5.751022749863376 ], [ 106.618247019207601, -5.75102880247033 ], [ 106.618246489017224, -5.751029121273823 ], [ 106.618237474136194, -5.75103388739372 ], [ 106.618228456678793, -5.751037742031678 ], [ 106.61822808093217, -5.751037899011757 ], [ 106.618219440836299, -5.75104216810341 ], [ 106.618210760505647, -5.751046990965399 ], [ 106.618210426698695, -5.751047197435487 ], [ 106.618201414668647, -5.751052972519777 ], [ 106.618197210205949, -5.751056072228756 ], [ 106.61819240462539, -5.751059450627567 ], [ 106.618184557353885, -5.751065150947278 ], [ 106.618183394664811, -5.751065958069223 ], [ 106.618174385604163, -5.751072784004722 ], [ 106.618172530915416, -5.751074227889498 ], [ 106.618165377437265, -5.751079926241875 ], [ 106.618161009601934, -5.75108330339935 ], [ 106.61815637009984, -5.751087362046999 ], [ 106.618150807927989, -5.751092375167412 ], [ 106.618147366010632, -5.751095947236231 ], [ 106.6181419097923, -5.751101443239388 ], [ 106.618138363601375, -5.751105126928675 ], [ 106.61813374262907, -5.751110509238745 ], [ 106.618129365828949, -5.751115947342552 ], [ 106.618126280622761, -5.751119573238699 ], [ 106.618120360832776, -5.751124211923175 ], [ 106.618111737589317, -5.751128657315591 ], [ 106.618111345421411, -5.751128791413479 ], [ 106.618102324065688, -5.751131267675153 ], [ 106.618093305225855, -5.75113463418565 ], [ 106.618086091385365, -5.751137772872855 ], [ 106.618084288167466, -5.751138631072793 ], [ 106.618075271505418, -5.751142768258051 ], [ 106.618066254227017, -5.751146687407047 ], [ 106.618065862204801, -5.751146873070647 ], [ 106.618057238428719, -5.75115113033415 ], [ 106.618049191075727, -5.751155963180063 ], [ 106.618048225565445, -5.751156611849516 ], [ 106.618039217081744, -5.751163643105023 ], [ 106.618037579521683, -5.751165038944252 ], [ 106.618030211379548, -5.751171658662009 ], [ 106.618027482432183, -5.751174110414513 ], [ 106.618021205471607, -5.751179601511795 ], [ 106.618016006952388, -5.751183185792655 ], [ 106.618012193387472, -5.751185359031099 ], [ 106.618003175529083, -5.751189073419279 ], [ 106.617994154896309, -5.751191806141861 ], [ 106.6179926515196, -5.751192294852059 ], [ 106.617985135805029, -5.751195084371649 ], [ 106.617976120360197, -5.751199652949423 ], [ 106.617972875066158, -5.751201393763941 ], [ 106.617967106056369, -5.751204625344333 ], [ 106.617958090352644, -5.751209102441733 ], [ 106.617954768055469, -5.751210487942314 ], [ 106.617949072215964, -5.751212718672231 ], [ 106.617940051703798, -5.751215494372428 ], [ 106.617931032940064, -5.751218888817663 ], [ 106.617929697392483, -5.751219601862527 ], [ 106.617922019437557, -5.751224145071188 ], [ 106.617916567725686, -5.751228681929027 ], [ 106.617913013759036, -5.751232170017928 ], [ 106.617908104976664, -5.751237748764606 ], [ 106.617904015397144, -5.751242784171236 ], [ 106.61790081670631, -5.751246812270484 ], [ 106.617895017971748, -5.751253729829774 ], [ 106.617893089388645, -5.751255877021025 ], [ 106.617886015350422, -5.751262836926065 ], [ 106.617882548865751, -5.751264949746909 ], [ 106.617877001707441, -5.751268043889382 ], [ 106.617867982260108, -5.751271196919857 ], [ 106.617859493079266, -5.751274057952861 ], [ 106.617858962535465, -5.751274251862529 ], [ 106.617849946199314, -5.751278505960942 ], [ 106.617841653253933, -5.751283151371303 ], [ 106.617840932039314, -5.751283530210033 ], [ 106.617831916217298, -5.751287966368797 ], [ 106.617822899994309, -5.751292247378823 ], [ 106.617822899956735, -5.751292247395082 ], [ 106.617813883775071, -5.751296556400666 ], [ 106.617804867593208, -5.751300865393645 ], [ 106.617803827189888, -5.751301344291753 ], [ 106.617795850962949, -5.751305015764748 ], [ 106.617786835131312, -5.751309448820978 ], [ 106.617785145128664, -5.751310440096523 ], [ 106.617777822409025, -5.751314982294581 ], [ 106.617771314761541, -5.751319522147236 ], [ 106.617768811909215, -5.751321302355015 ], [ 106.617759803653769, -5.751328416762096 ], [ 106.617759594200024, -5.751328598216878 ], [ 106.61775079871218, -5.751336704003004 ], [ 106.617749726651027, -5.751337669033499 ], [ 106.617741791325045, -5.751344125868789 ], [ 106.617738036905621, -5.751346745015535 ], [ 106.617732779660429, -5.751350034038007 ], [ 106.617723767240676, -5.751355675038827 ], [ 106.617723536173571, -5.75135582896586 ], [ 106.617714758059066, -5.751362462085767 ], [ 106.617711348834689, -5.751364906358113 ], [ 106.617705747739478, -5.751368846490119 ], [ 106.617696733945266, -5.751373990631601 ], [ 106.61769673391521, -5.751373990648125 ], [ 106.617687719100175, -5.751378784236378 ], [ 106.617679347782129, -5.75138308276052 ], [ 106.617678703874034, -5.751383432395166 ], [ 106.617669690134534, -5.751388606755855 ], [ 106.617664389379129, -5.751392168007197 ], [ 106.617660679477595, -5.751394872128975 ], [ 106.617652185042999, -5.751401245446832 ], [ 106.617651670240505, -5.751401640081412 ], [ 106.617642660380213, -5.751408187548353 ], [ 106.617639383354529, -5.751410324579576 ], [ 106.617633650298458, -5.751414656728418 ], [ 106.617627174578871, -5.751419402031472 ], [ 106.617624641114887, -5.751421443858297 ], [ 106.617615631381454, -5.751428036471933 ], [ 106.617614963851551, -5.751428479488743 ], [ 106.617606620308052, -5.75143415492261 ], [ 106.617601421279019, -5.751437560721065 ], [ 106.617597608996618, -5.751440189200014 ], [ 106.617588921307075, -5.751446638997881 ], [ 106.617588599516736, -5.751446871783492 ], [ 106.617579587398055, -5.751452620511799 ], [ 106.617573850854484, -5.751455724560636 ], [ 106.617570572276506, -5.751457306524176 ], [ 106.617561557317401, -5.751462050088217 ], [ 106.617557206612872, -5.751464814584036 ], [ 106.617552545135212, -5.751467776549195 ], [ 106.617543816204488, -5.751473895384163 ], [ 106.617543534607321, -5.751474088587982 ], [ 106.617534522274539, -5.75147976189393 ], [ 106.617529049872502, -5.751482980084097 ], [ 106.617525508768892, -5.751485020159907 ], [ 106.617516494025693, -5.751489840471118 ], [ 106.617511986182066, -5.751492071295502 ], [ 106.617507477933216, -5.751494183294227 ], [ 106.617498460450875, -5.751498034243676 ], [ 106.617490618593067, -5.751501174705551 ], [ 106.617489442534691, -5.751501731695491 ], [ 106.617480427900432, -5.751506590816271 ], [ 106.617474523143699, -5.751510263171757 ], [ 106.617471416169352, -5.751512477559385 ], [ 106.617462405370759, -5.751518694431278 ], [ 106.617461404031005, -5.75151934320164 ], [ 106.617453393859918, -5.75152465927521 ], [ 106.617447719980674, -5.751528424832558 ], [ 106.617444382885296, -5.751530813989608 ], [ 106.617435372780335, -5.751537276597668 ], [ 106.617435072470272, -5.751537503525377 ], [ 106.617426364624919, -5.751544429327589 ], [ 106.617423662176833, -5.751546578711371 ], [ 106.617417357713009, -5.751552022287525 ], [ 106.617413537763639, -5.751555650252668 ], [ 106.617408354809569, -5.751561034152512 ], [ 106.61740491319884, -5.751564717542878 ], [ 106.617399352225064, -5.75157015901167 ], [ 106.617395532275467, -5.751573786976757 ], [ 106.617390346925973, -5.751578323120113 ], [ 106.617384444613748, -5.751582861247901 ], [ 106.617381337213757, -5.751584925252645 ], [ 106.61737232285634, -5.751589883252219 ], [ 106.617368224900403, -5.751591950064388 ], [ 106.617363306756957, -5.751594224723984 ], [ 106.617354290705762, -5.751598583312274 ], [ 106.617348962742327, -5.75160104750347 ], [ 106.617345273753671, -5.751602623068034 ], [ 106.617336255438488, -5.751606180393556 ], [ 106.617327236435344, -5.75160949425068 ], [ 106.617325432600296, -5.751610157038272 ], [ 106.617318217299413, -5.751612761157906 ], [ 106.617309197613679, -5.751615833493485 ], [ 106.617300174953456, -5.751617852984599 ], [ 106.617291149164771, -5.751618765104381 ], [ 106.617287764976822, -5.751619306639614 ], [ 106.617282124739617, -5.751620159913952 ], [ 106.617273104015482, -5.751622864843723 ], [ 106.617264087403342, -5.751627025385631 ], [ 106.617261761449484, -5.751628423182106 ], [ 106.617255074560532, -5.751632520269592 ], [ 106.617247428194702, -5.751637506649681 ], [ 106.617246062748251, -5.751638380013028 ], [ 106.617237048527642, -5.751643387315605 ], [ 106.617231038681098, -5.751646595944505 ], [ 106.617228033757783, -5.751648200258938 ], [ 106.617219018987768, -5.751653013202151 ], [ 106.617213138486377, -5.751655689520261 ], [ 106.617210002136915, -5.751657089613246 ], [ 106.617200983436547, -5.751660511362788 ], [ 106.617191965566747, -5.751664227181246 ], [ 106.617190838599626, -5.751664795564174 ], [ 106.617182950789768, -5.751669037905287 ], [ 106.617173936156675, -5.751673886311437 ], [ 106.61717393611913, -5.751673886330374 ], [ 106.617164919814684, -5.751678156458133 ], [ 106.617155903030522, -5.751682256818298 ], [ 106.617154334909841, -5.751682984706503 ], [ 106.617146887105648, -5.751686661432509 ], [ 106.617137872362505, -5.751691484443274 ], [ 106.617136790608257, -5.751692077271937 ], [ 106.617128858802417, -5.751696726325263 ], [ 106.617119843025122, -5.751701168145973 ], [ 106.617119842982177, -5.751701168164924 ], [ 106.617110823371704, -5.751704268275609 ], [ 106.617101803420553, -5.751707247831914 ], [ 106.617094137909717, -5.751710283836914 ], [ 106.617092785085447, -5.751710799540882 ], [ 106.617083766863516, -5.751714391363182 ], [ 106.617074749526438, -5.75171829649472 ], [ 106.617072290343359, -5.751719388595498 ], [ 106.61706573299135, -5.751722485595139 ], [ 106.617056718640384, -5.751727447985408 ], [ 106.61705498534748, -5.751728480480935 ], [ 106.617047707744234, -5.751733633523053 ], [ 106.617040116042716, -5.751737565463913 ], [ 106.61703869240938, -5.751738247724576 ], [ 106.617029672889672, -5.751741380438558 ], [ 106.617020652632235, -5.751744252026237 ], [ 106.617012920921354, -5.751746685374267 ], [ 106.61701163221143, -5.751747065820362 ], [ 106.617002611865558, -5.751749906184 ], [ 106.616993591421505, -5.751752711838177 ], [ 106.616984570380424, -5.751755306166542 ], [ 106.616982878953465, -5.751755813350502 ], [ 106.616975550143522, -5.751758185242833 ], [ 106.616966530637328, -5.751761323063314 ], [ 106.616957963874071, -5.751764926797894 ], [ 106.616957513018221, -5.751765129031875 ], [ 106.616948499246249, -5.751770297115884 ], [ 106.616942705794088, -5.751774012880646 ], [ 106.6169394872027, -5.751776077198769 ], [ 106.616930474755108, -5.751781714303564 ], [ 106.616928221567449, -5.751783096770366 ], [ 106.616921462817928, -5.751787532193311 ], [ 106.616914626830081, -5.751792178139442 ], [ 106.616912451948508, -5.751793728196734 ], [ 106.616903441093442, -5.751799929350061 ], [ 106.616901278058904, -5.751801258811364 ], [ 106.616894428087434, -5.751805369043725 ], [ 106.616885413182018, -5.751810136309009 ], [ 106.616885003388134, -5.751810347773612 ], [ 106.616876397396823, -5.751814592146613 ], [ 106.61686738155926, -5.751819029505214 ], [ 106.616866630344092, -5.751819442681206 ], [ 106.616858367192108, -5.751823987539066 ], [ 106.616850740663295, -5.751828530551911 ], [ 106.616849353837409, -5.751829304101113 ], [ 106.616840339667348, -5.751834332046894 ], [ 106.616834209659388, -5.751837620239445 ], [ 106.616831324776342, -5.751839104796164 ], [ 106.616822309508095, -5.751843744040286 ], [ 106.616816298981675, -5.751846713835798 ], [ 106.616813294300258, -5.751848404736791 ], [ 106.616804282958384, -5.751854434313556 ], [ 106.616802645294584, -5.751855795370128 ], [ 106.616795278771505, -5.751862997336538 ], [ 106.616793478379577, -5.751864864191627 ], [ 106.61678627616179, -5.751872118886578 ], [ 106.616784306335845, -5.751873933027589 ], [ 106.616777268932154, -5.751879604752578 ], [ 106.616772441911465, -5.751883009491896 ], [ 106.616768257930786, -5.751885755223429 ], [ 106.616759246840857, -5.75189187441539 ], [ 106.616758946499885, -5.751892090577154 ], [ 106.616750237213111, -5.751898511407157 ], [ 106.616746633356414, -5.751901168312497 ], [ 106.616741227880311, -5.751905252920385 ], [ 106.616735034983648, -5.751910244022533 ], [ 106.61673222034706, -5.751912631696559 ], [ 106.616723522191435, -5.751919319489963 ], [ 106.616723211810481, -5.751919655296764 ], [ 106.616714205200481, -5.751927361152038 ], [ 106.616709692832103, -5.751928004909897 ] ] ] } },
{ "type": "Feature", "properties": { "fid": 43.0, "ID": 42, "ELEV": -27.0 }, "geometry": { "type": "MultiLineString", "coordinates": [ [ [ 106.618322985685694, -5.750942680064819 ], [ 106.618322985678887, -5.750942680079913 ], [ 106.618319236670118, -5.750947212116419 ], [ 106.618318488966722, -5.750948858375412 ], [ 106.618312095056979, -5.750956275208939 ], [ 106.618309490120694, -5.750959296893493 ], [ 106.618304414293164, -5.750965339830229 ], [ 106.618300490023074, -5.75096929271731 ], [ 106.618294662634653, -5.750974410323627 ], [ 106.618291482978336, -5.750976830777021 ], [ 106.618282471356451, -5.750982749529038 ], [ 106.618281228138557, -5.750983491259786 ], [ 106.618273458476111, -5.75098822310897 ], [ 106.618266549038722, -5.750992575724842 ], [ 106.618264446510267, -5.750994020312539 ], [ 106.61825543910038, -5.751001429507038 ], [ 106.618255202132715, -5.751001650741213 ], [ 106.618246657210207, -5.751010717812458 ], [ 106.618246437584034, -5.751010923958801 ], [ 106.618237429837279, -5.751018214148889 ], [ 106.618234294007834, -5.751019795710299 ], [ 106.618228412612581, -5.751022151047278 ], [ 106.618219392593318, -5.751025099255016 ], [ 106.618210374018503, -5.75102855856735 ], [ 106.618209589914187, -5.751028908599917 ], [ 106.618201357456002, -5.751032729919694 ], [ 106.618192342977338, -5.751037638622657 ], [ 106.61819179681855, -5.751038001893214 ], [ 106.618183334144931, -5.751044545130933 ], [ 106.61818024584872, -5.751047077487266 ], [ 106.618174326667443, -5.751051931126612 ], [ 106.618169458395641, -5.751056150916323 ], [ 106.618165319929403, -5.751059578831112 ], [ 106.618158503618275, -5.751065224819694 ], [ 106.618156312445265, -5.751066962646078 ], [ 106.618147302823388, -5.751073590162029 ], [ 106.618146273001926, -5.751074302340395 ], [ 106.618138293403973, -5.751080289391824 ], [ 106.618134174898557, -5.751083379485221 ], [ 106.618129285962951, -5.751087688713375 ], [ 106.618123554134257, -5.751092452441175 ], [ 106.618120279861628, -5.751095562146281 ], [ 106.618112880550328, -5.751101525546781 ], [ 106.618111272938464, -5.751103144880591 ], [ 106.618102641837496, -5.751110597419294 ], [ 106.618102266401806, -5.751110864455689 ], [ 106.618093253980376, -5.751116501895102 ], [ 106.618087244070651, -5.751119683919021 ], [ 106.618084238370358, -5.751121011184394 ], [ 106.618075219955415, -5.751124528040286 ], [ 106.61806620200467, -5.751128209206955 ], [ 106.61806491385795, -5.751128790073593 ], [ 106.618057184937484, -5.751132203061901 ], [ 106.61804816949855, -5.751136773112907 ], [ 106.61804616634997, -5.751137886069802 ], [ 106.618039156271621, -5.751142125930502 ], [ 106.618032180258069, -5.751146968566095 ], [ 106.618030145982189, -5.751148518227518 ], [ 106.618021640474069, -5.751156041291315 ], [ 106.618021140170001, -5.751156494862705 ], [ 106.618012796786502, -5.751165109207735 ], [ 106.618012137796313, -5.751165688290534 ], [ 106.618003129106228, -5.751172646769501 ], [ 106.618000020234575, -5.751174188274322 ], [ 106.617994112511482, -5.751176808274179 ], [ 106.617985091839572, -5.75117952711294 ], [ 106.617976070998239, -5.75118218605161 ], [ 106.617972791124274, -5.751183308315301 ], [ 106.61796705287523, -5.751185806920971 ], [ 106.617958035976329, -5.751189861005639 ], [ 106.61795172332458, -5.751192410887548 ], [ 106.617949018110409, -5.751193572953945 ], [ 106.617940000364058, -5.751197327266508 ], [ 106.617930983334304, -5.75120133521521 ], [ 106.617930636586053, -5.751201513512892 ], [ 106.617921967837319, -5.751205885606095 ], [ 106.617914117783329, -5.751210603187531 ], [ 106.617912954996825, -5.751211376103369 ], [ 106.617903947658235, -5.751218813620661 ], [ 106.617903069267413, -5.751219677353647 ], [ 106.617895152554539, -5.751228742641048 ], [ 106.617894948091944, -5.751229001593284 ], [ 106.617888299847365, -5.751237804911979 ], [ 106.617885952701016, -5.751240667212866 ], [ 106.617880101789424, -5.751246870996907 ], [ 106.617876949353715, -5.751249517421041 ], [ 106.617867934910521, -5.751254441192578 ], [ 106.61786366261822, -5.751255960444905 ], [ 106.617858915290341, -5.751257533020432 ], [ 106.617849895832592, -5.75126068237731 ], [ 106.617840879403218, -5.751264903458607 ], [ 106.617840588625668, -5.751265068701692 ], [ 106.617831866324863, -5.751270310455114 ], [ 106.617825469974534, -5.75127415440535 ], [ 106.617822853031868, -5.751275641566735 ], [ 106.617813838360817, -5.751280485070553 ], [ 106.617808161648952, -5.751283246316152 ], [ 106.617804822395399, -5.751284870583722 ], [ 106.617795805807518, -5.751289035874469 ], [ 106.617788592443219, -5.751292344635785 ], [ 106.617786789095049, -5.751293157133202 ], [ 106.617777774323827, -5.751297965435265 ], [ 106.617772517583987, -5.751301433049146 ], [ 106.617768763025936, -5.751304002987468 ], [ 106.61776041368195, -5.751310510205397 ], [ 106.617759754479863, -5.751311014464978 ], [ 106.617750746469184, -5.751318215499481 ], [ 106.61774907064769, -5.751319585204612 ], [ 106.617741740291109, -5.75132606516899 ], [ 106.617738874958562, -5.751328656951253 ], [ 106.617732734046498, -5.751333891386057 ], [ 106.617727779309945, -5.751337731248955 ], [ 106.617723724235645, -5.751340455600208 ], [ 106.617714712598499, -5.751346373567549 ], [ 106.617714019337697, -5.751346813099158 ], [ 106.617705701407459, -5.751352449488365 ], [ 106.617700036168984, -5.751355895581841 ], [ 106.617696688639668, -5.751357967461991 ], [ 106.617687673352208, -5.751362593779976 ], [ 106.617682471466679, -5.751364988216798 ], [ 106.617678656807769, -5.751366775308645 ], [ 106.61766964115472, -5.751371272364824 ], [ 106.617665263886863, -5.751374079839048 ], [ 106.617660629442355, -5.751377164132061 ], [ 106.617653122735589, -5.75138315709949 ], [ 106.617651621339917, -5.751384333573043 ], [ 106.617642613125327, -5.751391463404102 ], [ 106.617641427373471, -5.751392233096137 ], [ 106.617633601055331, -5.751397228840997 ], [ 106.617625487110914, -5.751401321125224 ], [ 106.617624585767871, -5.751401855624152 ], [ 106.617615571945521, -5.751407000999629 ], [ 106.61760997776986, -5.751410407932524 ], [ 106.61760655962604, -5.7514126783425 ], [ 106.617597546611989, -5.751418109932438 ], [ 106.617595209846783, -5.751419492637954 ], [ 106.617588534095091, -5.7514237175481 ], [ 106.617581387384064, -5.751428574663193 ], [ 106.617579523304926, -5.751429936362946 ], [ 106.617570513083379, -5.751436356508351 ], [ 106.617568582108717, -5.751437653804992 ], [ 106.617561501219086, -5.751442195318879 ], [ 106.617554420329199, -5.75144673679161 ], [ 106.617552489111162, -5.751447947970635 ], [ 106.617543478990299, -5.751454403987512 ], [ 106.617541444324019, -5.751455816416959 ], [ 106.617534468005232, -5.751460554202154 ], [ 106.617527386559487, -5.751464899108317 ], [ 106.617525455267241, -5.75146608407587 ], [ 106.61751644419536, -5.751472203717535 ], [ 106.617514127632433, -5.751473979535199 ], [ 106.617507433205517, -5.751478352469051 ], [ 106.617499020060521, -5.751483065201712 ], [ 106.617498418961461, -5.751483349500285 ], [ 106.617489399852843, -5.751486624834087 ], [ 106.617480379892498, -5.75148959874164 ], [ 106.617473714030794, -5.751492179774256 ], [ 106.617471361906667, -5.751493271572837 ], [ 106.617462348434316, -5.751498541987186 ], [ 106.617457841983608, -5.751501267606793 ], [ 106.617453335961898, -5.751504166389807 ], [ 106.617444323562808, -5.751509816824043 ], [ 106.617443478648283, -5.751510351162844 ], [ 106.617435312538504, -5.751515953939458 ], [ 106.617430397790997, -5.751519431083722 ], [ 106.617426302547798, -5.751522456972765 ], [ 106.617418353464288, -5.751528508066581 ], [ 106.61741729361114, -5.751529333165202 ], [ 106.617408285212704, -5.751536399955082 ], [ 106.617406899587266, -5.751537583375793 ], [ 106.617399280326651, -5.75154471006097 ], [ 106.617397439104252, -5.751546653035074 ], [ 106.617390279863614, -5.751554585832423 ], [ 106.617389182062198, -5.751555719283422 ], [ 106.617381275667611, -5.751563140387673 ], [ 106.617378950429, -5.75156479112819 ], [ 106.617372264794298, -5.751569331519423 ], [ 106.61736362546354, -5.751573877408497 ], [ 106.617363249856353, -5.751574083996726 ], [ 106.617354234608612, -5.751578726882966 ], [ 106.617346346801611, -5.751582969225677 ], [ 106.617345219941313, -5.751583575288592 ], [ 106.617336204940571, -5.751588305724554 ], [ 106.617328418352059, -5.751592062884089 ], [ 106.617327188673769, -5.751592588083344 ], [ 106.617318169426397, -5.751595815452016 ], [ 106.617309148146404, -5.751598323377459 ], [ 106.617300123937881, -5.751599794716028 ], [ 106.617291098592574, -5.751600863689971 ], [ 106.617289093245304, -5.751601217182765 ], [ 106.617282074858608, -5.751602503066485 ], [ 106.617273055010742, -5.751605518087608 ], [ 106.617264037785574, -5.751609461544603 ], [ 106.617262159374349, -5.751610336361733 ], [ 106.617255022060448, -5.751613936048508 ], [ 106.617246008633174, -5.751619224023611 ], [ 106.617245633012999, -5.751619426044538 ], [ 106.617236994571172, -5.751624287384388 ], [ 106.617229155782212, -5.751628515587771 ], [ 106.617227979862221, -5.751629121789551 ], [ 106.617218965070919, -5.75163392711399 ], [ 106.617211998976842, -5.751637607056573 ], [ 106.617209949893365, -5.751638595768703 ], [ 106.617200931039974, -5.751641963257585 ], [ 106.61719191163111, -5.751645134159417 ], [ 106.617188476711831, -5.751646716564411 ], [ 106.617182894998678, -5.751649287958347 ], [ 106.617173881225426, -5.751654453970682 ], [ 106.617171544375182, -5.751655807396186 ], [ 106.617164867379074, -5.75165959417402 ], [ 106.617155851431065, -5.751663990444419 ], [ 106.617153973117652, -5.751664900038241 ], [ 106.617146835397676, -5.751668356557186 ], [ 106.617137819501679, -5.751672771362565 ], [ 106.617135189696612, -5.751673996115017 ], [ 106.617128803330417, -5.751677088782405 ], [ 106.617119787104969, -5.751681387072312 ], [ 106.617115922636856, -5.751683093561891 ], [ 106.617110770121229, -5.751685416985395 ], [ 106.617101751801201, -5.751688973887072 ], [ 106.617093234135226, -5.751692200703976 ], [ 106.617092733084817, -5.751692390520986 ], [ 106.617083714583359, -5.75169588330022 ], [ 106.617074697780154, -5.751699977335086 ], [ 106.617072068261294, -5.751701303530584 ], [ 106.617065681560263, -5.751704277943124 ], [ 106.61705666478079, -5.751708380495222 ], [ 106.617051960038609, -5.751710403359487 ], [ 106.617047647895419, -5.751712445618101 ], [ 106.617038631234536, -5.751716590268564 ], [ 106.617031416805844, -5.751719504420545 ], [ 106.617029613382726, -5.751720313356593 ], [ 106.617020595859159, -5.751724152710345 ], [ 106.617011579019888, -5.751728234377607 ], [ 106.617010794973694, -5.751728605703766 ], [ 106.617002562283588, -5.751732352553899 ], [ 106.616993543994795, -5.751735921155509 ], [ 106.616988583440346, -5.751737711491064 ], [ 106.616984524678955, -5.751739126195162 ], [ 106.616975503428449, -5.751741646334573 ], [ 106.616966481598382, -5.751743961324421 ], [ 106.616957460903066, -5.751746678109063 ], [ 106.616957009944031, -5.751746843805721 ], [ 106.616948443180846, -5.751750447540117 ], [ 106.616939430346321, -5.751755936466493 ], [ 106.616939430315242, -5.751755936486674 ], [ 106.616930419785987, -5.751762252681606 ], [ 106.616926214361683, -5.751765016762403 ], [ 106.616921407602135, -5.751767983147722 ], [ 106.616912393951864, -5.751773194499792 ], [ 106.61691078432753, -5.751774103331682 ], [ 106.616903380978997, -5.751778645752756 ], [ 106.616895703005696, -5.751783188912601 ], [ 106.616894367827712, -5.751784033909636 ], [ 106.616885353987755, -5.751789178306874 ], [ 106.616879474677688, -5.751792277743265 ], [ 106.616876339040644, -5.751793930778623 ], [ 106.616867323693555, -5.751798541695255 ], [ 106.616861836166706, -5.75180137056929 ], [ 106.616858308565554, -5.751803230238913 ], [ 106.61684929464387, -5.751808345958533 ], [ 106.616846187375103, -5.751810457757205 ], [ 106.616840283570326, -5.751814470170626 ], [ 106.616832826111505, -5.751819538463334 ], [ 106.616831272243729, -5.751820504857924 ], [ 106.616822258428527, -5.75182565848865 ], [ 106.616816488662408, -5.751828627601943 ], [ 106.616813242806302, -5.751830172377296 ], [ 106.616804225887279, -5.751834227166437 ], [ 106.616797290844517, -5.751837724844668 ], [ 106.616795211059753, -5.751839022561166 ], [ 106.616786202736165, -5.751846120882867 ], [ 106.616785430780567, -5.751846801296633 ], [ 106.616777199053942, -5.751854862685971 ], [ 106.616776073334108, -5.751855870657731 ], [ 106.616768192919253, -5.751862736223348 ], [ 106.616765578003296, -5.751864943242738 ], [ 106.61675918487839, -5.751869934912285 ], [ 106.616754117938939, -5.751874018561016 ], [ 106.616750176386219, -5.751876973896893 ], [ 106.61674271300339, -5.751883093722967 ], [ 106.61674116871545, -5.751884303803831 ], [ 106.616732160846411, -5.751891563599287 ], [ 106.616731410174751, -5.751892168595491 ], [ 106.616723153402816, -5.751898974115691 ], [ 106.616720795219962, -5.75190124151897 ], [ 106.616714150796724, -5.751908097610808 ], [ 106.616711899939759, -5.751910309570096 ], [ 106.616707547299782, -5.751919364750812 ], [ 106.616706585762216, -5.751923888899407 ] ] ] } },
{ "type": "Feature", "properties": { "fid": 44.0, "ID": 43, "ELEV": -29.0 }, "geometry": { "type": "MultiLineString", "coordinates": [ [ [ 106.618351156986151, -5.750960685865227 ], [ 106.618350128254178, -5.750963031489404 ], [ 106.618348406780768, -5.750965215084705 ], [ 106.6183456390674, -5.750971872078306 ], [ 106.618343562377646, -5.750974271663454 ], [ 106.618336642290259, -5.750983042416335 ], [ 106.618336405523763, -5.750983334799476 ], [ 106.618327905939594, -5.750992401742948 ], [ 106.61832764106866, -5.750992640468329 ], [ 106.618318632066305, -5.750999485863785 ], [ 106.618315735732381, -5.751001479094828 ], [ 106.61830962043517, -5.751005401305155 ], [ 106.618301574013941, -5.751010562093663 ], [ 106.618300608461809, -5.751011195741513 ], [ 106.618291597420267, -5.751017319928702 ], [ 106.618288179430806, -5.751019642917004 ], [ 106.618282586633384, -5.751023534285319 ], [ 106.61827537860357, -5.751028722056519 ], [ 106.618273576367002, -5.751029932871453 ], [ 106.618264564256677, -5.751035679147029 ], [ 106.618261023403434, -5.751037805603333 ], [ 106.618255550826234, -5.7510409584364 ], [ 106.618246536230956, -5.751045825670286 ], [ 106.618244455808991, -5.751046895423169 ], [ 106.618237521833905, -5.751050763107085 ], [ 106.618228508269823, -5.751055983484513 ], [ 106.618228508236456, -5.751055983505156 ], [ 106.618219496220661, -5.751061763581061 ], [ 106.618214690424111, -5.751065065506887 ], [ 106.618210485185713, -5.751067890754282 ], [ 106.618201473400745, -5.751073752650247 ], [ 106.618200851859683, -5.751074147587793 ], [ 106.618192461566252, -5.751079597083349 ], [ 106.618187547263219, -5.751083228154456 ], [ 106.618183452636515, -5.751086469342221 ], [ 106.618176697855944, -5.751092301759464 ], [ 106.618174446683682, -5.751094394959049 ], [ 106.618167146113095, -5.751101371684966 ], [ 106.618165442425905, -5.751102920409375 ], [ 106.618157592794958, -5.751110441614857 ], [ 106.618156438057696, -5.751111406880235 ], [ 106.618147432034121, -5.751119307743393 ], [ 106.618147227422313, -5.751119513847145 ], [ 106.618138426312811, -5.751127315651644 ], [ 106.618137113270905, -5.751128585367033 ], [ 106.618129417248639, -5.751134140865079 ], [ 106.61812272044412, -5.751137669018325 ], [ 106.618120401871721, -5.751138732549061 ], [ 106.618111382316215, -5.751141845804852 ], [ 106.61810236428353, -5.751145497924151 ], [ 106.618099828666416, -5.751146776766525 ], [ 106.618093351120905, -5.751150873267122 ], [ 106.618084938766742, -5.751155861826504 ], [ 106.618084337957313, -5.751156248339592 ], [ 106.61807532296298, -5.7511609757025 ], [ 106.618067434423594, -5.751164954298839 ], [ 106.618066307603883, -5.751165574064485 ], [ 106.618057296441705, -5.751171657509098 ], [ 106.618054382205145, -5.751174034147987 ], [ 106.618048291179875, -5.751179828798669 ], [ 106.6180448484224, -5.751183104021414 ], [ 106.618039287459155, -5.751188545493761 ], [ 106.618035084490458, -5.751192174547285 ], [ 106.618030279134047, -5.751195633060138 ], [ 106.618021265039843, -5.751200679356794 ], [ 106.618019761925325, -5.751201260832863 ], [ 106.61801224575953, -5.751203890646059 ], [ 106.618003225339379, -5.751206698648414 ], [ 106.617994205811641, -5.751209822475474 ], [ 106.617993029754544, -5.751210379466153 ], [ 106.617985190450597, -5.751214420741623 ], [ 106.617976523613521, -5.751219469106498 ], [ 106.617976177003086, -5.751219696165656 ], [ 106.617967162937916, -5.751224753108383 ], [ 106.617958143818043, -5.75122802147547 ], [ 106.617956210692725, -5.751228569539077 ], [ 106.617949123314048, -5.751230800113738 ], [ 106.617940103782644, -5.751233922956859 ], [ 106.617932966919213, -5.751237678280239 ], [ 106.617931089925406, -5.751239053708819 ], [ 106.617923211879429, -5.751246748779719 ], [ 106.617922086848523, -5.75124799928259 ], [ 106.617915470436586, -5.751255813570511 ], [ 106.617913088524219, -5.75125862671892 ], [ 106.617908090423541, -5.751264877336603 ], [ 106.617904091052452, -5.751269555952589 ], [ 106.617900234166484, -5.751273942452819 ], [ 106.617895089329224, -5.751278980851139 ], [ 106.617889081829802, -5.751283016913381 ], [ 106.61788607694433, -5.751284633044611 ], [ 106.61787705689315, -5.751287572444603 ], [ 106.617868035528531, -5.751290047099357 ], [ 106.617862814468182, -5.751292134224446 ], [ 106.617859017358086, -5.751293652129699 ], [ 106.617850000980127, -5.751297891525611 ], [ 106.617842271859985, -5.75130123530532 ], [ 106.617840983584628, -5.751301770901417 ], [ 106.617831964402725, -5.751305018156328 ], [ 106.617822945587378, -5.751308395176383 ], [ 106.617818617455512, -5.751310345207233 ], [ 106.617813928816886, -5.751312495887628 ], [ 106.617804912610438, -5.751316796256096 ], [ 106.617799761040914, -5.751319441506768 ], [ 106.617795898146056, -5.751321713177505 ], [ 106.617786885373917, -5.751327229021567 ], [ 106.617784914093363, -5.75132852643967 ], [ 106.617777874933722, -5.751333570188272 ], [ 106.617772414579477, -5.75133760471777 ], [ 106.61776886555343, -5.751340286519104 ], [ 106.617761319307277, -5.751346679014954 ], [ 106.6177598584636, -5.751347813502707 ], [ 106.617750849160174, -5.75135455720446 ], [ 106.61774904688744, -5.751355756648983 ], [ 106.617741837256347, -5.751360380718229 ], [ 106.61773507858473, -5.751364839090287 ], [ 106.61773282630395, -5.751366541012782 ], [ 106.617723818800769, -5.751373913853398 ], [ 106.617723818777662, -5.751373913871925 ], [ 106.617714808671309, -5.751380373735327 ], [ 106.617710447519329, -5.751382994601919 ], [ 106.617705795054874, -5.751385591460228 ], [ 106.617696780372555, -5.751390432032551 ], [ 106.617693775589032, -5.751392084706627 ], [ 106.617687766951093, -5.75139571889093 ], [ 106.617679045236187, -5.751401169307232 ], [ 106.617678754561737, -5.75140137108757 ], [ 106.617669745314927, -5.751408135520462 ], [ 106.617667015401111, -5.751410246252513 ], [ 106.617660737302387, -5.751415336855885 ], [ 106.617655670094294, -5.751419321257243 ], [ 106.617651729174383, -5.751422497413221 ], [ 106.61764417364985, -5.751428396690264 ], [ 106.617642720855883, -5.751429590640872 ], [ 106.617633714083695, -5.75143723120961 ], [ 106.617633423513823, -5.75143747000765 ], [ 106.617624706121617, -5.751444450745756 ], [ 106.617621910139249, -5.751446545488407 ], [ 106.617615696831805, -5.751451200459247 ], [ 106.617609356031878, -5.751455623919086 ], [ 106.617606686369371, -5.751457535245679 ], [ 106.617597676234226, -5.751463985948152 ], [ 106.617596549688329, -5.751464703064576 ], [ 106.617588663048636, -5.75146935710237 ], [ 106.617579645519228, -5.751473190956273 ], [ 106.617578142475764, -5.751473798085831 ], [ 106.617570627264456, -5.751476768140162 ], [ 106.617561612305082, -5.751481511704288 ], [ 106.617559436952774, -5.751482893952218 ], [ 106.617552599862648, -5.751487146146101 ], [ 106.617545332561349, -5.751491976776285 ], [ 106.617543588495451, -5.75149316121322 ], [ 106.617534576034899, -5.751498789390404 ], [ 106.617530415493633, -5.751501061903632 ], [ 106.617525561742468, -5.751503769267106 ], [ 106.61751654500361, -5.75150788334396 ], [ 106.617511134399436, -5.751510159400332 ], [ 106.617507527853775, -5.75151185200989 ], [ 106.617498512229687, -5.751516360756953 ], [ 106.617493464538143, -5.751519252329639 ], [ 106.617489499463929, -5.751521881241223 ], [ 106.617480489359622, -5.751528331951959 ], [ 106.61748048932624, -5.751528331976494 ], [ 106.617471480032947, -5.75153508165389 ], [ 106.617468262189817, -5.751537409453954 ], [ 106.617462470394699, -5.751541709318417 ], [ 106.617456035053038, -5.751546486955699 ], [ 106.61745346092863, -5.75154839801104 ], [ 106.617444450789961, -5.751554848711961 ], [ 106.617443485470247, -5.751555565371211 ], [ 106.617435441777687, -5.751561698186707 ], [ 106.617431955232078, -5.751564640897393 ], [ 106.617426435640908, -5.751569565523504 ], [ 106.617422320109327, -5.751573711052081 ], [ 106.617417431474593, -5.751578130394653 ], [ 106.617412285538038, -5.751582782338848 ], [ 106.617408425630842, -5.751586101629991 ], [ 106.617401328624098, -5.751591856239712 ], [ 106.617399417604105, -5.751593300282619 ], [ 106.617390406351973, -5.751599357371822 ], [ 106.61738752174422, -5.751600938218049 ], [ 106.617381392153845, -5.751604371772872 ], [ 106.617372375586427, -5.751608547609748 ], [ 106.617369096734777, -5.751610033285099 ], [ 106.617363358763896, -5.751612633208074 ], [ 106.617354340676485, -5.751616271134786 ], [ 106.617345822008616, -5.75161914209684 ], [ 106.617345320866633, -5.751619299431905 ], [ 106.617336299671592, -5.751621837467686 ], [ 106.617327279335726, -5.751624679662258 ], [ 106.617318261131302, -5.75162826305551 ], [ 106.617318261093729, -5.751628263069747 ], [ 106.617309241839962, -5.75163148838942 ], [ 106.617300219340521, -5.751633564875282 ], [ 106.617291194521925, -5.751634820472994 ], [ 106.617282170777472, -5.751636456315998 ], [ 106.617279164067213, -5.751637416707917 ], [ 106.617273150849869, -5.751639443281979 ], [ 106.61726413567726, -5.751644113474517 ], [ 106.61726042491037, -5.751646512662572 ], [ 106.61725512455827, -5.751650218643254 ], [ 106.61724695780093, -5.751655593675542 ], [ 106.617246113086324, -5.751656198938713 ], [ 106.617237100687277, -5.751661851132555 ], [ 106.617232052812057, -5.751664678763306 ], [ 106.617228086875485, -5.751667003300372 ], [ 106.617219070525948, -5.751671257201481 ], [ 106.61721320920455, -5.751673775012875 ], [ 106.617210053361177, -5.751675222583184 ], [ 106.617201037258695, -5.751679564053921 ], [ 106.617194480501084, -5.751682870936351 ], [ 106.617192021736528, -5.751684111012746 ], [ 106.617183006062803, -5.751688604385252 ], [ 106.617175706914836, -5.751691966986571 ], [ 106.61717398947907, -5.751692775679313 ], [ 106.617164973104863, -5.751697021200716 ], [ 106.617157133786193, -5.751701062468255 ], [ 106.617155957945158, -5.751701696710771 ], [ 106.617146944123306, -5.751706845890824 ], [ 106.617141397548281, -5.751710149910054 ], [ 106.617137930125494, -5.75171193284955 ], [ 106.617128912726216, -5.751715815733819 ], [ 106.617119892676641, -5.751718760442636 ], [ 106.617118088387912, -5.751719258812191 ], [ 106.617110871248087, -5.751721217026206 ], [ 106.617101851196679, -5.751724161176696 ], [ 106.617092832834487, -5.751727703374581 ], [ 106.617091264562191, -5.751728377673501 ], [ 106.617083816137324, -5.751731835072453 ], [ 106.617074801504259, -5.751736697553996 ], [ 106.617073558371416, -5.751737470696406 ], [ 106.617065790232814, -5.751742750175157 ], [ 106.61706115779873, -5.751746548684032 ], [ 106.617056782278681, -5.751749977265686 ], [ 106.617047769907984, -5.751755629469311 ], [ 106.617047769875796, -5.751755629487863 ], [ 106.617038751483648, -5.751759161446878 ], [ 106.617029730130042, -5.751761645018925 ], [ 106.617020707335939, -5.751763618657685 ], [ 106.617016196455609, -5.751764761787126 ], [ 106.617011685492699, -5.751765928967286 ], [ 106.617002663930009, -5.751768338637975 ], [ 106.616993643406857, -5.751771116378288 ], [ 106.616984622948024, -5.751773894103629 ], [ 106.616984622883592, -5.751773894124852 ], [ 106.616975603668024, -5.751777134887207 ], [ 106.616966586026209, -5.751780932863261 ], [ 106.616962488066804, -5.751782999673297 ], [ 106.616957571009536, -5.751785660300609 ], [ 106.616948558953709, -5.751791436058172 ], [ 106.616947557612718, -5.75179208482792 ], [ 106.616939547805515, -5.75179753323301 ], [ 106.616934207933951, -5.751801165503038 ], [ 106.61693053711798, -5.751803793578165 ], [ 106.616921526312979, -5.751810012411426 ], [ 106.616921192579412, -5.751810245230632 ], [ 106.616912514866812, -5.751816004315381 ], [ 106.616907107246035, -5.751819327989866 ], [ 106.616903501588808, -5.751821347732615 ], [ 106.616894485937706, -5.751825851024498 ], [ 106.616889158269998, -5.751828421696554 ], [ 106.616885469854537, -5.751830201399744 ], [ 106.616876454153726, -5.75183468721622 ], [ 106.616871195610159, -5.751837515441605 ], [ 106.616867439353442, -5.751839491924651 ], [ 106.61685842382505, -5.751844038902034 ], [ 106.61685332811426, -5.751846608916604 ], [ 106.616849408178282, -5.751848544036127 ], [ 106.616840392536332, -5.75185305092856 ], [ 106.616835538619227, -5.751855702170189 ], [ 106.616831378349161, -5.751858072973277 ], [ 106.61682236595766, -5.751863730860165 ], [ 106.616820912769811, -5.751864786459483 ], [ 106.616813358102732, -5.751870995064871 ], [ 106.616810270732742, -5.751873859460837 ], [ 106.616804352930416, -5.751879209187782 ], [ 106.616800236194038, -5.751882930740809 ], [ 106.616795346662329, -5.751887035417766 ], [ 106.616789068207979, -5.751892005232162 ], [ 106.616786338287923, -5.751894115961525 ], [ 106.616777328400133, -5.751900660736633 ], [ 106.616776727689896, -5.751901083045583 ], [ 106.616768318314257, -5.751907135451494 ], [ 106.616764376959424, -5.751910160887778 ], [ 106.616759310624587, -5.751914458692095 ], [ 106.616753852346946, -5.751919233555846 ], [ 106.616750305530815, -5.751922701160313 ], [ 106.616744744997206, -5.751928302208274 ], [ 106.61674130306514, -5.75193187427239 ], [ 106.616737393188714, -5.751937365886667 ], [ 106.616736808223791, -5.751938723958394 ], [ 106.61673585961249, -5.751941891656007 ] ] ] } },
{ "type": "Feature", "properties": { "fid": 45.0, "ID": 44, "ELEV": -30.0 }, "geometry": { "type": "MultiLineString", "coordinates": [ [ [ 106.618362469568169, -5.750969696628245 ], [ 106.618362118474522, -5.750974219044664 ], [ 106.618361237384462, -5.750983264384818 ], [ 106.618354723009276, -5.750991539345521 ], [ 106.618354194144828, -5.750992327198838 ], [ 106.618346286794321, -5.751001392463158 ], [ 106.618345723858738, -5.751001870008045 ], [ 106.618336715206979, -5.751008839377011 ], [ 106.618334462724917, -5.751010468833876 ], [ 106.618327703998403, -5.751014904267974 ], [ 106.618320360683441, -5.751019551663932 ], [ 106.618318691768465, -5.751020607877453 ], [ 106.618309679538328, -5.751026311497112 ], [ 106.618306139241881, -5.751028634832331 ], [ 106.618300667902446, -5.75103222542296 ], [ 106.618292589055883, -5.751037716097096 ], [ 106.618291656820233, -5.751038335311293 ], [ 106.618282645386444, -5.751044320891237 ], [ 106.618278783076875, -5.751046798086974 ], [ 106.618273633165103, -5.751050027914074 ], [ 106.618264619652692, -5.751055278221269 ], [ 106.618263537938262, -5.751055884157439 ], [ 106.618255605856177, -5.75106042809075 ], [ 106.618247673773837, -5.751064971982888 ], [ 106.618246592181094, -5.751065620981726 ], [ 106.618237579312492, -5.751071099281772 ], [ 106.618232906298601, -5.751074056698374 ], [ 106.618228567264438, -5.751076867958079 ], [ 106.618219555442707, -5.751082716790168 ], [ 106.618218862133091, -5.751083139362676 ], [ 106.618210542291749, -5.751088095402098 ], [ 106.618203866279643, -5.751092224725225 ], [ 106.618201530101089, -5.751093813841377 ], [ 106.618192522933029, -5.751101299731053 ], [ 106.61819252290573, -5.751101299754324 ], [ 106.618183516906029, -5.751109208786549 ], [ 106.618182192515093, -5.751110371864666 ], [ 106.6181745091382, -5.751116492326375 ], [ 106.618170906146787, -5.751119446708696 ], [ 106.618165500131227, -5.751123337525787 ], [ 106.618158292100631, -5.751128525317091 ], [ 106.618156489894588, -5.751129747726404 ], [ 106.618147479246289, -5.751136012347748 ], [ 106.61814533413137, -5.751137604900467 ], [ 106.618138468227031, -5.751142145803277 ], [ 106.618129726314365, -5.75114669199692 ], [ 106.618129453123075, -5.751146834069297 ], [ 106.618120437220355, -5.751151239770175 ], [ 106.61811169530732, -5.751155785963618 ], [ 106.618111422260469, -5.751155979143382 ], [ 106.618102414447961, -5.751163247508325 ], [ 106.618100355388208, -5.751164860958634 ], [ 106.618093405709729, -5.751170188416192 ], [ 106.618087289929008, -5.751173940845931 ], [ 106.618084393210736, -5.751175798732259 ], [ 106.618075380784774, -5.751181434962455 ], [ 106.618073278661669, -5.751183023414668 ], [ 106.618066376567668, -5.751189975833994 ], [ 106.61806440760067, -5.751192091409377 ], [ 106.61805737627914, -5.751199906874618 ], [ 106.618056090023146, -5.751201157834761 ], [ 106.618048370107417, -5.751207756330922 ], [ 106.618044314358443, -5.751210234064592 ], [ 106.618039356391762, -5.75121293654318 ], [ 106.618030338764797, -5.751216732844513 ], [ 106.618021317858194, -5.751219342107687 ], [ 106.618021317783018, -5.751219342129426 ], [ 106.618012296721545, -5.751221923259023 ], [ 106.618003277527691, -5.751225165276624 ], [ 106.617996891727884, -5.751228454203284 ], [ 106.617994264257973, -5.75123050357953 ], [ 106.617988265202868, -5.75123752150403 ], [ 106.617988782089142, -5.751246562881806 ], [ 106.617993833572314, -5.751255591403252 ], [ 106.617994337024271, -5.751256251662722 ], [ 106.617999332807628, -5.751264618655146 ], [ 106.618003411629658, -5.751272616443771 ], [ 106.618003889733998, -5.751273648578566 ], [ 106.618006120380471, -5.751282685097387 ], [ 106.618006213394693, -5.75129172767681 ], [ 106.618003485539134, -5.751298768690692 ], [ 106.618001986480266, -5.751300782504125 ], [ 106.617994474549675, -5.751304914195882 ], [ 106.617985444702967, -5.751304387236203 ], [ 106.617976407427975, -5.7513012318185 ], [ 106.617975653990101, -5.751300857161501 ], [ 106.617967363784246, -5.751295822806458 ], [ 106.617959780392752, -5.751291859322097 ], [ 106.617958321265945, -5.751290811977623 ], [ 106.617949282138738, -5.751287001054854 ], [ 106.617940247588265, -5.751284809599648 ], [ 106.617931216775887, -5.751283940887338 ], [ 106.617922194668793, -5.751286152628978 ], [ 106.617913179514133, -5.751290824599479 ], [ 106.617911678073426, -5.751291995696191 ], [ 106.617904166412089, -5.75129622297883 ], [ 106.617895150684149, -5.751300692220153 ], [ 106.617894023232637, -5.751301088591751 ], [ 106.617886130389678, -5.751303545575947 ], [ 106.617877108752765, -5.751305923938111 ], [ 106.61786808876586, -5.751308886215951 ], [ 106.617864932588134, -5.751310213907177 ], [ 106.61785907142837, -5.751312786098226 ], [ 106.617850054808301, -5.751316939914686 ], [ 106.617843290286928, -5.751319318105851 ], [ 106.617841035459989, -5.751320128323509 ], [ 106.617832015232565, -5.751323005688305 ], [ 106.617822995781296, -5.751326157763064 ], [ 106.617818077642752, -5.751328432425451 ], [ 106.617813979825996, -5.751330547035814 ], [ 106.61780496699032, -5.751336040353215 ], [ 106.617802714078493, -5.751337518823357 ], [ 106.617795956278854, -5.751342285457775 ], [ 106.617789842076974, -5.751346598157768 ], [ 106.617786946026712, -5.751348693184613 ], [ 106.617777935479367, -5.751354996528998 ], [ 106.61777700341672, -5.751355677397483 ], [ 106.617768923551708, -5.751360811468783 ], [ 106.617762485876284, -5.751364761396336 ], [ 106.617759910462865, -5.751366215550844 ], [ 106.617750897627332, -5.751371709349025 ], [ 106.617747717164505, -5.751373846106966 ], [ 106.617741887063801, -5.75137800726204 ], [ 106.617735723667224, -5.751382922950231 ], [ 106.617732878629454, -5.751385058757267 ], [ 106.617723868023248, -5.751391341727472 ], [ 106.61772277552474, -5.751392002499538 ], [ 106.617714855316237, -5.751396881300814 ], [ 106.617707813789153, -5.751401087756673 ], [ 106.617705842584186, -5.751402412088171 ], [ 106.617696831330662, -5.751408466195578 ], [ 106.617694296908866, -5.751410168917789 ], [ 106.617687821825982, -5.751415139295924 ], [ 106.617682788153203, -5.751419244386272 ], [ 106.617678815182842, -5.751422825191153 ], [ 106.617672723291477, -5.751428315761629 ], [ 106.61766980975618, -5.751430941693283 ], [ 106.617662210272343, -5.751437388407277 ], [ 106.617660803075225, -5.751438614387139 ], [ 106.617651795539985, -5.751445984825467 ], [ 106.617651214403807, -5.751446462421537 ], [ 106.617642787595372, -5.751453210474032 ], [ 106.617639881779482, -5.751455537390261 ], [ 106.61763377997805, -5.751460552037482 ], [ 106.61762884040067, -5.751464611533285 ], [ 106.617624772291535, -5.751467869205184 ], [ 106.617617265076632, -5.751473687189716 ], [ 106.617615763496744, -5.751474794215652 ], [ 106.617606753711087, -5.751481368633425 ], [ 106.617604500587447, -5.751482766216816 ], [ 106.617597738738141, -5.751486107252461 ], [ 106.617588719969802, -5.751489502668684 ], [ 106.617580902125553, -5.751491875953375 ], [ 106.61757969928712, -5.751492220609689 ], [ 106.61757068121112, -5.751495861156275 ], [ 106.617561667326399, -5.751500973320248 ], [ 106.617561667293018, -5.751500973341383 ], [ 106.617552656828281, -5.75150730782983 ], [ 106.617548617400274, -5.751510053155586 ], [ 106.617543645769132, -5.751513432021676 ], [ 106.617534632940789, -5.751518930116002 ], [ 106.61753425733373, -5.751519136704318 ], [ 106.617525620298551, -5.751524494143551 ], [ 106.617519064736541, -5.751528222612594 ], [ 106.617516606998308, -5.751529825360266 ], [ 106.617507593736505, -5.751535170246613 ], [ 106.61750416038744, -5.751537307703573 ], [ 106.617498581225888, -5.751540781071389 ], [ 106.617489979102629, -5.751546390744818 ], [ 106.617489569424791, -5.751546643101493 ], [ 106.617480557904685, -5.751552604646473 ], [ 106.617476553377585, -5.751555471644272 ], [ 106.61747154803902, -5.751559151851093 ], [ 106.617463923937137, -5.751564550286544 ], [ 106.617462537628029, -5.75156550611346 ], [ 106.617453525964194, -5.751571417022533 ], [ 106.617450188376708, -5.751573632063801 ], [ 106.617444514004319, -5.751577223224563 ], [ 106.617437416244584, -5.75158271111015 ], [ 106.617435505224748, -5.751584155153144 ], [ 106.617426736007857, -5.751591784227191 ], [ 106.617426498997105, -5.75159199042263 ], [ 106.617417493295733, -5.751600012056111 ], [ 106.617416433496487, -5.751600856273528 ], [ 106.617408485628488, -5.751607337958183 ], [ 106.617405209888787, -5.751609930930439 ], [ 106.617399479538335, -5.751615222161334 ], [ 106.617395507124897, -5.751619001276705 ], [ 106.617390485005203, -5.75162719711755 ], [ 106.617389283635362, -5.751628061761632 ], [ 106.617381469524133, -5.751631757544915 ], [ 106.617372438759972, -5.751630908462139 ], [ 106.617363411075232, -5.751631149373315 ], [ 106.617354387272243, -5.751632764299289 ], [ 106.61734536491339, -5.751634890422813 ], [ 106.617336341949724, -5.751636802504831 ], [ 106.617334749963121, -5.751637259169201 ], [ 106.617327321100234, -5.751639462970731 ], [ 106.617318301474, -5.75164255647384 ], [ 106.617309281498621, -5.751645526437311 ], [ 106.617306097466837, -5.751646383221434 ], [ 106.617300260530072, -5.751648144885452 ], [ 106.617291238874515, -5.751650520197287 ], [ 106.617282218427789, -5.751653323445707 ], [ 106.61727706552216, -5.751655508347877 ], [ 106.617273201490406, -5.751657368972931 ], [ 106.617264189453024, -5.751663149059549 ], [ 106.617262278432364, -5.751664593102158 ], [ 106.617255181422905, -5.751670347710732 ], [ 106.617250958762739, -5.751673668029287 ], [ 106.617246172814632, -5.75167734179367 ], [ 106.617238127063032, -5.751682747241461 ], [ 106.617237161508299, -5.751683380888146 ], [ 106.61722814687765, -5.751688243294279 ], [ 106.617220079048266, -5.751691841236639 ], [ 106.617219129843548, -5.751692254974088 ], [ 106.617210112863248, -5.751696285752037 ], [ 106.61720109702982, -5.751700722567604 ], [ 106.61720066771143, -5.751700939095048 ], [ 106.617192082115693, -5.751705484872411 ], [ 106.617183065954407, -5.751709805748121 ], [ 106.617182565010452, -5.751710033244338 ], [ 106.617174049154428, -5.751713900593157 ], [ 106.61716503250635, -5.751718049264558 ], [ 106.617162885976612, -5.751719131860439 ], [ 106.617156016137017, -5.751722296670343 ], [ 106.617146998245119, -5.751726005149197 ], [ 106.617140985605289, -5.751728236771088 ], [ 106.617137979270595, -5.751729330422701 ], [ 106.617128959699244, -5.751732444465175 ], [ 106.617119939263176, -5.751735252437297 ], [ 106.617113572201546, -5.751737357304271 ], [ 106.617110919700295, -5.751738369569072 ], [ 106.617101902189575, -5.751742213234703 ], [ 106.617093296201645, -5.751746457610247 ], [ 106.617092886436907, -5.751746679333824 ], [ 106.617083872114037, -5.751751651651717 ], [ 106.617077632697203, -5.751755544844788 ], [ 106.617074859517217, -5.751757235090785 ], [ 106.617065848124867, -5.751763245004798 ], [ 106.617063813369654, -5.751764626853034 ], [ 106.617056836486981, -5.751769168066393 ], [ 106.617048182101939, -5.751773713995677 ], [ 106.617047821483098, -5.751773899569796 ], [ 106.617038803090722, -5.751777431532983 ], [ 106.617029782993214, -5.751780359890353 ], [ 106.617021965417578, -5.751782831134231 ], [ 106.617020762802099, -5.751783255148985 ], [ 106.617011742661802, -5.75178616845418 ], [ 106.617002723086472, -5.751789281814469 ], [ 106.616994992039395, -5.751791950416036 ], [ 106.616993703511071, -5.751792395192076 ], [ 106.616984683312452, -5.751795287979202 ], [ 106.61697566482691, -5.751798787307651 ], [ 106.61697115710885, -5.751801060803579 ], [ 106.616966649818167, -5.751803517592236 ], [ 106.616957637397832, -5.75180916433571 ], [ 106.616956195598462, -5.751810146046519 ], [ 106.616948626760703, -5.751815442484129 ], [ 106.616943220438117, -5.751819225660677 ], [ 106.616939616200057, -5.751821747781088 ], [ 106.616930604332168, -5.751827590333873 ], [ 106.61692937519571, -5.7518283077401 ], [ 106.616921589336201, -5.751832325487204 ], [ 106.616912573590696, -5.751836795327028 ], [ 106.61691128551314, -5.751837401846165 ], [ 106.616903556989428, -5.751840962249326 ], [ 106.616894540906216, -5.751845312646759 ], [ 106.616892189045572, -5.751846498804564 ], [ 106.616885525587776, -5.751849933868312 ], [ 106.616876510910757, -5.751854782250917 ], [ 106.616874943016114, -5.751855590519281 ], [ 106.616867495431649, -5.751859346713772 ], [ 106.616858478863392, -5.751863525620663 ], [ 106.616855902621552, -5.751864687317906 ], [ 106.61684946197596, -5.751867591579449 ], [ 106.616840446718641, -5.751872234750644 ], [ 106.616837960494465, -5.751873781004183 ], [ 106.616831435536753, -5.751878320937824 ], [ 106.616826181802736, -5.751882857226452 ], [ 106.616822430088888, -5.751886437400782 ], [ 106.616816512682988, -5.751891927471293 ], [ 106.616813425761023, -5.751894950516517 ], [ 106.616806453130749, -5.751900998822304 ], [ 106.616804419595709, -5.751902813143905 ], [ 106.616795411055463, -5.751909834982613 ], [ 106.616795089281695, -5.751910073868799 ], [ 106.616786402064506, -5.751916697314434 ], [ 106.616783065145114, -5.751919150786001 ], [ 106.616777393071743, -5.751923559094851 ], [ 106.61677180244186, -5.751928225545647 ], [ 106.616768387270369, -5.751931550938846 ], [ 106.616762488353842, -5.75193729478408 ], [ 106.616759383125739, -5.751940129485848 ], [ 106.616752779933876, -5.751946365139712 ], [ 106.616750375967612, -5.751947641122116 ], [ 106.616747415951608, -5.751950901761845 ], [ 106.616745873285126, -5.751951714431689 ] ] ] } },
{ "type": "Feature", "properties": { "fid": 46.0, "ID": 45, "ELEV": -31.0 }, "geometry": { "type": "MultiLineString", "coordinates": [ [ [ 106.618381037498665, -5.750978686816906 ], [ 106.618380623727532, -5.750983209411033 ], [ 106.61837746955284, -5.750992261196952 ], [ 106.618372799484746, -5.750998534858498 ], [ 106.618370399795822, -5.751001324086325 ], [ 106.618363801867957, -5.751009408013052 ], [ 106.618362828581041, -5.751010388397651 ], [ 106.618354797439736, -5.751017871521237 ], [ 106.618352763274515, -5.7510194597814 ], [ 106.618345789363133, -5.751025044386235 ], [ 106.618340590589199, -5.75102853714088 ], [ 106.618336778513736, -5.751031236371877 ], [ 106.618327765701778, -5.75103673410473 ], [ 106.618326198033898, -5.751037620794972 ], [ 106.61831875176091, -5.751041832508482 ], [ 106.618310820614653, -5.751046707241529 ], [ 106.618309739113329, -5.751047388534325 ], [ 106.618300727618774, -5.751053352560591 ], [ 106.61829691480159, -5.751055789514916 ], [ 106.618291715324801, -5.751059033836148 ], [ 106.618282703509365, -5.751064872654294 ], [ 106.618282703475984, -5.751064872675426 ], [ 106.618273691244738, -5.751070576278435 ], [ 106.618268144900568, -5.751073956778278 ], [ 106.618264678560422, -5.75107611967274 ], [ 106.618255666102385, -5.751081743181775 ], [ 106.618253502985624, -5.751083041138235 ], [ 106.618246654252701, -5.751087582002913 ], [ 106.618239519616338, -5.751092123630624 ], [ 106.618237642402676, -5.751093420774018 ], [ 106.61822863013127, -5.751099110533535 ], [ 106.618224942624025, -5.751101207806007 ], [ 106.61821961649224, -5.751104316499015 ], [ 106.618210604370717, -5.751110059430792 ], [ 106.61821030407765, -5.75111029215568 ], [ 106.618201596250032, -5.751117217965362 ], [ 106.61819889380746, -5.75111936735146 ], [ 106.618192587112787, -5.751124016915098 ], [ 106.618186373175178, -5.751128445695481 ], [ 106.618183576648192, -5.751130346314676 ], [ 106.618174565735558, -5.751136517269633 ], [ 106.618173011993434, -5.751137526422649 ], [ 106.61816555362816, -5.751142265579893 ], [ 106.618158209457135, -5.751146611236442 ], [ 106.61815654028851, -5.75114757796046 ], [ 106.618147526489977, -5.751152728056775 ], [ 106.618141631740386, -5.751155701083291 ], [ 106.618138511457261, -5.751157441544092 ], [ 106.618129497579545, -5.751162563749121 ], [ 106.618126009010609, -5.751164788222075 ], [ 106.61812048684898, -5.751168799562397 ], [ 106.61811412821713, -5.751173864750919 ], [ 106.618111478774537, -5.751175975256184 ], [ 106.618102986018613, -5.751182939185464 ], [ 106.618102471267207, -5.751183351692163 ], [ 106.61809346215216, -5.751190159358128 ], [ 106.618091077537159, -5.751192015792533 ], [ 106.618084455910576, -5.75119798381867 ], [ 106.618081455240699, -5.751201085917454 ], [ 106.618075454329343, -5.751207457353067 ], [ 106.618073039690643, -5.751210152620826 ], [ 106.618066453302987, -5.751217127321267 ], [ 106.618064320925441, -5.751219220183842 ], [ 106.618057449445715, -5.751225795723135 ], [ 106.618054146097393, -5.751228291875118 ], [ 106.618048441678283, -5.751233080665493 ], [ 106.618041477320546, -5.751237370637256 ], [ 106.618039429455891, -5.751238789367453 ], [ 106.61803040823024, -5.751241312446873 ], [ 106.61802138039522, -5.751241496906719 ], [ 106.618012357898792, -5.751243570399623 ], [ 106.618009356721515, -5.751246504549173 ], [ 106.618008944570065, -5.751255548560839 ], [ 106.618011922568058, -5.751264582960746 ], [ 106.618012420473477, -5.751265711924685 ], [ 106.618015769052221, -5.751273614898269 ], [ 106.618019270518175, -5.751282647813932 ], [ 106.61802151253822, -5.751288254248236 ], [ 106.618022864282196, -5.751291680467854 ], [ 106.618025127963605, -5.751300716892829 ], [ 106.618025677121281, -5.751309758178879 ], [ 106.618023988744255, -5.7513188058089 ], [ 106.618021616593865, -5.751325072923533 ], [ 106.618019044912259, -5.751327862668956 ], [ 106.6180126024054, -5.751330086515736 ], [ 106.618003567886745, -5.751327906566377 ], [ 106.618003567860896, -5.75132790655001 ], [ 106.617994524693557, -5.751322657195055 ], [ 106.617988065277004, -5.751318907659829 ], [ 106.617985482259044, -5.751317676232021 ], [ 106.61797644146364, -5.751313275214119 ], [ 106.617968657547365, -5.751309919840776 ], [ 106.617967401858806, -5.751309295434592 ], [ 106.617958366164189, -5.751306699249842 ], [ 106.617949337023219, -5.751306422079128 ], [ 106.617940310914236, -5.751307217798772 ], [ 106.617931284754988, -5.751307995758723 ], [ 106.617922259544429, -5.751309109434806 ], [ 106.617918789819399, -5.75131006122109 ], [ 106.617913237778097, -5.751311441915901 ], [ 106.617904217939241, -5.751314456491265 ], [ 106.617895198644916, -5.751317663806081 ], [ 106.617890688811244, -5.751319183732155 ], [ 106.617886179617926, -5.751320965766992 ], [ 106.617877160775961, -5.751324333250216 ], [ 106.617868143044916, -5.751328093905455 ], [ 106.617867733213146, -5.75132829165496 ], [ 106.617859126732043, -5.751332356461957 ], [ 106.61785011040719, -5.751336614839486 ], [ 106.617847988231702, -5.751337390475108 ], [ 106.617841091216476, -5.751339859117845 ], [ 106.617832071341496, -5.751342861304831 ], [ 106.617823956122251, -5.751346501448398 ], [ 106.61782305458685, -5.751346967748825 ], [ 106.617814043146069, -5.751352954722193 ], [ 106.617810503705186, -5.751355582428666 ], [ 106.617805033688057, -5.751359643429149 ], [ 106.617797464081576, -5.751364662238514 ], [ 106.617796021845663, -5.751365488421618 ], [ 106.617787007345115, -5.751370392811116 ], [ 106.617780621742867, -5.751373752828323 ], [ 106.617777992078786, -5.751375026275681 ], [ 106.617768976567916, -5.751379573255285 ], [ 106.617762966908657, -5.751382845721063 ], [ 106.617759962478942, -5.751384623489403 ], [ 106.617750951411637, -5.751390743133723 ], [ 106.617749313251949, -5.751391927270864 ], [ 106.617741941455051, -5.7513972559224 ], [ 106.617736234099453, -5.751401007191858 ], [ 106.61773292996763, -5.751403227039937 ], [ 106.617723918811095, -5.751409315327892 ], [ 106.617722756023895, -5.75141008824352 ], [ 106.617714909124075, -5.751415923753506 ], [ 106.617710549726823, -5.751419165689806 ], [ 106.617705900444406, -5.751422888756506 ], [ 106.617699426437937, -5.751428240065897 ], [ 106.617696893613044, -5.751430507956892 ], [ 106.617689743244696, -5.751437310359593 ], [ 106.61768788932244, -5.751439026420844 ], [ 106.617679702523787, -5.751446381666694 ], [ 106.617678883880643, -5.751447137573661 ], [ 106.61767014455782, -5.751455451605244 ], [ 106.617669879744014, -5.751455710728525 ], [ 106.617660873437245, -5.751463515948786 ], [ 106.617659586494383, -5.751464524378672 ], [ 106.617651863317931, -5.751469971978162 ], [ 106.617646714533535, -5.751473603711126 ], [ 106.617642851506545, -5.751475829243613 ], [ 106.61763384033614, -5.751481913430309 ], [ 106.617632810683716, -5.751482685968439 ], [ 106.617624828889277, -5.751487899857263 ], [ 106.617619227586943, -5.75149176731632 ], [ 106.617615817160271, -5.751493786498575 ], [ 106.617606801443003, -5.751498261714537 ], [ 106.617600037507799, -5.751500864557553 ], [ 106.617597782675006, -5.751501657278001 ], [ 106.617588763290016, -5.751504834529757 ], [ 106.617579747057718, -5.75150912762817 ], [ 106.617578293267314, -5.751509969038246 ], [ 106.617570737740863, -5.751515868314836 ], [ 106.617566796819787, -5.751519044470537 ], [ 106.617561731533016, -5.751523709437143 ], [ 106.617555604702687, -5.751528119040062 ], [ 106.617552721031387, -5.751530030973158 ], [ 106.617543708980918, -5.751535804407109 ], [ 106.617541778286679, -5.75153720107642 ], [ 106.617534701152934, -5.751543072368452 ], [ 106.617530697575503, -5.751546275329878 ], [ 106.617525693492965, -5.751550399888589 ], [ 106.617518641783917, -5.751555352347062 ], [ 106.617516682895186, -5.751556687708787 ], [ 106.61750766909627, -5.751561842616965 ], [ 106.617502660668023, -5.751564440490269 ], [ 106.617498653944509, -5.75156651877899 ], [ 106.617489641605204, -5.751572190428106 ], [ 106.61748768271633, -5.751573525789766 ], [ 106.617480631905707, -5.751578796477143 ], [ 106.617475053688935, -5.751582604431171 ], [ 106.617471620005475, -5.751584623679529 ], [ 106.617462603281552, -5.751588743657534 ], [ 106.617456091135793, -5.751591701024113 ], [ 106.617453586131532, -5.751592712872094 ], [ 106.617444572033108, -5.75159776223728 ], [ 106.617440597491097, -5.751600787784444 ], [ 106.617435562809646, -5.751604537145376 ], [ 106.617429327459348, -5.751609862573304 ], [ 106.617426555769768, -5.751612085011574 ], [ 106.617417784360143, -5.751618938136004 ], [ 106.617417547241843, -5.751619106271737 ], [ 106.617408541849784, -5.751627237558453 ], [ 106.617407921370969, -5.751628008936601 ], [ 106.61740150394516, -5.751637069971308 ], [ 106.617399548375943, -5.75163958741382 ], [ 106.617392795599145, -5.751646137499167 ], [ 106.617390543022239, -5.75164773248193 ], [ 106.617381519821322, -5.751649560525203 ], [ 106.61737248884144, -5.751648635191678 ], [ 106.617363459228343, -5.751648193640842 ], [ 106.61735443451947, -5.751649488004694 ], [ 106.617345412095361, -5.751651591121565 ], [ 106.617336389311973, -5.751653567101885 ], [ 106.617328870767139, -5.751655361523996 ], [ 106.617327367092088, -5.751655742579944 ], [ 106.617318347118527, -5.751658713218993 ], [ 106.617309328209288, -5.751662060649132 ], [ 106.617303157728486, -5.751664477245336 ], [ 106.617300310342557, -5.751665777138691 ], [ 106.617291293353162, -5.751669804240988 ], [ 106.617283629921459, -5.751673575436048 ], [ 106.617282277780404, -5.751674332854676 ], [ 106.617273265308725, -5.751679959234244 ], [ 106.617269300432028, -5.75168265889371 ], [ 106.617264253779609, -5.751685919337307 ], [ 106.617255910637553, -5.751691739687957 ], [ 106.61725524313816, -5.75169219373281 ], [ 106.617246232421508, -5.751698441585899 ], [ 106.61724241943115, -5.751700820769414 ], [ 106.617237219526146, -5.751703918283232 ], [ 106.617228204094474, -5.751708497240445 ], [ 106.617225198636604, -5.751709912420486 ], [ 106.617219187720764, -5.751712742780548 ], [ 106.617210172766107, -5.751717490716494 ], [ 106.617207746341535, -5.751719004727263 ], [ 106.617201160284694, -5.751723114214498 ], [ 106.617192146017629, -5.751728091785189 ], [ 106.617192145978422, -5.751728091805393 ], [ 106.617183128133206, -5.751731816689855 ], [ 106.61717411017986, -5.751735503357714 ], [ 106.617169866328652, -5.751737197771897 ], [ 106.617165092110653, -5.751739149057605 ], [ 106.617156073192618, -5.7517424943262 ], [ 106.617147053319215, -5.751745501443683 ], [ 106.617144476041616, -5.751746312573116 ], [ 106.617138033376008, -5.751748483897647 ], [ 106.61712901457382, -5.751751870322488 ], [ 106.617120527334336, -5.751755423288163 ], [ 106.617119996884796, -5.751755650867957 ], [ 106.617110980722089, -5.7517599717893 ], [ 106.617102416621108, -5.751764517458429 ], [ 106.617101965869907, -5.751764756710234 ], [ 106.617092951017554, -5.751769541634554 ], [ 106.617085288418821, -5.751773608844013 ], [ 106.617083936165145, -5.751774326599381 ], [ 106.617074921177988, -5.751779063931134 ], [ 106.617068365347137, -5.751782699647932 ], [ 106.617065906836643, -5.751784029947056 ], [ 106.617056891830615, -5.751788760726257 ], [ 106.617050129100761, -5.751791794172736 ], [ 106.617047874824422, -5.751792783465982 ], [ 106.617038856794238, -5.751796443742263 ], [ 106.617029839835695, -5.751800483467428 ], [ 106.617028890630607, -5.751800897204649 ], [ 106.617020822797784, -5.751804495144974 ], [ 106.617011805583886, -5.751808444571736 ], [ 106.617007596746959, -5.751810000392982 ], [ 106.617002787024674, -5.751811917782047 ], [ 106.616993767846765, -5.751815171999248 ], [ 106.616984749213728, -5.751818619170588 ], [ 106.616983747428975, -5.751819110821969 ], [ 106.616975734316469, -5.751823388980124 ], [ 106.616968009321141, -5.751828198265913 ], [ 106.616966721862909, -5.751829024010171 ], [ 106.616957710023669, -5.751834876600046 ], [ 106.616954023372287, -5.751837280744595 ], [ 106.616948697000495, -5.751840310105316 ], [ 106.616939682537378, -5.751845233888877 ], [ 106.616937428676977, -5.751846370615214 ], [ 106.616930666776099, -5.751849698127449 ], [ 106.616921649690937, -5.751853693717044 ], [ 106.616917406069476, -5.751855470198739 ], [ 106.616912632122819, -5.751857518372177 ], [ 106.616903615104832, -5.751861537855164 ], [ 106.616897303800712, -5.751864570007459 ], [ 106.616894599057346, -5.751865901003758 ], [ 106.616885583652106, -5.751870491593187 ], [ 106.616879436899694, -5.751873663481701 ], [ 106.616876568519416, -5.751875178743768 ], [ 106.616867552216704, -5.751879451703745 ], [ 106.616859064293266, -5.751882764055419 ], [ 106.61685853378539, -5.751882971082329 ], [ 106.616849517378796, -5.751887207378194 ], [ 106.616842681389159, -5.751891853323944 ], [ 106.616840507254537, -5.751893668044016 ], [ 106.616833305037247, -5.751900922739489 ], [ 106.616831505154266, -5.751902969767423 ], [ 106.616825152018762, -5.751909988688725 ], [ 106.616822504608834, -5.751912822093512 ], [ 106.616816315224796, -5.751919056575341 ], [ 106.616813502106339, -5.75192198161005 ], [ 106.61680698167909, -5.751928125869398 ], [ 106.616804497298858, -5.751930325112715 ], [ 106.616795488382976, -5.751937201282817 ], [ 106.616795488346924, -5.751937201309516 ], [ 106.616786479999277, -5.751944291539062 ], [ 106.616784306343135, -5.751946275814196 ], [ 106.616777473338885, -5.751951979257814 ], [ 106.616774129463153, -5.751955347497464 ], [ 106.61677070013674, -5.751964400062375 ], [ 106.616769590868131, -5.751968924629528 ] ] ] } },
{ "type": "Feature", "properties": { "fid": 47.0, "ID": 46, "ELEV": -32.0 }, "geometry": { "type": "MultiLineString", "coordinates": [ [ [ 106.618404387420043, -5.750994539773874 ], [ 106.618400475610656, -5.750996717378672 ], [ 106.618399881485331, -5.750997455104976 ], [ 106.618394649941123, -5.751001255319567 ], [ 106.618390876213809, -5.751005619976892 ], [ 106.61838681219119, -5.751010320386934 ], [ 106.618381879294418, -5.751016739730404 ], [ 106.618379911820341, -5.751019382796106 ], [ 106.618372884061458, -5.751028445566488 ], [ 106.618372884031487, -5.751028445609641 ], [ 106.618365617505077, -5.751037509014004 ], [ 106.618363885572862, -5.751039021046381 ], [ 106.618354874835148, -5.751045252509937 ], [ 106.618352621545654, -5.75104658870836 ], [ 106.618345858472082, -5.751049493896526 ], [ 106.618336842947841, -5.751054032111628 ], [ 106.618333838120847, -5.751055684813884 ], [ 106.618327828826267, -5.751059066626944 ], [ 106.618318815956883, -5.751064544218966 ], [ 106.618318455522456, -5.751064771275428 ], [ 106.618309802581877, -5.75106984299357 ], [ 106.618302666475373, -5.751073858889225 ], [ 106.618300788500136, -5.751074891797651 ], [ 106.618291775572416, -5.751080348956134 ], [ 106.618287770320279, -5.751082943970838 ], [ 106.618282764684096, -5.751086527706495 ], [ 106.618275364049211, -5.751092021991926 ], [ 106.618273756133675, -5.75109353367248 ], [ 106.618265096401771, -5.751101093948645 ], [ 106.618264750065407, -5.751101417895948 ], [ 106.618255742905532, -5.751108915999969 ], [ 106.61825410489692, -5.7511101679578 ], [ 106.618246730929684, -5.751114710313207 ], [ 106.618238618273409, -5.751119254712902 ], [ 106.618237716616889, -5.751119677876217 ], [ 106.618228700254093, -5.751123920215596 ], [ 106.618220915585752, -5.751128347751381 ], [ 106.618219686341405, -5.75112902946624 ], [ 106.618210673395097, -5.751134480698675 ], [ 106.618205986992521, -5.751137432923576 ], [ 106.618201660722605, -5.751140028877455 ], [ 106.61819264826272, -5.751145652344875 ], [ 106.618191313145331, -5.751146517373187 ], [ 106.618183636085774, -5.751151375997273 ], [ 106.618176703120724, -5.75115560164158 ], [ 106.618174623342554, -5.751156899361564 ], [ 106.61816561102377, -5.751162572972545 ], [ 106.618162005682123, -5.751164686157585 ], [ 106.618156598515142, -5.751168179485069 ], [ 106.618147585305564, -5.751173538057418 ], [ 106.61814717564836, -5.751173771049295 ], [ 106.618138572184066, -5.751178927860079 ], [ 106.618132564381, -5.751182855320462 ], [ 106.618129560333998, -5.751184767596786 ], [ 106.618120549606914, -5.75119100474022 ], [ 106.618119348434249, -5.751191935635149 ], [ 106.618111540983591, -5.751197986319064 ], [ 106.618107637229571, -5.751201011683194 ], [ 106.618102532653268, -5.751205071649403 ], [ 106.618096621986311, -5.751210085757819 ], [ 106.61809352570225, -5.751212645100323 ], [ 106.618086321424201, -5.751219157805982 ], [ 106.618084520354657, -5.751220785982381 ], [ 106.618076938549891, -5.751228227252128 ], [ 106.618075516874484, -5.751229587698654 ], [ 106.618068051722304, -5.751237295291764 ], [ 106.618066514786548, -5.751238882133996 ], [ 106.618059607185145, -5.751246362077321 ], [ 106.618057514312511, -5.751248747721036 ], [ 106.618051213366385, -5.751255428719024 ], [ 106.618048510872981, -5.751257564122989 ], [ 106.618039494678015, -5.751261867300638 ], [ 106.618033483275752, -5.75126452183134 ], [ 106.618030484370905, -5.751268253881419 ], [ 106.618029043248782, -5.751273577262914 ], [ 106.61803051644155, -5.751279601648076 ], [ 106.618031143326959, -5.751282614151719 ], [ 106.61803457518333, -5.751291647264563 ], [ 106.618038400602089, -5.751300679261497 ], [ 106.618039614580667, -5.751304292929134 ], [ 106.618041366117453, -5.751309713696437 ], [ 106.618043107473966, -5.751318751602174 ], [ 106.618043261215348, -5.751327794009236 ], [ 106.618040509116184, -5.751336844655202 ], [ 106.618039709882623, -5.75133801376125 ], [ 106.618030702667426, -5.751345494695571 ], [ 106.618029414083466, -5.751345918955741 ], [ 106.618021679771601, -5.751347427386781 ], [ 106.618012648231385, -5.751346301419279 ], [ 106.618011773558251, -5.751345968971192 ], [ 106.618003609196762, -5.751342523644252 ], [ 106.617994949347448, -5.751336973828502 ], [ 106.617994564394394, -5.751336704978166 ], [ 106.617985516953055, -5.751329952472477 ], [ 106.617982361910066, -5.751327966673152 ], [ 106.617976473614931, -5.751324651800852 ], [ 106.617967435673265, -5.751321260601812 ], [ 106.617958405309651, -5.751320550867736 ], [ 106.617949380814977, -5.751321917868478 ], [ 106.617940357601455, -5.75132373824446 ], [ 106.617931332755859, -5.751324981130253 ], [ 106.617922308806357, -5.751326541133619 ], [ 106.617916063005083, -5.751328154638823 ], [ 106.617913287252435, -5.751328948862049 ], [ 106.617904270102457, -5.75133291501867 ], [ 106.617896039100813, -5.751337254251184 ], [ 106.617895255201532, -5.751337677080274 ], [ 106.617886237948412, -5.751341606853162 ], [ 106.617877217557933, -5.751344426471558 ], [ 106.617870774289273, -5.751346368720995 ], [ 106.617868196712877, -5.751347085284316 ], [ 106.617859178216406, -5.751350575223548 ], [ 106.617850161184435, -5.751354583459799 ], [ 106.617848111831293, -5.751355475812339 ], [ 106.617841145746297, -5.751359155760552 ], [ 106.617832801446241, -5.751364562060355 ], [ 106.61783213417327, -5.751365095895969 ], [ 106.61782312683934, -5.751372536209815 ], [ 106.617821559773873, -5.751373636773619 ], [ 106.617814113787702, -5.751377953249416 ], [ 106.617805096012276, -5.751381698707435 ], [ 106.617802443579151, -5.75138273381025 ], [ 106.617796077294884, -5.751385110872161 ], [ 106.617787059909176, -5.751388994356205 ], [ 106.617781179858227, -5.751391836934348 ], [ 106.6177780442531, -5.751393489973263 ], [ 106.617769031524148, -5.751399021527035 ], [ 106.617766328374643, -5.75140092188021 ], [ 106.617760021063887, -5.751405356010746 ], [ 106.617753413381536, -5.751410001336211 ], [ 106.617751010716717, -5.751411730591895 ], [ 106.617742000621149, -5.751418194288365 ], [ 106.617740799319407, -5.751419079938954 ], [ 106.617732992309271, -5.75142528929861 ], [ 106.617729264555436, -5.751428155481943 ], [ 106.617723983521401, -5.751432215946266 ], [ 106.617717459922375, -5.751437231789815 ], [ 106.617714975032158, -5.7514392483602 ], [ 106.617706840344255, -5.751446304738204 ], [ 106.617705968746776, -5.75144706079132 ], [ 106.617696963190141, -5.751455131221021 ], [ 106.617696698385913, -5.751455376332556 ], [ 106.617687959014319, -5.751463690408437 ], [ 106.617687187318325, -5.751464446138408 ], [ 106.617678956216139, -5.751472737243038 ], [ 106.617678084734834, -5.751473514786245 ], [ 106.617669947151398, -5.751479566430688 ], [ 106.617664899848549, -5.751482595006139 ], [ 106.617660932584101, -5.751484448320178 ], [ 106.617651914779117, -5.751488184429128 ], [ 106.617644285339452, -5.751491696286416 ], [ 106.617642897948414, -5.751492265410477 ], [ 106.6176338829993, -5.751497012351093 ], [ 106.617627799501079, -5.751500785862826 ], [ 106.617624870136936, -5.751502497878588 ], [ 106.61761585513166, -5.751507225078129 ], [ 106.617609542792408, -5.751509880458645 ], [ 106.617606837675623, -5.751511084975215 ], [ 106.617597821009753, -5.751515224581564 ], [ 106.617591311141126, -5.751518974983012 ], [ 106.617588809347566, -5.751521135140697 ], [ 106.617582408686729, -5.751528043062684 ], [ 106.617579810589362, -5.751531612737868 ], [ 106.617575196179615, -5.751537106352019 ], [ 106.61757081126882, -5.751541891424576 ], [ 106.617565138885439, -5.751546177705046 ], [ 106.617561802140628, -5.751548699083254 ], [ 106.617553126693068, -5.751555254599221 ], [ 106.617552793154161, -5.751555556978562 ], [ 106.617543788680464, -5.751564012142243 ], [ 106.617543442375421, -5.751564324894826 ], [ 106.617534783295767, -5.751572144970708 ], [ 106.617533216656284, -5.75157339672496 ], [ 106.617525773698645, -5.751578786999612 ], [ 106.617518880114389, -5.751582480207114 ], [ 106.617516758706657, -5.751583519705151 ], [ 106.617507742094659, -5.751587679103709 ], [ 106.617501304229464, -5.751591572870854 ], [ 106.617498728786742, -5.751593007978978 ], [ 106.617489717303599, -5.751598982775101 ], [ 106.617486974275479, -5.751600656333796 ], [ 106.617480702234346, -5.751603688393319 ], [ 106.617471682458529, -5.751606728241025 ], [ 106.61746266105186, -5.751609190912995 ], [ 106.617461069502184, -5.751609772604353 ], [ 106.617453642000456, -5.751612487251674 ], [ 106.617444627841394, -5.751617515249091 ], [ 106.617442716562039, -5.751618867469261 ], [ 106.617435616639142, -5.751623589858971 ], [ 106.617429062861902, -5.751627949014425 ], [ 106.617426604867802, -5.751629463122182 ], [ 106.617417593759257, -5.751635571049154 ], [ 106.617416120503648, -5.751637028543194 ], [ 106.61740859174617, -5.75164489839222 ], [ 106.617407665741808, -5.751646095352472 ], [ 106.61739959080316, -5.751654604590903 ], [ 106.617398752515527, -5.751655163461128 ], [ 106.617390578115447, -5.751660153825505 ], [ 106.617381556452344, -5.751662526253007 ], [ 106.617372530877944, -5.751663514295843 ], [ 106.617368018986454, -5.751664293414753 ], [ 106.617363507467175, -5.751665268197112 ], [ 106.617354485503768, -5.751667534438471 ], [ 106.617345463281893, -5.751669709230216 ], [ 106.617336441689901, -5.751672107014532 ], [ 106.617332232219354, -5.751673437688954 ], [ 106.617327422106371, -5.751675215770337 ], [ 106.617318404794432, -5.751679128635845 ], [ 106.617311965557931, -5.751682537974665 ], [ 106.617309390459866, -5.751684095459648 ], [ 106.617300378073381, -5.751689751908202 ], [ 106.617297373901522, -5.751691622175994 ], [ 106.617291366215213, -5.751695595434419 ], [ 106.617282352340823, -5.751700707595485 ], [ 106.617282352290744, -5.751700707620738 ], [ 106.617273336059682, -5.751705003399028 ], [ 106.617264772675327, -5.751709800264665 ], [ 106.617264321957308, -5.751710052738879 ], [ 106.617255308414897, -5.751715300362777 ], [ 106.617249162814829, -5.751718887350861 ], [ 106.61724629478914, -5.751720518549531 ], [ 106.617237279978028, -5.751725317209947 ], [ 106.617231870494905, -5.75172797920496 ], [ 106.617228264682979, -5.751729944627778 ], [ 106.617219249204766, -5.751734507268686 ], [ 106.617214527298913, -5.751737071202869 ], [ 106.617210234837046, -5.751739463078627 ], [ 106.617201220893989, -5.751744569267321 ], [ 106.617198215932518, -5.751746160276187 ], [ 106.617192207002958, -5.75174969394679 ], [ 106.617183191556478, -5.75175426807667 ], [ 106.617180937217299, -5.75175525209063 ], [ 106.6171741740892, -5.751758126919264 ], [ 106.617165154969115, -5.751761400725666 ], [ 106.617156134367036, -5.75176414995707 ], [ 106.617155490193497, -5.751764367053299 ], [ 106.61714711477849, -5.751767258028704 ], [ 106.617138095625293, -5.751770520256958 ], [ 106.6171311999598, -5.751773478736818 ], [ 106.617129078392523, -5.751774462369319 ], [ 106.617120063213378, -5.751779131531401 ], [ 106.617114054014365, -5.751782570173494 ], [ 106.61711104969099, -5.751784387256762 ], [ 106.617102035990797, -5.751789580107739 ], [ 106.617098240403237, -5.751791657834159 ], [ 106.617093022047342, -5.751794686904556 ], [ 106.61708400567089, -5.751798932460688 ], [ 106.61707979758198, -5.751800752945263 ], [ 106.617074987591295, -5.751802575145349 ], [ 106.617065968781759, -5.751805959468914 ], [ 106.617056949690209, -5.751809244004409 ], [ 106.617055358250468, -5.751809865048823 ], [ 106.61704793207457, -5.751813051093839 ], [ 106.617038914773161, -5.751816969473864 ], [ 106.61703464382299, -5.751818966596078 ], [ 106.617029898468445, -5.751821240765852 ], [ 106.617020883720997, -5.751826063416683 ], [ 106.617017195915651, -5.75182805888632 ], [ 106.61701186954447, -5.75183108826227 ], [ 106.617002854241932, -5.751835714527345 ], [ 106.617000007176358, -5.751837150441774 ], [ 106.616993840688409, -5.751840960059641 ], [ 106.616986468758668, -5.751846231652997 ], [ 106.616984831151115, -5.751847627521182 ], [ 106.616975820816549, -5.751854012811594 ], [ 106.616972814984905, -5.751855313190894 ], [ 106.616966801689756, -5.751857285434529 ], [ 106.616957779362608, -5.751859425069457 ], [ 106.61694876075137, -5.751862880305088 ], [ 106.616945438920723, -5.751864433612581 ], [ 106.616939744476099, -5.751867162624341 ], [ 106.616930729586699, -5.75187193564787 ], [ 106.616927407864949, -5.751873527553268 ], [ 106.61692171382343, -5.751876399350274 ], [ 106.616912697622851, -5.751880708288129 ], [ 106.6169084543411, -5.751882624107421 ], [ 106.616903681268795, -5.751884962950032 ], [ 106.616894664848331, -5.751889194155683 ], [ 106.616889361202567, -5.751891721056709 ], [ 106.6168856483486, -5.751893397353042 ], [ 106.616876630668884, -5.751897182837804 ], [ 106.616867612642139, -5.751900825529689 ], [ 106.616867612585779, -5.751900825554288 ], [ 106.616858597807678, -5.751905638469295 ], [ 106.616853259737425, -5.751909909046588 ], [ 106.616849591214873, -5.751913349495299 ], [ 106.616844364811016, -5.751918977098232 ], [ 106.61684058983522, -5.751922906371605 ], [ 106.616835653319171, -5.751928044630056 ], [ 106.616831587926811, -5.75193227613731 ], [ 106.616826941776893, -5.751937112161967 ], [ 106.616822585606229, -5.751941500073058 ], [ 106.616817617644728, -5.751946181429553 ], [ 106.616813581198159, -5.751949985010768 ], [ 106.616807345660874, -5.751955253382739 ], [ 106.616804575024432, -5.751957844895258 ], [ 106.616797069707232, -5.751964325347075 ], [ 106.616795568750263, -5.751965669309521 ], [ 106.61678889209135, -5.751973391365878 ], [ 106.61678812268093, -5.751977914970074 ] ] ] } },
{ "type": "Feature", "properties": { "fid": 48.0, "ID": 47, "ELEV": -32.0 }, "geometry": { "type": "MultiLineString", "coordinates": [ ] } },
{ "type": "Feature", "properties": { "fid": 49.0, "ID": 48, "ELEV": -40.0 }, "geometry": { "type": "MultiLineString", "coordinates": [ [ [ 106.618696090481166, -5.75198337256676 ], [ 106.618692422393295, -5.7519815589811 ], [ 106.618691568793636, -5.751980718450708 ], [ 106.618682542884699, -5.751981587063177 ], [ 106.618678517440074, -5.751977077005758 ], [ 106.618678554665323, -5.751968034060178 ], [ 106.618682492597472, -5.751963802958718 ], [ 106.618688497821665, -5.751958963014253 ], [ 106.61869150238185, -5.751957231998484 ], [ 106.618700513170893, -5.75195101640902 ], [ 106.618702014626322, -5.751949881830715 ], [ 106.618702992221174, -5.751940836217643 ], [ 106.618709497587147, -5.751935474253011 ], [ 106.618718517336205, -5.751932427526096 ], [ 106.618723038354091, -5.751934844966579 ], [ 106.618723982809527, -5.751936255252427 ] ] ] } },
{ "type": "Feature", "properties": { "fid": 50.0, "ID": 49, "ELEV": -33.0 }, "geometry": { "type": "MultiLineString", "coordinates": [ [ [ 106.618414321089176, -5.751005720957545 ], [ 106.618413455903962, -5.751008737670197 ], [ 106.618412844583773, -5.751010246565309 ], [ 106.618408968100582, -5.751018067320501 ], [ 106.618408175006039, -5.751019302648647 ], [ 106.618403172454819, -5.751028359676225 ], [ 106.618399981093347, -5.751032693596033 ], [ 106.618396383140819, -5.751037421770645 ], [ 106.618390980092698, -5.751042369532414 ], [ 106.61838688792912, -5.751046491538314 ], [ 106.618381973221375, -5.75104996868799 ], [ 106.618373543193925, -5.751055572222152 ], [ 106.618372961626449, -5.751055896836552 ], [ 106.618363943697958, -5.75105958439801 ], [ 106.618354924426626, -5.751062796938919 ], [ 106.618350596179297, -5.751064680135058 ], [ 106.618345908081011, -5.751067044587244 ], [ 106.618336895585855, -5.75107265451912 ], [ 106.61833520587291, -5.751073766618902 ], [ 106.61832788457545, -5.751078789798123 ], [ 106.618321358325005, -5.751082848727733 ], [ 106.618318872161126, -5.751084428471866 ], [ 106.61830985931563, -5.751089914673352 ], [ 106.61830664064486, -5.751091933303723 ], [ 106.618300848512078, -5.751096123361029 ], [ 106.618295116996094, -5.751101008822411 ], [ 106.61829184301547, -5.751104209667604 ], [ 106.618286491397342, -5.751110076123229 ], [ 106.61828284110409, -5.75111356449697 ], [ 106.61827629080112, -5.751119147890052 ], [ 106.61827383297593, -5.75112071996799 ], [ 106.6182648181627, -5.751125510383549 ], [ 106.618259617196671, -5.751128238011496 ], [ 106.618255802755982, -5.751130090895134 ], [ 106.618246786808811, -5.751134480258249 ], [ 106.618241444748904, -5.751137332382635 ], [ 106.618237772403333, -5.751139415127187 ], [ 106.61822875947297, -5.751144871955947 ], [ 106.618226088720434, -5.751146418767341 ], [ 106.618219746578632, -5.751150341598247 ], [ 106.618211401594735, -5.751155503255094 ], [ 106.61821073403604, -5.751155935767318 ], [ 106.618201721576156, -5.751161559264248 ], [ 106.618196868702867, -5.751164587305269 ], [ 106.618192708946182, -5.751167122659822 ], [ 106.618183696047311, -5.751172590981183 ], [ 106.618182086914246, -5.751173672060935 ], [ 106.618174685503732, -5.751178892701068 ], [ 106.618169403928604, -5.751182750865317 ], [ 106.618165675750902, -5.751185474280453 ], [ 106.618156664720175, -5.751191603794529 ], [ 106.61815628924036, -5.751191830893586 ], [ 106.618147651072377, -5.751196807430921 ], [ 106.618140801188915, -5.751200917651104 ], [ 106.61813863828344, -5.751202315010765 ], [ 106.618129626918233, -5.751208326402277 ], [ 106.618127290974385, -5.75120999880042 ], [ 106.618120617947397, -5.75121518504552 ], [ 106.618115792315976, -5.751219074246043 ], [ 106.618111610685531, -5.751222648443946 ], [ 106.618104938543354, -5.751228147863055 ], [ 106.618102603482086, -5.751230132598875 ], [ 106.618094263941089, -5.751237220971948 ], [ 106.618093596714104, -5.751237770924335 ], [ 106.618084589517736, -5.751245257760251 ], [ 106.618083427477245, -5.751246294539659 ], [ 106.618075582313651, -5.751252741953806 ], [ 106.61807297625397, -5.751255367014982 ], [ 106.618066576761862, -5.751260810865195 ], [ 106.618062717731689, -5.751264438943844 ], [ 106.618057569653374, -5.751268329061843 ], [ 106.61804977599617, -5.751273518480258 ], [ 106.618048559845008, -5.751274892043424 ], [ 106.618044368337692, -5.751282576655402 ], [ 106.618045829142261, -5.751291615356588 ], [ 106.618048628236679, -5.751299091181179 ], [ 106.618049204043984, -5.751300648630744 ], [ 106.618052542447884, -5.75130968200833 ], [ 106.618055069609539, -5.751318717685987 ], [ 106.618057092731647, -5.751327754792714 ], [ 106.618057751796741, -5.751332776640495 ], [ 106.618058336392281, -5.751336794109441 ], [ 106.618057777760114, -5.751341963172948 ], [ 106.618057128133131, -5.751345840378141 ], [ 106.618051494481421, -5.751354899194252 ], [ 106.618048793172179, -5.751357450159626 ], [ 106.618039776285414, -5.751361509046265 ], [ 106.618030748038933, -5.751361548566196 ], [ 106.618021714596097, -5.75135974945789 ], [ 106.618012679958269, -5.75135752751558 ], [ 106.618005316431848, -5.751355030121801 ], [ 106.618003642895928, -5.751354447678369 ], [ 106.617994602667025, -5.751350247366172 ], [ 106.617987700703424, -5.751346037223082 ], [ 106.61798555832037, -5.751344589984172 ], [ 106.617976516136537, -5.751339697846477 ], [ 106.617967481720001, -5.751337554095145 ], [ 106.617958458403322, -5.751339337997633 ], [ 106.617949436834024, -5.751341740244719 ], [ 106.617940412895067, -5.751343304023912 ], [ 106.617931388452803, -5.751344689736284 ], [ 106.61792349280023, -5.751346219261783 ], [ 106.617922365135669, -5.751346473608973 ], [ 106.617913346623837, -5.751349957913797 ], [ 106.617904329842489, -5.751354054613594 ], [ 106.617901323915802, -5.751355324955682 ], [ 106.617895312423286, -5.751357925656432 ], [ 106.617886292168293, -5.751360793277484 ], [ 106.617877269753762, -5.751362896755045 ], [ 106.617872115082619, -5.751364450607262 ], [ 106.617868249748383, -5.751365852792643 ], [ 106.617859233501505, -5.751370138882285 ], [ 106.617853600387136, -5.751373545940044 ], [ 106.617850221186004, -5.75137581623095 ], [ 106.617841534450591, -5.751382622990432 ], [ 106.61784121275501, -5.751382868263294 ], [ 106.61783220372179, -5.751389707267884 ], [ 106.617828959142244, -5.75139170148471 ], [ 106.617823190336168, -5.751395006152927 ], [ 106.617814173083261, -5.751398936564592 ], [ 106.617808761383571, -5.751400801587859 ], [ 106.617805153673217, -5.751402103673722 ], [ 106.617796135789476, -5.751405810953038 ], [ 106.617787594097436, -5.751409904438965 ], [ 106.61778711965583, -5.751410137613196 ], [ 106.617778106437896, -5.751415496155617 ], [ 106.617772473568124, -5.751418990147798 ], [ 106.617769093874927, -5.751421086545727 ], [ 106.617760083932467, -5.751427604367775 ], [ 106.617759462590058, -5.751428069876122 ], [ 106.617751076666707, -5.751435069523416 ], [ 106.617748674933253, -5.751437143301538 ], [ 106.617742071254128, -5.751443190584614 ], [ 106.617738401565873, -5.751446215268927 ], [ 106.617733063507799, -5.751450485851471 ], [ 106.617727058176484, -5.751455290269516 ], [ 106.617724055715698, -5.751457765001637 ], [ 106.617716335783527, -5.751464363509585 ], [ 106.61771504979599, -5.751465706864118 ], [ 106.617707655450502, -5.751473430960775 ], [ 106.61770604908088, -5.751475490699244 ], [ 106.617699929655188, -5.75148249570602 ], [ 106.617697048713353, -5.751485397649252 ], [ 106.617688037852247, -5.751491572260816 ], [ 106.617688037799198, -5.751491572284766 ], [ 106.617679019730403, -5.751495214962643 ], [ 106.617669999892584, -5.751498231638894 ], [ 106.617660978546638, -5.751500691811038 ], [ 106.617660978482206, -5.751500691828604 ], [ 106.617651958090065, -5.751503512416125 ], [ 106.617642939524231, -5.751506979394736 ], [ 106.617637143518124, -5.751509802220474 ], [ 106.617633923895639, -5.751511485931329 ], [ 106.617624909304283, -5.751516359621841 ], [ 106.617619434998289, -5.751518895262711 ], [ 106.617615893437915, -5.751520782133321 ], [ 106.617606879244278, -5.751525796703072 ], [ 106.61760371329089, -5.751527982672705 ], [ 106.617597872435482, -5.75153342495342 ], [ 106.617594873225528, -5.751537050575703 ], [ 106.617588878412704, -5.751545578469502 ], [ 106.617588495725343, -5.751546111498262 ], [ 106.61758155689472, -5.751555174011947 ], [ 106.617579883369601, -5.751557370998548 ], [ 106.617573453918496, -5.75156423982547 ], [ 106.617570883245307, -5.751567365318249 ], [ 106.617565366512864, -5.751573305594813 ], [ 106.617561883486431, -5.751577489078257 ], [ 106.617557538791573, -5.751582370628017 ], [ 106.617552882168596, -5.751587061193938 ], [ 106.617548213195036, -5.751591439906985 ], [ 106.617543875980687, -5.751594909786292 ], [ 106.617534863512731, -5.751600520592287 ], [ 106.617534863469814, -5.751600520616848 ], [ 106.617525846916905, -5.751604700938023 ], [ 106.617516828983071, -5.751608392565633 ], [ 106.617513608080813, -5.751609623686278 ], [ 106.617507809752084, -5.751611625140511 ], [ 106.61749879029243, -5.751614776837664 ], [ 106.617489771575762, -5.751618191546978 ], [ 106.617488268457052, -5.751618738356148 ], [ 106.617480752800475, -5.751621585557062 ], [ 106.617471733918975, -5.751624942031408 ], [ 106.61746421843209, -5.75162784936985 ], [ 106.617462715745674, -5.751628549205375 ], [ 106.617453700555089, -5.75163321213971 ], [ 106.617446488436883, -5.751636942469329 ], [ 106.617444685364319, -5.751637875073961 ], [ 106.61743567108725, -5.75164286146454 ], [ 106.617429524316847, -5.751646033397639 ], [ 106.617426656292238, -5.751647664596973 ], [ 106.617417646585281, -5.751654268695399 ], [ 106.617416828193768, -5.751655112228609 ], [ 106.617408643378283, -5.751663173529251 ], [ 106.617407517691021, -5.751664181463422 ], [ 106.617399637362269, -5.751671084208663 ], [ 106.617395823819166, -5.751673257453402 ], [ 106.617390625535393, -5.751676938215607 ], [ 106.617381608070488, -5.751680796696669 ], [ 106.617376345903651, -5.751682355505555 ], [ 106.617372587686717, -5.751683622086939 ], [ 106.617363567457232, -5.751686502126749 ], [ 106.617354549691782, -5.751690254384417 ], [ 106.617351543666842, -5.751691468647713 ], [ 106.617345538429575, -5.751696308580534 ], [ 106.617336522186207, -5.751700554068164 ], [ 106.617336522057371, -5.751700554113737 ], [ 106.617327502278783, -5.751703593962509 ], [ 106.617318484628825, -5.751707387325025 ], [ 106.617314541150179, -5.751709659213147 ], [ 106.617309470649374, -5.751712479980328 ], [ 106.617300457501059, -5.751717866889504 ], [ 106.617298866792439, -5.75171874648328 ], [ 106.617291443600223, -5.751722987509063 ], [ 106.617282428106265, -5.751727544261292 ], [ 106.617281827135727, -5.751727837622581 ], [ 106.617273412172352, -5.751731945352184 ], [ 106.617264394880962, -5.751735865986055 ], [ 106.617262140758854, -5.751736936262648 ], [ 106.617255378607467, -5.751740146990329 ], [ 106.61724636458807, -5.75174522595494 ], [ 106.617245012632182, -5.75174602765189 ], [ 106.617237351319659, -5.751750570814503 ], [ 106.617228837294505, -5.751755116340499 ], [ 106.617228336620869, -5.751755409417499 ], [ 106.617219323158324, -5.751760685697498 ], [ 106.617213630974931, -5.751764202282545 ], [ 106.61721031051944, -5.751766253607994 ], [ 106.617201296581953, -5.751771361902458 ], [ 106.617197352134639, -5.751773291263868 ], [ 106.617192280671517, -5.751775771857861 ], [ 106.617183261729011, -5.751779108549155 ], [ 106.617174241276572, -5.751781910791641 ], [ 106.617172601120544, -5.751782404254934 ], [ 106.617165221123003, -5.751784818867384 ], [ 106.61715620184232, -5.751788035990815 ], [ 106.617147828085891, -5.751791517307548 ], [ 106.617147184164338, -5.751791820510785 ], [ 106.617138169024656, -5.751796503646857 ], [ 106.617130745445365, -5.751800608565395 ], [ 106.617129154906635, -5.75180154851106 ], [ 106.617120141271641, -5.751806764437717 ], [ 106.617115133876169, -5.751809695654016 ], [ 106.617111127407327, -5.751811899251249 ], [ 106.617102112451221, -5.751816647625759 ], [ 106.617097303308654, -5.7518187890307 ], [ 106.617093094869944, -5.751820466732511 ], [ 106.617084074639209, -5.751823347966191 ], [ 106.617075053590554, -5.751825939689736 ], [ 106.617069503156728, -5.751827910659132 ], [ 106.617066034686331, -5.751829290603834 ], [ 106.617057018295341, -5.751833531299996 ], [ 106.617048644537292, -5.751837012615623 ], [ 106.617048000494009, -5.751837272765528 ], [ 106.617038982413689, -5.751840915516043 ], [ 106.617029965873655, -5.751845103611951 ], [ 106.617028067998447, -5.751846113772186 ], [ 106.617020953185417, -5.751850655387629 ], [ 106.617014517195855, -5.751855195019102 ], [ 106.617011943553251, -5.751857289153677 ], [ 106.617002934948317, -5.751864270687472 ], [ 106.617002934903269, -5.751864270718776 ], [ 106.616993923389984, -5.751870238680359 ], [ 106.616987913345497, -5.75187335610183 ], [ 106.616984907680305, -5.751874721071982 ], [ 106.616975887105085, -5.751877480980745 ], [ 106.616966864279718, -5.751879444313289 ], [ 106.616957842530255, -5.751881788583964 ], [ 106.616956151756199, -5.751882488951484 ], [ 106.616948825962197, -5.751885967296438 ], [ 106.616939811979464, -5.751891061357568 ], [ 106.616938910591884, -5.751891580654357 ], [ 106.616930799507188, -5.751896690253392 ], [ 106.616924490923822, -5.751900664361856 ], [ 106.616921787326007, -5.751902422283679 ], [ 106.616912773432574, -5.751907548168727 ], [ 106.616907964470258, -5.751909754038868 ], [ 106.61690375658354, -5.751911627716074 ], [ 106.616894737298438, -5.75191484483635 ], [ 106.616885717429057, -5.751917855142956 ], [ 106.616883312689794, -5.751918866739069 ], [ 106.616876701030179, -5.751922094229531 ], [ 106.616867689253439, -5.751927953856492 ], [ 106.616867689208391, -5.751927953891403 ], [ 106.616858684557116, -5.751936352364607 ], [ 106.61685801767193, -5.751937024109028 ], [ 106.616849683724297, -5.751946090571304 ], [ 106.616849683689694, -5.751946090614471 ], [ 106.616842417126151, -5.751955154009204 ], [ 106.616840688024283, -5.751957670768238 ], [ 106.616836011715492, -5.751964215006915 ], [ 106.616831694300558, -5.751969938503145 ], [ 106.61682907044387, -5.751973277522958 ], [ 106.616822700983235, -5.751982338418767 ], [ 106.616822700949896, -5.751982338458174 ], [ 106.616817402109774, -5.75199139628109 ], [ 106.616816230480978, -5.751995921024936 ] ] ] } },
{ "type": "Feature", "properties": { "fid": 51.0, "ID": 50, "ELEV": -34.0 }, "geometry": { "type": "MultiLineString", "coordinates": [ [ [ 106.618441228232584, -5.751023730336686 ], [ 106.618440586537631, -5.751024862531804 ], [ 106.618436082040262, -5.751028266351099 ], [ 106.618436081983901, -5.751028266378664 ], [ 106.618427076710518, -5.751036430480359 ], [ 106.618426145335349, -5.751037337371208 ], [ 106.618418072426238, -5.75104494459383 ], [ 106.618416571854965, -5.751046407361196 ], [ 106.618409063856035, -5.751051942582139 ], [ 106.618403517936414, -5.751055487220902 ], [ 106.618400051232058, -5.751057506555028 ], [ 106.618391037508388, -5.751062681555761 ], [ 106.618387929650069, -5.751064574267298 ], [ 106.618382025591615, -5.751068495857155 ], [ 106.618373010270304, -5.751073105793319 ], [ 106.618371507185685, -5.751073663678921 ], [ 106.618363993645232, -5.751077254554362 ], [ 106.618354978919172, -5.751082075200834 ], [ 106.618353897486642, -5.751082756456871 ], [ 106.618345967754237, -5.751088155757995 ], [ 106.618340561093419, -5.75109183711665 ], [ 106.61833695639028, -5.751094165984097 ], [ 106.618327943999375, -5.751099812967363 ], [ 106.618326141487913, -5.751100920847872 ], [ 106.618318931943847, -5.751105578671485 ], [ 106.618312818080469, -5.751110001470415 ], [ 106.61830992250556, -5.751112270391725 ], [ 106.618302078355782, -5.751119074766367 ], [ 106.618300915829138, -5.751119939301558 ], [ 106.618291906867029, -5.751126799654034 ], [ 106.61828999558071, -5.751128151870598 ], [ 106.618282894699263, -5.751132525962204 ], [ 106.618274753347222, -5.751137237933654 ], [ 106.618273881174716, -5.751137772318781 ], [ 106.618264866627442, -5.751142656912576 ], [ 106.618258105738406, -5.751146327981488 ], [ 106.618255852474732, -5.751147681167684 ], [ 106.618246839833759, -5.751153240333786 ], [ 106.618243421416992, -5.751155412461971 ], [ 106.61823782836332, -5.751159213700877 ], [ 106.618230060246248, -5.751164493190362 ], [ 106.618228817562922, -5.751165424207715 ], [ 106.61821980763095, -5.751171942034476 ], [ 106.618217381522001, -5.751173571983465 ], [ 106.618210795780584, -5.751177781214146 ], [ 106.618202533581709, -5.751182656927207 ], [ 106.618201782523627, -5.751183122803674 ], [ 106.618192770182574, -5.751188788516879 ], [ 106.618188431509978, -5.751191739755797 ], [ 106.618183759381466, -5.751194999142973 ], [ 106.618175094668047, -5.751200820414383 ], [ 106.618174748154928, -5.751201059328228 ], [ 106.618165736654049, -5.751207022523681 ], [ 106.618161230651239, -5.751209902567544 ], [ 106.618156725968078, -5.751213274115979 ], [ 106.618149385626012, -5.751218978995797 ], [ 106.618147718009695, -5.751220490845458 ], [ 106.618138711060936, -5.751228052105176 ], [ 106.618138711024926, -5.751228052137566 ], [ 106.618129705655463, -5.751236185043944 ], [ 106.61812866660992, -5.751237123427822 ], [ 106.618120700285559, -5.751244317888216 ], [ 106.618118538735786, -5.751246194986915 ], [ 106.618111694632347, -5.751252350589601 ], [ 106.61810831725883, -5.751255266811312 ], [ 106.618102688762178, -5.751260306614243 ], [ 106.618096681328709, -5.751264342646088 ], [ 106.618093677124733, -5.751266222133958 ], [ 106.61808466130087, -5.751270656468271 ], [ 106.618079151803983, -5.751273435191021 ], [ 106.618075645937211, -5.751275253699847 ], [ 106.618066634166567, -5.75128112229833 ], [ 106.618064945254773, -5.751282518313927 ], [ 106.618060574797454, -5.751291573548388 ], [ 106.618061639467172, -5.751300613372618 ], [ 106.618063744932428, -5.75130965024585 ], [ 106.61806628890163, -5.751318685875751 ], [ 106.618066744258584, -5.751320075811676 ], [ 106.618069775329573, -5.75132771883343 ], [ 106.618072666979586, -5.751336753477455 ], [ 106.618074133018524, -5.75134579216355 ], [ 106.618074308251906, -5.751354834509521 ], [ 106.618073531845539, -5.75136387955373 ], [ 106.618071673356866, -5.751372927666038 ], [ 106.618066915576634, -5.751380692211135 ], [ 106.618063050102691, -5.751381994958876 ], [ 106.618057893264947, -5.751382831671179 ], [ 106.61804886356822, -5.751382358147774 ], [ 106.618047473667986, -5.751382039123317 ], [ 106.618039829065012, -5.751380183966992 ], [ 106.618030790749117, -5.751376660730232 ], [ 106.618022755340675, -5.751373066364192 ], [ 106.618021751112849, -5.75137267027891 ], [ 106.618012714799605, -5.75136985559137 ], [ 106.618003681127348, -5.751367975366301 ], [ 106.617994648350646, -5.751366412014616 ], [ 106.617985615505376, -5.751364824397563 ], [ 106.617976585253572, -5.7513641544506 ], [ 106.617967559363095, -5.75136502774692 ], [ 106.617958535070116, -5.751366466337205 ], [ 106.617949510462239, -5.751367793527288 ], [ 106.617940486047843, -5.751369189212016 ], [ 106.617931462407938, -5.751370858976999 ], [ 106.617922441191325, -5.75137335077364 ], [ 106.617922441091096, -5.751373350802187 ], [ 106.617913423026394, -5.75137699345537 ], [ 106.617904407429194, -5.75138150930656 ], [ 106.617902326662687, -5.751382450643551 ], [ 106.617895390912523, -5.751385699858646 ], [ 106.617886371481831, -5.751388859303144 ], [ 106.617877350879581, -5.75139156429475 ], [ 106.617877350766847, -5.751391564334383 ], [ 106.617868333127262, -5.751395357687864 ], [ 106.617859316798359, -5.751399614896044 ], [ 106.61785723633669, -5.751400664163482 ], [ 106.617850301287973, -5.751404161810528 ], [ 106.617841286253338, -5.751408877140348 ], [ 106.617839595989594, -5.751409757017408 ], [ 106.617832270505431, -5.751413340126843 ], [ 106.617823251807906, -5.751416759379452 ], [ 106.617817453770556, -5.751418862633489 ], [ 106.617814232611394, -5.751420002109978 ], [ 106.617805214514647, -5.751423634062599 ], [ 106.617796198440161, -5.751427965734656 ], [ 106.617796198395084, -5.751427965757978 ], [ 106.617787184901061, -5.751433226632224 ], [ 106.617781417561375, -5.751437050480937 ], [ 106.617778174790743, -5.751439685008455 ], [ 106.617770836513813, -5.751446123321005 ], [ 106.617769169199889, -5.751447742823618 ], [ 106.617761203591343, -5.75145519347317 ], [ 106.617760164456598, -5.751456100668884 ], [ 106.61775115751702, -5.751463681376408 ], [ 106.617750436885999, -5.75146426683935 ], [ 106.617742149835195, -5.751470999495728 ], [ 106.617739481324293, -5.751473340740795 ], [ 106.617733144881996, -5.751479283341999 ], [ 106.617730332393208, -5.751482409520658 ], [ 106.617724147890371, -5.75149038479971 ], [ 106.617723377131313, -5.751491472081829 ], [ 106.617716537207613, -5.751500534316011 ], [ 106.617715152865614, -5.751502182422377 ], [ 106.617706467868629, -5.751509605704884 ], [ 106.617706146192091, -5.751509857766956 ], [ 106.6176971263653, -5.751512878326197 ], [ 106.617688101367506, -5.751514068931825 ], [ 106.617679077039483, -5.751515496590996 ], [ 106.617670054224959, -5.751517459914806 ], [ 106.61766513326809, -5.751518765722766 ], [ 106.617661033706511, -5.751520235856406 ], [ 106.617652014822568, -5.751523590304024 ], [ 106.617642997137054, -5.751527368925816 ], [ 106.61764186999342, -5.75152787451182 ], [ 106.61763398144501, -5.751531853104384 ], [ 106.617624966797294, -5.751536706946766 ], [ 106.617624516181564, -5.751536966548858 ], [ 106.617615954407555, -5.751542359973887 ], [ 106.617611450677174, -5.751546046429731 ], [ 106.617606948799477, -5.751550413181627 ], [ 106.617603451067311, -5.751555111950511 ], [ 106.617597957178731, -5.751563416786088 ], [ 106.617597484125255, -5.751564171709402 ], [ 106.617591965966199, -5.751573230196153 ], [ 106.617588969343174, -5.75157776015055 ], [ 106.617585795692477, -5.751582290531387 ], [ 106.617579973210397, -5.751589167141497 ], [ 106.617578004445718, -5.751591355461423 ], [ 106.617570969336697, -5.751597834606253 ], [ 106.617568155335988, -5.751600426224619 ], [ 106.617561963137476, -5.751605679122578 ], [ 106.617557314157054, -5.75160949979982 ], [ 106.617552956875954, -5.75161350168009 ], [ 106.617546617968117, -5.75161857296393 ], [ 106.617543949910385, -5.75162107515387 ], [ 106.617534938471479, -5.751627065495034 ], [ 106.617533551131473, -5.751627652847635 ], [ 106.61752592089374, -5.751630883230907 ], [ 106.617516898135136, -5.751632867377025 ], [ 106.617507873396619, -5.751634150804009 ], [ 106.617498850534787, -5.751636098475863 ], [ 106.617496769088689, -5.751636799951959 ], [ 106.617489832449166, -5.751639736639021 ], [ 106.617480817472128, -5.751644475087272 ], [ 106.617478166095822, -5.751645895526854 ], [ 106.617471803061335, -5.75164941401523 ], [ 106.617462788104987, -5.751654159911919 ], [ 106.617461097689869, -5.751654986751628 ], [ 106.61745377284862, -5.751658799688672 ], [ 106.617444759440403, -5.751664075906485 ], [ 106.617444759390352, -5.751664075940111 ], [ 106.617435748784445, -5.751670361836959 ], [ 106.617432145259457, -5.751673154505577 ], [ 106.617426742287918, -5.751678102295142 ], [ 106.617422650145286, -5.751682224263907 ], [ 106.617417740206349, -5.751687405497367 ], [ 106.61741368843218, -5.751691292510308 ], [ 106.617408733670871, -5.751695132362988 ], [ 106.617399720176579, -5.751700374946921 ], [ 106.617399720116481, -5.751700374978268 ], [ 106.617390702041547, -5.751704017622616 ], [ 106.617381683790398, -5.751707597943171 ], [ 106.617378679581108, -5.75170947742856 ], [ 106.617372672573367, -5.751713668065185 ], [ 106.617366941108628, -5.751718553544732 ], [ 106.617363665083332, -5.751721057457328 ], [ 106.617354651030695, -5.751726124051241 ], [ 106.617350141216633, -5.751727644006208 ], [ 106.617345632279864, -5.751729527756282 ], [ 106.617336614210188, -5.751733172609357 ], [ 106.61732953051623, -5.751736745268084 ], [ 106.617327599985543, -5.751738178509675 ], [ 106.617318588337881, -5.75174409663293 ], [ 106.617315583772452, -5.751745827642332 ], [ 106.617309574641354, -5.751749289598513 ], [ 106.617300557717783, -5.751753340367328 ], [ 106.6172969508427, -5.751754923297915 ], [ 106.617291541164661, -5.751757522323725 ], [ 106.617282522988404, -5.751761129794452 ], [ 106.61727463119675, -5.751764029401784 ], [ 106.617273504240302, -5.751764534901567 ], [ 106.617264488717879, -5.751769081865343 ], [ 106.617257933924961, -5.751773119570467 ], [ 106.617255476885475, -5.751774935057298 ], [ 106.617246466188178, -5.751781190135732 ], [ 106.617244663367515, -5.751782200027128 ], [ 106.617237451487071, -5.75178602801884 ], [ 106.61722843676435, -5.751790858319958 ], [ 106.617227685742193, -5.751791290989754 ], [ 106.617219423065691, -5.751796051182844 ], [ 106.617211227574202, -5.751800380479848 ], [ 106.617210407998073, -5.751800759527962 ], [ 106.617201388855463, -5.751804025446705 ], [ 106.617192368026096, -5.75180669432006 ], [ 106.617183346643699, -5.751809167473814 ], [ 106.61718221921403, -5.751809505537167 ], [ 106.617174326743665, -5.751812165413392 ], [ 106.617165308366651, -5.751815702532007 ], [ 106.617158750393287, -5.751818614894363 ], [ 106.617156291437354, -5.751819752182895 ], [ 106.617147275667321, -5.751824212272745 ], [ 106.617139761959052, -5.751827711553631 ], [ 106.617138258956757, -5.751828339469977 ], [ 106.61712924043411, -5.751831825251671 ], [ 106.617120221500471, -5.751835165594331 ], [ 106.617115712071524, -5.751836822556159 ], [ 106.617111202791733, -5.751838585595778 ], [ 106.61710218471687, -5.751842230048007 ], [ 106.617094370584979, -5.751845925882614 ], [ 106.617093168761613, -5.751846624902247 ], [ 106.6170841552007, -5.751851867436906 ], [ 106.61707791372362, -5.751855015366164 ], [ 106.617075139529405, -5.751856362937256 ], [ 106.617066120219079, -5.751859570242946 ], [ 106.617057100131433, -5.75186250241906 ], [ 106.617052590633946, -5.751864129974689 ], [ 106.617048080955868, -5.751865757530799 ], [ 106.617039066071186, -5.751870531728913 ], [ 106.617035462251522, -5.751873221360305 ], [ 106.617030057130535, -5.751877410288853 ], [ 106.617024575411563, -5.751882295058476 ], [ 106.617021051781606, -5.751885560474181 ], [ 106.617012570823448, -5.751891371923961 ], [ 106.617012040742566, -5.751891696332105 ], [ 106.617003022982004, -5.751895452690838 ], [ 106.616994003490802, -5.751898596415504 ], [ 106.616987989782061, -5.75190048442755 ], [ 106.616984983213214, -5.751901461788628 ], [ 106.616975962212209, -5.751904071092582 ], [ 106.616966942122914, -5.751907003211892 ], [ 106.616960383271149, -5.751909605503498 ], [ 106.616957923593304, -5.751910487558987 ], [ 106.61694890682918, -5.751914596990455 ], [ 106.616941896396185, -5.751918700736605 ], [ 106.616939893587983, -5.751919953725785 ], [ 106.616930882198773, -5.751925966201974 ], [ 106.616927877810213, -5.751927783307832 ], [ 106.616921868894636, -5.751931300788409 ], [ 106.616912852258551, -5.751935455807429 ], [ 106.61690909448167, -5.751936879380217 ], [ 106.61690383390912, -5.751939004280522 ], [ 106.616894820279086, -5.751944223681325 ], [ 106.616892317372219, -5.751945969767381 ], [ 106.616885813492601, -5.751951866073548 ], [ 106.616882496206543, -5.751955040444164 ], [ 106.61687681026288, -5.751960767818398 ], [ 106.616873659793484, -5.751964108330516 ], [ 106.616867810903656, -5.751971039998739 ], [ 106.616866246735071, -5.751973172183677 ], [ 106.616859224466936, -5.751982234929488 ], [ 106.616858815655846, -5.751982767936542 ], [ 106.616851236867177, -5.751991300410562 ], [ 106.616849815426306, -5.751992732208576 ], [ 106.616840806504939, -5.75199961923053 ], [ 106.616839858257251, -5.752000375500049 ], [ 106.616831790922035, -5.75200414779344 ], [ 106.616831139296465, -5.752004921629262 ], [ 106.616827284860364, -5.752007024536223 ] ] ] } },
{ "type": "Feature", "properties": { "fid": 52.0, "ID": 51, "ELEV": -35.0 }, "geometry": { "type": "MultiLineString", "coordinates": [ [ [ 106.61845188164537, -5.751032742966472 ], [ 106.618449997201282, -5.751037269731122 ], [ 106.618445161421008, -5.751046326285983 ], [ 106.618445161386404, -5.751046326325394 ], [ 106.618437770844139, -5.751055390085864 ], [ 106.618436165395735, -5.751057774314636 ], [ 106.618430165377902, -5.751064454495104 ], [ 106.618427173844822, -5.751070793036535 ], [ 106.618425098104765, -5.751073511706414 ], [ 106.618422345754652, -5.751082562352987 ], [ 106.618418191576225, -5.751087095629588 ], [ 106.618409170178253, -5.751089555789277 ], [ 106.618400143536974, -5.751090161079474 ], [ 106.618395633807523, -5.751091680944518 ], [ 106.618391121990655, -5.751092568824059 ], [ 106.61838210285579, -5.751095829716851 ], [ 106.618373084866462, -5.751099495909331 ], [ 106.61837007909125, -5.751100796253412 ], [ 106.618364066964247, -5.751103192978327 ], [ 106.618355050119035, -5.751107264041458 ], [ 106.618350091955364, -5.751109895773301 ], [ 106.618346035455247, -5.751112106896609 ], [ 106.618337021929989, -5.751117352608223 ], [ 106.618334498610182, -5.751118982833216 ], [ 106.618328011769051, -5.75112378862069 ], [ 106.618322467901763, -5.751128059790348 ], [ 106.61831900350407, -5.751130895461906 ], [ 106.618309992105139, -5.751136893648635 ], [ 106.618309562947971, -5.751137139226393 ], [ 106.618300977294837, -5.7511416850159 ], [ 106.618291961838665, -5.751146231978873 ], [ 106.618291961793602, -5.751146232003442 ], [ 106.618282948474146, -5.751151550947334 ], [ 106.618276286052975, -5.751155319271488 ], [ 106.61827393462454, -5.751156682391403 ], [ 106.618264921982984, -5.751162241303378 ], [ 106.618261584269945, -5.751164403801937 ], [ 106.618255911856536, -5.751168690109557 ], [ 106.618249799029698, -5.751173480062059 ], [ 106.618246904252956, -5.751176031576493 ], [ 106.618239231893256, -5.751182552868029 ], [ 106.618237897749609, -5.751183762394031 ], [ 106.618228889295139, -5.751190802989152 ], [ 106.618227660524781, -5.751191628521444 ], [ 106.618219878511866, -5.751197019741536 ], [ 106.618214020485865, -5.751200710040498 ], [ 106.618210866576547, -5.75120282897618 ], [ 106.618201855415691, -5.751208912291994 ], [ 106.618200626795158, -5.75120979086082 ], [ 106.61819284635169, -5.751215737559519 ], [ 106.618188556029509, -5.751218867929802 ], [ 106.618183837695284, -5.751222707116307 ], [ 106.618177403690439, -5.751227942394456 ], [ 106.618174830825126, -5.751230308750812 ], [ 106.618167873308181, -5.751237012259992 ], [ 106.618165826988829, -5.75123898387148 ], [ 106.618157721553203, -5.75124608388732 ], [ 106.618156820930153, -5.751246872794692 ], [ 106.618147813937568, -5.751254431378353 ], [ 106.618146956122288, -5.751255157254594 ], [ 106.618138811978881, -5.751263771116152 ], [ 106.618138452185846, -5.751264224209462 ], [ 106.618134324704883, -5.751273278755193 ], [ 106.618130458741149, -5.751282332559413 ], [ 106.618129838133257, -5.751283057763064 ], [ 106.618120828798382, -5.751289787931172 ], [ 106.618117071601006, -5.751291413360075 ], [ 106.618111810339727, -5.75129329003061 ], [ 106.618102790992253, -5.751296477695245 ], [ 106.618093772955476, -5.751300129161494 ], [ 106.618093021829011, -5.751300524393077 ], [ 106.618084765862818, -5.751307652962849 ], [ 106.618083837407383, -5.751309593276968 ], [ 106.618083870896015, -5.751318636024803 ], [ 106.618084809674997, -5.751323154671385 ], [ 106.618085748454632, -5.751327673544029 ], [ 106.618087638546214, -5.751336711027697 ], [ 106.618088259182755, -5.751345752110722 ], [ 106.618088170251028, -5.751354795205636 ], [ 106.618088184889132, -5.751363838006886 ], [ 106.618088320787152, -5.751372880464316 ], [ 106.61808790045346, -5.751381924498879 ], [ 106.618085517270529, -5.751390974098896 ], [ 106.618085003734734, -5.751391816768309 ], [ 106.618076224299301, -5.751400043290857 ], [ 106.618075999010131, -5.751400178875162 ], [ 106.618066974538493, -5.751401554167078 ], [ 106.618057942437531, -5.75140023007216 ], [ 106.618057466959513, -5.75140009647478 ], [ 106.618048906581805, -5.751397577440073 ], [ 106.618039871426987, -5.751395172791738 ], [ 106.618030835217994, -5.751392395133961 ], [ 106.618026881778235, -5.751391140350629 ], [ 106.618021798561813, -5.75138945922544 ], [ 106.618012763847346, -5.75138721034203 ], [ 106.61800373434798, -5.751386806738748 ], [ 106.617994707733942, -5.751387424073951 ], [ 106.617985682137586, -5.751388401532223 ], [ 106.61797665766197, -5.75138977557595 ], [ 106.617968923179191, -5.751391304677218 ], [ 106.617967634344595, -5.751391559481465 ], [ 106.617958609607584, -5.751392841090561 ], [ 106.617949585579979, -5.751394373751831 ], [ 106.617940561552629, -5.75139590653541 ], [ 106.617931539848072, -5.751398261265795 ], [ 106.617925990093013, -5.751400469242522 ], [ 106.617922522015633, -5.751401986196346 ], [ 106.617913508635837, -5.75140728676144 ], [ 106.617910188804018, -5.751409556884368 ], [ 106.617904498532027, -5.751413746626703 ], [ 106.617897859851112, -5.751418634681577 ], [ 106.617895489116009, -5.751420449943915 ], [ 106.617886478078248, -5.751426579473787 ], [ 106.617884546709718, -5.751427715268861 ], [ 106.617877463796461, -5.751431561157573 ], [ 106.61786844362662, -5.751434459338778 ], [ 106.617859419491111, -5.751435954264018 ], [ 106.61785039397715, -5.751436854936659 ], [ 106.617850393676278, -5.751436854961313 ], [ 106.617841367460215, -5.751437613702634 ], [ 106.617832343671495, -5.751439231425856 ], [ 106.617823321202266, -5.751441316118797 ], [ 106.617814302085478, -5.751444587175977 ], [ 106.617811081724696, -5.751446009229667 ], [ 106.617805286003701, -5.751448932306176 ], [ 106.617796274174225, -5.751454782279016 ], [ 106.617795898936365, -5.751455095115774 ], [ 106.617787270275883, -5.751463438977219 ], [ 106.617786550040577, -5.751464164463102 ], [ 106.617778266636492, -5.751472187420432 ], [ 106.617777092027538, -5.751473234119691 ], [ 106.617769260224378, -5.751479954739219 ], [ 106.617766257419589, -5.751482307678686 ], [ 106.617760251809926, -5.751487013557592 ], [ 106.61775467520367, -5.751491383356935 ], [ 106.617751243125127, -5.75149397679137 ], [ 106.617743053855619, -5.751500459145982 ], [ 106.617742234684911, -5.751501026659446 ], [ 106.61773322680223, -5.751508273919073 ], [ 106.617732042439798, -5.751509533205838 ], [ 106.617724226154039, -5.751518081465553 ], [ 106.617723776191113, -5.751518599483519 ], [ 106.617716887971099, -5.751527661854698 ], [ 106.617715230466587, -5.751529644668877 ], [ 106.617706218590584, -5.751535479015388 ], [ 106.617699773431127, -5.751536753215401 ], [ 106.617697195159792, -5.751537224271204 ], [ 106.617688173826153, -5.751539711738783 ], [ 106.617679158699829, -5.751544395985411 ], [ 106.61767634152072, -5.751545862483955 ], [ 106.617670141927348, -5.751548497730917 ], [ 106.617661120435784, -5.751550929444951 ], [ 106.617652099630092, -5.751553603932515 ], [ 106.617648879147168, -5.751554983176952 ], [ 106.61764308217947, -5.751557465830488 ], [ 106.61763406736128, -5.75156225941661 ], [ 106.617631221403784, -5.751564076075942 ], [ 106.617625056483305, -5.751568447542174 ], [ 106.617620388424314, -5.751573149628644 ], [ 106.617616056539489, -5.75157850542152 ], [ 106.617613445882569, -5.751582212153179 ], [ 106.617607686905117, -5.751591271322694 ], [ 106.617607067902313, -5.751592564947518 ], [ 106.617602165266277, -5.751600329819428 ], [ 106.617598074959417, -5.751605100767801 ], [ 106.617593008635097, -5.751609398620049 ], [ 106.617589065925145, -5.751611941781714 ], [ 106.617580055117543, -5.7516181552774 ], [ 106.617579679910889, -5.751618479246906 ], [ 106.617571052224193, -5.751627169822669 ], [ 106.617570718959414, -5.751627547492668 ], [ 106.617563439535502, -5.751636610971909 ], [ 106.617562055413984, -5.751638337388943 ], [ 106.617556173008865, -5.751645674414561 ], [ 106.617553057386615, -5.751649074294977 ], [ 106.617545945775362, -5.75165474624954 ], [ 106.617544048713199, -5.751656043479507 ], [ 106.617535031748133, -5.75166007816015 ], [ 106.617526009465337, -5.751662230829153 ], [ 106.617516985915472, -5.751663871182926 ], [ 106.617516985735023, -5.751663871219602 ], [ 106.61750796489406, -5.751666534261705 ], [ 106.617498945500813, -5.751669709734188 ], [ 106.617489926505868, -5.751672990728297 ], [ 106.617489926405668, -5.751672990767894 ], [ 106.617480909822504, -5.751677160917354 ], [ 106.617471895437887, -5.751682084682217 ], [ 106.617471895368581, -5.751682084730014 ], [ 106.617462887245409, -5.751689249284875 ], [ 106.617460635497039, -5.751691159443379 ], [ 106.617453886229796, -5.751698929548954 ], [ 106.617452761316159, -5.751700224607708 ], [ 106.617445488929434, -5.751709288066253 ], [ 106.617444889689523, -5.751710193911316 ], [ 106.617438662367391, -5.751718350261111 ], [ 106.617435894609557, -5.751721975244304 ], [ 106.617429890948529, -5.751727417968469 ], [ 106.617426888031645, -5.751729687119473 ], [ 106.617417878999333, -5.751736494860708 ], [ 106.61741787889936, -5.751736494974029 ], [ 106.617411338301466, -5.751745556245193 ], [ 106.617410290690614, -5.751754602060147 ], [ 106.617411506833648, -5.75176364145874 ], [ 106.617413767951206, -5.751772677895442 ], [ 106.617415599067286, -5.75178171555091 ], [ 106.617415452609009, -5.751790758811623 ], [ 106.617412312519249, -5.751799810557531 ], [ 106.617409039665333, -5.751803436972388 ], [ 106.617400019731434, -5.751806422129295 ], [ 106.617390991435713, -5.751806447718976 ], [ 106.617381958494704, -5.751804829139394 ], [ 106.617372926482574, -5.751803539330769 ], [ 106.617363893077155, -5.751801756365317 ], [ 106.617354862226151, -5.751800877539083 ], [ 106.617345834214106, -5.751801003570923 ], [ 106.617336812370326, -5.751803312915747 ], [ 106.617327793364595, -5.751806626842738 ], [ 106.617321028894494, -5.751809112131704 ], [ 106.617318774000637, -5.751809814024124 ], [ 106.617309753958693, -5.751812761272066 ], [ 106.617300732474959, -5.751815198220669 ], [ 106.61729171287493, -5.751818238066218 ], [ 106.617291712694509, -5.751818238116973 ], [ 106.617282691494239, -5.751820775493753 ], [ 106.617273671129055, -5.751823608497465 ], [ 106.617264650346272, -5.751826293736523 ], [ 106.617262073768202, -5.751827364915163 ], [ 106.617255632568842, -5.751830042819272 ], [ 106.61724661328843, -5.751833259950165 ], [ 106.617237592663741, -5.751836001281599 ], [ 106.617235788624228, -5.751836482257299 ], [ 106.617228571089356, -5.751838406488874 ], [ 106.617219549515085, -5.751840811772462 ], [ 106.617210527940586, -5.751843217017729 ], [ 106.617201505088872, -5.751845170193134 ], [ 106.61719970098207, -5.751845627379429 ], [ 106.617192483446857, -5.751847551610612 ], [ 106.617183463821576, -5.751850646970579 ], [ 106.617174444465022, -5.751853837502135 ], [ 106.617171437587118, -5.751854750325595 ], [ 106.617165423831281, -5.751856575972473 ], [ 106.617156402588833, -5.751859099005391 ], [ 106.617147381285932, -5.751861600679238 ], [ 106.617139863899268, -5.751863882651874 ], [ 106.61713836071857, -5.751864362774691 ], [ 106.617129341010539, -5.751867429114644 ], [ 106.617120322945468, -5.751871077100457 ], [ 106.617115814287189, -5.75187299365404 ], [ 106.617111305701997, -5.751875015995159 ], [ 106.617102289608198, -5.751879361922961 ], [ 106.617096278278623, -5.751882091864323 ], [ 106.617093273006603, -5.75188352815112 ], [ 106.617084256488099, -5.751887723854355 ], [ 106.617075236856678, -5.751890817614839 ], [ 106.61707373339577, -5.751891198600854 ], [ 106.617066216344369, -5.75189359958059 ], [ 106.61705720085719, -5.751898160546093 ], [ 106.617053923792923, -5.751900297585368 ], [ 106.617048196449602, -5.751906643877678 ], [ 106.617045495691713, -5.751909364316321 ], [ 106.617039186331596, -5.75191310574508 ], [ 106.617030169226652, -5.751917094203255 ], [ 106.617027464637204, -5.751918458260111 ], [ 106.617021152532956, -5.751921228311682 ], [ 106.617012135617031, -5.751925283798779 ], [ 106.617005370778415, -5.751927563716515 ], [ 106.617003116025714, -5.751928392197231 ], [ 106.616994096046994, -5.751931363495429 ], [ 106.616985075495563, -5.751934132089337 ], [ 106.616976054476865, -5.751936689638644 ], [ 106.616976054348029, -5.75193668968661 ], [ 106.616967040238293, -5.751941738901353 ], [ 106.61696103272422, -5.751945775053345 ], [ 106.616958029300989, -5.751947911316827 ], [ 106.616949015424794, -5.751953043350134 ], [ 106.616943861364163, -5.751954866559056 ], [ 106.616939995071178, -5.751955882233086 ], [ 106.616930972172469, -5.751957820108674 ], [ 106.616921950958215, -5.751960354377054 ], [ 106.616915588245121, -5.751963989522689 ], [ 106.616912938955906, -5.75196615006528 ], [ 106.616906677853009, -5.751973057619073 ], [ 106.616903946369533, -5.751978819841514 ], [ 106.616902054943637, -5.75198211356637 ], [ 106.616898714666618, -5.751991165879194 ], [ 106.616894962721986, -5.751994654447457 ], [ 106.616889422481094, -5.752000235057346 ], [ 106.616885956860528, -5.75200262455518 ], [ 106.616879956813207, -5.752009304727001 ], [ 106.6168769555062, -5.752012190472708 ], [ 106.616872136326492, -5.752018369734844 ], [ 106.616870022022681, -5.75202741857379 ], [ 106.616869150370533, -5.752031942467639 ] ] ] } },
{ "type": "Feature", "properties": { "fid": 53.0, "ID": 52, "ELEV": -36.0 }, "geometry": { "type": "MultiLineString", "coordinates": [ [ [ 106.61848028411994, -5.7510507481025 ], [ 106.618479658530802, -5.751055271297184 ], [ 106.618477112491334, -5.751064321358681 ], [ 106.618472313078826, -5.75106989987639 ], [ 106.618469501613362, -5.751073385783648 ], [ 106.618463316260545, -5.751081054939173 ], [ 106.618462258030817, -5.751082449166965 ], [ 106.61845431321575, -5.751090007462547 ], [ 106.618453086382473, -5.751091518018044 ], [ 106.618445309432929, -5.751098699000558 ], [ 106.618443433878653, -5.751100588232703 ], [ 106.618436302145483, -5.751106150847596 ], [ 106.618429540884193, -5.751109670472737 ], [ 106.6184272871687, -5.751110882606799 ], [ 106.618418267915743, -5.751114101681472 ], [ 106.618409245661283, -5.751116258983788 ], [ 106.618400222932138, -5.751118248394569 ], [ 106.618398218154297, -5.751118802140239 ], [ 106.618391204334031, -5.751121699269292 ], [ 106.618382186510388, -5.751125424171981 ], [ 106.618376174500469, -5.75112790749299 ], [ 106.618373169236975, -5.751129343784552 ], [ 106.618364153535197, -5.751133819454548 ], [ 106.618357842616021, -5.751137002319449 ], [ 106.618355138460601, -5.751138517064145 ], [ 106.618346128789824, -5.75114512647173 ], [ 106.618344927694395, -5.75114608178446 ], [ 106.61833711981393, -5.751151981798444 ], [ 106.61833226743903, -5.751155160527129 ], [ 106.618328108147153, -5.751157885225947 ], [ 106.618319094424137, -5.751163061268192 ], [ 106.618316389342411, -5.751164248394433 ], [ 106.618310077996597, -5.751167280572028 ], [ 106.618301061430145, -5.751171450787872 ], [ 106.618296963076133, -5.751173346322843 ], [ 106.618292044863566, -5.751175621015602 ], [ 106.61828302936155, -5.751180167929475 ], [ 106.618279424392952, -5.751182438898269 ], [ 106.618274018423975, -5.751186329754765 ], [ 106.618268014238566, -5.75119151409518 ], [ 106.618265012415478, -5.751194235511552 ], [ 106.618258008352313, -5.751200585310013 ], [ 106.618256006893475, -5.751202313478403 ], [ 106.618246999355094, -5.751209659369168 ], [ 106.618246999302102, -5.751209659408632 ], [ 106.618237989422255, -5.751216195774944 ], [ 106.618234485601292, -5.751218737695052 ], [ 106.618228981075887, -5.751223274765688 ], [ 106.618223476550185, -5.7512278117541 ], [ 106.618219974989103, -5.75123115326597 ], [ 106.618213618214099, -5.75123688255013 ], [ 106.618210970365979, -5.751239549705767 ], [ 106.618204615489972, -5.751245950919959 ], [ 106.618201968111521, -5.75124878427447 ], [ 106.618196143888724, -5.75125501778371 ], [ 106.618192967623671, -5.751258643972988 ], [ 106.618188203326966, -5.751264083141639 ], [ 106.618183966703029, -5.751268350657603 ], [ 106.618178901810921, -5.751273152358514 ], [ 106.618174961889622, -5.751276680169784 ], [ 106.618168356797895, -5.751282225101236 ], [ 106.618165954605686, -5.751284135688032 ], [ 106.618156946559466, -5.751291300297176 ], [ 106.618156946499397, -5.751291300335025 ], [ 106.618147936957754, -5.75129795723075 ], [ 106.618144660703962, -5.751300377975758 ], [ 106.618138924905125, -5.751303725789001 ], [ 106.618129909645859, -5.751308359874834 ], [ 106.618127950118122, -5.751309468200208 ], [ 106.618120900908266, -5.751315301478867 ], [ 106.61811779685074, -5.751318539831626 ], [ 106.618111907340207, -5.751327599373469 ], [ 106.618111907309242, -5.751327599433841 ], [ 106.618108063587883, -5.751336653114746 ], [ 106.618104936467802, -5.751345704824085 ], [ 106.618102952858223, -5.751353748701164 ], [ 106.618102797333037, -5.751354753732092 ], [ 106.6181016915003, -5.751363799710273 ], [ 106.618101120308921, -5.751372844172529 ], [ 106.61810034827748, -5.751381889204255 ], [ 106.618098292995242, -5.751390937874536 ], [ 106.618094053781263, -5.751399490346377 ], [ 106.618093768582852, -5.751399993545832 ], [ 106.618085052491978, -5.751409061102241 ], [ 106.618085052472821, -5.751409061118164 ], [ 106.618076036780067, -5.751413542569754 ], [ 106.618067012197528, -5.751414878697424 ], [ 106.618057982341526, -5.751414348987148 ], [ 106.618048951573201, -5.75141349648614 ], [ 106.618039923473731, -5.751413588300427 ], [ 106.618030899498166, -5.75141513928287 ], [ 106.618021875109392, -5.751416544082114 ], [ 106.618012846822609, -5.751416569679902 ], [ 106.618003817061322, -5.751416073563925 ], [ 106.617994788113393, -5.751415865247443 ], [ 106.617985760913527, -5.751416275475458 ], [ 106.61797673446776, -5.751416952548047 ], [ 106.617967708705379, -5.751417871459119 ], [ 106.617963196384835, -5.751418449443617 ], [ 106.617958683719394, -5.751419065109423 ], [ 106.617949659897093, -5.751420670560892 ], [ 106.617940639540961, -5.751423502530653 ], [ 106.617931622779125, -5.751427581803443 ], [ 106.617931622709776, -5.75142758184132 ], [ 106.617922612822198, -5.751434118206214 ], [ 106.617919293756941, -5.75143665960132 ], [ 106.617913605023219, -5.751441393702263 ], [ 106.617908888095457, -5.751445731946099 ], [ 106.617904601126654, -5.751450050169156 ], [ 106.617900100409926, -5.751454799703656 ], [ 106.6178955974692, -5.751458791343177 ], [ 106.617886581666497, -5.751463234939103 ], [ 106.617877554405297, -5.751463623925346 ], [ 106.617868524519935, -5.751463084334381 ], [ 106.617859495329952, -5.751462790825332 ], [ 106.617850469458077, -5.751463671481016 ], [ 106.617849341964529, -5.75146398645046 ], [ 106.617841450181629, -5.751466886063706 ], [ 106.617832434670305, -5.751471433044563 ], [ 106.617829661340906, -5.75147308508886 ], [ 106.617823422527323, -5.751477172046892 ], [ 106.617816342856358, -5.751482165690335 ], [ 106.61781441280273, -5.75148376691021 ], [ 106.617806007352442, -5.751491237835012 ], [ 106.617805407155217, -5.751491804619966 ], [ 106.617796402883272, -5.751500307907149 ], [ 106.617796402823245, -5.751500307957564 ], [ 106.61778739336296, -5.751506996615888 ], [ 106.617783927750096, -5.751509386117328 ], [ 106.617778382557688, -5.751513209389018 ], [ 106.617770121300097, -5.751518468101495 ], [ 106.617769370339687, -5.751518922303616 ], [ 106.617760354710839, -5.751523428263456 ], [ 106.617751335087874, -5.751526520833093 ], [ 106.617748875889205, -5.751527571173987 ], [ 106.617742318264234, -5.751530604093285 ], [ 106.617735769313086, -5.75153665117354 ], [ 106.617733313397807, -5.751538918882684 ], [ 106.617727313702289, -5.751545717988171 ], [ 106.617724311690765, -5.751548351833099 ], [ 106.617715300224276, -5.751554331141743 ], [ 106.6177140117438, -5.751554798541308 ], [ 106.617706282536162, -5.751558108749731 ], [ 106.617697262763286, -5.75156114863532 ], [ 106.617689746978741, -5.751563910171548 ], [ 106.61768824404102, -5.751564560367108 ], [ 106.61767922749965, -5.751568743955883 ], [ 106.617670209683467, -5.751572476455795 ], [ 106.617668921395591, -5.751573012051748 ], [ 106.617661195160537, -5.751577374480419 ], [ 106.617652824929124, -5.751582100525627 ], [ 106.617652181373174, -5.751582532891183 ], [ 106.617643172550103, -5.751589448238525 ], [ 106.617641535881262, -5.751591175371557 ], [ 106.617637647066715, -5.751600229239886 ], [ 106.617636739442815, -5.751609274657405 ], [ 106.617634499321028, -5.751618323852182 ], [ 106.617634227058105, -5.751618776697219 ], [ 106.61762833622825, -5.751627384167458 ], [ 106.617625230783361, -5.751630133201116 ], [ 106.617616216041412, -5.751634954196529 ], [ 106.617612053334923, -5.751636473169239 ], [ 106.617607198395845, -5.751638747642634 ], [ 106.617598185178792, -5.751644108437446 ], [ 106.617596288554893, -5.751645560702022 ], [ 106.617589181146627, -5.751652719918004 ], [ 106.61758738083293, -5.751654628797193 ], [ 106.617580180945296, -5.751662687269363 ], [ 106.617579233409145, -5.751663694737131 ], [ 106.617571178352918, -5.751671808508101 ], [ 106.617570118878561, -5.751672763418407 ], [ 106.617562171912923, -5.751679568121893 ], [ 106.617559168869491, -5.751681837302493 ], [ 106.617553164202036, -5.751686878040979 ], [ 106.617547156696006, -5.751690914197267 ], [ 106.617544155126751, -5.751693705160174 ], [ 106.617536047213676, -5.751699988533145 ], [ 106.617535146844546, -5.751700813048098 ], [ 106.617526135391614, -5.751706798834639 ], [ 106.617522272650888, -5.751709070423239 ], [ 106.617517124841271, -5.751713104142467 ], [ 106.617512123401866, -5.751718142037004 ], [ 106.617508136373999, -5.751727196183612 ], [ 106.617508136292344, -5.751727196334546 ], [ 106.617503237232626, -5.751736252915651 ], [ 106.617499151797787, -5.751742723600737 ], [ 106.617497654334457, -5.751745311585823 ], [ 106.617493165785149, -5.751754367154017 ], [ 106.617490170954042, -5.751759543123918 ], [ 106.617487719755331, -5.75176342543622 ], [ 106.61748117632051, -5.751771482238793 ], [ 106.617480276467191, -5.751772489379685 ], [ 106.617473079105622, -5.751781552626034 ], [ 106.617472179607162, -5.751782685369642 ], [ 106.617467340635173, -5.751790611737121 ], [ 106.617463199287755, -5.751799666321154 ], [ 106.617463199218946, -5.751799666547408 ], [ 106.617460967640397, -5.751808715492144 ], [ 106.61745923765703, -5.751817763241174 ], [ 106.617457965129375, -5.751826809693549 ], [ 106.617454837296066, -5.751835861404807 ], [ 106.617454275960114, -5.751836867586167 ], [ 106.617449139645203, -5.751844920400224 ], [ 106.617445284311884, -5.751849863874827 ], [ 106.617441534158957, -5.751853984803373 ], [ 106.617436282532864, -5.751859274706187 ], [ 106.617431779120537, -5.751863055299352 ], [ 106.617427274006744, -5.751866297621469 ], [ 106.61741825702515, -5.751870327949701 ], [ 106.61740923413916, -5.751872162047746 ], [ 106.617409233838387, -5.751872162105109 ], [ 106.617400209799513, -5.751873694703709 ], [ 106.617391182922418, -5.751874222776452 ], [ 106.61738215432672, -5.751874142579382 ], [ 106.61737312334057, -5.751873216307763 ], [ 106.617367101403886, -5.751872281469007 ], [ 106.61736409107705, -5.751871837928072 ], [ 106.617355057334166, -5.751869935929061 ], [ 106.617346022314095, -5.751867581860185 ], [ 106.617336987293953, -5.751865227752943 ], [ 106.617329759002317, -5.751863344463979 ], [ 106.617327952199361, -5.751862847279194 ], [ 106.6173189185985, -5.751860995511624 ], [ 106.617309889360143, -5.751860687874577 ], [ 106.617300864693874, -5.751861998588328 ], [ 106.617294097289502, -5.751863445538819 ], [ 106.617291841774872, -5.751863927794296 ], [ 106.617282819797708, -5.75186619040738 ], [ 106.617273799651016, -5.751869100987876 ], [ 106.617264779869686, -5.751872140935467 ], [ 106.617263652710278, -5.751872574671376 ], [ 106.617255762200656, -5.751875928619003 ], [ 106.61724674237378, -5.751878952538855 ], [ 106.617237721890803, -5.751881691009936 ], [ 106.61723772174048, -5.751881691057964 ], [ 106.617228701106782, -5.751884429481754 ], [ 106.617219681279508, -5.751887453401253 ], [ 106.617210662522467, -5.751890810545969 ], [ 106.617210662393632, -5.751890810599526 ], [ 106.61720164461461, -5.751894559652476 ], [ 106.617192625666576, -5.751897894946489 ], [ 106.617187472175516, -5.751899919115901 ], [ 106.617183608154491, -5.751901738590109 ], [ 106.617174591169601, -5.751905768915123 ], [ 106.617168957552678, -5.751909014433924 ], [ 106.617165578380806, -5.751911284650411 ], [ 106.617156565311532, -5.75191670117298 ], [ 106.617153989657496, -5.751918099700034 ], [ 106.61714755158691, -5.751921885774446 ], [ 106.617138536061233, -5.751926432891573 ], [ 106.617137033664548, -5.751927190600133 ], [ 106.617129521502022, -5.751931322188876 ], [ 106.617120505008572, -5.751935526838031 ], [ 106.617118701752702, -5.751936285399183 ], [ 106.617111488127151, -5.751939594207265 ], [ 106.617102469117185, -5.751942908131645 ], [ 106.617097059241814, -5.751945389579819 ], [ 106.617093452893286, -5.751947208369336 ], [ 106.617084439352865, -5.751952458626419 ], [ 106.617081435596376, -5.751954476702948 ], [ 106.617075429502549, -5.751959015260185 ], [ 106.617068219359169, -5.751963557003458 ], [ 106.617066417167337, -5.751964692304853 ], [ 106.617057405542582, -5.751970620931446 ], [ 106.617053799761464, -5.751972640713941 ], [ 106.617048392498148, -5.751976047051168 ], [ 106.617039380343812, -5.751981724423676 ], [ 106.617039380163561, -5.751981724537224 ], [ 106.617030368892671, -5.751987778653268 ], [ 106.617023605966438, -5.75199081197289 ], [ 106.617021351944331, -5.751991822950845 ], [ 106.617012332416749, -5.751994954219644 ], [ 106.617003307406307, -5.751996144513317 ], [ 106.616994281234369, -5.751996923638182 ], [ 106.616985253466098, -5.751997137653865 ], [ 106.616976225634986, -5.751997329436821 ], [ 106.616967197334361, -5.751997355020643 ], [ 106.61695817107298, -5.751998102565013 ], [ 106.616949143988251, -5.751998558638578 ], [ 106.616944634320774, -5.752000078606774 ], [ 106.6169401256209, -5.752002100947302 ], [ 106.616934878954282, -5.752009149098015 ], [ 106.616931127009849, -5.752012637666484 ], [ 106.616925983699204, -5.752018217151903 ], [ 106.616922124005839, -5.752021619237707 ], [ 106.616915195081546, -5.752027290570863 ], [ 106.616913117141252, -5.752029234141699 ], [ 106.616904861147603, -5.752036362701303 ], [ 106.616904110504848, -5.752036929912013 ], [ 106.616899765892569, -5.75204541998717 ], [ 106.616899621114925, -5.752045708952099 ], [ 106.6168982143314, -5.752049945807618 ] ] ] } },
{ "type": "Feature", "properties": { "fid": 54.0, "ID": 53, "ELEV": -41.0 }, "geometry": { "type": "MultiLineString", "coordinates": [ [ [ 106.618600192345525, -5.752117463211386 ], [ 106.618599107516999, -5.752112944868519 ], [ 106.618601647534518, -5.752108883955861 ], [ 106.618606166021266, -5.752110405751113 ] ] ] } },
{ "type": "Feature", "properties": { "fid": 55.0, "ID": 54, "ELEV": -37.0 }, "geometry": { "type": "MultiLineString", "coordinates": [ [ [ 106.617098587739591, -5.752166934997321 ], [ 106.617098587789243, -5.752166934816331 ], [ 106.617100311188224, -5.752162408689562 ], [ 106.617101057290625, -5.752153363728212 ], [ 106.617101909700622, -5.752144318465585 ], [ 106.617099626971864, -5.752135282088041 ], [ 106.61709621575929, -5.752126248908607 ], [ 106.617093950168638, -5.752123241047019 ], [ 106.617086710221301, -5.752117233000449 ], [ 106.61708490118771, -5.752115946503158 ], [ 106.617075861936826, -5.752112096262399 ], [ 106.617069079547647, -5.752108240118419 ], [ 106.617066819038769, -5.752106954900513 ], [ 106.617057773097685, -5.7521007362628 ], [ 106.617054759789497, -5.752099237852792 ], [ 106.617048733240267, -5.752096671190579 ], [ 106.617039693078723, -5.752092498415253 ], [ 106.617033667442072, -5.752090254779487 ], [ 106.617030655553066, -5.752089258724392 ], [ 106.617021621574651, -5.752087274761384 ], [ 106.617012593272818, -5.752087300346322 ], [ 106.617003564970958, -5.752087325931121 ], [ 106.616994539506734, -5.752088356098183 ], [ 106.616988525932541, -5.752090382703776 ], [ 106.616985520529695, -5.752091682844656 ], [ 106.616977803669144, -5.752099455935967 ], [ 106.616977203913606, -5.752103979059265 ] ] ] } },
{ "type": "Feature", "properties": { "fid": 56.0, "ID": 55, "ELEV": -37.0 }, "geometry": { "type": "MultiLineString", "coordinates": [ [ [ 106.618540086131347, -5.751091271337864 ], [ 106.618535571992197, -5.751091284317767 ], [ 106.618533591228243, -5.7511003325501 ], [ 106.618526594895457, -5.751109395232828 ], [ 106.618526594839253, -5.751109395308345 ], [ 106.61851939773274, -5.751118458485087 ], [ 106.618517598021825, -5.751120550357734 ], [ 106.618510672814551, -5.751127526070052 ], [ 106.618508595796683, -5.751129792598865 ], [ 106.618502364662277, -5.751136592473008 ], [ 106.618499595985014, -5.751139888687809 ], [ 106.618493292387186, -5.751145661042958 ], [ 106.618490589871001, -5.751147755475916 ], [ 106.618481575776897, -5.751152799430858 ], [ 106.618477067264649, -5.75115474989812 ], [ 106.61847255808631, -5.751156571208213 ], [ 106.618463539300492, -5.751159955600609 ], [ 106.618454522125575, -5.751163856676126 ], [ 106.618454521975295, -5.751163856741145 ], [ 106.618445503525734, -5.751167360186394 ], [ 106.618436485076771, -5.751170863900233 ], [ 106.618427462995513, -5.751172976254624 ], [ 106.618427462694768, -5.751172976325042 ], [ 106.618418440803751, -5.751175262478945 ], [ 106.618409421043467, -5.751178302434063 ], [ 106.618400401089374, -5.751181273877495 ], [ 106.618398598032101, -5.751182100953137 ], [ 106.618391385356119, -5.751185738543692 ], [ 106.61838236985578, -5.751190285668792 ], [ 106.618380567030769, -5.751191194927437 ], [ 106.618373352650408, -5.751194229666559 ], [ 106.618364331578533, -5.751196805875177 ], [ 106.6183553133083, -5.751200309383378 ], [ 106.618355313127935, -5.75120030945925 ], [ 106.618346300575951, -5.751205899848674 ], [ 106.618339861704271, -5.751209396042132 ], [ 106.61833728605734, -5.751210794572852 ], [ 106.618328269572672, -5.751214993821757 ], [ 106.618320755643623, -5.751218493063637 ], [ 106.618319253087165, -5.751219192825619 ], [ 106.618310239104559, -5.75122427736422 ], [ 106.618305734371049, -5.751227578501443 ], [ 106.618301228637094, -5.751230605558964 ], [ 106.618292217507545, -5.751236659672964 ], [ 106.618292217394909, -5.751236659742846 ], [ 106.618283204022148, -5.751241960247352 ], [ 106.618278199044482, -5.751245742266645 ], [ 106.618274195683995, -5.751249041981989 ], [ 106.618267892082315, -5.751254814335605 ], [ 106.618265190636848, -5.751257288111544 ], [ 106.61825798659963, -5.751263885266017 ], [ 106.61825618520308, -5.751265397562373 ], [ 106.618247176253547, -5.75127226326102 ], [ 106.618246357580219, -5.751272961083641 ], [ 106.618238169597277, -5.751279940374801 ], [ 106.618235713350217, -5.751282034108652 ], [ 106.618229162941034, -5.751287617590576 ], [ 106.618225411010386, -5.751291106164097 ], [ 106.618220157267444, -5.751295642547231 ], [ 106.618213850179274, -5.75130018178799 ], [ 106.618211146874671, -5.751301997975864 ], [ 106.618202139113279, -5.75130925783775 ], [ 106.618202139038203, -5.751309257898245 ], [ 106.618193129922929, -5.751316065461601 ], [ 106.618189853243408, -5.751318335517249 ], [ 106.618184117967942, -5.751321868419449 ], [ 106.618175101043107, -5.751325913113405 ], [ 106.618171236178469, -5.751327431148816 ], [ 106.618166083833813, -5.751329857213647 ], [ 106.618157072326198, -5.751335818651696 ], [ 106.618156171601228, -5.751336516706898 ], [ 106.61814806370127, -5.751342800085331 ], [ 106.618145293590928, -5.751345590393813 ], [ 106.618139062449458, -5.751352390265811 ], [ 106.618137475659722, -5.751354655403866 ], [ 106.618130567608901, -5.751363717833949 ], [ 106.618130067937187, -5.751364365062478 ], [ 106.618124502762782, -5.75137277787314 ], [ 106.618121076163931, -5.751377309066906 ], [ 106.618118900229604, -5.751381836601452 ], [ 106.618114061146088, -5.751390893165039 ], [ 106.61811209563146, -5.751394230321305 ], [ 106.618109806686903, -5.751399948070956 ], [ 106.618104864534899, -5.751409004926786 ], [ 106.61810311846159, -5.751412341460839 ], [ 106.618099265355511, -5.751418063645571 ], [ 106.618094122674208, -5.751423865641085 ], [ 106.618087881563611, -5.751427138766158 ], [ 106.618085107848231, -5.75142865379521 ], [ 106.618076088521477, -5.751431849569506 ], [ 106.618067066609342, -5.751434130634836 ], [ 106.618058044414852, -5.751436266208978 ], [ 106.61805804428603, -5.751436266256944 ], [ 106.618049028777776, -5.751440813234108 ], [ 106.618040013351333, -5.751445360176342 ], [ 106.618040013269365, -5.751445360221783 ], [ 106.618030998316158, -5.751450103709399 ], [ 106.618021981090408, -5.751454043172514 ], [ 106.618020692707432, -5.751454457799656 ], [ 106.618012961631749, -5.75145719262428 ], [ 106.618003939875081, -5.751459529015458 ], [ 106.61799491336231, -5.751460182587662 ], [ 106.617985885531411, -5.751460369779307 ], [ 106.61797685785217, -5.751460610645585 ], [ 106.617967831694386, -5.751461389878964 ], [ 106.617958810096397, -5.751463676096082 ], [ 106.617958809795724, -5.751463676187367 ], [ 106.617949793123756, -5.751467811958805 ], [ 106.617942068320204, -5.751472766405613 ], [ 106.617940781098568, -5.75147359201775 ], [ 106.617931769654575, -5.751479577808547 ], [ 106.617928390489055, -5.751481848028023 ], [ 106.617922758403182, -5.751485631823357 ], [ 106.617913743197207, -5.751490286586987 ], [ 106.617911939640138, -5.75149093751212 ], [ 106.617904724035597, -5.751493541709296 ], [ 106.617895702075018, -5.751495806458863 ], [ 106.617886682061112, -5.751498760093908 ], [ 106.617883676282389, -5.751500060485573 ], [ 106.617877667645232, -5.75150369465805 ], [ 106.617868654839796, -5.75150914591625 ], [ 106.617868654689559, -5.751509145998889 ], [ 106.617859639178022, -5.751513692988517 ], [ 106.617852128189554, -5.751518235613997 ], [ 106.617850626504961, -5.751519244461408 ], [ 106.617842623904551, -5.751527305402802 ], [ 106.617841623770275, -5.751528312828287 ], [ 106.617832618309265, -5.751536376612754 ], [ 106.617832618196701, -5.751536376713545 ], [ 106.617823610814867, -5.751543800811046 ], [ 106.617821358388767, -5.751545451378637 ], [ 106.617814601110368, -5.751550403081365 ], [ 106.617808164017475, -5.751554531628544 ], [ 106.617805589546606, -5.751556347495911 ], [ 106.617796581812641, -5.751563607307814 ], [ 106.617796581700091, -5.751563607408604 ], [ 106.617787573284772, -5.751570666127193 ], [ 106.617785321890963, -5.751572682073289 ], [ 106.617778569838535, -5.751579483348064 ], [ 106.617775996645136, -5.751581751353944 ], [ 106.617769563907672, -5.751587421421815 ], [ 106.617764156653507, -5.751590827763654 ], [ 106.61776055250067, -5.751593421721314 ], [ 106.617751539268454, -5.751598776183239 ], [ 106.617749285604717, -5.751599912765991 ], [ 106.617742525122281, -5.75160380729514 ], [ 106.61773351165921, -5.751609000327679 ], [ 106.617733511433869, -5.751609000457492 ], [ 106.617724502307183, -5.751615808001278 ], [ 106.617719994775499, -5.751618081490607 ], [ 106.617715486792392, -5.751620354981187 ], [ 106.617706474471973, -5.751626032469178 ], [ 106.617704220808008, -5.751627169051809 ], [ 106.617697460324877, -5.751631063580594 ], [ 106.617690252017923, -5.751636251495359 ], [ 106.617688450284888, -5.751637548226669 ], [ 106.617679444046288, -5.751645324978388 ], [ 106.617679443896193, -5.751645325107988 ], [ 106.617670437506519, -5.751653101730884 ], [ 106.617669151611111, -5.751654396999867 ], [ 106.617661432028342, -5.751661201016637 ], [ 106.617658428985649, -5.751663470240744 ], [ 106.617652422900505, -5.751668008801958 ], [ 106.617647276511434, -5.751672544700027 ], [ 106.617643416965663, -5.751675946653744 ], [ 106.617638417302757, -5.751681612658357 ], [ 106.617634419244709, -5.751686791472458 ], [ 106.617631721776178, -5.751690674483142 ], [ 106.617626330145683, -5.751699732611701 ], [ 106.617625431712256, -5.751701242107654 ], [ 106.617620437372651, -5.751708792160859 ], [ 106.617616441747387, -5.751714832050522 ], [ 106.617614443934727, -5.751717851995362 ], [ 106.617607444329479, -5.75172578448816 ], [ 106.617606444549338, -5.751726917516151 ], [ 106.617598444881352, -5.751735983037697 ], [ 106.617598444781464, -5.751735983188681 ], [ 106.617592451342531, -5.751745042872425 ], [ 106.617589452989051, -5.751748926735978 ], [ 106.617584308424597, -5.751754108799971 ], [ 106.617580448877916, -5.751757510753513 ], [ 106.617574016136402, -5.751763180820247 ], [ 106.617571445070581, -5.75176620239003 ], [ 106.617566948070447, -5.751772243700828 ], [ 106.617562454252138, -5.751779490991235 ], [ 106.617561556669912, -5.751781301828597 ], [ 106.617557469278609, -5.751790356259934 ], [ 106.617553482269599, -5.751799410406727 ], [ 106.617553482169924, -5.751799410633069 ], [ 106.617549495059862, -5.751808464554094 ], [ 106.617544505076822, -5.75181752154398 ], [ 106.617544504976934, -5.751817521694963 ], [ 106.617536791777894, -5.7518265862535 ], [ 106.617535505425693, -5.751827720093783 ], [ 106.617526499616702, -5.751835658273111 ], [ 106.617526499488022, -5.751835658373947 ], [ 106.617517491064831, -5.751842717090345 ], [ 106.617515691083767, -5.751844731756339 ], [ 106.617508494088085, -5.751853795002174 ], [ 106.617508493998173, -5.751853795131603 ], [ 106.617503658219462, -5.751862851555125 ], [ 106.617499510415385, -5.751869645446388 ], [ 106.617498012039164, -5.751871910404982 ], [ 106.61749126629573, -5.751880972371646 ], [ 106.617490516611937, -5.751881878643228 ], [ 106.617483768313619, -5.751890036470567 ], [ 106.617481518279192, -5.751892508964955 ], [ 106.617474970713786, -5.751899104253315 ], [ 106.617472514952254, -5.751901371853795 ], [ 106.61746350591855, -5.751908179596318 ], [ 106.617463505818449, -5.75190817967196 ], [ 106.617454493946383, -5.751914018434119 ], [ 106.617448054357894, -5.751917266239822 ], [ 106.617445478424202, -5.751918565411636 ], [ 106.617436458399951, -5.751921519042044 ], [ 106.6174274357451, -5.751923541680282 ], [ 106.617418412425934, -5.751925329229501 ], [ 106.617412396184108, -5.751926410158528 ], [ 106.617409388837316, -5.751927021447153 ], [ 106.617400363946459, -5.751928252786603 ], [ 106.617391335648833, -5.751928278376829 ], [ 106.617382305648064, -5.751927701176672 ], [ 106.617376282993675, -5.7519265125193 ], [ 106.617373272240783, -5.751925918288607 ], [ 106.61736423652161, -5.751923317111244 ], [ 106.617355201625855, -5.751921007362336 ], [ 106.617346165630735, -5.751918308488343 ], [ 106.617341648901757, -5.751917567839632 ], [ 106.617337133379749, -5.751916934826199 ], [ 106.617328101432193, -5.751915668555393 ], [ 106.617319072713229, -5.751915545058127 ], [ 106.617310048182333, -5.751916903955419 ], [ 106.617307793451772, -5.751917663796691 ], [ 106.617301031593357, -5.751921073975068 ], [ 106.617292019443354, -5.751926751350629 ], [ 106.617292019263118, -5.751926751464178 ], [ 106.617283001913222, -5.751930652273293 ], [ 106.617273981827083, -5.751933584608332 ], [ 106.617264957077509, -5.751934866307734 ], [ 106.61726044621787, -5.751935883682829 ], [ 106.617255935266229, -5.751937188091791 ], [ 106.617246917917512, -5.751941089506292 ], [ 106.617241512024421, -5.751944980192356 ], [ 106.617237913341285, -5.751949512040893 ], [ 106.617234314656812, -5.751954043437312 ], [ 106.61722892354264, -5.75196310156301 ], [ 106.617228923364635, -5.751963102467764 ], [ 106.617227143524588, -5.751972149454247 ], [ 106.617225362998269, -5.751981197346932 ], [ 106.617224486078612, -5.751990242678646 ], [ 106.617222254109635, -5.751999291850812 ], [ 106.617220023022526, -5.752008341020489 ], [ 106.617220022799387, -5.752008341925371 ], [ 106.617217039293109, -5.752017392323296 ], [ 106.617215560192051, -5.752026439361726 ], [ 106.61721107158877, -5.752035494929626 ], [ 106.617211097135609, -5.752044537703637 ], [ 106.617220150530287, -5.752053554438915 ], [ 106.617220150982916, -5.752053554889714 ], [ 106.617229195864482, -5.752059558202172 ], [ 106.617233718980813, -5.752062559281455 ], [ 106.617238239065856, -5.752064806966446 ], [ 106.617247286526933, -5.752071563447973 ], [ 106.617247286828515, -5.752071563673177 ], [ 106.617254083515931, -5.752080587255802 ], [ 106.617256348890663, -5.752083594733873 ], [ 106.617260880299682, -5.752089610838012 ], [ 106.617265419771044, -5.752098640365902 ], [ 106.617265419998006, -5.752098640817342 ], [ 106.617267702180285, -5.752107677195094 ], [ 106.61726847991936, -5.752116717836881 ], [ 106.617270011018491, -5.752125756343395 ], [ 106.617265522415849, -5.75213481191167 ], [ 106.617265547813574, -5.752143854685832 ], [ 106.617265573361763, -5.752152897459563 ], [ 106.617265573063378, -5.75215289836466 ], [ 106.617263341748853, -5.752161946630831 ], [ 106.617256589468838, -5.752168748119214 ], [ 106.617253586803912, -5.752171017125649 ], [ 106.617247574852797, -5.752173617906131 ], [ 106.617238558411927, -5.752177841855336 ], [ 106.617229533658403, -5.752179123555273 ], [ 106.61722050909701, -5.752180153723661 ], [ 106.617220508194478, -5.75218015382669 ], [ 106.617211483540828, -5.752181470928377 ], [ 106.617202468620903, -5.752186233419067 ], [ 106.617198865677892, -5.752189257912782 ], [ 106.617194763927998, -5.752198312384504 ], [ 106.617193482895985, -5.752201329914078 ], [ 106.617190920343191, -5.752207366124531 ], [ 106.617189011437247, -5.752216414381254 ], [ 106.617189024210887, -5.75222093576828 ] ] ] } },
{ "type": "Feature", "properties": { "fid": 57.0, "ID": 56, "ELEV": -38.0 }, "geometry": { "type": "MultiLineString", "coordinates": [ [ [ 106.618594363964036, -5.751129375554827 ], [ 106.618589856771365, -5.751131822918246 ], [ 106.618589856707089, -5.751131822993787 ], [ 106.618583850508386, -5.751136361373213 ], [ 106.618580853991986, -5.751140891442801 ], [ 106.618577481222616, -5.751145422278057 ], [ 106.618571856753832, -5.751151897331314 ], [ 106.618569606988103, -5.751154487451114 ], [ 106.618562854951136, -5.751161288731262 ], [ 106.618560604272119, -5.751163555824635 ], [ 106.618553854974564, -5.751171326183954 ], [ 106.618552955935698, -5.751172620356925 ], [ 106.618548467221757, -5.751181675928168 ], [ 106.618544870517923, -5.75118685360719 ], [ 106.618541495922059, -5.751190738540269 ], [ 106.618535867394655, -5.751195778218579 ], [ 106.618529859902651, -5.751199814381885 ], [ 106.618526855588385, -5.751201631470522 ], [ 106.618517844918316, -5.75120788670838 ], [ 106.618516343236053, -5.751208895556996 ], [ 106.618508835454406, -5.751214568678967 ], [ 106.61850433105036, -5.751217972465132 ], [ 106.618499825279969, -5.751220999396237 ], [ 106.618490808928357, -5.751225245087137 ], [ 106.6184872025906, -5.751227063882989 ], [ 106.618481795345431, -5.751230470229513 ], [ 106.618472783221321, -5.751236147617512 ], [ 106.618472783041085, -5.751236147731061 ], [ 106.618463773017965, -5.751242632272198 ], [ 106.618460168871295, -5.751245226232799 ], [ 106.618454762994944, -5.751249116926286 ], [ 106.61844755470139, -5.751254304847404 ], [ 106.618445752160298, -5.751255314549127 ], [ 106.618436730623998, -5.75125772655555 ], [ 106.618427711014547, -5.751260820224961 ], [ 106.618423204402774, -5.751263416744733 ], [ 106.618418700261159, -5.751267046792639 ], [ 106.618411944170944, -5.751272491519148 ], [ 106.61840969157538, -5.751274004855874 ], [ 106.618400671814186, -5.751277045020154 ], [ 106.618391646726394, -5.751278200910296 ], [ 106.61838262483424, -5.751280487313364 ], [ 106.618380371173529, -5.751281623897918 ], [ 106.618373612527321, -5.751286164635917 ], [ 106.618366853880147, -5.751290705072434 ], [ 106.618364600675662, -5.75129200308547 ], [ 106.618355584717477, -5.751296388859751 ], [ 106.618346566320412, -5.751299805445962 ], [ 106.618346566019909, -5.751299805597514 ], [ 106.618337554776886, -5.751305859562009 ], [ 106.618333049381192, -5.751308886618938 ], [ 106.618328542317073, -5.751311483139466 ], [ 106.618319529096382, -5.751316837607678 ], [ 106.618317726909808, -5.75131797291178 ], [ 106.618310516787986, -5.751322514891885 ], [ 106.618301498444481, -5.751326057183652 ], [ 106.618299244428329, -5.751327068165309 ], [ 106.61829248258509, -5.751330478351886 ], [ 106.618283467081795, -5.751335025553879 ], [ 106.618281213420602, -5.751336162138154 ], [ 106.618274451577122, -5.751339572324577 ], [ 106.618265433587865, -5.751343240163926 ], [ 106.618260925351478, -5.751345262510894 ], [ 106.618256418286634, -5.75134785903102 ], [ 106.618248912781809, -5.751354339416618 ], [ 106.6182474125185, -5.751355850619547 ], [ 106.618238401883417, -5.751362120440592 ], [ 106.618236600152784, -5.751363417173055 ], [ 106.618229390029555, -5.75136795915247 ], [ 106.61822037474974, -5.751372506024493 ], [ 106.618220374524398, -5.751372506154306 ], [ 106.618211363278633, -5.751378560139013 ], [ 106.618208362370069, -5.751381582929155 ], [ 106.618202360552857, -5.751387628509399 ], [ 106.618198757620732, -5.751390653006613 ], [ 106.618193353567307, -5.75139518990214 ], [ 106.618188852354223, -5.751399723936132 ], [ 106.618184350840991, -5.751404258272391 ], [ 106.618181354319162, -5.751408788039692 ], [ 106.618175361022551, -5.751417847876437 ], [ 106.618175360894099, -5.751417848057651 ], [ 106.618166358347196, -5.75142691624643 ], [ 106.618166358167144, -5.751426916427791 ], [ 106.618157344485908, -5.751432109284985 ], [ 106.618148327453852, -5.751436010216179 ], [ 106.618148327154216, -5.751436010669112 ], [ 106.618144741259457, -5.7514450632274 ], [ 106.61814296143659, -5.751454111116619 ], [ 106.618141180924866, -5.751463159007797 ], [ 106.61813938832374, -5.751467685964179 ], [ 106.618137144245409, -5.751472213296405 ], [ 106.618132655230198, -5.751481268867625 ], [ 106.618130411154354, -5.751485797104179 ], [ 106.618128167075938, -5.751490324436407 ], [ 106.618124430250376, -5.751499377874785 ], [ 106.618121429722379, -5.751502400280373 ], [ 106.618116932844472, -5.751508441976333 ], [ 106.618112444334542, -5.751517497546121 ], [ 106.618112444036171, -5.751517498451215 ], [ 106.618109460545696, -5.75152654884927 ], [ 106.618107981458493, -5.751535595885843 ], [ 106.618103493324412, -5.751544651454583 ], [ 106.618103492424183, -5.751544652361385 ], [ 106.618094490594586, -5.751553719824431 ], [ 106.618094489692425, -5.751553720053048 ], [ 106.618085461403794, -5.751553745652592 ], [ 106.618076433115363, -5.751553771327349 ], [ 106.618067413344122, -5.751556810498666 ], [ 106.618058402546495, -5.751562864993391 ], [ 106.61805840209577, -5.751562865220727 ], [ 106.618049380195103, -5.751565151070671 ], [ 106.618040351906089, -5.751565176669551 ], [ 106.618031330007724, -5.751567463402578 ], [ 106.618022314948107, -5.751572010159108 ], [ 106.618022314497594, -5.751572010461802 ], [ 106.618013303246883, -5.75157806465588 ], [ 106.618004277086825, -5.751578843650775 ], [ 106.617999769782273, -5.751581116925669 ], [ 106.617995263704074, -5.751584143599628 ], [ 106.617986252905013, -5.751590198093543 ], [ 106.617986252456205, -5.751590198999065 ], [ 106.617983268963485, -5.751599249397104 ], [ 106.617977275578852, -5.751608309233386 ], [ 106.617977275279202, -5.751608309686319 ], [ 106.617971281592162, -5.751617369071362 ], [ 106.617968285324537, -5.751621899440455 ], [ 106.617965289054311, -5.751626428905221 ], [ 106.617959286850365, -5.751632474868693 ], [ 106.617950267980518, -5.751635514337528 ], [ 106.617950267078356, -5.751635514566142 ], [ 106.617941255825968, -5.751641568834921 ], [ 106.617938255296195, -5.751644591240011 ], [ 106.617934066992163, -5.751653645958274 ], [ 106.617933791689865, -5.751662689582175 ], [ 106.617933817246438, -5.751671732353062 ], [ 106.617935949733493, -5.751680769150226 ], [ 106.617938383079505, -5.751689805094339 ], [ 106.617932390295337, -5.751698864928884 ], [ 106.617932389393815, -5.751698865383521 ], [ 106.617923387108831, -5.751707933298707 ], [ 106.61792341251504, -5.751716976070053 ], [ 106.617926446818785, -5.75172601031034 ], [ 106.617932491618419, -5.751735035562869 ], [ 106.61793249184538, -5.751735036014307 ], [ 106.617939288611083, -5.751744059586743 ], [ 106.617941553986824, -5.751747067061489 ], [ 106.617947590270248, -5.751753078892169 ], [ 106.617950605707065, -5.751755330837604 ], [ 106.617959653167617, -5.75176208735212 ], [ 106.617959653469057, -5.751762087532114 ], [ 106.617968696794748, -5.751767487458925 ], [ 106.617977735310234, -5.75177107892568 ], [ 106.617977735611674, -5.751771079105673 ], [ 106.61798677893762, -5.751776479032106 ], [ 106.617995817453163, -5.751780070453293 ], [ 106.617995817905168, -5.75178007067807 ], [ 106.618004855970071, -5.751783662326417 ], [ 106.618013882557307, -5.751783033354476 ], [ 106.618022901428645, -5.751779993884092 ], [ 106.618022902330168, -5.751779993429456 ], [ 106.618031922105445, -5.751776954408473 ], [ 106.618040958915685, -5.75177994245622 ], [ 106.61804095936769, -5.751779942680995 ], [ 106.618049999987534, -5.75178443824154 ], [ 106.618056032012007, -5.751788942785005 ], [ 106.618059049578775, -5.751791948126193 ], [ 106.618065085863677, -5.751797959955141 ], [ 106.618068107690235, -5.751802472355765 ], [ 106.618071129519393, -5.751806985660686 ], [ 106.618077165804607, -5.751812997489421 ], [ 106.618079431181286, -5.751816004963333 ], [ 106.618086228174974, -5.751825028231016 ], [ 106.618086228401523, -5.751825028531789 ], [ 106.618095282027951, -5.751834045475724 ], [ 106.618095282209154, -5.751834045701269 ], [ 106.618102831357447, -5.751843067137203 ], [ 106.618104339532465, -5.751844354484007 ], [ 106.618111132661639, -5.751852086440107 ], [ 106.618113396125011, -5.751854340732307 ], [ 106.618118339904257, -5.751861108845226 ], [ 106.618122457788573, -5.751866120884399 ], [ 106.61812524712623, -5.751870132100954 ], [ 106.618130018239654, -5.751879161413926 ], [ 106.618131533227753, -5.751882774392808 ], [ 106.618133483127849, -5.751888194430902 ], [ 106.618134583555772, -5.751897234152791 ], [ 106.618134007260934, -5.751906278629402 ], [ 106.618132189420265, -5.751915326626707 ], [ 106.618131628897004, -5.751916619839633 ], [ 106.618128039443263, -5.75192438123733 ], [ 106.61812264812977, -5.751933439368043 ], [ 106.618122648073552, -5.751933439437765 ], [ 106.61811429011226, -5.751942505911478 ], [ 106.618113646936777, -5.75194307281867 ], [ 106.618104636215094, -5.751949315365064 ], [ 106.618101031287452, -5.751951586352076 ], [ 106.618095625265013, -5.751955477185831 ], [ 106.618089073724391, -5.751960663102521 ], [ 106.61808661796583, -5.751962930705031 ], [ 106.618078511532843, -5.751969735896015 ], [ 106.618077610806949, -5.751970433951387 ], [ 106.618068598802836, -5.751976223108024 ], [ 106.618062587242306, -5.751978823894413 ], [ 106.618059581218532, -5.751980038146089 ], [ 106.618050558643418, -5.751982087554563 ], [ 106.61804153498224, -5.751983752752461 ], [ 106.618032512093805, -5.751985691379903 ], [ 106.618025747046431, -5.751987971201607 ], [ 106.618023492317363, -5.751988731045519 ], [ 106.618014474671838, -5.751992524662021 ], [ 106.618005452765729, -5.751994810951374 ], [ 106.61799643116025, -5.751997097171365 ], [ 106.617996430859549, -5.751997097254433 ], [ 106.617987413923032, -5.752001141866481 ], [ 106.617980979409467, -5.752006183828146 ], [ 106.617978410049886, -5.752009808388792 ], [ 106.617975416080213, -5.752015242446056 ], [ 106.61797122830643, -5.752024297163572 ], [ 106.617969432871007, -5.752027919529752 ], [ 106.617966438901192, -5.752033353587018 ], [ 106.617961348159739, -5.7520424108649 ], [ 106.617960448662188, -5.752043543609109 ], [ 106.617954151149704, -5.752051474115073 ], [ 106.617951449118905, -5.752053742415554 ], [ 106.617942440091127, -5.752060550164682 ], [ 106.617942439990998, -5.75206055022956 ], [ 106.617933423620585, -5.752064795662715 ], [ 106.617924402564711, -5.752067383387798 ], [ 106.617915379059795, -5.752069104654685 ], [ 106.617913123797791, -5.752069676132692 ], [ 106.617906357835864, -5.752071632998752 ], [ 106.61789733897055, -5.752074995905057 ], [ 106.617890900905749, -5.752078781986954 ], [ 106.617888327001424, -5.752080798848322 ], [ 106.617881324912545, -5.752087851981981 ], [ 106.617879323228493, -5.752089501839374 ], [ 106.61787030207951, -5.75209205691705 ], [ 106.617861272938669, -5.752091784340879 ], [ 106.617852239163796, -5.752089872132045 ], [ 106.617845462248596, -5.752087953664963 ], [ 106.617843203423689, -5.752087264568141 ], [ 106.617834169424285, -5.752085272899422 ], [ 106.617825144534038, -5.752086504322705 ], [ 106.617822139742898, -5.752088019791075 ], [ 106.617816133273649, -5.752092558468942 ], [ 106.617807118204254, -5.752097105224799 ], [ 106.61780711775323, -5.752097105339113 ], [ 106.617798089454723, -5.752097130923957 ], [ 106.617798089003088, -5.752097130824764 ], [ 106.617789055476635, -5.752095146873399 ], [ 106.617780018659786, -5.752092158341136 ], [ 106.617770979003168, -5.752088164956407 ], [ 106.617770978777159, -5.75208816484401 ], [ 106.617761936100692, -5.752083023001347 ], [ 106.617756508307366, -5.752079163026235 ], [ 106.617752890461347, -5.752076912572362 ], [ 106.617743850298126, -5.752072739809551 ], [ 106.617737823748158, -5.75207017315541 ], [ 106.617734810439401, -5.752068674749447 ], [ 106.617725773622567, -5.752065686047419 ], [ 106.61771674106464, -5.752064204364068 ], [ 106.6177077093582, -5.752063023981021 ], [ 106.617698681059821, -5.752063049576706 ], [ 106.61768965616946, -5.752064281151138 ], [ 106.617680629574977, -5.752064909735982 ], [ 106.617671601276456, -5.752064935331246 ], [ 106.617662578087931, -5.752066769204792 ], [ 106.617653560462614, -5.752070412045293 ], [ 106.61765356001176, -5.75207041222742 ], [ 106.617644531713026, -5.75207043782228 ], [ 106.617635503414249, -5.752070463416999 ], [ 106.617635502962386, -5.75207046323743 ], [ 106.617626464893121, -5.752066871583885 ], [ 106.617617427650416, -5.752063732130411 ], [ 106.617614412212447, -5.752061480183327 ], [ 106.617608380187946, -5.752056976087173 ], [ 106.617602348162279, -5.752052471538818 ], [ 106.617599332724424, -5.752050219591618 ], [ 106.61759254211988, -5.75204345649284 ], [ 106.617590280150708, -5.752041654612197 ], [ 106.617583036793391, -5.75203444059413 ], [ 106.617581226299464, -5.752032637433578 ], [ 106.617573982942375, -5.752025423415331 ], [ 106.617572172448504, -5.752023620254731 ], [ 106.617566133140272, -5.752016402823081 ], [ 106.617563113486199, -5.752012794107217 ], [ 106.617558583855697, -5.752007381378757 ], [ 106.617554054526209, -5.752001968649383 ], [ 106.617549529930287, -5.751998364199546 ], [ 106.617545003231612, -5.751993855835163 ], [ 106.617535968544416, -5.751991620293157 ], [ 106.617526942375221, -5.751992399282503 ], [ 106.617517924725291, -5.751996193295867 ], [ 106.617508903717152, -5.751998479363253 ], [ 106.617508902814848, -5.751998479546661 ], [ 106.617499878774083, -5.752000011895203 ], [ 106.617490854734825, -5.752001544807772 ], [ 106.617481834953423, -5.752004584657344 ], [ 106.617475824222055, -5.752007615977297 ], [ 106.617472819429821, -5.752009131443975 ], [ 106.617463807314692, -5.752014884592819 ], [ 106.617461555564631, -5.752016699268735 ], [ 106.617454809856483, -5.752025761235458 ], [ 106.617454809677199, -5.752025761688049 ], [ 106.61745122376918, -5.752034814245924 ], [ 106.617451249319814, -5.752043857018856 ], [ 106.617450372403994, -5.752052902349921 ], [ 106.617450397954713, -5.752061945122852 ], [ 106.617448165989586, -5.752070994294957 ], [ 106.617445934861195, -5.752080043464698 ], [ 106.617445934681911, -5.752080043917288 ], [ 106.617442348773636, -5.752089096475222 ], [ 106.617440568939884, -5.752098144365739 ], [ 106.617439992466188, -5.752107188845205 ], [ 106.617438513108894, -5.752116235884 ], [ 106.617437034263233, -5.752125282921349 ], [ 106.617437034135122, -5.752125283223129 ], [ 106.617433190553925, -5.752134336662183 ], [ 106.617430314010292, -5.752143387661483 ], [ 106.617428985178165, -5.752152434273629 ], [ 106.617428860275467, -5.752161477473104 ], [ 106.617428120813315, -5.752166001444074 ], [ 106.617427439204633, -5.752170524346721 ], [ 106.617426224572583, -5.752179570635168 ], [ 106.617424315417139, -5.752188618892334 ], [ 106.617422793305067, -5.752197666052385 ], [ 106.617420411278204, -5.75220671564998 ], [ 106.617419216006255, -5.752209733319948 ], [ 106.617416975910857, -5.752215768233406 ], [ 106.617413416784274, -5.752224821167651 ], [ 106.617410786832934, -5.752233871468043 ], [ 106.617410260097685, -5.752235379910399 ], [ 106.617407460086426, -5.752242923743593 ], [ 106.617403686216846, -5.752251977286573 ], [ 106.617401291414566, -5.752256505610711 ], [ 106.617398294755375, -5.752261035414806 ], [ 106.617392296327338, -5.752268286694443 ], [ 106.617389721852049, -5.752270102561165 ], [ 106.617383283780455, -5.752273888638869 ], [ 106.61737425973584, -5.752275421407137 ], [ 106.61736522814175, -5.752274282289422 ], [ 106.61735619106345, -5.752271202196898 ], [ 106.617353179173307, -5.752270206143937 ], [ 106.617347154811796, -5.752268414651041 ], [ 106.617338112456139, -5.752263466716572 ], [ 106.617334494609665, -5.752261216259924 ], [ 106.617329070797737, -5.752258765517057 ], [ 106.617320027106018, -5.752253344616052 ], [ 106.617317014861115, -5.752252222960128 ], [ 106.617310990499817, -5.752250431466766 ], [ 106.617301955951106, -5.752248246516071 ], [ 106.617292931703432, -5.752249707481815 ], [ 106.617288425077447, -5.752252303996171 ], [ 106.617283919216462, -5.752255331049652 ], [ 106.617278777078027, -5.752261374188582 ], [ 106.617274927107957, -5.752268167451103 ], [ 106.617270417326054, -5.752269726920947 ] ] ] } },
{ "type": "Feature", "properties": { "fid": 58.0, "ID": 57, "ELEV": -39.0 }, "geometry": { "type": "MultiLineString", "coordinates": [ [ [ 106.618684828039349, -5.751193238540175 ], [ 106.618682456627354, -5.75119486016481 ], [ 106.618680331360906, -5.751199387612895 ], [ 106.618680331249337, -5.751199388065295 ], [ 106.61867584289979, -5.751208443183913 ], [ 106.618671345579031, -5.751214484883289 ], [ 106.618668345055809, -5.75121750729055 ], [ 106.618662336046128, -5.751221141608158 ], [ 106.618653317992056, -5.751224784460311 ], [ 106.61865031406019, -5.751226601272474 ], [ 106.618644320569942, -5.751235661112155 ], [ 106.618646603025596, -5.751244697478759 ], [ 106.618647757072935, -5.751253737045852 ], [ 106.61864590160944, -5.751262785148856 ], [ 106.618644403478086, -5.751265049892496 ], [ 106.618635394672438, -5.751271857790114 ], [ 106.618635394372149, -5.751271858017023 ], [ 106.61862638526469, -5.751278665689354 ], [ 106.618624586274692, -5.751280931286295 ], [ 106.618619645794539, -5.751289988139329 ], [ 106.618617401723412, -5.751294516376533 ], [ 106.618614405460264, -5.751299045842828 ], [ 106.618610668643697, -5.751308099281936 ], [ 106.618608424572443, -5.751312627519142 ], [ 106.618606180498631, -5.751317154852022 ], [ 106.61860394900404, -5.751326204021639 ], [ 106.618601717058027, -5.751335253192546 ], [ 106.618599472986659, -5.751339781429763 ], [ 106.618594972078128, -5.75134431516364 ], [ 106.618590462597467, -5.75134613624584 ], [ 106.618581441985398, -5.751348875184759 ], [ 106.618576940851511, -5.751353409145298 ], [ 106.618574257430623, -5.75136245959673 ], [ 106.618572477840488, -5.751371507484689 ], [ 106.618572477617363, -5.751371508389573 ], [ 106.61856347579922, -5.751380575857217 ], [ 106.618563474897698, -5.751380576311858 ], [ 106.618557481223064, -5.751389635699851 ], [ 106.618559012110666, -5.751398674198589 ], [ 106.618557532353535, -5.751407721236193 ], [ 106.618554536092049, -5.751412251606784 ], [ 106.618545514198317, -5.75141453766848 ], [ 106.618536485913936, -5.751414563274541 ], [ 106.61852745549956, -5.751413835484121 ], [ 106.618518436638368, -5.751416874960145 ], [ 106.618518461751648, -5.751425917729764 ], [ 106.618518461302841, -5.751425918635286 ], [ 106.618513973174075, -5.75143497330098 ], [ 106.618509467100665, -5.751437999977928 ], [ 106.618500443078858, -5.751439533547056 ], [ 106.618491419054379, -5.75144106621173 ], [ 106.618482400192462, -5.751444105687352 ], [ 106.61848239929094, -5.751444106141992 ], [ 106.618473379524801, -5.751447145167982 ], [ 106.618464351239567, -5.751447170773047 ], [ 106.618455320824438, -5.751446442981606 ], [ 106.618446286149663, -5.751444208411242 ], [ 106.618437257864343, -5.751444234015865 ], [ 106.61842823809819, -5.751447273191876 ], [ 106.618419218336015, -5.751450313819088 ], [ 106.618414713164697, -5.7514533404929 ], [ 106.618410211353307, -5.751457875132848 ], [ 106.61840571044219, -5.751462408865897 ], [ 106.618401221711878, -5.751471464437223 ], [ 106.618401247274974, -5.751480507206072 ], [ 106.618401272838142, -5.751489549974918 ], [ 106.618401272538478, -5.75148955042785 ], [ 106.618392257033776, -5.751494097416487 ], [ 106.618383233007734, -5.751495630079767 ], [ 106.61837420472132, -5.751495655683621 ], [ 106.618365185857456, -5.751498695157804 ], [ 106.618365184955522, -5.751498695461779 ], [ 106.618356169450664, -5.75150324260063 ], [ 106.618353173184431, -5.751507772066411 ], [ 106.618350188552625, -5.751516823372141 ], [ 106.618347205369759, -5.75152587467377 ], [ 106.618347205071373, -5.751525875578865 ], [ 106.618344221584962, -5.751534925977114 ], [ 106.618342742275914, -5.751543973013893 ], [ 106.618343670303716, -5.751553013223658 ], [ 106.61834580279583, -5.751562050017632 ], [ 106.618347315838889, -5.751565059623953 ], [ 106.618350342311004, -5.751571079985391 ], [ 106.618354882209033, -5.751580109951986 ], [ 106.618356395252192, -5.751583119558255 ], [ 106.618359421724534, -5.751589139919585 ], [ 106.61836366076416, -5.751598170739253 ], [ 106.618365491706811, -5.751607207483946 ], [ 106.618365491889932, -5.751607208387674 ], [ 106.618365517498219, -5.751616251156513 ], [ 106.618365517275095, -5.751616252061395 ], [ 106.618362533788911, -5.751625302459763 ], [ 106.618361054480317, -5.751634349496548 ], [ 106.618359574720358, -5.75164339653462 ], [ 106.618359600283583, -5.751652439303601 ], [ 106.618361131170076, -5.751661477803471 ], [ 106.618360253816562, -5.751670523133123 ], [ 106.618359677356182, -5.751679567609442 ], [ 106.618356684969697, -5.751685605040179 ], [ 106.618353684442567, -5.751688627446899 ], [ 106.618347673721232, -5.75169165877384 ], [ 106.618338652248013, -5.751694095645092 ], [ 106.618334148554453, -5.751697725692103 ], [ 106.618331164270515, -5.751706776997048 ], [ 106.618330974854757, -5.751715820375814 ], [ 106.618331000417868, -5.751724863144901 ], [ 106.61832973658656, -5.751733909570695 ], [ 106.61832973643736, -5.751733910023201 ], [ 106.618326150545272, -5.751742962582258 ], [ 106.618320759497465, -5.751752020712797 ], [ 106.618320759272407, -5.751752020939493 ], [ 106.61831175015385, -5.751758828609923 ], [ 106.618308747496371, -5.751761097620164 ], [ 106.618302745296063, -5.7517671435866 ], [ 106.618300948433244, -5.751770162579689 ], [ 106.618293745975819, -5.751777417554856 ], [ 106.618290742039861, -5.75177923436623 ], [ 106.618284730100129, -5.751781835155197 ], [ 106.618275714955772, -5.751786511531404 ], [ 106.618273914684735, -5.751788324929215 ], [ 106.618268221862351, -5.751797383915404 ], [ 106.618266730120908, -5.751801910018936 ], [ 106.61826493751802, -5.751806436071357 ], [ 106.618257735059686, -5.751813691046318 ], [ 106.618255934788493, -5.751815504444112 ], [ 106.618248732329931, -5.751822759419021 ], [ 106.618247447896451, -5.751824571353943 ], [ 106.61824312026738, -5.751833626468541 ], [ 106.618239753883799, -5.751840418362289 ], [ 106.618237954890773, -5.751842683958895 ], [ 106.618230746588509, -5.751847871879825 ], [ 106.618221729551536, -5.751851772813828 ], [ 106.618221729251019, -5.751851772965379 ], [ 106.618214016064968, -5.751860837530181 ], [ 106.61821273930191, -5.751865363024081 ], [ 106.618211931441522, -5.751869886283917 ], [ 106.618212025405299, -5.751878928859512 ], [ 106.618211414216859, -5.751887973434813 ], [ 106.618210050790239, -5.751897020143359 ], [ 106.618205631694593, -5.751906075517355 ], [ 106.618203830683555, -5.751907724806381 ], [ 106.618194817405211, -5.751913062258239 ], [ 106.618191814000241, -5.751915157544312 ], [ 106.618185816920729, -5.751922925769776 ], [ 106.618185175799084, -5.751924219211288 ], [ 106.618181332050938, -5.751933272953664 ], [ 106.618177595639267, -5.75194232639166 ], [ 106.61817684766072, -5.75194383546151 ], [ 106.618172765277819, -5.751951382931908 ], [ 106.618167862578673, -5.751959148053883 ], [ 106.618166963538016, -5.751960442226804 ], [ 106.61816187280057, -5.751969499505422 ], [ 106.618158876277676, -5.751974029574834 ], [ 106.6181555035012, -5.751978560409788 ], [ 106.618149879020947, -5.751985035462347 ], [ 106.618147306741207, -5.751987626496439 ], [ 106.618140883719477, -5.751996687553102 ], [ 106.618140883591352, -5.751996687854882 ], [ 106.618137523594854, -5.752005739924038 ], [ 106.618135919078469, -5.752014787316456 ], [ 106.618134189052824, -5.752023835064797 ], [ 106.618131949020835, -5.752029870361931 ], [ 106.618129700681479, -5.752032890635226 ], [ 106.618122948415731, -5.752039692130573 ], [ 106.61811994575605, -5.752041961140424 ], [ 106.618113939290438, -5.752046499820634 ], [ 106.618110340614066, -5.752051031220787 ], [ 106.618106754718809, -5.752060084231983 ], [ 106.618104962116846, -5.752064611188768 ], [ 106.618103169512295, -5.75206913724123 ], [ 106.618098229019324, -5.752078194093742 ], [ 106.618095980679612, -5.752081214367 ], [ 106.618091483798565, -5.752087256063997 ], [ 106.618086986466039, -5.752093297762265 ], [ 106.618085490460402, -5.752096315902091 ], [ 106.618084440962406, -5.752105361720748 ], [ 106.618084036674716, -5.752114405709756 ], [ 106.618081654827421, -5.752123455306625 ], [ 106.618078060412302, -5.752129494444477 ], [ 106.618075812072348, -5.752132514717737 ], [ 106.618069066420233, -5.752141576689214 ], [ 106.618069066195815, -5.752141577141932 ], [ 106.61806457783203, -5.752150632260254 ], [ 106.618060089243713, -5.752159687831295 ], [ 106.618060089018869, -5.752159688133349 ], [ 106.618051086581303, -5.752168756202972 ], [ 106.618051086280786, -5.752168756354523 ], [ 106.618042066502042, -5.752171796062163 ], [ 106.618033040637371, -5.752172682739023 ], [ 106.618024011609208, -5.752172450254266 ], [ 106.61801498331053, -5.752172475855439 ], [ 106.618005951176812, -5.75217114468731 ], [ 106.61799692500756, -5.752171923684708 ], [ 106.617987914201024, -5.752177978181127 ], [ 106.617987913750511, -5.75217797848382 ], [ 106.617978898231797, -5.752182525620457 ], [ 106.617969883614009, -5.752187072151517 ], [ 106.617969882713766, -5.752187073058319 ], [ 106.617965394572508, -5.752196127723584 ], [ 106.617960892752379, -5.752200662362518 ], [ 106.617951864452337, -5.752200687736711 ], [ 106.617942836152864, -5.75220071333687 ], [ 106.617936829682748, -5.752205251563941 ], [ 106.617933825743251, -5.752207068374358 ], [ 106.617924811502377, -5.752212067989756 ], [ 106.617921808840919, -5.752214336999026 ], [ 106.617915799815592, -5.752217971312924 ], [ 106.617906781739535, -5.752221614158905 ], [ 106.617897759453285, -5.752223448034085 ], [ 106.617897758550981, -5.752223448217495 ], [ 106.617888736639401, -5.752225734113163 ], [ 106.617879727809509, -5.752232542005407 ], [ 106.617879727509404, -5.752232542307672 ], [ 106.617870725067363, -5.752241610375552 ], [ 106.617870724767272, -5.752241610677817 ], [ 106.617861715635101, -5.752248418269343 ], [ 106.617858712973131, -5.752250687278401 ], [ 106.617852706502944, -5.752255225957029 ], [ 106.617848205356566, -5.752259759915304 ], [ 106.617843701203967, -5.752263389961779 ], [ 106.61783468853821, -5.75226884108435 ], [ 106.617834688237792, -5.752268841266051 ], [ 106.617825679105025, -5.752275648977805 ], [ 106.6178238801091, -5.752277914573919 ], [ 106.617820294208386, -5.752286967584918 ], [ 106.6178166997895, -5.752293006722152 ], [ 106.61781369925643, -5.752296029127668 ], [ 106.617807688525176, -5.752299060451453 ], [ 106.617798669959427, -5.752302530844611 ], [ 106.61778964576574, -5.752304009977433 ], [ 106.617780617818894, -5.752304161178179 ], [ 106.617771589162075, -5.75230406117339 ], [ 106.617762559795395, -5.752303710018963 ], [ 106.61775805035478, -5.752305229753437 ], [ 106.617753544270144, -5.752308256427375 ], [ 106.617744533458193, -5.752314310921248 ], [ 106.617744533007482, -5.752314311148583 ], [ 106.617735509815148, -5.752316144798253 ], [ 106.617726476402964, -5.752314362297996 ], [ 106.617726475499637, -5.752314362119706 ], [ 106.617717439582577, -5.752311373840326 ], [ 106.617708407020558, -5.752309892151406 ], [ 106.617699378718299, -5.752309917748196 ], [ 106.617690347860176, -5.752309038979595 ], [ 106.617681324668155, -5.752310872854488 ], [ 106.617672300200056, -5.752312255220231 ], [ 106.617667792888469, -5.752314528494438 ], [ 106.617663284673981, -5.752316801771181 ], [ 106.617654269150151, -5.752321349184482 ], [ 106.61765126648676, -5.752323618192782 ], [ 106.617645255753914, -5.752326649515175 ], [ 106.617636233535976, -5.752328828292797 ], [ 106.617627201581627, -5.752327561782338 ], [ 106.617618169628656, -5.752326295764545 ], [ 106.617609134024633, -5.752323737769571 ], [ 106.617609133723334, -5.752323737641251 ], [ 106.617600096138645, -5.752320372250011 ], [ 106.617591056122748, -5.752316252995652 ], [ 106.61758804281267, -5.752314754589181 ], [ 106.617582016260073, -5.752312187933935 ], [ 106.617572979926621, -5.752309371722972 ], [ 106.617563941402764, -5.752305780372107 ], [ 106.617554913100335, -5.752305806117261 ], [ 106.617545897574118, -5.752310353097901 ], [ 106.617536882949238, -5.752314899623631 ], [ 106.617536882047702, -5.752314900078269 ], [ 106.617530888348142, -5.752323959462512 ], [ 106.617527885684083, -5.752326228470301 ], [ 106.617518866324517, -5.752329419112326 ], [ 106.617509840941608, -5.752330478233509 ], [ 106.617500812638127, -5.75233050382725 ], [ 106.617491785247381, -5.752330852447416 ], [ 106.617482763783286, -5.752333138732769 ], [ 106.617482763332362, -5.752333138884747 ], [ 106.617473745249598, -5.752336781574451 ], [ 106.617464732577716, -5.752342232692478 ], [ 106.617464732277625, -5.752342232994744 ], [ 106.61745572982592, -5.752351301058372 ], [ 106.61745572952583, -5.75235130136064 ], [ 106.61744672707384, -5.752360369424202 ], [ 106.617446726773423, -5.752360369605905 ], [ 106.617443515248226, -5.752364899951551 ], [ 106.617442227526269, -5.752365657236228 ] ] ] } },
{ "type": "Feature", "properties": { "fid": 59.0, "ID": 58, "ELEV": -40.0 }, "geometry": { "type": "MultiLineString", "coordinates": [ [ [ 106.618947803429052, -5.751601035354295 ], [ 106.618943289286278, -5.751601048160937 ], [ 106.618937283215004, -5.75160558650657 ], [ 106.618934282310491, -5.751608609299764 ], [ 106.618925250614396, -5.751607428934665 ], [ 106.618916217215713, -5.751605646496315 ], [ 106.618916216312272, -5.751605646272818 ], [ 106.618907184667918, -5.751604164946924 ], [ 106.618898155530005, -5.751603889218313 ], [ 106.61889364695206, -5.751605710300637 ], [ 106.618889145144678, -5.751610244943614 ], [ 106.618886148883135, -5.75161477441115 ], [ 106.618883164260453, -5.751623825717425 ], [ 106.618880181237131, -5.751632877019166 ], [ 106.618880206808527, -5.751641919785812 ], [ 106.618880206359719, -5.751641920691335 ], [ 106.618871190857618, -5.751646467234961 ], [ 106.618862149784803, -5.75164197123773 ], [ 106.61886214948322, -5.751641971012529 ], [ 106.618853108712528, -5.751637475391084 ], [ 106.618846324496516, -5.751632973066529 ], [ 106.618844064799433, -5.751631974887357 ], [ 106.618835021453989, -5.751626675074847 ], [ 106.618831144657975, -5.751623973289782 ], [ 106.618825976973099, -5.751620973669707 ], [ 106.618816936289051, -5.751616614937792 ], [ 106.618814352059161, -5.751614978087545 ], [ 106.618807889148087, -5.751609972706816 ], [ 106.618802718622064, -5.751605968249401 ], [ 106.618798836712543, -5.751601457992359 ], [ 106.618793407093236, -5.751596951824281 ], [ 106.61878977859341, -5.751590933174327 ], [ 106.618788265548233, -5.751587923569856 ], [ 106.61878523020809, -5.751578889340641 ], [ 106.618780700874268, -5.751573476623237 ], [ 106.618777681217466, -5.751569867915246 ], [ 106.618771641903976, -5.751562650499179 ], [ 106.618770347246667, -5.751560845879741 ], [ 106.618764087458942, -5.751551820796982 ], [ 106.618762576544356, -5.751549564588616 ], [ 106.618758043073683, -5.751542795103075 ], [ 106.618753516297389, -5.751538286674754 ], [ 106.618748989219327, -5.751533777945798 ], [ 106.618744465638983, -5.751530399766459 ], [ 106.618735424213583, -5.751525778174275 ], [ 106.618732412327375, -5.751524782128145 ], [ 106.618726386695698, -5.751522538510407 ], [ 106.618717355214528, -5.75152143382778 ], [ 106.618708323733358, -5.751520329150236 ], [ 106.618699297274375, -5.751521000699075 ], [ 106.618690276294302, -5.751523610026294 ], [ 106.618687270900452, -5.751524910174245 ], [ 106.618681256774323, -5.751526735801383 ], [ 106.618672236159298, -5.75152947433081 ], [ 106.618663217816803, -5.751533016651164 ], [ 106.618661716134213, -5.751534025500322 ], [ 106.618654205155337, -5.751538568315511 ], [ 106.618645189833416, -5.75154311521676 ], [ 106.618645189653122, -5.751543115317745 ], [ 106.618636174150751, -5.751547662322404 ], [ 106.618628964029554, -5.75155220408053 ], [ 106.618627162299674, -5.751553500814136 ], [ 106.618618149536815, -5.751559016885206 ], [ 106.618612136688256, -5.751561294650175 ], [ 106.618609130837541, -5.751562433369317 ], [ 106.618600121270589, -5.751569079947877 ], [ 106.618598620399283, -5.751570375828076 ], [ 106.618591112615007, -5.751576048952165 ], [ 106.618585705368005, -5.751579455300386 ], [ 106.61858210414249, -5.751583082788953 ], [ 106.618578250356705, -5.751588519285992 ], [ 106.618574406305797, -5.751597573029619 ], [ 106.618573121021868, -5.751599083623574 ], [ 106.61856410673559, -5.75160406134418 ], [ 106.618555086204452, -5.75160667066853 ], [ 106.618555085753599, -5.751606670850659 ], [ 106.618547587554957, -5.751615734777733 ], [ 106.618546095816001, -5.75162026088127 ], [ 106.618544303215742, -5.751624786933814 ], [ 106.618537100763575, -5.751632041910708 ], [ 106.618534096829379, -5.75163385872294 ], [ 106.618528087814809, -5.751637493040552 ], [ 106.618523589160375, -5.751642931366494 ], [ 106.618519100560576, -5.7516519869382 ], [ 106.618519100432451, -5.75165198723998 ], [ 106.618515256871504, -5.751661040680763 ], [ 106.618510123403638, -5.751670098081499 ], [ 106.618510123275172, -5.751670098262712 ], [ 106.618503700133019, -5.751679159140459 ], [ 106.618501133335101, -5.751683688067059 ], [ 106.618499139788327, -5.751688214915653 ], [ 106.618497159024997, -5.751697263374478 ], [ 106.618496683194337, -5.751706307564919 ], [ 106.618496207183128, -5.751715351755872 ], [ 106.618494799672249, -5.751724398588816 ], [ 106.618493374031132, -5.751733445473191 ], [ 106.618492258440497, -5.751737970509914 ], [ 106.618490981677269, -5.751742495099436 ], [ 106.618489287357875, -5.751751542745871 ], [ 106.618485099446062, -5.75176059746483 ], [ 106.618483306847693, -5.751765124421746 ], [ 106.618481815105582, -5.75176964962102 ], [ 106.618479476068273, -5.751778699096078 ], [ 106.618474342620701, -5.751787756496851 ], [ 106.618474342470748, -5.751787756678126 ], [ 106.618465339925734, -5.751796824871817 ], [ 106.618465339745683, -5.751796825053176 ], [ 106.618457841543645, -5.751805888980114 ], [ 106.618456345540579, -5.751808907120179 ], [ 106.618452751131116, -5.751814946258789 ], [ 106.618449165242311, -5.751823999270268 ], [ 106.618447385575465, -5.751833047158873 ], [ 106.618447385425853, -5.751833047460712 ], [ 106.618443541863215, -5.751842100901619 ], [ 106.61843991278819, -5.751851154035608 ], [ 106.618438421048211, -5.75185568013924 ], [ 106.618435424781694, -5.751860209605735 ], [ 106.61842941576424, -5.751863843923126 ], [ 106.618420395506405, -5.751866711333955 ], [ 106.618414383566844, -5.751869312124373 ], [ 106.618411377713983, -5.751870450843027 ], [ 106.618402355813316, -5.751872737248966 ], [ 106.618393334977952, -5.751875400510682 ], [ 106.618384306685599, -5.751875426116379 ], [ 106.618375276688553, -5.751874848742906 ], [ 106.61836624903539, -5.75187510047144 ], [ 106.618357230630295, -5.7518785170603 ], [ 106.618357230329863, -5.751878517242003 ], [ 106.618349732125012, -5.751887581168274 ], [ 106.618348233991313, -5.751889845911877 ], [ 106.618339225173088, -5.751896653808431 ], [ 106.618339224872429, -5.751896653909756 ], [ 106.618330198709202, -5.751897432858523 ], [ 106.618321170609917, -5.751897526974891 ], [ 106.618312149289252, -5.751900018960354 ], [ 106.618303137392644, -5.751905798996961 ], [ 106.618303137263922, -5.751905799087758 ], [ 106.61829412756228, -5.751912401275185 ], [ 106.618291426114652, -5.751914875052035 ], [ 106.61828512860869, -5.751922805560001 ], [ 106.618284487030962, -5.751923937573036 ], [ 106.618280342215741, -5.751932992169471 ], [ 106.618276154711651, -5.751942046886976 ], [ 106.618276154636789, -5.751942047016361 ], [ 106.618269158235677, -5.751951109570705 ], [ 106.618267159209552, -5.751953698979405 ], [ 106.61826216183475, -5.751960172254193 ], [ 106.618258163782343, -5.751965351071578 ], [ 106.618255917735681, -5.751969232804147 ], [ 106.618255190869093, -5.751978277707365 ], [ 106.618255763715396, -5.751987318924624 ], [ 106.618256609890281, -5.751996359366715 ], [ 106.618257274016287, -5.752005400325086 ], [ 106.618257299579525, -5.752014443094413 ], [ 106.618257425424872, -5.752023485579336 ], [ 106.618258340897015, -5.752028003951793 ], [ 106.618259356653823, -5.75203252294417 ], [ 106.618260385573748, -5.752041562867941 ], [ 106.618260984390076, -5.752050604011483 ], [ 106.618258430550753, -5.75205965409603 ], [ 106.618258430371469, -5.75205965454862 ], [ 106.618254844477519, -5.752068707108021 ], [ 106.618253064657296, -5.752077754997449 ], [ 106.618251284148243, -5.752086802888837 ], [ 106.618249491547502, -5.752091329845777 ], [ 106.618247247469128, -5.752095857178785 ], [ 106.618240495204631, -5.752102658675324 ], [ 106.618238696211066, -5.752104924272143 ], [ 106.618234508293753, -5.752113978990998 ], [ 106.618231524575251, -5.752123030294741 ], [ 106.618231524426079, -5.752123030747248 ], [ 106.618228540555776, -5.752132081599346 ], [ 106.618225556686696, -5.752141132903535 ], [ 106.618222572998121, -5.752150184207219 ], [ 106.618222572818837, -5.752150184659809 ], [ 106.618219588948364, -5.752159235511933 ], [ 106.618219614511688, -5.75216827828138 ], [ 106.618218135509224, -5.752177325317788 ], [ 106.618215452157187, -5.75218637576975 ], [ 106.618213655293147, -5.75218939476302 ], [ 106.618204644489623, -5.752195449262292 ], [ 106.618204644040816, -5.752195450167815 ], [ 106.618202864217366, -5.75220449715314 ], [ 106.618201083707632, -5.752213545044667 ], [ 106.618197497813682, -5.752222598056266 ], [ 106.618195698819648, -5.752224863653094 ], [ 106.618188946553289, -5.752231665149595 ], [ 106.61818669821379, -5.752234685423232 ], [ 106.618183705823967, -5.752240722854279 ], [ 106.618181323978405, -5.752249772451228 ], [ 106.618177729564081, -5.752255811589608 ], [ 106.618175481224455, -5.752258831863242 ], [ 106.618168725122047, -5.752264276590632 ], [ 106.618159707499444, -5.752267919439081 ], [ 106.618159707048505, -5.752267919591057 ], [ 106.618150686052331, -5.752270528762998 ], [ 106.618141660034681, -5.752271361632465 ], [ 106.618132633510527, -5.752272015345135 ], [ 106.618123603435208, -5.752271412839268 ], [ 106.618114580157084, -5.75227321489553 ], [ 106.618105558552173, -5.752275608893931 ], [ 106.618102553761332, -5.752277124363841 ], [ 106.618096551554345, -5.752283170330138 ], [ 106.618093551023208, -5.752286192736695 ], [ 106.618087544555294, -5.752290731417371 ], [ 106.61808304341109, -5.752295265377052 ], [ 106.618078541816701, -5.752299799790112 ], [ 106.618074040672354, -5.752304333749761 ], [ 106.618069536521432, -5.752307963797707 ], [ 106.618060523858233, -5.752313414923433 ], [ 106.618060523557716, -5.752313415074985 ], [ 106.618051508037638, -5.752317962062453 ], [ 106.618044749376949, -5.752322502499142 ], [ 106.618042498906675, -5.75232476937602 ], [ 106.618035746637133, -5.752331570871529 ], [ 106.618033498296413, -5.75233459114489 ], [ 106.618029001413319, -5.752340632842088 ], [ 106.618024512823723, -5.752349688413369 ], [ 106.618024512599305, -5.752349688866088 ], [ 106.618020926700723, -5.75235874142548 ], [ 106.618019146876975, -5.752367789315384 ], [ 106.618015548199637, -5.752372321167782 ], [ 106.618006533128934, -5.75237686792754 ], [ 106.618006532677938, -5.752376868057991 ], [ 106.61799750437595, -5.752376893659794 ], [ 106.617997503472793, -5.752376893533182 ], [ 106.617988472878935, -5.752375788947678 ], [ 106.61798396237397, -5.752376931931779 ], [ 106.617979456290556, -5.752379958607319 ], [ 106.617975861873333, -5.75238599774523 ], [ 106.617970464200639, -5.752392795399154 ], [ 106.617967461538683, -5.752395064408866 ], [ 106.617961449590837, -5.752397665196603 ], [ 106.617952429960482, -5.752400758864153 ], [ 106.617943411543649, -5.752404175449433 ], [ 106.617943411243147, -5.752404175600986 ], [ 106.617934404240486, -5.752411736885072 ], [ 106.617933118953232, -5.752413247478533 ], [ 106.617926695303581, -5.752422308536712 ], [ 106.617925414275717, -5.752425326066965 ], [ 106.617923174240914, -5.752431361364259 ], [ 106.617919437880161, -5.752440414802315 ], [ 106.617916443908726, -5.752445848859983 ], [ 106.617914447800857, -5.752449471795433 ], [ 106.617907451502049, -5.752458534477391 ], [ 106.617907451389485, -5.752458534578182 ], [ 106.617898438421221, -5.752463985740782 ], [ 106.617889413370719, -5.752465162353412 ], [ 106.617880383517445, -5.752464639792986 ], [ 106.617871352115671, -5.752463569385273 ], [ 106.617862325205593, -5.752464088141844 ], [ 106.617853303474462, -5.752466439236919 ], [ 106.617848793424528, -5.752467743648782 ], [ 106.617844287339537, -5.752470770323645 ], [ 106.617835276526876, -5.752476824819368 ], [ 106.617835276076022, -5.752476825001495 ], [ 106.617826247771603, -5.752476850570885 ], [ 106.617817219467128, -5.752476876132618 ], [ 106.617817218563999, -5.75247687602214 ], [ 106.617808188323067, -5.752475897036826 ], [ 106.61779916001862, -5.752475922635929 ], [ 106.617790129441858, -5.752475144262659 ], [ 106.617781099859457, -5.752474717722902 ], [ 106.617772074293825, -5.752475712401126 ], [ 106.617763050542507, -5.752477029610391 ], [ 106.617763049640033, -5.752477029725987 ], [ 106.617754024529262, -5.752478185396079 ], [ 106.617744999419642, -5.752479341502467 ], [ 106.61773597202783, -5.752479690127117 ], [ 106.617726943723, -5.752479715725096 ], [ 106.617717914504581, -5.752479418080787 ], [ 106.617708879812412, -5.752477183653263 ], [ 106.61769985150751, -5.752477209250801 ], [ 106.617699850603429, -5.752477208801281 ], [ 106.617690814683584, -5.75247422052218 ], [ 106.61768178637864, -5.752474246119419 ], [ 106.617672753814503, -5.752472764656746 ], [ 106.617668226431292, -5.752468255618443 ], [ 106.617663706341915, -5.752466007938262 ], [ 106.617654667387058, -5.752462265114503 ], [ 106.617645636952986, -5.752461537314479 ], [ 106.617636615038165, -5.752463824045611 ], [ 106.617634621482722, -5.75246835089375 ], [ 106.617632120761314, -5.752470869842246 ], [ 106.617631123274151, -5.752472882233826 ] ] ] } },
{ "type": "Feature", "properties": { "fid": 60.0, "ID": 59, "ELEV": -41.0 }, "geometry": { "type": "MultiLineString", "coordinates": [ [ [ 106.618633151489604, -5.75207516980532 ], [ 106.618628632654719, -5.752073524786549 ], [ 106.618624127521201, -5.752076702534337 ], [ 106.618624127456911, -5.752076702609878 ], [ 106.61861962046882, -5.752079247303571 ], [ 106.618610590128, -5.752078549227402 ], [ 106.618601565243395, -5.752079780815781 ], [ 106.618595537474675, -5.752076783634213 ], [ 106.618592524164896, -5.752075285233424 ], [ 106.618583481868043, -5.752070358729998 ], [ 106.618578960189566, -5.752067787817077 ], [ 106.618574436040205, -5.752064183376059 ], [ 106.618565399710519, -5.752061367181073 ], [ 106.618556366667036, -5.752059713210732 ], [ 106.618551849511917, -5.752058821877765 ], [ 106.61854733349206, -5.752058012725232 ], [ 106.618538295720825, -5.752054686643474 ], [ 106.618529259341074, -5.752051852677287 ], [ 106.61852022962546, -5.752051375675664 ], [ 106.618511205591602, -5.752052908220527 ], [ 106.618507611182011, -5.752058947359703 ], [ 106.618504025293731, -5.752068000371638 ], [ 106.618502226301501, -5.752070265968968 ], [ 106.61849321206995, -5.752075265591371 ], [ 106.618484185692097, -5.752075969292885 ], [ 106.618475150365484, -5.752073507931935 ], [ 106.618466117915872, -5.752072064122456 ], [ 106.618457093349335, -5.752073408504669 ], [ 106.618451461263717, -5.752077192305801 ], [ 106.618448091046346, -5.752082627431566 ], [ 106.618447241412284, -5.752086247115812 ], [ 106.618446434101813, -5.752095292246608 ], [ 106.61843912423987, -5.752104355821029 ], [ 106.61843912411112, -5.752104355896752 ], [ 106.61843010859856, -5.75210890288845 ], [ 106.618421090529381, -5.752112545665815 ], [ 106.618419287701954, -5.752113454925354 ], [ 106.61841434742982, -5.75212251177868 ], [ 106.618414578070755, -5.752131553965604 ], [ 106.618413783025133, -5.752140599061715 ], [ 106.618412158533502, -5.752146632613354 ], [ 106.618411164080527, -5.752149649331018 ], [ 106.618408323491394, -5.752158700228989 ], [ 106.618403190003178, -5.752167757630389 ], [ 106.618403189891183, -5.752167757932122 ], [ 106.618401132044184, -5.752176806308576 ], [ 106.618400231590485, -5.752185851703704 ], [ 106.618398752553404, -5.752194898739892 ], [ 106.61839606924211, -5.752203949191812 ], [ 106.618394272379135, -5.752206968185396 ], [ 106.618390677967582, -5.752213007324422 ], [ 106.618386791217887, -5.752222061189703 ], [ 106.61838529947731, -5.752226587293531 ], [ 106.618382303209174, -5.752231116760355 ], [ 106.618376291265946, -5.752233717551466 ], [ 106.618367266619572, -5.752235034771382 ], [ 106.618358244408924, -5.752237213559254 ], [ 106.618354641473815, -5.752240238058638 ], [ 106.618351829782469, -5.752249288874713 ], [ 106.618349275914582, -5.752258338959535 ], [ 106.618349275765411, -5.752258339412041 ], [ 106.618344787406272, -5.752267394531542 ], [ 106.618340298777483, -5.752276450103894 ], [ 106.618340298598213, -5.752276450556484 ], [ 106.6183367127053, -5.752285503116352 ], [ 106.618334330862353, -5.752294552713299 ], [ 106.618331347145428, -5.752303604017331 ], [ 106.618331346996257, -5.752303604469836 ], [ 106.618328363127546, -5.752312655322227 ], [ 106.618326884127129, -5.752321702358493 ], [ 106.618327812234625, -5.752330742567549 ], [ 106.618326032415951, -5.752339790457031 ], [ 106.618322438003119, -5.752345829596034 ], [ 106.618319437473275, -5.752348852003531 ], [ 106.618313435268675, -5.752354897971664 ], [ 106.618311638404947, -5.752357916965228 ], [ 106.618304435942392, -5.75236517194243 ], [ 106.618301432003918, -5.752366988754682 ], [ 106.618295420058828, -5.752369589545435 ], [ 106.618286397236744, -5.752371552968318 ], [ 106.618277374413736, -5.752373516089647 ], [ 106.618268349765941, -5.752374833801481 ], [ 106.618259321921542, -5.752375020835942 ], [ 106.618250288294632, -5.752373162497549 ], [ 106.618241258289117, -5.752372585124135 ], [ 106.618232228851809, -5.752372208743602 ], [ 106.618223204608782, -5.752373669723941 ], [ 106.618214184063419, -5.752376279046683 ], [ 106.618214183612579, -5.752376279228812 ], [ 106.618205170649063, -5.752381730176729 ], [ 106.618201569416826, -5.752385357664891 ], [ 106.618196171747428, -5.752392155320197 ], [ 106.618194673612251, -5.752394420063901 ], [ 106.618191689701504, -5.752403471368482 ], [ 106.618189006348985, -5.752412521820667 ], [ 106.618187226678572, -5.752421569709951 ], [ 106.618187252242549, -5.75243061247946 ], [ 106.618187277836682, -5.752439655248882 ], [ 106.61818988280541, -5.752448690702962 ], [ 106.61819119791619, -5.75245772981517 ], [ 106.618191223480395, -5.752466772584649 ], [ 106.618191249044656, -5.752475815354125 ], [ 106.618192564647629, -5.752484854464903 ], [ 106.618196459343267, -5.752493885959624 ], [ 106.618196459494584, -5.752493886260612 ], [ 106.618198741769092, -5.752502922629729 ], [ 106.618196510924435, -5.752511971798644 ], [ 106.618196510473922, -5.752511972101339 ], [ 106.618187490690175, -5.752515011278524 ], [ 106.618181488482549, -5.752521057246115 ], [ 106.618178505295973, -5.75253010854878 ], [ 106.618178504996322, -5.752530109001712 ], [ 106.618169497143526, -5.75253736864645 ], [ 106.618160469691645, -5.752537695592876 ], [ 106.618151437126613, -5.752536213877899 ], [ 106.618142407118114, -5.75253563649341 ], [ 106.618133376258896, -5.752534758185136 ], [ 106.618124354345824, -5.752537044471643 ], [ 106.618115327320183, -5.752537522274866 ], [ 106.618106299868018, -5.752537849220445 ], [ 106.618097271563926, -5.75253787482454 ], [ 106.618094266771877, -5.752539390294785 ], [ 106.618090078468043, -5.752548445015068 ], [ 106.618090878231541, -5.752557485589366 ], [ 106.618090129594123, -5.752566530554876 ], [ 106.618088336991534, -5.752571057512016 ], [ 106.618079322369852, -5.752575604046224 ], [ 106.618079321467462, -5.752575604199483 ], [ 106.618079320564235, -5.752575604051344 ], [ 106.61807028951101, -5.752574338039529 ], [ 106.618061259745645, -5.752573846978279 ], [ 106.618052226327123, -5.752572063613853 ], [ 106.618043198022264, -5.752572089217244 ], [ 106.618037188994947, -5.752575723533216 ], [ 106.618034192725048, -5.752580253903775 ], [ 106.618029691803784, -5.752584787637003 ], [ 106.618025182311399, -5.752586608717914 ], [ 106.618016169344955, -5.752592060535016 ], [ 106.618013165404165, -5.752593877346328 ], [ 106.618007163193582, -5.752599923312818 ], [ 106.61800416266064, -5.752602945719473 ], [ 106.617998160449872, -5.752608991685923 ], [ 106.617989125327043, -5.752606605637882 ], [ 106.617980091056069, -5.752604520931037 ], [ 106.617971058491051, -5.752603039725853 ], [ 106.617971058039316, -5.752603039597958 ], [ 106.617962021664567, -5.752600050942097 ], [ 106.61795298483851, -5.752597062287363 ], [ 106.617943948013021, -5.752594073813287 ], [ 106.617943947109694, -5.752594073635 ], [ 106.617934916512169, -5.752592969049589 ], [ 106.617930406005385, -5.752594112033771 ], [ 106.617925896512418, -5.752595933114004 ], [ 106.617916888881467, -5.752603193207366 ], [ 106.617916888656424, -5.752603193434063 ], [ 106.617909691295893, -5.752612256460608 ], [ 106.617907891021503, -5.752614069858272 ], [ 106.617903898805039, -5.75262131572943 ], [ 106.617903398300427, -5.752621664895934 ], [ 106.617900947813354, -5.75262584551908 ] ] ] } },
{ "type": "Feature", "properties": { "fid": 61.0, "ID": 60, "ELEV": -41.0 }, "geometry": { "type": "MultiLineString", "coordinates": [ [ [ 106.618240286500168, -5.752642968848687 ], [ 106.618240047257046, -5.752638448106389 ], [ 106.618241509242608, -5.752629401118087 ], [ 106.618239107702266, -5.752620365087774 ], [ 106.618236917569035, -5.752611328457824 ], [ 106.618236983028027, -5.752602285430428 ], [ 106.618241893697999, -5.752597338957877 ], [ 106.618250920121255, -5.752596647982871 ], [ 106.618259952321239, -5.752598000298228 ], [ 106.618268988721368, -5.7526008382013 ], [ 106.61827350409375, -5.752601256990313 ] ] ] } },
{ "type": "Feature", "properties": { "fid": 62.0, "ID": 61, "ELEV": -41.0 }, "geometry": { "type": "MultiLineString", "coordinates": [ [ [ 106.617966684699851, -5.752652787635851 ], [ 106.617966684925037, -5.752652787454363 ], [ 106.617971195883442, -5.752651644433761 ], [ 106.617974684203674, -5.752657286372245 ], [ 106.617974696984518, -5.75266180775744 ] ] ] } },
{ "type": "Feature", "properties": { "fid": 63.0, "ID": 62, "ELEV": -41.0 }, "geometry": { "type": "MultiLineString", "coordinates": [ [ [ 106.618194377193092, -5.752715441793483 ], [ 106.61819255973225, -5.75271127327445 ], [ 106.618192293258375, -5.752710926283043 ], [ 106.618197047156372, -5.752701869958021 ], [ 106.61819704733675, -5.752701869892912 ], [ 106.618197047384442, -5.752701869957374 ], [ 106.618199653375243, -5.752706383987123 ], [ 106.618201577727518, -5.75270760051975 ] ] ] } }
]
}
